10391,180,1.7131,18.5292,-79.12,-79.12
10396,180,1.7131,18.9037,-79.12,-79.12
10396,180,1.7131,18.9037,-79.12,-77.68
10400,180,-6.6809,18.9037,-79.12,-79.12
10401,180,-6.6809,18.9037,-79.12,-79.12
10408,180,-6.6809,19.0887,-79.12,-79.12
10408,180,-6.6809,19.0887,-79.12,-79.12
10411,180,-3.6831,19.0887,-79.12,-79.12
10411,180,-3.6831,19.0887,-79.12,-79.12
10420,180,-3.6831,18.8721,-77.68,-79.12
10420,180,-3.6831,18.8721,-79.12,-79.12
10422,180,-0.2570,18.8721,-79.12,-79.12
10422,180,-0.2570,18.8721,-79.12,-79.12
10432,180,-0.2570,18.4751,-79.12,-79.12
10432,180,-0.2570,18.4751,-79.12,-79.12
10433,180,0.6852,18.4751,-79.12,-79.12
10433,180,0.6852,18.4751,-79.12,-79.12
10443,180,0.6852,19.0751,-79.12,-79.12
10443,180,0.6852,19.0751,-77.68,-79.12
10444,180,6.8522,19.0751,-79.12,-79.12
10444,180,6.8522,19.0751,-79.12,-79.12
10455,180,6.8522,18.5292,-79.12,-79.12
10455,180,-4.0257,18.5292,-79.12,-79.12
10455,180,-4.0257,18.5292,-79.12,-79.12
10466,180,2.2270,18.5292,-79.12,-79.12
10466,180,2.2270,18.5292,-79.12,-79.12
10467,180,2.2270,18.9533,-79.12,-79.12
10467,180,2.2270,18.9533,-79.12,-79.12
10477,180,0.1713,18.9533,-79.12,-79.12
10477,180,0.1713,18.9533,-79.12,-79.12
10479,180,0.1713,18.7367,-79.12,-79.12
10479,180,0.1713,18.7367,-79.12,-79.12
10488,180,3.1692,18.7367,-79.12,-79.12
10488,180,3.1692,18.7367,-79.12,-79.12
10491,180,3.1692,18.7142,-79.12,-79.12
10491,180,3.1692,18.7142,-79.12,-79.12
10499,180,8.6510,18.7142,-79.12,-79.12
10499,180,8.6510,18.7142,-79.12,-79.12
10503,180,8.6510,19.0435,-79.12,-79.12
10503,180,8.6510,19.0435,-79.12,-79.12
10510,180,6.4240,19.0435,-79.12,-79.12
10510,180,6.4240,19.0435,-79.12,-79.12
10514,180,6.4240,17.9517,-79.12,-79.12
10514,180,6.4240,17.9517,-79.12,-79.12
10521,180,-7.5375,17.9517,-79.12,-79.12
10521,180,-7.5375,17.9517,-79.12,-79.12
10526,180,-7.5375,18.6600,-79.12,-79.12
10526,180,-7.5375,18.6600,-79.12,-79.12
10532,180,-11.1349,18.6600,-79.12,-79.12
10532,180,-11.1349,18.6600,-79.12,-79.12
10538,180,-11.1349,18.7503,-79.12,-79.12
10538,180,-11.1349,18.7503,-79.12,-79.12
10543,180,-5.3961,18.7503,-79.12,-79.12
10543,180,-5.3961,18.7503,-79.12,-79.12
10550,180,-5.3961,18.6465,-79.12,-79.12
10550,180,-5.3961,18.6465,-79.12,-79.12
10554,180,-0.5139,18.6465,-79.12,-79.12
10554,180,-0.5139,18.6465,-79.12,-79.12
10562,180,-0.5139,19.1608,-79.12,-79.12
10562,180,-0.5139,19.1608,-79.12,-79.12
10565,180,4.7109,19.1608,-79.12,-79.12
10565,180,4.7109,19.1608,-79.12,-79.12
10574,180,4.7109,18.5247,-79.12,-79.12
10574,180,4.7109,18.5247,-79.12,-79.12
10576,180,3.5118,18.5247,-79.12,-79.12
10576,180,3.5118,18.5247,-77.68,-79.12
10585,180,3.5118,19.1112,-79.12,-79.12
10585,180,3.5118,19.1112,-79.12,-79.12
10587,180,4.1970,19.1112,-79.12,-79.12
10587,180,4.1970,19.1112,-79.12,-79.12
10597,180,4.1970,18.6285,-79.12,-79.12
10597,180,4.1970,18.6285,-79.12,-79.12
10598,180,-8.9079,18.6285,-79.12,-79.12
10598,180,-8.9079,18.6285,-79.12,-79.12
10609,180,1.6274,18.6285,-77.68,-79.12
10609,180,1.6274,18.6285,-79.12,-79.12
10609,180,1.6274,18.6104,-79.12,-79.12
10609,180,1.6274,18.6104,-79.12,-79.12
10620,180,2.7409,18.6104,-79.12,-79.12
10620,180,2.7409,18.6104,-79.12,-79.12
10621,180,2.7409,18.8270,-79.12,-79.12
10621,180,2.7409,18.8270,-79.12,-79.12
10631,180,3.7687,18.8270,-79.12,-79.12
10631,180,3.7687,18.8270,-79.12,-79.12
10633,180,3.7687,18.4661,-79.12,-79.12
10633,180,3.7687,18.4661,-79.12,-79.12
10642,180,0.4283,18.4661,-79.12,-79.12
10642,180,0.4283,18.4661,-79.12,-79.12
10645,180,0.4283,19.5173,-79.12,-79.12
10645,180,0.4283,19.5173,-79.12,-79.12
10653,180,5.1392,19.5173,-79.12,-79.12
10653,180,5.1392,19.5173,-79.12,-79.12
10656,180,5.1392,18.9623,-79.12,-79.12
10656,180,5.1392,18.9623,-79.12,-79.12
10664,180,-1.7131,18.9623,-79.12,-79.12
10664,180,-1.7131,18.9623,-79.12,-79.12
10668,180,-1.7131,18.7683,-79.12,-79.12
10668,180,-1.7131,18.7683,-77.68,-79.12
10675,180,-3.5974,18.7683,-79.12,-79.12
10675,180,-3.5974,18.7683,-79.12,-79.12
10680,180,-3.5974,18.5202,-79.12,-79.12
10680,180,-3.5974,18.5202,-79.12,-79.12
10686,180,0.2570,18.5202,-79.12,-79.12
10686,180,0.2570,18.5202,-77.68,-79.12
10692,180,0.2570,18.3939,-79.12,-79.12
10692,180,0.2570,18.3939,-79.12,-79.12
10697,180,-7.8801,18.3939,-79.12,-79.12
10697,180,-7.8801,18.3939,-79.12,-79.12
10704,180,-7.8801,18.7458,-79.12,-79.12
10704,180,-7.8801,18.7458,-79.12,-79.12
10708,180,2.4839,18.7458,-79.12,-79.12
10708,180,2.4839,18.7458,-79.12,-79.12
10715,180,2.4839,18.0961,-79.12,-79.12
10716,180,2.4839,18.0961,-77.68,-79.12
10719,180,1.7987,18.0961,-79.12,-79.12
10719,180,1.7987,18.0961,-79.12,-79.12
10727,180,1.7987,18.4254,-79.12,-79.12
10727,180,1.7987,18.4254,-79.12,-79.12
10729,180,1.9700,18.4254,-79.12,-79.12
10730,180,1.9700,18.4254,-79.12,-79.12
10739,180,1.9700,18.2901,-79.12,-79.12
10739,180,1.9700,18.2901,-79.12,-79.12
10740,180,-2.9979,18.2901,-79.12,-79.12
10741,180,-2.9979,18.2901,-79.12,-79.12
10751,180,-2.9979,18.0465,-79.12,-79.12
10751,180,-2.9979,18.0465,-79.12,-79.12
10751,180,5.3105,18.0465,-79.12,-79.12
10752,180,5.3105,18.0465,-79.12,-79.12
10762,180,4.1970,18.0465,-79.12,-79.12
10762,180,4.1970,18.0465,-79.12,-77.68
10763,180,4.1970,18.5924,-79.12,-79.12
10763,180,4.1970,18.5924,-79.12,-79.12
10773,180,2.3983,18.5924,-79.12,-79.12
10773,180,2.3983,18.5924,-79.12,-79.12
10775,180,2.3983,17.6585,-79.12,-79.12
10775,180,2.3983,17.6585,-79.12,-79.12
10784,180,7.7944,17.6585,-79.12,-79.12
10784,180,7.7944,17.6585,-79.12,-79.12
10786,180,7.7944,18.1141,-79.12,-79.12
10787,180,7.7944,18.1141,-79.12,-79.12
10795,180,4.1113,18.1141,-79.12,-79.12
10795,180,4.1113,18.1141,-79.12,-79.12
10798,180,4.1113,18.0690,-79.12,-79.12
10798,180,4.1113,18.0690,-79.12,-79.12
10806,180,-4.4540,18.0690,-79.12,-79.12
10806,180,-4.4540,18.0690,-79.12,-77.68
10810,180,-4.4540,18.1277,-79.12,-79.12
10810,180,-4.4540,18.1277,-79.12,-79.12
10817,180,-5.9101,18.1277,-79.12,-79.12
10817,180,-5.9101,18.1277,-79.12,-79.12
10822,180,-5.9101,18.6014,-79.12,-79.12
10822,180,-5.9101,18.6014,-79.12,-79.12
10828,180,-7.5375,18.6014,-79.12,-79.12
10828,180,-7.5375,18.6014,-79.12,-79.12
10834,180,-7.5375,18.1457,-79.12,-77.68
10834,180,-7.5375,18.1457,-79.12,-79.12
10839,180,-9.2505,18.1457,-79.12,-79.12
10839,180,-9.2505,18.1457,-79.12,-79.12
10846,180,-9.2505,19.0345,-79.12,-79.12
10846,180,-9.2505,19.0345,-79.12,-79.12
10850,180,-0.5139,19.0345,-79.12,-79.12
10850,180,-0.5139,19.0345,-79.12,-79.12
10857,180,-0.5139,18.5969,-79.12,-79.12
10858,180,-0.5139,18.5969,-79.12,-79.12
10861,180,0.6852,18.5969,-79.12,-79.12
10861,180,0.6852,18.5969,-79.12,-79.12
10869,180,0.6852,18.2901,-79.12,-79.12
10869,180,0.6852,18.2901,-79.12,-79.12
10872,180,2.0557,18.2901,-79.12,-79.12
10872,180,2.0557,18.2901,-79.12,-79.12
10881,180,2.0557,18.3984,-79.12,-79.12
10881,180,2.0557,18.3984,-79.12,-79.12
10883,180,2.4839,18.3984,-79.12,-79.12
10883,180,2.4839,18.3984,-79.12,-79.12
10893,180,2.4839,17.7036,-79.12,-79.12
10893,180,2.4839,17.7036,-79.12,-79.12
10894,180,-1.6274,17.7036,-79.12,-79.12
10894,180,-1.6274,17.7036,-79.12,-79.12
10905,180,-1.6274,18.5247,-79.12,-79.12
10905,180,-1.6274,18.5247,-79.12,-79.12
10905,180,-1.7987,18.5247,-79.12,-79.12
10905,180,-1.7987,18.5247,-79.12,-79.12
10916,180,-2.9979,18.5247,-79.12,-79.12
10916,180,-2.9979,18.5247,-79.12,-77.68
10917,180,-2.9979,18.3397,-79.12,-79.12
10917,180,-2.9979,18.3397,-79.12,-77.68
10927,180,-2.5696,18.3397,-79.12,-79.12
10927,180,-2.5696,18.3397,-79.12,-79.12
10928,180,-2.5696,18.7097,-79.12,-79.12
10929,180,-2.5696,18.7097,-79.12,-79.12
10938,180,-4.6253,18.7097,-79.12,-79.12
10938,180,-4.6253,18.7097,-79.12,-79.12
10940,180,-4.6253,18.9578,-79.12,-79.12
10940,180,-4.6253,18.9578,-79.12,-77.68
10949,180,0.8565,18.9578,-79.12,-79.12
10949,180,0.8565,18.9578,-79.12,-79.12
10952,180,0.8565,18.3803,-79.12,-79.12
10952,180,0.8565,18.3803,-79.12,-79.12
10960,180,1.1135,18.3803,-79.12,-79.12
10960,180,1.1135,18.3803,-79.12,-79.12
10964,180,1.1135,18.7007,-79.12,-79.12
10964,180,1.1135,18.7007,-77.68,-79.12
10971,180,-2.9122,18.7007,-79.12,-79.12
10971,180,-2.9122,18.7007,-79.12,-79.12
10976,180,-2.9122,17.9878,-79.12,-79.12
10976,180,-2.9122,17.9878,-79.12,-79.12
10982,180,-2.4839,17.9878,-79.12,-79.12
10982,180,-2.4839,17.9878,-79.12,-79.12
10988,180,-2.4839,18.1863,-79.12,-79.12
10988,180,-2.4839,18.1863,-79.12,-77.68
10993,180,-1.7987,18.1863,-79.12,-79.12
10993,180,-1.7987,18.1863,-79.12,-79.12
10999,180,-1.7987,18.2224,-79.12,-79.12
11000,180,-1.7987,18.2224,-79.12,-79.12
11004,180,-1.9700,18.2224,-79.12,-79.12
11004,180,-1.9700,18.2224,-79.12,-79.12
11011,180,-1.9700,18.1593,-79.12,-79.12
11011,180,-1.9700,18.1593,-79.12,-77.68
11015,180,0.3426,18.1593,-79.12,-79.12
11015,180,0.3426,18.1593,-79.12,-79.12
11023,180,0.3426,18.5698,-79.12,-79.12
11023,180,0.3426,18.5698,-79.12,-79.12
11026,180,-0.5996,18.5698,-79.12,-79.12
11026,180,-0.5996,18.5698,-79.12,-79.12
11035,180,-0.5996,17.7983,-79.12,-79.12
11035,180,-0.5996,17.7983,-79.12,-79.12
11037,180,-12.1627,17.7983,-79.12,-79.12
11037,180,-12.1627,17.7983,-79.12,-79.12
11047,180,-12.1627,18.0465,-79.12,-77.68
11047,180,-12.1627,18.0465,-79.12,-79.12
11048,180,-3.6831,18.0465,-79.12,-79.12
11048,180,-3.6831,18.0465,-79.12,-79.12
11059,180,0.0857,18.0465,-79.12,-79.12
11059,180,0.0857,18.8676,-79.12,-79.12
11059,180,0.0857,18.8676,-79.12,-79.12
11070,180,7.5375,18.8676,-79.12,-79.12
11070,180,7.5375,18.8676,-79.12,-79.12
11070,180,7.5375,18.8044,-79.12,-79.12
11071,180,7.5375,18.8044,-79.12,-79.12
11081,180,0.1713,18.8044,-79.12,-79.12
11081,180,0.1713,18.8044,-79.12,-79.12
11082,180,0.1713,19.0526,-79.12,-79.12
11082,180,0.1713,19.0526,-79.12,-79.12
11091,180,0.5996,19.0526,-79.12,-79.12
11092,180,0.5996,19.0526,-79.12,-79.12
11094,180,0.5996,18.0826,-79.12,-79.12
11094,180,0.5996,18.0826,-79.12,-79.12
11102,180,4.1113,18.0826,-79.12,-79.12
11103,180,4.1113,18.0826,-79.12,-79.12
11106,180,4.1113,18.6149,-79.12,-79.12
11106,180,4.1113,18.6149,-79.12,-79.12
11113,180,-0.2570,18.6149,-79.12,-79.12
11114,180,-0.2570,18.6149,-79.12,-79.12
11118,180,-0.2570,18.6285,-79.12,-79.12
11118,180,-0.2570,18.6285,-79.12,-79.12
11124,180,-6.5096,18.6285,-79.12,-79.12
11124,180,-6.5096,18.6285,-79.12,-79.12
11130,180,-6.5096,18.1457,-79.12,-79.12
11130,180,-6.5096,18.1457,-79.12,-79.12
11135,180,-7.7088,18.1457,-79.12,-79.12
11135,180,-7.7088,18.1457,-79.12,-79.12
11141,180,-7.7088,18.5157,-79.12,-79.12
11141,180,-7.7088,18.5157,-79.12,-79.12
11146,180,-8.7366,18.5157,-79.12,-79.12
11146,180,-8.7366,18.5157,-79.12,-79.12
11153,180,-8.7366,18.0420,-79.12,-79.12
11153,180,-8.7366,18.0420,-79.12,-79.12
11157,180,-10.1927,18.0420,-79.12,-79.12
11157,180,-10.1927,18.0420,-79.12,-79.12
11165,180,-10.1927,18.6826,-79.12,-79.12
11165,180,-10.1927,18.6826,-79.12,-79.12
11168,180,0.0000,18.6826,-79.12,-79.12
11168,180,0.0000,18.6826,-79.12,-79.12
11177,180,0.0000,18.4209,-79.12,-79.12
11177,180,0.0000,18.4209,-79.12,-79.12
11179,180,-1.8844,18.4209,-79.12,-79.12
11179,180,-1.8844,18.4209,-79.12,-79.12
11189,180,-1.8844,18.1863,-79.12,-79.12
11189,180,-1.8844,18.1863,-79.12,-79.12
11190,180,0.5996,18.1863,-79.12,-79.12
11190,180,0.5996,18.1863,-79.12,-79.12
11201,180,0.5996,18.3939,-79.12,-79.12
11201,180,0.5996,18.3939,-79.12,-79.12
11201,180,-5.6531,18.3939,-79.12,-79.12
11201,180,-5.6531,18.3939,-79.12,-79.12
11212,180,-1.5418,18.3939,-79.12,-79.12
11212,180,-1.5418,18.3939,-79.12,-79.12
11212,180,-1.5418,18.1051,-79.12,-79.12
11212,180,-1.5418,18.1051,-77.68,-79.12
11223,180,8.5653,18.1051,-79.12,-79.12
11223,180,8.5653,18.1051,-79.12,-79.12
11224,180,8.5653,19.1022,-79.12,-79.12
11224,180,8.5653,19.1022,-79.12,-79.12
11234,180,-0.5139,19.1022,-79.12,-79.12
11234,180,-0.5139,19.1022,-79.12,-79.12
11236,180,-0.5139,18.3803,-79.12,-79.12
11236,180,-0.5139,18.3803,-79.12,-79.12
11245,180,0.7709,18.3803,-79.12,-79.12
11245,180,0.7709,18.3803,-79.12,-77.68
11248,180,0.7709,18.2360,-79.12,-79.12
11248,180,0.7709,18.2360,-79.12,-79.12
11256,180,0.4283,18.2360,-79.12,-77.68
11256,180,0.4283,18.2360,-77.68,-79.12
11260,180,0.4283,18.4074,-79.12,-79.12
11260,180,0.4283,18.4074,-79.12,-79.12
11267,180,-1.2848,18.4074,-79.12,-79.12
11267,180,-1.2848,18.4074,-79.12,-79.12
11272,180,-1.2848,17.9472,-79.12,-79.12
11272,180,-1.2848,17.9472,-79.12,-79.12
11278,180,-3.7687,17.9472,-79.12,-79.12
11278,180,-3.7687,17.9472,-79.12,-79.12
11283,180,-3.7687,18.3984,-79.12,-79.12
11283,180,-3.7687,18.3984,-79.12,-79.12
11289,180,4.6253,18.3984,-79.12,-79.12
11289,180,4.6253,18.3984,-79.12,-79.12
11295,180,4.6253,17.9156,-79.12,-79.12
11295,180,4.6253,17.9156,-79.12,-79.12
11300,180,2.3983,17.9156,-79.12,-79.12
11300,180,2.3983,17.9156,-79.12,-79.12
11307,180,2.3983,18.4751,-79.12,-79.12
11307,180,2.3983,18.4751,-79.12,-79.12
11311,180,5.9957,18.4751,-79.12,-79.12
11311,180,5.9957,18.4751,-79.12,-79.12
11319,180,5.9957,18.4931,-79.12,-79.12
11319,180,5.9957,18.4931,-79.12,-79.12
11322,180,-7.1092,18.4931,-79.12,-79.12
11322,180,-7.1092,18.4931,-79.12,-79.12
11331,180,-7.1092,17.9247,-79.12,-79.12
11331,180,-7.1092,17.9247,-79.12,-79.12
11333,180,-5.4818,17.9247,-79.12,-79.12
11333,180,-5.4818,17.9247,-79.12,-79.12
11343,180,-5.4818,18.5698,-79.12,-79.12
11343,180,-5.4818,18.5698,-79.12,-79.12
11344,180,8.5653,18.5698,-79.12,-79.12
11344,180,8.5653,18.5698,-79.12,-79.12
11354,180,8.5653,17.9607,-79.12,-79.12
11354,180,8.5653,17.9607,-79.12,-79.12
11355,180,7.6231,17.9607,-79.12,-79.12
11355,180,7.6231,17.9607,-79.12,-79.12
11366,180,5.3961,17.9607,-79.12,-79.12
11366,180,5.3961,17.9607,-79.12,-79.12
11366,180,5.3961,18.3984,-79.12,-79.12
11366,180,5.3961,18.3984,-79.12,-79.12
11377,180,1.3704,18.3984,-79.12,-79.12
11377,180,1.3704,18.3984,-79.12,-79.12
11378,180,1.3704,18.1863,-79.12,-79.12
11378,180,1.3704,18.1863,-79.12,-79.12
11388,180,0.5996,18.1863,-79.12,-79.12
11388,180,0.5996,18.1863,-79.12,-79.12
11390,180,0.5996,18.0420,-79.12,-79.12
11390,180,0.5996,18.0420,-79.12,-79.12
11399,180,-8.2227,18.0420,-79.12,-79.12
11399,180,-8.2227,18.0420,-79.12,-79.12
11402,180,-8.2227,18.4886,-79.12,-79.12
11402,180,-8.2227,18.4886,-79.12,-79.12
11410,180,-0.0857,18.4886,-79.12,-79.12
11410,180,-0.0857,18.4886,-79.12,-77.68
11414,180,-0.0857,18.3442,-79.12,-79.12
11414,180,-0.0857,18.3442,-77.68,-79.12
11421,180,-6.5953,18.3442,-77.68,-79.12
11421,180,-6.5953,18.3442,-79.12,-77.68
11425,180,-6.5953,18.8540,-79.12,-79.12
11425,180,-6.5953,18.8540,-79.12,-79.12
11432,180,-7.0236,18.8540,-77.68,-79.12
11432,180,-7.0236,18.8540,-79.12,-79.12
11437,180,-7.0236,18.3939,-79.12,-79.12
11437,180,-7.0236,18.3939,-79.12,-79.12
11443,180,0.1713,18.3939,-79.12,-79.12
11443,180,0.1713,18.3939,-79.12,-79.12
11449,180,0.1713,18.1322,-79.12,-79.12
11449,180,0.1713,18.1322,-79.12,-77.68
11454,180,-4.5396,18.1322,-79.12,-79.12
11454,180,-4.5396,18.1322,-79.12,-79.12
11461,180,-4.5396,18.5427,-79.12,-79.12
11461,180,-4.5396,18.5427,-79.12,-79.12
11464,180,-1.9700,18.5427,-79.12,-79.12
11465,180,-1.9700,18.5427,-79.12,-79.12
11473,180,-1.9700,17.7938,-79.12,-79.12
11473,180,-1.9700,17.7938,-79.12,-79.12
11475,180,2.9979,17.7938,-79.12,-79.12
11476,180,2.9979,17.7938,-79.12,-77.68
11484,180,2.9979,18.1638,-79.12,-79.12
11485,180,2.9979,18.1638,-79.12,-79.12
11486,180,4.7966,18.1638,-79.12,-79.12
11487,180,4.7966,18.1638,-79.12,-79.12
11496,180,4.7966,18.0555,-79.12,-79.12
11496,180,4.7966,18.0555,-79.12,-79.12
11497,180,-2.1413,18.0555,-79.12,-79.12
11497,180,-2.1413,18.0555,-79.12,-79.12
11508,180,-2.1413,18.2179,-79.12,-79.12
11508,180,-2.1413,18.2179,-79.12,-79.12
11508,180,3.6831,18.2179,-79.12,-79.12
11508,180,3.6831,18.2179,-79.12,-79.12
11519,180,1.4561,18.2179,-77.68,-79.12
11519,180,1.4561,18.2179,-79.12,-79.12
11520,180,1.4561,18.2044,-77.68,-79.12
11520,180,1.4561,18.2044,-79.12,-79.12
11530,180,-1.6274,18.2044,-79.12,-79.12
11530,180,-1.6274,18.2044,-79.12,-79.12
11532,180,-1.6274,17.7668,-79.12,-79.12
11532,180,-1.6274,17.7668,-79.12,-79.12
11541,180,-3.0835,17.7668,-79.12,-79.12
11541,180,-3.0835,17.7668,-79.12,-79.12
11544,180,-3.0835,18.4976,-79.12,-79.12
11544,180,-3.0835,18.4976,-79.12,-79.12
11552,180,1.2848,18.4976,-79.12,-79.12
11552,180,1.2848,18.4976,-79.12,-79.12
11555,180,1.2848,17.4329,-79.12,-79.12
11556,180,1.2848,17.4329,-77.68,-79.12
11563,180,0.2570,17.4329,-79.12,-79.12
11563,180,0.2570,17.4329,-79.12,-79.12
11567,180,0.2570,17.8525,-79.12,-79.12
11567,180,0.2570,17.8525,-79.12,-79.12
11574,180,-4.0257,17.8525,-79.12,-79.12
11574,180,-4.0257,17.8525,-79.12,-79.12
11579,180,-4.0257,18.4300,-79.12,-79.12
11579,180,-4.0257,18.4300,-79.12,-79.12
11585,180,0.5996,18.4300,-79.12,-79.12
11585,180,0.5996,18.4300,-79.12,-79.12
11591,180,0.5996,17.9968,-79.12,-79.12
11591,180,0.5996,17.9968,-79.12,-79.12
11596,180,2.0557,17.9968,-79.12,-77.68
11596,180,2.0557,17.9968,-79.12,-79.12
11603,180,2.0557,18.5788,-79.12,-79.12
11603,180,2.0557,18.5788,-79.12,-79.12
11607,180,2.7409,18.5788,-79.12,-77.68
11607,180,2.7409,18.5788,-77.68,-79.12
11615,180,2.7409,17.8570,-79.12,-79.12
11615,180,2.7409,17.8570,-79.12,-79.12
11618,180,-10.6210,17.8570,-79.12,-79.12
11618,180,-10.6210,17.8570,-77.68,-79.12
11626,180,-10.6210,18.0059,-79.12,-79.12
11627,180,-10.6210,18.0059,-79.12,-79.12
11629,180,-1.2848,18.0059,-79.12,-79.12
11629,180,-1.2848,18.0059,-79.12,-79.12
11638,180,-1.2848,17.7532,-79.12,-79.12
11638,180,-1.2848,17.7532,-79.12,-79.12
11640,180,-0.9422,17.7532,-79.12,-79.12
11640,180,-0.9422,17.7532,-79.12,-79.12
11650,180,-0.9422,17.4600,-79.12,-79.12
11650,180,-0.9422,17.4600,-77.68,-79.12
11651,180,0.6852,17.4600,-79.12,-79.12
11651,180,0.6852,17.4600,-79.12,-79.12
11662,180,0.7709,17.4600,-79.12,-79.12
11662,180,0.7709,18.4570,-79.12,-79.12
11662,180,0.7709,18.4570,-79.12,-79.12
11673,180,2.4839,18.4570,-79.12,-79.12
11673,180,2.4839,18.4570,-79.12,-79.12
11674,180,2.4839,17.9427,-79.12,-79.12
11674,180,2.4839,17.9427,-79.12,-79.12
11684,180,4.0257,17.9427,-79.12,-79.12
11684,180,4.0257,17.9427,-79.12,-79.12
11686,180,4.0257,17.9517,-79.12,-79.12
11686,180,4.0257,17.9517,-79.12,-79.12
11695,180,-0.2570,17.9517,-79.12,-79.12
11695,180,-0.2570,17.9517,-79.12,-79.12
11697,180,-0.2570,17.6720,-79.12,-79.12
11698,180,-0.2570,17.6720,-79.12,-79.12
11706,180,6.4240,17.6720,-79.12,-79.12
11706,180,6.4240,17.6720,-77.68,-79.12
11709,180,6.4240,18.1818,-79.12,-79.12
11709,180,6.4240,18.1818,-79.12,-79.12
11717,180,2.3126,18.1818,-79.12,-79.12
11717,180,2.3126,18.1818,-77.68,-79.12
11721,180,2.3126,18.6826,-79.12,-79.12
11721,180,2.3126,18.6826,-79.12,-79.12
11728,180,2.4839,18.6826,-79.12,-79.12
11728,180,2.4839,18.6826,-79.12,-79.12
11733,180,2.4839,17.7442,-79.12,-79.12
11733,180,2.4839,17.7442,-79.12,-79.12
11739,180,-2.9122,17.7442,-79.12,-79.12
11739,180,-2.9122,17.7442,-79.12,-79.12
11745,180,-2.9122,18.1908,-79.12,-79.12
11745,180,-2.9122,18.1908,-79.12,-79.12
11750,180,1.1135,18.1908,-79.12,-79.12
11750,180,1.1135,18.1908,-79.12,-79.12
11757,180,1.1135,17.6720,-79.12,-79.12
11757,180,1.1135,17.6720,-79.12,-79.12
11761,180,-0.3426,17.6720,-79.12,-79.12
11761,180,-0.3426,17.6720,-79.12,-79.12
11768,180,-0.3426,17.7352,-79.12,-79.12
11769,180,-0.3426,17.7352,-79.12,-79.12
11772,180,3.0835,17.7352,-79.12,-79.12
11772,180,3.0835,17.7352,-79.12,-79.12
11780,180,3.0835,17.7397,-79.12,-79.12
11780,180,3.0835,17.7397,-79.12,-79.12
11783,180,0.6852,17.7397,-79.12,-79.12
11783,180,0.6852,17.7397,-79.12,-79.12
11792,180,0.6852,17.2660,-79.12,-79.12
11792,180,0.6852,17.2660,-79.12,-79.12
11794,180,-3.7687,17.2660,-79.12,-79.12
11794,180,-3.7687,17.2660,-79.12,-77.68
11804,180,-3.7687,17.9968,-79.12,-79.12
11804,180,-3.7687,17.9968,-79.12,-79.12
11805,180,3.2548,17.9968,-79.12,-79.12
11805,180,3.2548,17.9968,-79.12,-77.68
11816,180,2.2270,17.9968,-79.12,-79.12
11816,180,2.2270,17.9968,-79.12,-79.12
11816,180,2.2270,17.5998,-79.12,-79.12
11816,180,2.2270,17.5998,-77.68,-79.12
11826,180,6.1670,17.5998,-79.12,-79.12
11827,180,6.1670,17.5998,-79.12,-79.12
11828,180,6.1670,18.0735,-79.12,-79.12
11828,180,6.1670,18.0735,-79.12,-77.68
11837,180,2.9979,18.0735,-79.12,-79.12
11838,180,2.9979,18.0735,-79.12,-79.12
11839,180,2.9979,17.8886,-79.12,-79.12
11839,180,2.9979,17.8886,-79.12,-79.12
11848,180,9.1649,17.8886,-79.12,-79.12
11849,180,9.1649,17.8886,-79.12,-79.12
11851,180,9.1649,17.2524,-79.12,-79.12
11851,180,9.1649,17.2524,-79.12,-79.12
11859,180,-2.1413,17.2524,-79.12,-79.12
11859,180,-2.1413,17.2524,-77.68,-79.12
11863,180,-2.1413,17.8389,-79.12,-79.12
11863,180,-2.1413,17.8389,-79.12,-79.12
11870,180,-2.8266,17.8389,-79.12,-79.12
11870,180,-2.8266,17.8389,-79.12,-79.12
11875,180,-2.8266,17.5818,-79.12,-79.12
11875,180,-2.8266,17.5818,-79.12,-79.12
11881,180,2.3126,17.5818,-79.12,-79.12
11881,180,2.3126,17.5818,-79.12,-79.12
11887,180,2.3126,18.1863,-79.12,-79.12
11887,180,2.3126,18.1863,-79.12,-79.12
11892,180,5.9101,18.1863,-79.12,-79.12
11892,180,5.9101,18.1863,-79.12,-79.12
11899,180,5.9101,17.9472,-79.12,-79.12
11899,180,5.9101,17.9472,-79.12,-79.12
11903,180,1.6274,17.9472,-79.12,-79.12
11903,180,1.6274,17.9472,-79.12,-79.12
11910,180,1.6274,17.8615,-79.12,-79.12
11910,180,1.6274,17.8615,-79.12,-79.12
11914,180,6.3383,17.8615,-79.12,-79.12
11914,180,6.3383,17.8615,-79.12,-79.12
11922,180,6.3383,18.6736,-79.12,-79.12
11922,180,6.3383,18.6736,-77.68,-79.12
11925,180,4.4540,18.6736,-79.12,-79.12
11925,180,4.4540,18.6736,-79.12,-79.12
11934,180,4.4540,18.1322,-79.12,-79.12
11934,180,4.4540,18.1322,-79.12,-79.12
11936,180,-10.6210,18.1322,-79.12,-79.12
11936,180,-10.6210,18.1322,-79.12,-79.12
11946,180,-10.6210,18.1999,-79.12,-79.12
11946,180,-10.6210,18.1999,-79.12,-79.12
11947,180,-1.3704,18.1999,-79.12,-79.12
11947,180,-1.3704,18.1999,-79.12,-77.68
11958,180,-1.3704,17.2524,-79.12,-79.12
11958,180,-1.3704,17.2524,-79.12,-79.12
11958,180,1.4561,17.2524,-79.12,-79.12
11958,180,1.4561,17.2524,-79.12,-79.12
11969,180,6.6809,17.2524,-79.12,-79.12
11969,180,6.6809,17.2524,-79.12,-79.12
11970,180,6.6809,17.3517,-79.12,-79.12
11970,180,6.6809,17.3517,-79.12,-79.12
11980,180,-3.5974,17.3517,-79.12,-79.12
11980,180,-3.5974,17.3517,-79.12,-79.12
11981,180,-3.5974,18.0916,-79.12,-79.12
11981,180,-3.5974,18.0916,-79.12,-79.12
11991,180,-2.4839,18.0916,-79.12,-79.12
11991,180,-2.4839,18.0916,-79.12,-79.12
11993,180,-2.4839,17.9337,-79.12,-79.12
11993,180,-2.4839,17.9337,-79.12,-79.12
12002,180,-2.8266,17.9337,-79.12,-79.12
12002,180,-2.8266,17.9337,-79.12,-79.12
12005,180,-2.8266,18.2766,-79.12,-79.12
12005,180,-2.8266,18.2766,-79.12,-79.12
12013,180,-0.9422,18.2766,-79.12,-79.12
12013,180,-0.9422,18.2766,-79.12,-79.12
12017,180,-0.9422,17.7848,-79.12,-79.12
12017,180,-0.9422,17.7848,-79.12,-79.12
12024,180,-0.9422,17.7848,-79.12,-79.12
12024,180,-0.9422,17.7848,-79.12,-79.12
12029,180,-0.9422,18.0600,-79.12,-79.12
12029,180,-0.9422,18.0600,-79.12,-79.12
12035,180,0.5139,18.0600,-79.12,-79.12
12035,180,0.5139,18.0600,-79.12,-79.12
12041,180,0.5139,18.0329,-79.12,-79.12
12041,180,0.5139,18.0329,-79.12,-79.12
12046,180,0.7709,18.0329,-79.12,-79.12
12046,180,0.7709,18.0329,-79.12,-79.12
12052,180,0.7709,17.2750,-79.12,-79.12
12052,180,0.7709,17.2750,-79.12,-79.12
12057,180,-2.7409,17.2750,-79.12,-79.12
12057,180,-2.7409,17.2750,-79.12,-79.12
12064,180,-2.7409,17.8119,-79.12,-79.12
12064,180,-2.7409,17.8119,-79.12,-79.12
12068,180,1.8844,17.8119,-79.12,-79.12
12068,180,1.8844,17.8119,-79.12,-79.12
12076,180,1.8844,17.4013,-79.12,-79.12
12076,180,1.8844,17.4013,-79.12,-79.12
12079,180,-4.2827,17.4013,-79.12,-79.12
12079,180,-4.2827,17.4013,-79.12,-79.12
12088,180,-4.2827,17.9156,-79.12,-79.12
12088,180,-4.2827,17.9156,-79.12,-79.12
12090,180,1.0278,17.9156,-79.12,-79.12
12090,180,1.0278,17.9156,-79.12,-79.12
12100,180,1.0278,18.2179,-79.12,-79.12
12100,180,1.0278,18.2179,-79.12,-79.12
12101,180,-2.2270,18.2179,-79.12,-79.12
12101,180,-2.2270,18.2179,-79.12,-79.12
12112,180,-2.2270,17.8119,-79.12,-79.12
12112,180,-2.2270,17.8119,-79.12,-79.12
12112,180,1.4561,17.8119,-79.12,-79.12
12112,180,1.4561,17.8119,-79.12,-79.12
12123,180,-2.0557,17.8119,-79.12,-79.12
12123,180,-2.0557,17.8119,-79.12,-79.12
12123,180,-2.0557,18.4841,-79.12,-79.12
12123,180,-2.0557,18.4841,-79.12,-79.12
12134,180,-5.2248,18.4841,-79.12,-79.12
12134,180,-5.2248,18.4841,-79.12,-79.12
12135,180,-5.2248,17.7758,-79.12,-79.12
12135,180,-5.2248,17.7758,-79.12,-79.12
12145,180,2.4839,17.7758,-79.12,-79.12
12145,180,2.4839,17.7758,-79.12,-79.12
12147,180,2.4839,17.9292,-79.12,-79.12
12147,180,2.4839,17.9292,-79.12,-79.12
12156,180,6.4240,17.9292,-79.12,-79.12
12156,180,6.4240,17.9292,-79.12,-79.12
12159,180,6.4240,17.6991,-79.12,-79.12
12159,180,6.4240,17.6991,-79.12,-79.12
12167,180,5.9101,17.6991,-79.12,-79.12
12167,180,5.9101,17.6991,-79.12,-77.68
12171,180,5.9101,17.6675,-79.12,-79.12
12171,180,5.9101,17.6675,-79.12,-79.12
12178,180,0.5139,17.6675,-79.12,-79.12
12178,180,0.5139,17.6675,-79.12,-79.12
12183,180,0.5139,18.5879,-79.12,-79.12
12183,180,0.5139,18.5879,-79.12,-79.12
12188,180,4.6253,18.5879,-79.12,-79.12
12189,180,4.6253,18.5879,-79.12,-79.12
12194,180,4.6253,18.2360,-79.12,-77.68
12194,180,4.6253,18.2360,-79.12,-79.12
12199,180,-0.6852,18.2360,-79.12,-79.12
12200,180,-0.6852,18.2360,-79.12,-79.12
12206,180,-0.6852,18.2856,-79.12,-79.12
12206,180,-0.6852,18.2856,-79.12,-79.12
12210,180,-2.1413,18.2856,-79.12,-79.12
12210,180,-2.1413,18.2856,-79.12,-79.12
12218,180,-2.1413,17.6585,-79.12,-79.12
12218,180,-2.1413,17.6585,-79.12,-79.12
12221,180,-1.7131,17.6585,-79.12,-79.12
12221,180,-1.7131,17.6585,-79.12,-79.12
12230,180,-1.7131,17.6991,-79.12,-79.12
12230,180,-1.7131,17.6991,-79.12,-79.12
12232,180,0.5139,17.6991,-79.12,-79.12
12232,180,0.5139,17.6991,-77.68,-79.12
12242,180,0.5139,18.4300,-79.12,-79.12
12242,180,0.5139,18.4300,-79.12,-79.12
12243,180,5.3105,18.4300,-79.12,-79.12
12243,180,5.3105,18.4300,-79.12,-79.12
12253,180,5.3105,17.6675,-79.12,-79.12
12254,180,5.3105,17.6675,-79.12,-79.12
12254,180,0.0000,17.6675,-79.12,-79.12
12254,180,0.0000,17.6675,-79.12,-77.68
12265,180,-4.4540,17.6675,-79.12,-79.12
12265,180,-4.4540,17.9968,-79.12,-79.12
12265,180,-4.4540,17.9968,-79.12,-79.12
12276,180,-5.6531,17.9968,-79.12,-79.12
12276,180,-5.6531,17.9968,-79.12,-77.68
12277,180,-5.6531,17.7983,-79.12,-79.12
12277,180,-5.6531,17.7983,-79.12,-79.12
12287,180,12.8480,17.7983,-79.12,-79.12
12287,180,12.8480,17.7983,-79.12,-79.12
12289,180,12.8480,17.6088,-79.12,-79.12
12289,180,12.8480,17.6088,-79.12,-79.12
12298,180,6.5096,17.6088,-79.12,-79.12
12298,180,6.5096,17.6088,-79.12,-79.12
12301,180,6.5096,18.1593,-79.12,-79.12
12301,180,6.5096,18.1593,-79.12,-79.12
12309,180,2.0557,18.1593,-79.12,-79.12
12309,180,2.0557,18.1593,-77.68,-79.12
12313,180,2.0557,17.9066,-79.12,-77.68
12313,180,2.0557,17.9066,-79.12,-79.12
12320,180,1.7987,17.9066,-79.12,-79.12
12320,180,1.7987,17.9066,-79.12,-79.12
12324,180,1.7987,18.4345,-79.12,-79.12
12325,180,1.7987,18.4345,-79.12,-79.12
12331,180,-1.8844,18.4345,-79.12,-79.12
12331,180,-1.8844,18.4345,-79.12,-79.12
12336,180,-1.8844,17.5908,-79.12,-79.12
12336,180,-1.8844,17.5908,-79.12,-79.12
12342,180,-4.4540,17.5908,-79.12,-79.12
12342,180,-4.4540,17.5908,-79.12,-79.12
12348,180,-4.4540,17.9337,-79.12,-79.12
12348,180,-4.4540,17.9337,-79.12,-79.12
12353,180,0.5139,17.9337,-79.12,-79.12
12353,180,0.5139,17.9337,-77.68,-79.12
12360,180,0.5139,18.0059,-79.12,-79.12
12360,180,0.5139,18.0059,-79.12,-79.12
12364,180,-0.8565,18.0059,-79.12,-79.12
12364,180,-0.8565,18.0059,-79.12,-79.12
12372,180,-0.8565,17.5321,-79.12,-79.12
12372,180,-0.8565,17.5321,-79.12,-79.12
12375,180,-2.4839,17.5321,-79.12,-79.12
12375,180,-2.4839,17.5321,-79.12,-79.12
12384,180,-2.4839,18.2540,-79.12,-79.12
12384,180,-2.4839,18.2540,-79.12,-79.12
12386,180,2.9122,18.2540,-79.12,-79.12
12386,180,2.9122,18.2540,-79.12,-79.12
12395,180,2.9122,18.0555,-77.68,-79.12
12396,180,2.9122,18.0555,-79.12,-79.12
12397,180,-4.4540,18.0555,-79.12,-79.12
12397,180,-4.4540,18.0555,-79.12,-79.12
12407,180,-4.4540,18.2405,-79.12,-79.12
12407,180,-4.4540,18.2405,-79.12,-79.12
12408,180,-7.4518,18.2405,-79.12,-79.12
12408,180,-7.4518,18.2405,-79.12,-79.12
12419,180,-0.9422,18.2405,-79.12,-79.12
12419,180,-0.9422,18.2405,-79.12,-79.12
12419,180,-0.9422,18.2405,-79.12,-77.68
12419,180,-0.9422,18.2405,-79.12,-79.12
12430,180,5.1392,18.2405,-79.12,-79.12
12430,180,5.1392,18.2405,-79.12,-79.12
12431,180,5.1392,17.8389,-79.12,-79.12
12431,180,5.1392,17.8389,-79.12,-79.12
12441,180,5.3961,17.8389,-79.12,-79.12
12441,180,5.3961,17.8389,-79.12,-79.12
12443,180,5.3961,18.5337,-79.12,-79.12
12443,180,5.3961,18.5337,-77.68,-79.12
12452,180,-2.3983,18.5337,-79.12,-79.12
12452,180,-2.3983,18.5337,-79.12,-79.12
12455,180,-2.3983,17.9698,-79.12,-79.12
12455,180,-2.3983,17.9698,-79.12,-79.12
12463,180,-4.3683,17.9698,-79.12,-79.12
12463,180,-4.3683,17.9698,-79.12,-79.12
12466,180,-4.3683,18.4841,-79.12,-79.12
12467,180,-4.3683,18.4841,-79.12,-79.12
12474,180,-2.3126,18.4841,-79.12,-79.12
12474,180,-2.3126,18.4841,-79.12,-79.12
12478,180,-2.3126,18.5202,-79.12,-79.12
12478,180,-2.3126,18.5202,-79.12,-79.12
12485,180,-0.8565,18.5202,-79.12,-79.12
12485,180,-0.8565,18.5202,-79.12,-79.12
12490,180,-0.8565,18.1954,-79.12,-79.12
12490,180,-0.8565,18.1954,-79.12,-79.12
12496,180,-4.0257,18.1954,-79.12,-79.12
12496,180,-4.0257,18.1954,-79.12,-79.12
12502,180,-4.0257,18.4525,-79.12,-79.12
12502,180,-4.0257,18.4525,-79.12,-79.12
12507,180,7.4518,18.4525,-79.12,-79.12
12507,180,7.4518,18.4525,-79.12,-79.12
12514,180,7.4518,17.7171,-79.12,-79.12
12514,180,7.4518,17.7171,-79.12,-79.12
12518,180,2.8266,17.7171,-79.12,-79.12
12518,180,2.8266,17.7171,-77.68,-79.12
12526,180,2.8266,18.1818,-79.12,-79.12
12526,180,2.8266,18.1818,-79.12,-79.12
12529,180,6.5953,18.1818,-79.12,-79.12
12529,180,6.5953,18.1818,-77.68,-77.68
12537,180,6.5953,18.0465,-79.12,-79.12
12537,180,6.5953,18.0465,-79.12,-79.12
12540,180,4.0257,18.0465,-79.12,-79.12
12540,180,4.0257,18.0465,-79.12,-79.12
12549,180,4.0257,17.7983,-79.12,-79.12
12549,180,4.0257,17.7983,-79.12,-79.12
12550,180,3.0835,17.7983,-79.12,-79.12
12551,180,3.0835,17.7983,-79.12,-79.12
12561,180,3.0835,18.3262,-79.12,-79.12
12561,180,3.0835,18.3262,-79.12,-79.12
12561,180,-2.3983,18.3262,-79.12,-77.68
12562,180,-2.3983,18.3262,-79.12,-79.12
12572,180,0.5996,18.3262,-79.12,-79.12
12572,180,0.5996,18.3262,-79.12,-79.12
12573,180,0.5996,17.7577,-79.12,-79.12
12573,180,0.5996,17.7577,-79.12,-79.12
12583,180,-5.4818,17.7577,-79.12,-79.12
12583,180,-5.4818,17.7577,-79.12,-79.12
12585,180,-5.4818,18.1367,-79.12,-79.12
12585,180,-5.4818,18.1367,-77.68,-79.12
12594,180,-0.5139,18.1367,-79.12,-79.12
12594,180,-0.5139,18.1367,-79.12,-79.12
12597,180,-0.5139,17.5231,-79.12,-79.12
12597,180,-0.5139,17.5231,-79.12,-79.12
12605,180,1.9700,17.5231,-79.12,-79.12
12605,180,1.9700,17.5231,-79.12,-79.12
12608,180,1.9700,18.3352,-79.12,-79.12
12608,180,1.9700,18.3352,-79.12,-79.12
12616,180,-1.6274,18.3352,-79.12,-79.12
12616,180,-1.6274,18.3352,-79.12,-79.12
12620,180,-1.6274,18.8586,-79.12,-79.12
12620,180,-1.6274,18.8586,-79.12,-79.12
12627,180,6.0814,18.8586,-79.12,-79.12
12627,180,6.0814,18.8586,-79.12,-79.12
12632,180,6.0814,17.6540,-79.12,-79.12
12632,180,6.0814,17.6540,-79.12,-79.12
12638,180,-9.5931,17.6540,-79.12,-79.12
12638,180,-9.5931,17.6540,-79.12,-79.12
12644,180,-9.5931,18.2089,-79.12,-79.12
12644,180,-9.5931,18.2089,-79.12,-79.12
12649,180,-9.2505,18.2089,-79.12,-77.68
12649,180,-9.2505,18.2089,-79.12,-79.12
12656,180,-9.2505,17.7126,-79.12,-79.12
12656,180,-9.2505,17.7126,-79.12,-79.12
12660,180,-1.3704,17.7126,-79.12,-79.12
12660,180,-1.3704,17.7126,-79.12,-79.12
12668,180,-1.3704,18.0781,-79.12,-79.12
12668,180,-1.3704,18.0781,-79.12,-79.12
12671,180,3.5974,18.0781,-79.12,-79.12
12671,180,3.5974,18.0781,-79.12,-79.12
12679,180,3.5974,18.1322,-79.12,-79.12
12679,180,3.5974,18.1322,-79.12,-79.12
12682,180,-2.6552,18.1322,-79.12,-79.12
12682,180,-2.6552,18.1322,-79.12,-79.12
12691,180,-2.6552,17.6449,-79.12,-79.12
12691,180,-2.6552,17.6449,-79.12,-79.12
12693,180,0.9422,17.6449,-77.68,-79.12
12693,180,0.9422,17.6449,-79.12,-79.12
12703,180,0.9422,18.0329,-79.12,-79.12
12703,180,0.9422,18.0329,-79.12,-79.12
12704,180,10.2784,18.0329,-79.12,-79.12
12704,180,10.2784,18.0329,-79.12,-79.12
12715,180,10.2784,17.9743,-79.12,-79.12
12715,180,10.2784,17.9743,-79.12,-79.12
12715,180,4.3683,17.9743,-79.12,-79.12
12715,180,4.3683,17.9743,-79.12,-79.12
12726,180,5.7388,17.9743,-79.12,-79.12
12726,180,5.7388,17.9743,-79.12,-79.12
12727,180,5.7388,18.7458,-79.12,-79.12
12727,180,5.7388,18.7458,-79.12,-79.12
12737,180,-2.9122,18.7458,-79.12,-79.12
12737,180,-2.9122,18.7458,-79.12,-79.12
12739,180,-2.9122,18.6104,-79.12,-79.12
12739,180,-2.9122,18.6104,-79.12,-79.12
12748,180,-6.2527,18.6104,-79.12,-79.12
12748,180,-6.2527,18.6104,-79.12,-79.12
12750,180,-6.2527,17.8480,-79.12,-79.12
12750,180,-6.2527,17.8480,-79.12,-79.12
12759,180,-8.7366,17.8480,-79.12,-79.12
12759,180,-8.7366,17.8480,-79.12,-79.12
12762,180,-8.7366,18.0555,-79.12,-79.12
12762,180,-8.7366,18.0555,-79.12,-79.12
12770,180,-2.9979,18.0555,-79.12,-79.12
12770,180,-2.9979,18.0555,-79.12,-79.12
12774,180,-2.9979,17.5863,-79.12,-79.12
12774,180,-2.9979,17.5863,-79.12,-79.12
12781,180,-5.9101,17.5863,-79.12,-79.12
12781,180,-5.9101,17.5863,-79.12,-79.12
12786,180,-5.9101,18.1187,-79.12,-79.12
12786,180,-5.9101,18.1187,-79.12,-79.12
12792,180,-7.0236,18.1187,-79.12,-77.68
12792,180,-7.0236,18.1187,-79.12,-79.12
12798,180,-7.0236,17.8795,-79.12,-79.12
12798,180,-7.0236,17.8795,-79.12,-79.12
12803,180,-3.9400,17.8795,-77.68,-79.12
12803,180,-3.9400,17.8795,-79.12,-79.12
12809,180,-3.9400,17.6630,-79.12,-79.12
12810,180,-3.9400,17.6630,-79.12,-79.12
12814,180,1.3704,17.6630,-79.12,-79.12
12814,180,1.3704,17.6630,-79.12,-77.68
12821,180,1.3704,18.0284,-79.12,-79.12
12821,180,1.3704,18.0284,-79.12,-79.12
12825,180,0.0857,18.0284,-79.12,-79.12
12825,180,0.0857,18.0284,-79.12,-79.12
12833,180,0.0857,17.7487,-79.12,-79.12
12833,180,0.0857,17.7487,-79.12,-79.12
12836,180,-8.9936,17.7487,-79.12,-79.12
12836,180,-8.9936,17.7487,-79.12,-79.12
12845,180,-8.9936,18.2269,-79.12,-79.12
12845,180,-8.9936,18.2269,-79.12,-79.12
12847,180,-4.7109,18.2269,-79.12,-79.12
12847,180,-4.7109,18.2269,-79.12,-79.12
12857,180,-4.7109,17.7848,-79.12,-79.12
12857,180,-4.7109,17.7848,-79.12,-77.68
12858,180,-1.2848,17.7848,-79.12,-79.12
12858,180,-1.2848,17.7848,-79.12,-79.12
12869,180,1.7131,17.7848,-77.68,-79.12
12869,180,1.7131,18.0645,-79.12,-79.12
12869,180,1.7131,18.0645,-79.12,-79.12
12880,180,-0.4283,18.0645,-79.12,-79.12
12880,180,-0.4283,18.0645,-79.12,-79.12
12880,180,-0.4283,18.3081,-79.12,-79.12
12881,180,-0.4283,18.3081,-79.12,-79.12
12891,180,0.6852,18.3081,-79.12,-79.12
12891,180,0.6852,18.3081,-79.12,-79.12
12892,180,0.6852,17.6359,-79.12,-79.12
12892,180,0.6852,17.6359,-79.12,-79.12
12902,180,2.5696,17.6359,-79.12,-79.12
12902,180,2.5696,17.6359,-79.12,-79.12
12904,180,2.5696,18.3533,-79.12,-79.12
12904,180,2.5696,18.3533,-79.12,-79.12
12913,180,2.3126,18.3533,-79.12,-79.12
12913,180,2.3126,18.3533,-79.12,-79.12
12916,180,2.3126,17.8886,-79.12,-79.12
12916,180,2.3126,17.8886,-79.12,-79.12
12923,180,-1.5418,17.8886,-79.12,-79.12
12924,180,-1.5418,17.8886,-79.12,-79.12
12928,180,-1.5418,18.6014,-79.12,-79.12
12928,180,-1.5418,18.6014,-79.12,-79.12
12934,180,-3.5118,18.6014,-79.12,-79.12
12935,180,-3.5118,18.6014,-79.12,-79.12
12940,180,-3.5118,18.4841,-79.12,-79.12
12940,180,-3.5118,18.4841,-79.12,-79.12
12945,180,4.7966,18.4841,-79.12,-79.12
12946,180,4.7966,18.4841,-79.12,-79.12
12951,180,4.7966,17.7036,-79.12,-79.12
12952,180,4.7966,17.7036,-79.12,-79.12
12956,180,-2.3983,17.7036,-79.12,-79.12
12956,180,-2.3983,17.7036,-79.12,-79.12
12963,180,-2.3983,18.0645,-79.12,-79.12
12963,180,-2.3983,18.0645,-79.12,-79.12
12967,180,2.7409,18.0645,-79.12,-79.12
12967,180,2.7409,18.0645,-79.12,-79.12
12975,180,2.7409,17.0720,-79.12,-79.12
12975,180,2.7409,17.0720,-79.12,-79.12
12978,180,-1.7131,17.0720,-79.12,-79.12
12978,180,-1.7131,17.0720,-79.12,-79.12
12987,180,-1.7131,17.7036,-79.12,-79.12
12987,180,-1.7131,17.7036,-79.12,-79.12
12989,180,8.2227,17.7036,-79.12,-79.12
12989,180,8.2227,17.7036,-79.12,-79.12
12999,180,8.2227,18.1187,-79.12,-79.12
12999,180,8.2227,18.1187,-79.12,-79.12
13000,180,-2.3126,18.1187,-79.12,-79.12
13000,180,-2.3126,18.1187,-79.12,-79.12
13011,180,-2.3126,17.7622,-79.12,-79.12
13011,180,-2.3126,17.7622,-79.12,-79.12
13011,180,-7.2805,17.7622,-79.12,-79.12
13011,180,-7.2805,17.7622,-79.12,-79.12
13022,180,-3.2548,17.7622,-79.12,-79.12
13022,180,-3.2548,17.7622,-79.12,-79.12
13022,180,-3.2548,18.3623,-79.12,-79.12
13022,180,-3.2548,18.3623,-79.12,-79.12
13033,180,1.9700,18.3623,-79.12,-79.12
13033,180,1.9700,18.3623,-79.12,-79.12
13034,180,1.9700,17.7216,-79.12,-79.12
13034,180,1.9700,17.7216,-79.12,-79.12
13044,180,-0.1713,17.7216,-79.12,-79.12
13044,180,-0.1713,17.7216,-79.12,-79.12
13046,180,-0.1713,18.2450,-79.12,-79.12
13046,180,-0.1713,18.2450,-79.12,-79.12
13055,180,-4.3683,18.2450,-79.12,-79.12
13055,180,-4.3683,18.2450,-79.12,-79.12
13058,180,-4.3683,18.1908,-79.12,-79.12
13058,180,-4.3683,18.1908,-79.12,-79.12
13066,180,-7.9657,18.1908,-79.12,-79.12
13066,180,-7.9657,18.1908,-79.12,-79.12
13070,180,-7.9657,18.2089,-79.12,-79.12
13070,180,-7.9657,18.2089,-79.12,-79.12
13077,180,-1.5418,18.2089,-79.12,-79.12
13077,180,-1.5418,18.2089,-79.12,-79.12
13082,180,-1.5418,18.4886,-79.12,-79.12
13082,180,-1.5418,18.4886,-79.12,-79.12
13088,180,4.8822,18.4886,-79.12,-79.12
13088,180,4.8822,18.4886,-79.12,-79.12
13093,180,4.8822,18.2179,-79.12,-79.12
13093,180,4.8822,18.2179,-79.12,-79.12
13099,180,-4.5396,18.2179,-79.12,-79.12
13099,180,-4.5396,18.2179,-79.12,-79.12
13105,180,-4.5396,18.8180,-79.12,-79.12
13105,180,-4.5396,18.8180,-79.12,-79.12
13110,180,-0.5139,18.8180,-79.12,-79.12
13110,180,-0.5139,18.8180,-77.68,-79.12
13117,180,-0.5139,18.0059,-79.12,-79.12
13117,180,-0.5139,18.0059,-79.12,-79.12
13121,180,-5.7388,18.0059,-79.12,-79.12
13121,180,-5.7388,18.0059,-79.12,-79.12
13129,180,-5.7388,17.9743,-79.12,-79.12
13129,180,-5.7388,17.9743,-79.12,-79.12
13132,180,-0.5996,17.9743,-79.12,-79.12
13132,180,-0.5996,17.9743,-79.12,-79.12
13141,180,-0.5996,18.5518,-79.12,-79.12
13141,180,-0.5996,18.5518,-79.12,-79.12
13143,180,8.9936,18.5518,-79.12,-79.12
13143,180,8.9936,18.5518,-79.12,-79.12
13153,180,8.9936,17.6179,-79.12,-79.12
13153,180,8.9936,17.6179,-79.12,-79.12
13154,180,2.0557,17.6179,-79.12,-79.12
13154,180,2.0557,17.6179,-79.12,-79.12
13164,180,2.0557,18.2856,-79.12,-79.12
13164,180,2.0557,18.2856,-79.12,-79.12
13165,180,0.4283,18.2856,-79.12,-79.12
13165,180,0.4283,18.2856,-79.12,-79.12
13176,180,5.6531,18.2856,-79.12,-79.12
13176,180,5.6531,18.2856,-79.12,-79.12
13176,180,5.6531,17.8615,-79.12,-79.12
13176,180,5.6531,17.8615,-79.12,-79.12
13187,180,7.7088,17.8615,-79.12,-77.68
13187,180,7.7088,17.8615,-79.12,-79.12
13188,180,7.7088,17.7171,-79.12,-79.12
13188,180,7.7088,17.7171,-79.12,-79.12
13198,180,-2.3126,17.7171,-79.12,-79.12
13198,180,-2.3126,17.7171,-79.12,-79.12
13200,180,-2.3126,18.1683,-79.12,-79.12
13200,180,-2.3126,18.1683,-79.12,-79.12
13209,180,-5.3105,18.1683,-79.12,-79.12
13209,180,-5.3105,18.1683,-79.12,-79.12
13212,180,-5.3105,17.7487,-79.12,-79.12
13212,180,-5.3105,17.7487,-79.12,-79.12
13220,180,0.5139,17.7487,-79.12,-79.12
13220,180,0.5139,17.7487,-79.12,-79.12
13224,180,0.5139,18.1818,-79.12,-79.12
13224,180,0.5139,18.1818,-79.12,-79.12
13231,180,10.1071,18.1818,-79.12,-79.12
13231,180,10.1071,18.1818,-79.12,-79.12
13235,180,10.1071,17.8344,-79.12,-79.12
13235,180,10.1071,17.8344,-79.12,-79.12
13242,180,-5.0535,17.8344,-79.12,-79.12
13242,180,-5.0535,17.8344,-79.12,-79.12
13247,180,-5.0535,18.4661,-79.12,-79.12
13247,180,-5.0535,18.4661,-79.12,-79.12
13253,180,-0.5996,18.4661,-79.12,-79.12
13253,180,-0.5996,18.4661,-79.12,-79.12
13259,180,-0.5996,18.1999,-77.68,-79.12
13259,180,-0.5996,18.1999,-79.12,-79.12
13264,180,10.4497,18.1999,-77.68,-79.12
13264,180,10.4497,18.1999,-79.12,-77.68
13271,180,10.4497,17.9698,-79.12,-79.12
13271,180,10.4497,17.9698,-79.12,-79.12
13275,180,4.0257,17.9698,-79.12,-79.12
13275,180,4.0257,17.9698,-79.12,-79.12
13283,180,4.0257,18.6961,-79.12,-79.12
13283,180,4.0257,18.6961,-79.12,-79.12
13286,180,-1.2848,18.6961,-79.12,-79.12
13286,180,-1.2848,18.6961,-79.12,-79.12
13295,180,-1.2848,17.9021,-79.12,-79.12
13295,180,-1.2848,17.9021,-79.12,-79.12
13296,180,3.3405,17.9021,-79.12,-79.12
13297,180,3.3405,17.9021,-79.12,-79.12
13306,180,3.3405,18.3397,-79.12,-79.12
13306,180,3.3405,18.3397,-79.12,-79.12
13307,180,5.3105,18.3397,-79.12,-79.12
13308,180,5.3105,18.3397,-79.12,-79.12
13318,180,5.3105,18.0194,-79.12,-79.12
13318,180,5.3105,18.0194,-79.12,-79.12
13318,180,-1.7131,18.0194,-79.12,-79.12
13318,180,-1.7131,18.0194,-79.12,-79.12
13329,180,-1.5418,18.0194,-79.12,-79.12
13329,180,-1.5418,18.0194,-79.12,-79.12
13330,180,-1.5418,17.6404,-79.12,-79.12
13330,180,-1.5418,17.6404,-79.12,-77.68
13340,180,-1.2848,17.6404,-79.12,-79.12
13340,180,-1.2848,17.6404,-77.68,-79.12
13342,180,-1.2848,18.2089,-79.12,-79.12
13342,180,-1.2848,18.2089,-79.12,-79.12
13351,180,-1.9700,18.2089,-79.12,-79.12
13351,180,-1.9700,18.2089,-79.12,-79.12
13354,180,-1.9700,18.1999,-79.12,-79.12
13354,180,-1.9700,18.1999,-79.12,-79.12
13362,180,-3.5118,18.1999,-79.12,-79.12
13362,180,-3.5118,18.1999,-79.12,-79.12
13365,180,-3.5118,18.7999,-79.12,-79.12
13366,180,-3.5118,18.7999,-79.12,-79.12
13373,180,4.7109,18.7999,-79.12,-79.12
13373,180,4.7109,18.7999,-79.12,-79.12
13377,180,4.7109,18.1412,-79.12,-79.12
13377,180,4.7109,18.1412,-79.12,-79.12
13384,180,4.1970,18.1412,-79.12,-79.12
13384,180,4.1970,18.1412,-79.12,-79.12
13389,180,4.1970,18.3442,-79.12,-79.12
13389,180,4.1970,18.3442,-79.12,-79.12
13395,180,2.2270,18.3442,-79.12,-79.12
13395,180,2.2270,18.3442,-79.12,-79.12
13401,180,2.2270,18.6646,-79.12,-79.12
13401,180,2.2270,18.6646,-79.12,-79.12
13406,180,-2.7409,18.6646,-79.12,-79.12
13406,180,-2.7409,18.6646,-79.12,-79.12
13413,180,-2.7409,17.7803,-79.12,-79.12
13413,180,-2.7409,17.7803,-79.12,-79.12
13417,180,-2.2270,17.7803,-79.12,-79.12
13417,180,-2.2270,17.7803,-79.12,-79.12
13425,180,-2.2270,17.9923,-79.12,-79.12
13425,180,-2.2270,17.9923,-79.12,-79.12
13428,180,2.2270,17.9923,-79.12,-79.12
13428,180,2.2270,17.9923,-79.12,-79.12
13436,180,2.2270,17.5457,-79.12,-79.12
13437,180,2.2270,17.5457,-77.68,-79.12
13439,180,-5.7388,17.5457,-79.12,-79.12
13439,180,-5.7388,17.5457,-79.12,-79.12
13448,180,-5.7388,17.8615,-79.12,-79.12
13448,180,-5.7388,17.8615,-79.12,-79.12
13450,180,-1.9700,17.8615,-79.12,-79.12
13450,180,-1.9700,17.8615,-79.12,-79.12
13460,180,-1.9700,18.0826,-79.12,-79.12
13460,180,-1.9700,18.0826,-79.12,-79.12
13461,180,-4.4540,18.0826,-79.12,-79.12
13461,180,-4.4540,18.0826,-79.12,-79.12
13472,180,-4.4540,17.4780,-79.12,-79.12
13472,180,1.6274,17.4780,-79.12,-79.12
13472,180,1.6274,17.4780,-79.12,-79.12
13483,180,8.3084,17.4780,-79.12,-77.68
13483,180,8.3084,17.4780,-79.12,-79.12
13484,180,8.3084,17.8841,-79.12,-79.12
13484,180,8.3084,17.8841,-79.12,-79.12
13494,180,2.7409,17.8841,-79.12,-79.12
13494,180,2.7409,17.8841,-79.12,-79.12
13496,180,2.7409,17.3156,-79.12,-77.68
13496,180,2.7409,17.3156,-79.12,-79.12
13505,180,-4.4540,17.3156,-79.12,-79.12
13505,180,-4.4540,17.3156,-79.12,-79.12
13507,180,-4.4540,17.8119,-79.12,-79.12
13508,180,-4.4540,17.8119,-79.12,-79.12
13516,180,-3.1692,17.8119,-79.12,-79.12
13516,180,-3.1692,17.8119,-79.12,-77.68
13519,180,-3.1692,18.0059,-79.12,-77.68
13519,180,-3.1692,18.0059,-79.12,-79.12
13527,180,4.7966,18.0059,-79.12,-79.12
13527,180,4.7966,18.0059,-79.12,-79.12
13531,180,4.7966,17.5682,-79.12,-79.12
13531,180,4.7966,17.5682,-79.12,-79.12
13538,180,-3.6831,17.5682,-79.12,-79.12
13538,180,-3.6831,17.5682,-79.12,-79.12
13543,180,-3.6831,17.8254,-79.12,-79.12
13543,180,-3.6831,17.8254,-79.12,-79.12
13549,180,0.2570,17.8254,-79.12,-79.12
13549,180,0.2570,17.8254,-79.12,-79.12
13555,180,0.2570,17.1622,-79.12,-79.12
13555,180,0.2570,17.1622,-79.12,-79.12
13560,180,-4.3683,17.1622,-79.12,-79.12
13560,180,-4.3683,17.1622,-79.12,-79.12
13567,180,-4.3683,17.8119,-79.12,-79.12
13567,180,-4.3683,17.8119,-79.12,-79.12
13571,180,-4.1113,17.8119,-79.12,-79.12
13571,180,-4.1113,17.8119,-79.12,-79.12
13578,180,-4.1113,17.6946,-79.12,-79.12
13579,180,-4.1113,17.6946,-79.12,-79.12
13582,180,-6.7666,17.6946,-79.12,-79.12
13582,180,-6.7666,17.6946,-79.12,-79.12
13590,180,-6.7666,17.6901,-79.12,-79.12
13590,180,-6.7666,17.6901,-79.12,-79.12
13593,180,-0.8565,17.6901,-79.12,-77.68
13593,180,-0.8565,17.6901,-79.12,-79.12
13602,180,-0.8565,18.2991,-77.68,-79.12
13602,180,-0.8565,18.2991,-79.12,-77.68
13604,180,3.5974,18.2991,-79.12,-79.12
13604,180,3.5974,18.2991,-79.12,-79.12
13614,180,3.5974,17.6720,-79.12,-79.12
13614,180,3.5974,17.6720,-79.12,-79.12
13615,180,6.3383,17.6720,-79.12,-79.12
13615,180,6.3383,17.6720,-79.12,-79.12
13626,180,11.5632,17.6720,-79.12,-79.12
13626,180,11.5632,17.6720,-79.12,-79.12
13626,180,11.5632,18.2991,-79.12,-79.12
13626,180,11.5632,18.2991,-77.68,-79.12
13637,180,-0.5996,18.2991,-79.12,-77.68
13637,180,-0.5996,18.2991,-79.12,-79.12
13638,180,-0.5996,18.0871,-79.12,-79.12
13638,180,-0.5996,18.0871,-79.12,-79.12
13648,180,0.5139,18.0871,-79.12,-79.12
13648,180,0.5139,18.0871,-79.12,-79.12
13649,180,0.5139,17.4690,-79.12,-79.12
13649,180,0.5139,17.4690,-79.12,-79.12
13658,180,-7.9657,17.4690,-79.12,-79.12
13659,180,-7.9657,17.4690,-79.12,-79.12
13661,180,-7.9657,17.9201,-79.12,-79.12
13661,180,-7.9657,17.9201,-79.12,-79.12
13669,180,1.3704,17.9201,-79.12,-79.12
13670,180,1.3704,17.9201,-79.12,-79.12
13673,180,1.3704,17.7352,-79.12,-79.12
13673,180,1.3704,17.7352,-79.12,-79.12
13680,180,-1.9700,17.7352,-79.12,-79.12
13681,180,-1.9700,17.7352,-79.12,-79.12
13685,180,-1.9700,18.0104,-77.68,-79.12
13685,180,-1.9700,18.0104,-79.12,-79.12
13691,180,-1.3704,18.0104,-79.12,-79.12
13691,180,-1.3704,18.0104,-79.12,-79.12
13697,180,-1.3704,17.8795,-79.12,-79.12
13697,180,-1.3704,17.8795,-79.12,-77.68
13702,180,-0.0857,17.8795,-79.12,-79.12
13702,180,-0.0857,17.8795,-79.12,-79.12
13709,180,-0.0857,18.2314,-79.12,-79.12
13709,180,-0.0857,18.2314,-79.12,-79.12
13713,180,4.2827,18.2314,-79.12,-79.12
13713,180,4.2827,18.2314,-79.12,-79.12
13720,180,4.2827,18.6240,-79.12,-79.12
13720,180,4.2827,18.6240,-77.68,-79.12
13724,180,2.3983,18.6240,-79.12,-79.12
13724,180,2.3983,18.6240,-79.12,-79.12
13732,180,2.3983,18.0194,-79.12,-79.12
13732,180,2.3983,18.0194,-79.12,-79.12
13735,180,-3.9400,18.0194,-79.12,-79.12
13735,180,-3.9400,18.0194,-79.12,-79.12
13744,180,-3.9400,18.5563,-79.12,-79.12
13744,180,-3.9400,18.5563,-79.12,-79.12
13746,180,3.8544,18.5563,-79.12,-79.12
13746,180,3.8544,18.5563,-79.12,-79.12
13756,180,3.8544,17.7487,-79.12,-79.12
13756,180,3.8544,17.7487,-79.12,-77.68
13757,180,-0.5996,17.7487,-79.12,-79.12
13757,180,-0.5996,17.7487,-79.12,-79.12
13768,180,-0.5996,17.7668,-79.12,-79.12
13768,180,-0.5996,17.7668,-79.12,-79.12
13768,180,-2.8266,17.7668,-79.12,-79.12
13768,180,-2.8266,17.7668,-79.12,-79.12
13779,180,3.9400,17.7668,-79.12,-79.12
13779,180,3.9400,17.7668,-79.12,-79.12
13780,180,3.9400,17.5953,-79.12,-79.12
13780,180,3.9400,17.5953,-79.12,-79.12
13790,180,9.2505,17.5953,-79.12,-79.12
13790,180,9.2505,17.5953,-79.12,-79.12
13791,180,9.2505,17.3111,-79.12,-79.12
13791,180,9.2505,17.3111,-79.12,-79.12
13801,180,-2.1413,17.3111,-79.12,-79.12
13801,180,-2.1413,17.3111,-79.12,-79.12
13803,180,-2.1413,18.1187,-79.12,-79.12
13803,180,-2.1413,18.1187,-79.12,-79.12
13812,180,-0.3426,18.1187,-79.12,-79.12
13812,180,-0.3426,18.1187,-79.12,-79.12
13815,180,-0.3426,17.5276,-79.12,-79.12
13815,180,-0.3426,17.5276,-79.12,-79.12
13823,180,4.7966,17.5276,-79.12,-79.12
13823,180,4.7966,17.5276,-79.12,-79.12
13827,180,4.7966,17.7036,-79.12,-79.12
13827,180,4.7966,17.7036,-79.12,-79.12
13834,180,3.3405,17.7036,-79.12,-79.12
13834,180,3.3405,17.7036,-79.12,-79.12
13839,180,3.3405,17.6043,-79.12,-79.12
13839,180,3.3405,17.6043,-77.68,-79.12
13845,180,7.2805,17.6043,-79.12,-79.12
13845,180,7.2805,17.6043,-79.12,-79.12
13851,180,7.2805,17.3336,-79.12,-79.12
13851,180,7.2805,17.3336,-79.12,-77.68
13856,180,-1.8844,17.3336,-79.12,-79.12
13856,180,-1.8844,17.3336,-79.12,-77.68
13862,180,-1.8844,17.6494,-79.12,-79.12
13862,180,-1.8844,17.6494,-79.12,-79.12
13867,180,6.4240,17.6494,-79.12,-79.12
13867,180,6.4240,17.6494,-79.12,-79.12
13874,180,6.4240,17.4600,-79.12,-79.12
13874,180,6.4240,17.4600,-79.12,-79.12
13878,180,-4.4540,17.4600,-79.12,-79.12
13878,180,-4.4540,17.4600,-79.12,-79.12
13886,180,-4.4540,18.0961,-79.12,-79.12
13886,180,-4.4540,18.0961,-79.12,-79.12
13889,180,-4.7109,18.0961,-79.12,-79.12
13889,180,-4.7109,18.0961,-79.12,-77.68
13898,180,-4.7109,17.8434,-79.12,-79.12
13898,180,-4.7109,17.8434,-79.12,-79.12
13900,180,-0.1713,17.8434,-79.12,-79.12
13900,180,-0.1713,17.8434,-79.12,-79.12
13910,180,-0.1713,17.7622,-79.12,-79.12
13910,180,-0.1713,17.7622,-79.12,-79.12
13911,180,8.7366,17.7622,-79.12,-79.12
13911,180,8.7366,17.7622,-79.12,-79.12
13922,180,8.7366,18.2269,-79.12,-79.12
13922,180,8.7366,18.2269,-79.12,-79.12
13922,180,1.4561,18.2269,-79.12,-79.12
13922,180,1.4561,18.2269,-79.12,-79.12
13933,180,3.4261,18.2269,-79.12,-79.12
13933,180,3.4261,18.2269,-79.12,-79.12
13933,180,3.4261,17.6810,-79.12,-79.12
13933,180,3.4261,17.6810,-79.12,-79.12
13944,180,5.9101,17.6810,-79.12,-79.12
13944,180,5.9101,17.6810,-79.12,-77.68
13945,180,5.9101,17.7848,-79.12,-79.12
13945,180,5.9101,17.7848,-79.12,-79.12
13955,180,-5.5675,17.7848,-79.12,-79.12
13955,180,-5.5675,17.7848,-79.12,-79.12
13957,180,-5.5675,17.1848,-79.12,-77.68
13957,180,-5.5675,17.1848,-79.12,-79.12
13966,180,-4.9679,17.1848,-79.12,-79.12
13966,180,-4.9679,17.1848,-79.12,-77.68
13969,180,-4.9679,17.4239,-79.12,-79.12
13969,180,-4.9679,17.4239,-79.12,-77.68
13977,180,-7.4518,17.4239,-79.12,-79.12
13977,180,-7.4518,17.4239,-79.12,-79.12
13981,180,-7.4518,17.8931,-79.12,-79.12
13981,180,-7.4518,17.8931,-79.12,-79.12
13988,180,-2.7409,17.8931,-79.12,-79.12
13988,180,-2.7409,17.8931,-79.12,-79.12
13993,180,-2.7409,17.5231,-79.12,-79.12
13993,180,-2.7409,17.5231,-79.12,-79.12
13999,180,1.6274,17.5231,-79.12,-79.12
13999,180,1.6274,17.5231,-79.12,-79.12
14004,180,1.6274,18.3172,-79.12,-79.12
14004,180,1.6274,18.3172,-79.12,-79.12
14010,180,9.9358,18.3172,-79.12,-79.12
14010,180,9.9358,18.3172,-79.12,-79.12
14016,180,9.9358,17.6269,-79.12,-79.12
14016,180,9.9358,17.6269,-79.12,-79.12
14021,180,1.6274,17.6269,-79.12,-79.12
14021,180,1.6274,17.6269,-79.12,-79.12
14028,180,1.6274,17.7216,-79.12,-79.12
14028,180,1.6274,17.7216,-77.68,-79.12
14031,180,-4.7966,17.7216,-79.12,-79.12
14032,180,-4.7966,17.7216,-79.12,-79.12
14040,180,-4.7966,17.8480,-79.12,-79.12
14040,180,-4.7966,17.8480,-79.12,-79.12
14042,180,-9.0792,17.8480,-79.12,-79.12
14043,180,-9.0792,17.8480,-79.12,-79.12
14052,180,-9.0792,17.1712,-79.12,-77.68
14052,180,-9.0792,17.1712,-79.12,-79.12
14053,180,-11.4775,17.1712,-79.12,-79.12
14054,180,-11.4775,17.1712,-79.12,-79.12
14064,180,-11.4775,17.7397,-79.12,-79.12
14064,180,-11.4775,17.7397,-79.12,-79.12
14064,180,-1.9700,17.7397,-79.12,-79.12
14064,180,-1.9700,17.7397,-79.12,-79.12
14075,180,-1.9700,16.9411,-79.12,-79.12
14075,180,0.5139,16.9411,-79.12,-79.12
14075,180,0.5139,16.9411,-79.12,-79.12
14086,180,-1.2848,16.9411,-79.12,-79.12
14086,180,-1.2848,16.9411,-79.12,-79.12
14087,180,-1.2848,17.1983,-79.12,-79.12
14087,180,-1.2848,17.1983,-79.12,-79.12
14097,180,-8.9079,17.1983,-79.12,-79.12
14097,180,-8.9079,17.1983,-79.12,-79.12
14099,180,-8.9079,17.3427,-79.12,-79.12
14099,180,-8.9079,17.3427,-79.12,-79.12
14108,180,-0.1713,17.3427,-79.12,-79.12
14108,180,-0.1713,17.3427,-79.12,-79.12
14111,180,-0.1713,17.0855,-79.12,-79.12
14111,180,-0.1713,17.0855,-79.12,-79.12
14119,180,-5.1392,17.0855,-79.12,-79.12
14119,180,-5.1392,17.0855,-79.12,-79.12
14123,180,-5.1392,17.6675,-79.12,-79.12
14123,180,-5.1392,17.6675,-79.12,-79.12
14130,180,-2.7409,17.6675,-79.12,-79.12
14130,180,-2.7409,17.6675,-79.12,-79.12
14134,180,-2.7409,17.3923,-79.12,-77.68
14135,180,-2.7409,17.3923,-79.12,-79.12
14141,180,2.4839,17.3923,-79.12,-79.12
14141,180,2.4839,17.3923,-79.12,-79.12
14146,180,2.4839,17.9292,-79.12,-79.12
14146,180,2.4839,17.9292,-79.12,-79.12
14152,180,-4.2827,17.9292,-79.12,-79.12
14152,180,-4.2827,17.9292,-79.12,-79.12
14158,180,-4.2827,17.7803,-79.12,-79.12
14158,180,-4.2827,17.7803,-79.12,-79.12
14163,180,-8.4797,17.7803,-79.12,-79.12
14163,180,-8.4797,17.7803,-79.12,-79.12
14170,180,-8.4797,17.9066,-79.12,-79.12
14170,180,-8.4797,17.9066,-77.68,-79.12
14174,180,-2.1413,17.9066,-79.12,-79.12
14174,180,-2.1413,17.9066,-79.12,-79.12
14182,180,-2.1413,18.3307,-79.12,-79.12
14182,180,-2.1413,18.3307,-79.12,-79.12
14185,180,-0.2570,18.3307,-79.12,-79.12
14185,180,-0.2570,18.3307,-79.12,-79.12
14194,180,-0.2570,17.4645,-79.12,-79.12
14194,180,-0.2570,17.4645,-79.12,-79.12
14196,180,0.5139,17.4645,-79.12,-79.12
14196,180,0.5139,17.4645,-79.12,-79.12
14205,180,0.5139,18.0104,-79.12,-79.12
14206,180,0.5139,18.0104,-79.12,-79.12
14207,180,0.7709,18.0104,-79.12,-79.12
14207,180,0.7709,18.0104,-79.12,-79.12
14217,180,0.7709,17.5998,-79.12,-79.12
14217,180,0.7709,17.5998,-79.12,-79.12
14218,180,-2.2270,17.5998,-79.12,-79.12
14218,180,-2.2270,17.5998,-79.12,-79.12
14229,180,6.3383,17.5998,-79.12,-79.12
14229,180,6.3383,17.5998,-79.12,-79.12
14229,180,6.3383,17.5728,-79.12,-79.12
14229,180,6.3383,17.5728,-79.12,-79.12
14240,180,-1.1991,17.5728,-79.12,-79.12
14240,180,-1.1991,17.5728,-79.12,-79.12
14241,180,-1.1991,17.7893,-79.12,-79.12
14241,180,-1.1991,17.7893,-79.12,-79.12
14251,180,4.3683,17.7893,-79.12,-79.12
14251,180,4.3683,17.7893,-79.12,-79.12
14253,180,4.3683,17.3607,-79.12,-79.12
14253,180,4.3683,17.3607,-79.12,-79.12
14262,180,2.8266,17.3607,-79.12,-79.12
14262,180,2.8266,17.3607,-79.12,-79.12
14265,180,2.8266,17.7081,-79.12,-79.12
14265,180,2.8266,17.7081,-77.68,-79.12
14273,180,9.1649,17.7081,-79.12,-79.12
14273,180,9.1649,17.7081,-79.12,-79.12
14276,180,9.1649,17.3021,-79.12,-79.12
14277,180,9.1649,17.3021,-79.12,-79.12
14284,180,7.3662,17.3021,-79.12,-79.12
14284,180,7.3662,17.3021,-79.12,-79.12
14288,180,7.3662,17.6540,-79.12,-79.12
14288,180,7.3662,17.6540,-79.12,-79.12
14295,180,-2.1413,17.6540,-79.12,-79.12
14295,180,-2.1413,17.6540,-79.12,-79.12
14300,180,-2.1413,17.7216,-79.12,-79.12
14300,180,-2.1413,17.7216,-79.12,-79.12
14306,180,0.5996,17.7216,-79.12,-79.12
14306,180,0.5996,17.7216,-79.12,-79.12
14312,180,0.5996,17.4419,-79.12,-79.12
14312,180,0.5996,17.4419,-79.12,-79.12
14317,180,-5.9101,17.4419,-79.12,-77.68
14317,180,-5.9101,17.4419,-79.12,-79.12
14324,180,-5.9101,18.1728,-79.12,-79.12
14324,180,-5.9101,18.1728,-79.12,-79.12
14328,180,3.2548,18.1728,-79.12,-79.12
14328,180,3.2548,18.1728,-79.12,-79.12
14336,180,3.2548,17.8976,-79.12,-79.12
14336,180,3.2548,17.8976,-79.12,-79.12
14339,180,-3.4261,17.8976,-79.12,-79.12
14339,180,-3.4261,17.8976,-79.12,-79.12
14347,180,-3.4261,18.7007,-79.12,-79.12
14348,180,-3.4261,18.7007,-79.12,-79.12
14350,180,2.7409,18.7007,-79.12,-79.12
14350,180,2.7409,18.7007,-79.12,-79.12
14359,180,2.7409,18.4209,-79.12,-79.12
14359,180,2.7409,18.4209,-79.12,-79.12
14361,180,-8.1370,18.4209,-79.12,-79.12
14361,180,-8.1370,18.4209,-79.12,-79.12
14371,180,-8.1370,17.6088,-79.12,-79.12
14371,180,-8.1370,17.6088,-79.12,-79.12
14372,180,0.0000,17.6088,-79.12,-79.12
14372,180,0.0000,17.6088,-79.12,-79.12
14383,180,-1.1991,17.6088,-79.12,-79.12
14383,180,-1.1991,17.6088,-79.12,-79.12
14383,180,-1.1991,17.6585,-79.12,-79.12
14383,180,-1.1991,17.6585,-79.12,-79.12
14394,180,-5.6531,17.6585,-79.12,-79.12
14394,180,-5.6531,17.6585,-79.12,-79.12
14395,180,-5.6531,17.0223,-79.12,-79.12
14395,180,-5.6531,17.0223,-79.12,-79.12
14404,180,-1.6274,17.0223,-79.12,-79.12
14405,180,-1.6274,17.0223,-79.12,-79.12
14407,180,-1.6274,17.5412,-79.12,-79.12
14407,180,-1.6274,17.5412,-77.68,-79.12
14415,180,5.8244,17.5412,-79.12,-79.12
14416,180,5.8244,17.5412,-79.12,-79.12
14418,180,5.8244,17.8299,-79.12,-79.12
14418,180,5.8244,17.8299,-79.12,-79.12
14426,180,6.1670,17.8299,-79.12,-79.12
14427,180,6.1670,17.8299,-79.12,-79.12
14430,180,6.1670,17.6585,-79.12,-79.12
14430,180,6.1670,17.6585,-79.12,-79.12
14437,180,-1.0278,17.6585,-79.12,-79.12
14437,180,-1.0278,17.6585,-79.12,-79.12
14442,180,-1.0278,17.6765,-79.12,-79.12
14442,180,-1.0278,17.6765,-79.12,-79.12
14448,180,-1.4561,17.6765,-79.12,-79.12
14448,180,-1.4561,17.6765,-79.12,-79.12
14454,180,-1.4561,16.7877,-79.12,-79.12
14454,180,-1.4561,16.7877,-79.12,-79.12
14459,180,-5.2248,16.7877,-79.12,-79.12
14459,180,-5.2248,16.7877,-79.12,-79.12
14466,180,-5.2248,17.5367,-79.12,-79.12
14466,180,-5.2248,17.5367,-79.12,-79.12
14470,180,5.8244,17.5367,-79.12,-79.12
14470,180,5.8244,17.5367,-79.12,-79.12
14478,180,5.8244,17.1622,-79.12,-79.12
14478,180,5.8244,17.1622,-79.12,-79.12
14481,180,8.3084,17.1622,-79.12,-79.12
14481,180,8.3084,17.1622,-79.12,-79.12
14489,180,8.3084,17.5367,-79.12,-79.12
14489,180,8.3084,17.5367,-79.12,-79.12
14492,180,-0.0857,17.5367,-79.12,-79.12
14492,180,-0.0857,17.5367,-77.68,-77.68
14501,180,-0.0857,18.2495,-79.12,-79.12
14501,180,-0.0857,18.2495,-79.12,-79.12
14503,180,-0.6852,18.2495,-79.12,-79.12
14503,180,-0.6852,18.2495,-79.12,-79.12
14513,180,-0.6852,17.9156,-79.12,-79.12
14513,180,-0.6852,17.9156,-79.12,-79.12
14514,180,-2.2270,17.9156,-79.12,-79.12
14514,180,-2.2270,17.9156,-79.12,-79.12
14525,180,-2.2270,18.2766,-79.12,-79.12
14525,180,-2.2270,18.2766,-79.12,-79.12
14525,180,-3.1692,18.2766,-79.12,-79.12
14525,180,-3.1692,18.2766,-79.12,-79.12
14536,180,-1.7131,18.2766,-79.12,-79.12
14536,180,-1.7131,18.2766,-79.12,-79.12
14537,180,-1.7131,17.6359,-77.68,-79.12
14537,180,-1.7131,17.6359,-79.12,-79.12
14547,180,3.4261,17.6359,-79.12,-79.12
14547,180,3.4261,17.6359,-79.12,-79.12
14549,180,3.4261,17.8841,-79.12,-79.12
14549,180,3.4261,17.8841,-79.12,-79.12
14558,180,1.3704,17.8841,-79.12,-79.12
14558,180,1.3704,17.8841,-79.12,-79.12
14560,180,1.3704,18.2946,-79.12,-79.12
14560,180,1.3704,18.2946,-79.12,-79.12
14569,180,0.6852,18.2946,-79.12,-79.12
14569,180,0.6852,18.2946,-79.12,-79.12
14572,180,0.6852,17.5818,-79.12,-79.12
14572,180,0.6852,17.5818,-77.68,-79.12
14580,180,-3.1692,17.5818,-79.12,-79.12
14580,180,-3.1692,17.5818,-79.12,-79.12
14584,180,-3.1692,17.8705,-79.12,-79.12
14584,180,-3.1692,17.8705,-79.12,-79.12
14591,180,1.1991,17.8705,-79.12,-79.12
14591,180,1.1991,17.8705,-79.12,-79.12
14596,180,1.1991,17.2208,-79.12,-79.12
14596,180,1.1991,17.2208,-79.12,-79.12
14602,180,-1.1135,17.2208,-79.12,-79.12
14602,180,-1.1135,17.2208,-79.12,-79.12
14608,180,-1.1135,17.7216,-79.12,-79.12
14608,180,-1.1135,17.7216,-79.12,-79.12
14613,180,3.0835,17.7216,-79.12,-79.12
14613,180,3.0835,17.7216,-79.12,-79.12
14620,180,3.0835,17.9517,-79.12,-79.12
14620,180,3.0835,17.9517,-79.12,-79.12
14624,180,1.3704,17.9517,-79.12,-79.12
14624,180,1.3704,17.9517,-79.12,-79.12
14631,180,1.3704,17.7081,-79.12,-79.12
14631,180,1.3704,17.7081,-79.12,-79.12
14635,180,-2.0557,17.7081,-79.12,-79.12
14635,180,-2.0557,17.7081,-79.12,-79.12
14643,180,-2.0557,17.7261,-79.12,-79.12
14643,180,-2.0557,17.7261,-79.12,-79.12
14646,180,-10.1927,17.7261,-79.12,-79.12
14646,180,-10.1927,17.7261,-79.12,-79.12
14655,180,-10.1927,16.6524,-79.12,-79.12
14655,180,-10.1927,16.6524,-79.12,-79.12
14657,180,-15.1606,16.6524,-79.12,-79.12
14657,180,-15.1606,16.6524,-79.12,-79.12
14667,180,-15.1606,17.2705,-79.12,-79.12
14667,180,-15.1606,17.2705,-79.12,-79.12
14668,180,-3.9400,17.2705,-79.12,-79.12
14668,180,-3.9400,17.2705,-79.12,-79.12
14679,180,-3.9400,17.5998,-79.12,-79.12
14679,180,-3.0835,17.5998,-79.12,-79.12
14679,180,-3.0835,17.5998,-79.12,-79.12
14690,180,6.0814,17.5998,-79.12,-77.68
14690,180,6.0814,17.5998,-79.12,-79.12
14691,180,6.0814,16.9456,-79.12,-79.12
14691,180,6.0814,16.9456,-79.12,-79.12
14701,180,-8.3940,16.9456,-79.12,-79.12
14701,180,-8.3940,16.9456,-79.12,-79.12
14702,180,-8.3940,17.1577,-79.12,-79.12
14702,180,-8.3940,17.1577,-79.12,-79.12
14712,180,-14.2184,17.1577,-79.12,-79.12
14712,180,-14.2184,17.1577,-79.12,-79.12
14714,180,-14.2184,16.8960,-79.12,-77.68
14714,180,-14.2184,16.8960,-79.12,-79.12
14723,180,-8.3940,16.8960,-79.12,-79.12
14723,180,-8.3940,16.8960,-79.12,-79.12
14726,180,-8.3940,17.4464,-79.12,-79.12
14726,180,-8.3940,17.4464,-79.12,-79.12
14734,180,-1.9700,17.4464,-79.12,-79.12
14734,180,-1.9700,17.4464,-79.12,-79.12
14738,180,-1.9700,17.0314,-79.12,-79.12
14738,180,-1.9700,17.0314,-79.12,-79.12
14745,180,-1.2848,17.0314,-79.12,-79.12
14745,180,-1.2848,17.0314,-79.12,-77.68
14750,180,-1.2848,17.0088,-79.12,-79.12
14750,180,-1.2848,17.0088,-79.12,-79.12
14756,180,-2.0557,17.0088,-79.12,-79.12
14756,180,-2.0557,17.0088,-79.12,-79.12
14762,180,-2.0557,17.6134,-79.12,-79.12
14762,180,-2.0557,17.6134,-79.12,-79.12
14766,180,1.1135,17.6134,-79.12,-79.12
14767,180,1.1135,17.6134,-79.12,-79.12
14773,180,1.1135,17.1487,-79.12,-79.12
14773,180,1.1135,17.1487,-79.12,-79.12
14777,180,-8.9936,17.1487,-79.12,-79.12
14778,180,-8.9936,17.1487,-79.12,-79.12
14785,180,-8.9936,17.7171,-79.12,-79.12
14785,180,-8.9936,17.7171,-79.12,-79.12
14788,180,-1.0278,17.7171,-79.12,-77.68
14789,180,-1.0278,17.7171,-79.12,-79.12
14797,180,-1.0278,17.2434,-79.12,-79.12
14797,180,-1.0278,17.2434,-79.12,-79.12
14799,180,-3.5118,17.2434,-79.12,-79.12
14799,180,-3.5118,17.2434,-79.12,-79.12
14809,180,-3.5118,17.3788,-79.12,-79.12
14809,180,-3.5118,17.3788,-79.12,-79.12
14810,180,-1.9700,17.3788,-79.12,-79.12
14810,180,-1.9700,17.3788,-79.12,-79.12
14821,180,-1.9700,17.6991,-79.12,-79.12
14821,180,-1.9700,17.6991,-79.12,-79.12
14821,180,-5.2248,17.6991,-79.12,-79.12
14821,180,-5.2248,17.6991,-79.12,-79.12
14832,180,-1.0278,17.6991,-79.12,-79.12
14832,180,-1.0278,17.6991,-79.12,-79.12
14833,180,-1.0278,17.0900,-79.12,-79.12
14833,180,-1.0278,17.0900,-79.12,-79.12
14843,180,-5.4818,17.0900,-79.12,-79.12
14843,180,-5.4818,17.0900,-79.12,-79.12
14844,180,-5.4818,17.5096,-79.12,-79.12
14844,180,-5.4818,17.5096,-79.12,-79.12
14854,180,-4.7966,17.5096,-79.12,-79.12
14854,180,-4.7966,17.5096,-79.12,-79.12
14856,180,-4.7966,16.8554,-79.12,-79.12
14856,180,-4.7966,16.8554,-79.12,-79.12
14865,180,2.8266,16.8554,-79.12,-79.12
14865,180,2.8266,16.8554,-79.12,-79.12
14868,180,2.8266,17.1712,-79.12,-79.12
14868,180,2.8266,17.1712,-79.12,-79.12
14876,180,-7.5375,17.1712,-79.12,-79.12
14876,180,-7.5375,17.1712,-79.12,-79.12
14880,180,-7.5375,17.5367,-79.12,-79.12
14880,180,-7.5375,17.5367,-79.12,-79.12
14887,180,-6.1670,17.5367,-79.12,-79.12
14887,180,-6.1670,17.5367,-79.12,-79.12
14892,180,-6.1670,17.1126,-79.12,-79.12
14892,180,-6.1670,17.1126,-79.12,-79.12
14898,180,-5.9957,17.1126,-79.12,-79.12
14898,180,-5.9957,17.1126,-79.12,-79.12
14903,180,-5.9957,17.1802,-79.12,-79.12
14904,180,-5.9957,17.1802,-79.12,-79.12
14909,180,-4.9679,17.1802,-79.12,-79.12
14909,180,-4.9679,17.1802,-79.12,-79.12
14915,180,-4.9679,16.4990,-79.12,-79.12
14915,180,-4.9679,16.4990,-79.12,-79.12
14920,180,-7.9657,16.4990,-79.12,-79.12
14920,180,-7.9657,16.4990,-79.12,-79.12
14927,180,-7.9657,16.6343,-79.12,-79.12
14927,180,-7.9657,16.6343,-79.12,-79.12
14931,180,4.2827,16.6343,-79.12,-79.12
14931,180,4.2827,16.6343,-79.12,-79.12
14939,180,4.2827,16.4494,-79.12,-79.12
14939,180,4.2827,16.4494,-79.12,-79.12
14942,180,4.7109,16.4494,-79.12,-79.12
14942,180,4.7109,16.4494,-79.12,-79.12
14951,180,4.7109,16.3907,-79.12,-79.12
14951,180,4.7109,16.3907,-79.12,-79.12
14953,180,-3.5118,16.3907,-79.12,-79.12
14953,180,-3.5118,16.3907,-79.12,-79.12
14963,180,-3.5118,17.1216,-79.12,-79.12
14963,180,-3.5118,17.1216,-79.12,-79.12
14964,180,-2.8266,17.1216,-79.12,-79.12
14964,180,-2.8266,17.1216,-79.12,-79.12
14974,180,-2.8266,16.3501,-79.12,-79.12
14975,180,-2.8266,16.3501,-79.12,-79.12
14975,180,1.1991,16.3501,-79.12,-79.12
14975,180,1.1991,16.3501,-79.12,-79.12
14986,180,7.6231,16.3501,-79.12,-79.12
14986,180,7.6231,16.3501,-79.12,-79.12
14986,180,7.6231,17.1261,-79.12,-79.12
14986,180,7.6231,17.1261,-79.12,-77.68
14997,180,-5.0535,17.1261,-79.12,-79.12
14997,180,-5.0535,17.1261,-79.12,-79.12
14998,180,-5.0535,16.8780,-79.12,-79.12
14998,180,-5.0535,16.8780,-79.12,-79.12
15008,180,1.6274,16.8780,-79.12,-79.12
15008,180,1.6274,16.8780,-79.12,-79.12
15010,180,1.6274,16.6208,-79.12,-79.12
15010,180,1.6274,16.6208,-79.12,-79.12
15019,180,-4.3683,16.6208,-79.12,-79.12
15019,180,-4.3683,16.6208,-79.12,-79.12
15022,180,-4.3683,16.9862,-79.12,-79.12
15022,180,-4.3683,16.9862,-79.12,-79.12
15030,180,1.6274,16.9862,-79.12,-79.12
15030,180,1.6274,16.9862,-79.12,-79.12
15034,180,1.6274,16.4178,-77.68,-79.12
15034,180,1.6274,16.4178,-79.12,-79.12
15041,180,3.2548,16.4178,-79.12,-79.12
15041,180,3.2548,16.4178,-79.12,-79.12
15045,180,3.2548,17.1396,-79.12,-79.12
15046,180,3.2548,17.1396,-79.12,-79.12
15052,180,3.6831,17.1396,-79.12,-79.12
15052,180,3.6831,17.1396,-79.12,-79.12
15057,180,3.6831,16.7832,-79.12,-77.68
15057,180,3.6831,16.7832,-79.12,-79.12
15063,180,-1.7987,16.7832,-79.12,-79.12
15063,180,-1.7987,16.7832,-79.12,-79.12
15069,180,-1.7987,16.8193,-79.12,-79.12
15069,180,-1.7987,16.8193,-79.12,-79.12
15074,180,2.1413,16.8193,-79.12,-79.12
15074,180,2.1413,16.8193,-79.12,-79.12
15081,180,2.1413,17.4194,-79.12,-79.12
15081,180,2.1413,17.4194,-79.12,-79.12
15085,180,-0.3426,17.4194,-79.12,-79.12
15085,180,-0.3426,17.4194,-79.12,-79.12
15093,180,-0.3426,16.9005,-79.12,-79.12
15093,180,-0.3426,16.9005,-79.12,-79.12
15096,180,-3.8544,16.9005,-79.12,-79.12
15096,180,-3.8544,16.9005,-79.12,-79.12
15105,180,-3.8544,17.6088,-79.12,-79.12
15105,180,-3.8544,17.6088,-79.12,-79.12
15107,180,0.5139,17.6088,-79.12,-79.12
15107,180,0.5139,17.6088,-79.12,-79.12
15116,180,0.5139,16.7561,-79.12,-79.12
15117,180,0.5139,16.7561,-79.12,-79.12
15118,180,-5.4818,16.7561,-79.12,-79.12
15118,180,-5.4818,16.7561,-79.12,-79.12
15128,180,-5.4818,16.5035,-79.12,-79.12
15128,180,-5.4818,16.5035,-79.12,-79.12
15128,180,3.2548,16.5035,-79.12,-79.12
15129,180,3.2548,16.5035,-79.12,-77.68
15139,180,-3.7687,16.5035,-79.12,-79.12
15140,180,-3.7687,16.5035,-79.12,-79.12
15140,180,-3.7687,16.8148,-79.12,-79.12
15140,180,-3.7687,16.8148,-79.12,-79.12
15150,180,-4.5396,16.8148,-79.12,-79.12
15151,180,-4.5396,16.8148,-79.12,-79.12
15152,180,-4.5396,16.5080,-79.12,-79.12
15152,180,-4.5396,16.5080,-79.12,-79.12
15161,180,-2.9122,16.5080,-77.68,-79.12
15161,180,-2.9122,16.5080,-79.12,-79.12
15164,180,-2.9122,17.2118,-79.12,-79.12
15164,180,-2.9122,17.2118,-79.12,-79.12
15172,180,0.0857,17.2118,-79.12,-79.12
15172,180,0.0857,17.2118,-79.12,-79.12
15176,180,0.0857,16.5982,-79.12,-79.12
15176,180,0.0857,16.5982,-79.12,-79.12
15183,180,1.1991,16.5982,-79.12,-79.12
15183,180,1.1991,16.5982,-79.12,-79.12
15187,180,1.1991,17.1532,-79.12,-79.12
15187,180,1.1991,17.1532,-79.12,-79.12
15194,180,3.0835,17.1532,-79.12,-79.12
15194,180,3.0835,17.1532,-79.12,-79.12
15199,180,3.0835,17.1171,-79.12,-77.68
15199,180,3.0835,17.1171,-79.12,-79.12
15205,180,1.6274,17.1171,-79.12,-77.68
15205,180,1.6274,17.1171,-79.12,-79.12
15211,180,1.6274,16.5125,-79.12,-79.12
15211,180,1.6274,16.5125,-79.12,-79.12
15216,180,-2.8266,16.5125,-79.12,-79.12
15216,180,-2.8266,16.5125,-79.12,-79.12
15223,180,-2.8266,16.8915,-79.12,-79.12
15223,180,-2.8266,16.8915,-79.12,-79.12
15227,180,1.7987,16.8915,-79.12,-79.12
15227,180,1.7987,16.8915,-79.12,-79.12
15235,180,1.7987,16.2689,-79.12,-79.12
15235,180,1.7987,16.2689,-79.12,-79.12
15238,180,-1.9700,16.2689,-79.12,-79.12
15238,180,-1.9700,16.2689,-79.12,-79.12
15247,180,-1.9700,16.4539,-79.12,-79.12
15247,180,-1.9700,16.4539,-79.12,-79.12
15249,180,-5.0535,16.4539,-79.12,-79.12
15249,180,-5.0535,16.4539,-79.12,-79.12
15258,180,-5.0535,15.9441,-79.12,-79.12
15258,180,-5.0535,15.9441,-79.12,-79.12
15260,180,-7.1092,15.9441,-79.12,-79.12
15260,180,-7.1092,15.9441,-79.12,-79.12
15270,180,-7.1092,15.7501,-79.12,-79.12
15270,180,-7.1092,15.7501,-79.12,-79.12
15271,180,5.9957,15.7501,-79.12,-79.12
15271,180,5.9957,15.7501,-79.12,-79.12
15282,180,5.2248,16.7201,-79.12,-77.68
15282,180,5.2248,16.7201,-79.12,-79.12
15293,180,-2.9122,16.7201,-79.12,-79.12
15293,180,-2.9122,16.7201,-79.12,-79.12
15294,180,-2.9122,15.6779,-79.12,-79.12
15294,180,-2.9122,15.6779,-79.12,-79.12
15304,180,-4.3683,15.6779,-79.12,-79.12
15304,180,-4.3683,15.6779,-79.12,-79.12
15306,180,-4.3683,16.2193,-79.12,-79.12
15306,180,-4.3683,16.2193,-79.12,-79.12
15315,180,-4.0257,16.2193,-79.12,-79.12
15315,180,-4.0257,16.2193,-79.12,-79.12
15318,180,-4.0257,16.0072,-79.12,-79.12
15318,180,-4.0257,16.0072,-79.12,-79.12
15326,180,-1.0278,16.0072,-79.12,-79.12
15326,180,-1.0278,16.0072,-79.12,-79.12
15329,180,-1.0278,16.0568,-79.12,-79.12
15329,180,-1.0278,16.0568,-79.12,-79.12
15337,180,-4.1113,16.0568,-79.12,-77.68
15337,180,-4.1113,16.0568,-79.12,-77.68
15341,180,-4.1113,16.6298,-79.12,-79.12
15341,180,-4.1113,16.6298,-79.12,-79.12
15348,180,1.1991,16.6298,-79.12,-77.68
15348,180,1.1991,16.6298,-79.12,-79.12
15353,180,1.1991,16.0208,-79.12,-79.12
15353,180,1.1991,16.0208,-79.12,-79.12
15359,180,-4.6253,16.0208,-79.12,-79.12
15359,180,-4.6253,16.0208,-79.12,-79.12
15365,180,-4.6253,16.2644,-79.12,-79.12
15365,180,-4.6253,16.2644,-79.12,-79.12
15370,180,7.4518,16.2644,-79.12,-79.12
15370,180,7.4518,16.2644,-79.12,-79.12
15377,180,7.4518,15.5696,-79.12,-79.12
15377,180,7.4518,15.5696,-77.68,-79.12
15381,180,1.8844,15.5696,-79.12,-79.12
15381,180,1.8844,15.5696,-79.12,-79.12
15389,180,1.8844,16.0208,-79.12,-79.12
15389,180,1.8844,16.0208,-79.12,-79.12
15392,180,5.4818,16.0208,-79.12,-79.12
15392,180,5.4818,16.0208,-79.12,-79.12
15400,180,5.4818,16.4268,-79.12,-79.12
15400,180,5.4818,16.4268,-79.12,-79.12
15403,180,8.6510,16.4268,-79.12,-79.12
15403,180,8.6510,16.4268,-79.12,-79.12
15412,180,8.6510,16.0208,-79.12,-79.12
15412,180,8.6510,16.0208,-79.12,-79.12
15414,180,6.7666,16.0208,-79.12,-79.12
15414,180,6.7666,16.0208,-79.12,-79.12
15424,180,6.7666,16.9186,-79.12,-79.12
15424,180,6.7666,16.9186,-79.12,-79.12
15425,180,-3.5118,16.9186,-79.12,-79.12
15425,180,-3.5118,16.9186,-79.12,-79.12
15436,180,-10.4497,16.9186,-79.12,-79.12
15436,180,-10.4497,16.9186,-79.12,-79.12
15436,180,-10.4497,16.3636,-79.12,-79.12
15436,180,-10.4497,16.3636,-79.12,-79.12
15447,180,0.5139,16.3636,-79.12,-79.12
15447,180,0.5139,16.3636,-79.12,-79.12
15448,180,0.5139,16.1155,-79.12,-79.12
15448,180,0.5139,16.1155,-79.12,-79.12
15458,180,2.4839,16.1155,-79.12,-79.12
15458,180,2.4839,16.1155,-79.12,-79.12
15460,180,2.4839,15.7861,-79.12,-79.12
15460,180,2.4839,15.7861,-79.12,-79.12
15469,180,8.3940,15.7861,-79.12,-77.68
15469,180,8.3940,15.7861,-79.12,-79.12
15471,180,8.3940,15.5380,-79.12,-79.12
15471,180,8.3940,15.5380,-79.12,-79.12
15480,180,0.1713,15.5380,-79.12,-79.12
15480,180,0.1713,15.5380,-79.12,-79.12
15483,180,0.1713,16.1155,-79.12,-79.12
15483,180,0.1713,16.1155,-79.12,-79.12
15491,180,2.9979,16.1155,-79.12,-79.12
15491,180,2.9979,16.1155,-79.12,-79.12
15495,180,2.9979,15.7501,-79.12,-79.12
15495,180,2.9979,15.7501,-79.12,-79.12
15501,180,3.2548,15.7501,-79.12,-79.12
15502,180,3.2548,15.7501,-79.12,-79.12
15507,180,3.2548,15.9756,-79.12,-79.12
15507,180,3.2548,15.9756,-79.12,-79.12
15512,180,4.5396,15.9756,-79.12,-79.12
15513,180,4.5396,15.9756,-79.12,-79.12
15519,180,4.5396,15.8087,-79.12,-79.12
15519,180,4.5396,15.8087,-79.12,-79.12
15523,180,4.4540,15.8087,-79.12,-79.12
15524,180,4.4540,15.8087,-79.12,-79.12
15531,180,4.4540,15.6282,-77.68,-79.12
15531,180,4.4540,15.6282,-79.12,-79.12
15534,180,6.3383,15.6282,-79.12,-79.12
15534,180,6.3383,15.6282,-79.12,-79.12
15542,180,6.3383,16.2418,-79.12,-79.12
15543,180,6.3383,16.2418,-79.12,-79.12
15545,180,9.9358,16.2418,-79.12,-79.12
15545,180,9.9358,16.2418,-79.12,-79.12
15554,180,9.9358,15.0914,-79.12,-79.12
15554,180,9.9358,15.0914,-79.12,-79.12
15556,180,6.2527,15.0914,-79.12,-79.12
15556,180,6.2527,15.0914,-79.12,-79.12
15566,180,6.2527,15.6824,-79.12,-79.12
15566,180,6.2527,15.6824,-79.12,-79.12
15567,180,-0.0857,15.6824,-79.12,-79.12
15567,180,-0.0857,15.6824,-79.12,-79.12
15578,180,-0.0857,15.6508,-79.12,-79.12
15578,180,-0.0857,15.6508,-79.12,-79.12
15578,180,-0.8565,15.6508,-79.12,-79.12
15578,180,-0.8565,15.6508,-79.12,-79.12
15589,180,-2.8266,15.6508,-79.12,-79.12
15589,180,-2.8266,15.6508,-79.12,-79.12
15590,180,-2.8266,15.6869,-79.12,-79.12
15590,180,-2.8266,15.6869,-79.12,-79.12
15600,180,-11.7345,15.6869,-79.12,-79.12
15600,180,-11.7345,15.6869,-79.12,-79.12
15602,180,-11.7345,15.8403,-79.12,-77.68
15602,180,-11.7345,15.8403,-79.12,-79.12
15611,180,1.1991,15.8403,-79.12,-79.12
15611,180,1.1991,15.8403,-79.12,-79.12
15613,180,1.1991,15.5019,-79.12,-79.12
15614,180,1.1991,15.5019,-79.12,-79.12
15622,180,0.8565,15.5019,-79.12,-79.12
15622,180,0.8565,15.5019,-79.12,-79.12
15625,180,0.8565,15.9666,-79.12,-79.12
15625,180,0.8565,15.9666,-79.12,-79.12
15633,180,4.6253,15.9666,-79.12,-79.12
15633,180,4.6253,15.9666,-79.12,-79.12
15637,180,4.6253,15.3846,-79.12,-79.12
15637,180,4.6253,15.3846,-79.12,-79.12
15644,180,10.4497,15.3846,-77.68,-79.12
15644,180,10.4497,15.3846,-79.12,-79.12
15649,180,10.4497,15.4207,-79.12,-79.12
15649,180,10.4497,15.4207,-77.68,-79.12
15655,180,4.4540,15.4207,-79.12,-79.12
15655,180,4.4540,15.4207,-79.12,-79.12
15661,180,4.4540,15.4703,-79.12,-79.12
15661,180,4.4540,15.4703,-79.12,-79.12
15666,180,2.2270,15.4703,-79.12,-79.12
15666,180,2.2270,15.4703,-79.12,-79.12
15673,180,2.2270,15.0192,-79.12,-79.12
15673,180,2.2270,15.0192,-79.12,-79.12
15677,180,-3.4261,15.0192,-79.12,-79.12
15677,180,-3.4261,15.0192,-79.12,-79.12
15684,180,-3.4261,15.8764,-79.12,-79.12
15685,180,-3.4261,15.8764,-79.12,-79.12
15688,180,2.8266,15.8764,-79.12,-79.12
15688,180,2.8266,15.8764,-79.12,-79.12
15696,180,2.8266,14.7395,-79.12,-79.12
15696,180,2.8266,14.7395,-79.12,-79.12
15699,180,0.6852,14.7395,-79.12,-79.12
15699,180,0.6852,14.7395,-79.12,-79.12
15708,180,0.6852,14.7981,-79.12,-79.12
15708,180,0.6852,14.7981,-79.12,-79.12
15710,180,3.5118,14.7981,-79.12,-79.12
15710,180,3.5118,14.7981,-79.12,-79.12
15720,180,3.5118,14.9109,-79.12,-79.12
15720,180,3.5118,14.9109,-79.12,-79.12
15721,180,-0.7709,14.9109,-79.12,-79.12
15721,180,-0.7709,14.9109,-79.12,-79.12
15732,180,-0.7709,14.6402,-79.12,-79.12
15732,180,-0.7709,14.6402,-79.12,-79.12
15732,180,0.5139,14.6402,-79.12,-79.12
15732,180,0.5139,14.6402,-79.12,-79.12
15743,180,-2.8266,14.6402,-79.12,-79.12
15743,180,-2.8266,14.6402,-79.12,-79.12
15744,180,-2.8266,15.3530,-79.12,-79.12
15744,180,-2.8266,15.3530,-79.12,-79.12
15754,180,-1.5418,15.3530,-79.12,-79.12
15754,180,-1.5418,15.3530,-79.12,-79.12
15755,180,-1.5418,14.5049,-79.12,-79.12
15756,180,-1.5418,14.5049,-79.12,-79.12
15765,180,2.9122,14.5049,-79.12,-79.12
15765,180,2.9122,14.5049,-79.12,-79.12
15767,180,2.9122,14.7575,-79.12,-79.12
15767,180,2.9122,14.7575,-79.12,-79.12
15776,180,2.7409,14.7575,-79.12,-79.12
15776,180,2.7409,14.7575,-79.12,-79.12
15779,180,2.7409,14.6492,-79.12,-79.12
15779,180,2.7409,14.6492,-79.12,-79.12
15787,180,3.7687,14.6492,-79.12,-79.12
15787,180,3.7687,14.6492,-79.12,-79.12
15791,180,3.7687,14.7124,-79.12,-79.12
15791,180,3.7687,14.7124,-79.12,-79.12
15798,180,-2.7409,14.7124,-79.12,-79.12
15798,180,-2.7409,14.7124,-79.12,-79.12
15803,180,-2.7409,15.2402,-79.12,-79.12
15803,180,-2.7409,15.2402,-79.12,-79.12
15809,180,5.2248,15.2402,-79.12,-79.12
15809,180,5.2248,15.2402,-79.12,-79.12
15815,180,5.2248,14.5094,-79.12,-79.12
15815,180,5.2248,14.5094,-79.12,-79.12
15820,180,6.8522,14.5094,-79.12,-79.12
15820,180,6.8522,14.5094,-79.12,-79.12
15826,180,6.8522,15.0868,-79.12,-79.12
15827,180,6.8522,15.0868,-79.12,-79.12
15831,180,10.7066,15.0868,-79.12,-79.12
15831,180,10.7066,15.0868,-79.12,-79.12
15838,180,10.7066,15.1049,-79.12,-79.12
15838,180,10.7066,15.1049,-79.12,-79.12
15842,180,5.2248,15.1049,-79.12,-79.12
15842,180,5.2248,15.1049,-79.12,-79.12
15850,180,5.2248,15.3350,-79.12,-79.12
15850,180,5.2248,15.3350,-79.12,-79.12
15853,180,-0.1713,15.3350,-79.12,-79.12
15853,180,-0.1713,15.3350,-79.12,-79.12
15862,180,-0.1713,15.8583,-79.12,-79.12
15862,180,-0.1713,15.8583,-79.12,-79.12
15864,180,-2.0557,15.8583,-79.12,-79.12
15864,180,-2.0557,15.8583,-79.12,-79.12
15874,180,-2.0557,14.7259,-79.12,-79.12
15874,180,-2.0557,14.7259,-79.12,-79.12
15874,180,-1.1991,14.7259,-79.12,-79.12
15875,180,-1.1991,14.7259,-79.12,-79.12
15885,180,-0.3426,14.7259,-79.12,-79.12
15886,180,-0.3426,14.7259,-79.12,-79.12
15886,180,-0.3426,14.8071,-79.12,-79.12
15886,180,-0.3426,14.8071,-79.12,-79.12
15896,180,-5.3961,14.8071,-79.12,-79.12
15896,180,-5.3961,14.8071,-79.12,-79.12
15897,180,-5.3961,14.4913,-79.12,-79.12
15898,180,-5.3961,14.4913,-79.12,-79.12
15907,180,-1.3704,14.4913,-79.12,-79.12
15907,180,-1.3704,14.4913,-79.12,-79.12
15909,180,-1.3704,15.2718,-79.12,-79.12
15909,180,-1.3704,15.2718,-79.12,-79.12
15918,180,3.8544,15.2718,-79.12,-79.12
15918,180,3.8544,15.2718,-79.12,-79.12
15921,180,3.8544,15.7455,-79.12,-79.12
15921,180,3.8544,15.7455,-77.68,-79.12
15929,180,3.6831,15.7455,-79.12,-79.12
15929,180,3.6831,15.7455,-79.12,-79.12
15933,180,3.6831,14.9064,-79.12,-79.12
15933,180,3.6831,14.9064,-79.12,-79.12
15940,180,-5.0535,14.9064,-79.12,-79.12
15940,180,-5.0535,14.9064,-79.12,-79.12
15945,180,-5.0535,15.8628,-79.12,-79.12
15945,180,-5.0535,15.8628,-79.12,-79.12
15951,180,-5.1392,15.8628,-79.12,-79.12
15951,180,-5.1392,15.8628,-79.12,-79.12
15957,180,-5.1392,15.5200,-79.12,-79.12
15957,180,-5.1392,15.5200,-79.12,-79.12
15962,180,-2.3126,15.5200,-79.12,-79.12
15962,180,-2.3126,15.5200,-79.12,-79.12
15968,180,-2.3126,15.8944,-79.12,-79.12
15969,180,-2.3126,15.8944,-79.12,-79.12
15973,180,7.1949,15.8944,-79.12,-79.12
15973,180,7.1949,15.8944,-79.12,-79.12
15980,180,7.1949,15.9305,-79.12,-79.12
15980,180,7.1949,15.9305,-79.12,-79.12
15984,180,8.4797,15.9305,-79.12,-79.12
15984,180,8.4797,15.9305,-79.12,-79.12
15992,180,8.4797,15.3801,-79.12,-79.12
15992,180,8.4797,15.3801,-79.12,-79.12
15995,180,2.2270,15.3801,-79.12,-79.12
15995,180,2.2270,15.3801,-79.12,-79.12
16004,180,2.2270,15.5786,-79.12,-79.12
16004,180,2.2270,15.5786,-77.68,-79.12
16006,180,1.3704,15.5786,-79.12,-79.12
16006,180,1.3704,15.5786,-79.12,-79.12
16016,180,1.3704,15.1951,-79.12,-79.12
16016,180,1.3704,15.1951,-79.12,-79.12
16017,180,0.6852,15.1951,-79.12,-79.12
16017,180,0.6852,15.1951,-79.12,-79.12
16028,180,0.6852,16.0975,-79.12,-79.12
16028,180,0.6852,16.0975,-79.12,-79.12
16028,180,2.5696,16.0975,-79.12,-79.12
16028,180,2.5696,16.0975,-79.12,-79.12
16039,180,2.1413,16.0975,-79.12,-79.12
16039,180,2.1413,16.0975,-79.12,-79.12
16039,180,2.1413,16.0975,-79.12,-79.12
16040,180,2.1413,16.0975,-79.12,-79.12
16050,180,8.0514,16.0975,-79.12,-79.12
16050,180,8.0514,16.0975,-79.12,-79.12
16051,180,8.0514,15.6057,-79.12,-79.12
16051,180,8.0514,15.6057,-79.12,-79.12
16061,180,3.0835,15.6057,-79.12,-79.12
16061,180,3.0835,15.6057,-79.12,-79.12
16063,180,3.0835,16.3005,-79.12,-79.12
16063,180,3.0835,16.3005,-79.12,-79.12
16072,180,-0.8565,16.3005,-79.12,-79.12
16072,180,-0.8565,16.3005,-79.12,-79.12
16075,180,-0.8565,15.8448,-79.12,-79.12
16075,180,-0.8565,15.8448,-79.12,-79.12
16083,180,4.3683,15.8448,-79.12,-79.12
16083,180,4.3683,15.8448,-77.68,-79.12
16087,180,4.3683,16.3275,-79.12,-79.12
16087,180,4.3683,16.3275,-79.12,-79.12
16094,180,-0.5139,16.3275,-79.12,-79.12
16094,180,-0.5139,16.3275,-79.12,-79.12
16099,180,-0.5139,16.0117,-79.12,-77.68
16099,180,-0.5139,16.0117,-79.12,-79.12
16105,180,5.9957,16.0117,-79.12,-79.12
16105,180,5.9957,16.0117,-79.12,-79.12
16110,180,5.9957,15.9486,-79.12,-79.12
16111,180,5.9957,15.9486,-79.12,-79.12
16116,180,4.3683,15.9486,-79.12,-79.12
16116,180,4.3683,15.9486,-79.12,-79.12
16122,180,4.3683,16.4674,-79.12,-79.12
16122,180,4.3683,16.4674,-79.12,-79.12
16127,180,7.2805,16.4674,-79.12,-79.12
16127,180,7.2805,16.4674,-79.12,-79.12
16134,180,7.2805,15.6688,-79.12,-79.12
16134,180,7.2805,15.6688,-79.12,-79.12
16138,180,2.8266,15.6688,-79.12,-79.12
16138,180,2.8266,15.6688,-79.12,-79.12
16146,180,2.8266,16.4539,-79.12,-79.12
16146,180,2.8266,16.4539,-79.12,-79.12
16149,180,10.1071,16.4539,-79.12,-79.12
16149,180,10.1071,16.4539,-79.12,-79.12
16158,180,10.1071,15.7726,-79.12,-79.12
16158,180,10.1071,15.7726,-79.12,-79.12
16160,180,-4.0257,15.7726,-79.12,-79.12
16160,180,-4.0257,15.7726,-79.12,-79.12
16170,180,-4.0257,15.7455,-79.12,-79.12
16170,180,-4.0257,15.7455,-79.12,-79.12
16171,180,-3.4261,15.7455,-79.12,-79.12
16171,180,-3.4261,15.7455,-79.12,-79.12
16181,180,-3.4261,16.1787,-79.12,-79.12
16182,180,-3.4261,16.1787,-79.12,-79.12
16182,180,-2.5696,16.1787,-79.12,-79.12
16182,180,-2.5696,16.1787,-79.12,-79.12
16193,180,2.3983,16.1787,-79.12,-79.12
16193,180,2.3983,16.1787,-79.12,-79.12
16193,180,2.3983,15.9576,-79.12,-79.12
16193,180,2.3983,15.9576,-79.12,-77.68
16204,180,7.6231,15.9576,-77.68,-79.12
16204,180,7.6231,15.9576,-79.12,-79.12
16205,180,7.6231,16.8599,-79.12,-79.12
16205,180,7.6231,16.8599,-79.12,-79.12
16215,180,1.5418,16.8599,-79.12,-79.12
16215,180,1.5418,16.8599,-79.12,-79.12
16217,180,1.5418,15.9170,-79.12,-79.12
16217,180,1.5418,15.9170,-79.12,-79.12
16226,180,7.4518,15.9170,-79.12,-79.12
16226,180,7.4518,15.9170,-79.12,-77.68
16229,180,7.4518,15.8087,-79.12,-79.12
16229,180,7.4518,15.8087,-79.12,-79.12
16236,180,0.4283,15.8087,-79.12,-79.12
16237,180,0.4283,15.8087,-79.12,-79.12
16241,180,0.4283,16.2328,-79.12,-79.12
16241,180,0.4283,16.2328,-79.12,-79.12
16247,180,2.7409,16.2328,-79.12,-77.68
16248,180,2.7409,16.2328,-79.12,-79.12
16252,180,2.7409,15.9666,-79.12,-79.12
16253,180,2.7409,15.9666,-79.12,-79.12
16258,180,0.5139,15.9666,-79.12,-79.12
16259,180,0.5139,15.9666,-79.12,-79.12
16264,180,0.5139,16.5802,-79.12,-79.12
16264,180,0.5139,16.5802,-79.12,-79.12
16269,180,8.7366,16.5802,-79.12,-79.12
16269,180,8.7366,16.5802,-79.12,-79.12
16276,180,8.7366,15.7365,-79.12,-79.12
16276,180,8.7366,15.7365,-79.12,-79.12
16280,180,1.4561,15.7365,-79.12,-79.12
16280,180,1.4561,15.7365,-79.12,-79.12
16288,180,1.4561,15.8087,-79.12,-79.12
16288,180,1.4561,15.8087,-79.12,-79.12
16291,180,8.1370,15.8087,-79.12,-79.12
16291,180,8.1370,15.8087,-79.12,-79.12
16300,180,8.1370,15.6237,-79.12,-79.12
16300,180,8.1370,15.6237,-79.12,-79.12
16302,180,12.9336,15.6237,-79.12,-79.12
16302,180,12.9336,15.6237,-79.12,-79.12
16312,180,12.9336,15.9666,-79.12,-79.12
16312,180,12.9336,15.9666,-79.12,-79.12
16313,180,4.6253,15.9666,-79.12,-79.12
16313,180,4.6253,15.9666,-79.12,-79.12
16323,180,4.6253,16.6704,-79.12,-79.12
16324,180,4.6253,16.6704,-79.12,-79.12
16324,180,0.7709,16.6704,-79.12,-77.68
16324,180,0.7709,16.6704,-79.12,-79.12
16335,180,3.5974,16.6704,-79.12,-79.12
16335,180,3.5974,15.8403,-79.12,-79.12
16335,180,3.5974,15.8403,-79.12,-79.12
16346,180,8.6510,15.8403,-79.12,-79.12
16346,180,8.6510,15.8403,-79.12,-79.12
16347,180,8.6510,16.0794,-79.12,-79.12
16347,180,8.6510,16.0794,-79.12,-79.12
16357,180,1.7131,16.0794,-79.12,-79.12
16357,180,1.7131,16.0794,-79.12,-79.12
16359,180,1.7131,15.6779,-79.12,-79.12
16359,180,1.7131,15.6779,-79.12,-79.12
16368,180,2.7409,15.6779,-79.12,-79.12
16368,180,2.7409,15.6779,-79.12,-79.12
16371,180,2.7409,15.5967,-79.12,-79.12
16371,180,2.7409,15.5967,-79.12,-79.12
16379,180,1.7131,15.5967,-79.12,-79.12
16379,180,1.7131,15.5967,-79.12,-79.12
16383,180,1.7131,16.3230,-79.12,-79.12
16383,180,1.7131,16.3230,-77.68,-77.68
16390,180,1.7987,16.3230,-79.12,-79.12
16390,180,1.7987,16.3230,-79.12,-79.12
16394,180,1.7987,15.7320,-79.12,-79.12
16395,180,1.7987,15.7320,-79.12,-79.12
16401,180,1.1135,15.7320,-79.12,-79.12
16401,180,1.1135,15.7320,-79.12,-79.12
16406,180,1.1135,16.4268,-79.12,-79.12
16406,180,1.1135,16.4268,-79.12,-79.12
16412,180,5.3961,16.4268,-77.68,-79.12
16412,180,5.3961,16.4268,-79.12,-79.12
16418,180,5.3961,16.0839,-79.12,-79.12
16418,180,5.3961,16.0839,-79.12,-79.12
16423,180,2.7409,16.0839,-79.12,-79.12
16423,180,2.7409,16.0839,-79.12,-79.12
16430,180,2.7409,16.3997,-79.12,-79.12
16430,180,2.7409,16.3997,-79.12,-79.12
16434,180,0.5139,16.3997,-79.12,-79.12
16434,180,0.5139,16.3997,-79.12,-79.12
16442,180,0.5139,17.0043,-79.12,-79.12
16442,180,0.5139,17.0043,-79.12,-79.12
16445,180,0.4283,17.0043,-79.12,-77.68
16445,180,0.4283,17.0043,-79.12,-79.12
16454,180,0.4283,16.6298,-79.12,-79.12
16454,180,0.4283,16.6298,-79.12,-79.12
16456,180,-6.9379,16.6298,-79.12,-79.12
16456,180,-6.9379,16.6298,-79.12,-79.12
16465,180,-6.9379,16.8419,-79.12,-79.12
16466,180,-6.9379,16.8419,-79.12,-79.12
16467,180,-3.6831,16.8419,-79.12,-79.12
16467,180,-3.6831,16.8419,-79.12,-79.12
16477,180,-3.6831,16.5080,-79.12,-79.12
16477,180,-3.6831,16.5080,-79.12,-79.12
16478,180,-4.6253,16.5080,-79.12,-79.12
16478,180,-4.6253,16.5080,-79.12,-79.12
16489,180,7.1092,16.5080,-79.12,-79.12
16489,180,7.1092,16.5080,-79.12,-79.12
16489,180,7.1092,16.6975,-79.12,-77.68
16489,180,7.1092,16.6975,-79.12,-79.12
16500,180,0.4283,16.6975,-79.12,-77.68
16500,180,0.4283,16.6975,-79.12,-79.12
16501,180,0.4283,16.4855,-79.12,-77.68
16501,180,0.4283,16.4855,-79.12,-79.12
16511,180,-0.3426,16.4855,-77.68,-79.12
16511,180,-0.3426,16.4855,-79.12,-79.12
16513,180,-0.3426,16.0929,-79.12,-79.12
16513,180,-0.3426,16.0929,-79.12,-79.12
16522,180,-0.5996,16.0929,-79.12,-79.12
16522,180,-0.5996,16.0929,-79.12,-79.12
16525,180,-0.5996,16.9727,-79.12,-79.12
16525,180,-0.5996,16.9727,-79.12,-79.12
16533,180,-4.7966,16.9727,-79.12,-79.12
16533,180,-4.7966,16.9727,-79.12,-79.12
16536,180,-4.7966,16.1471,-79.12,-79.12
16537,180,-4.7966,16.1471,-79.12,-79.12
16544,180,-0.5996,16.1471,-79.12,-79.12
16544,180,-0.5996,16.1471,-79.12,-79.12
16548,180,-0.5996,16.3546,-79.12,-79.12
16548,180,-0.5996,16.3546,-79.12,-79.12
16555,180,0.4283,16.3546,-79.12,-79.12
16555,180,0.4283,16.3546,-79.12,-79.12
16560,180,0.4283,16.8960,-79.12,-79.12
16560,180,0.4283,16.8960,-79.12,-77.68
16566,180,2.3983,16.8960,-79.12,-77.68
16566,180,2.3983,16.8960,-79.12,-79.12
16572,180,2.3983,16.5170,-79.12,-79.12
16572,180,2.3983,16.5170,-79.12,-79.12
16577,180,-5.0535,16.5170,-79.12,-79.12
16577,180,-5.0535,16.5170,-79.12,-79.12
16584,180,-5.0535,16.7246,-79.12,-79.12
16584,180,-5.0535,16.7246,-79.12,-79.12
16588,180,-2.8266,16.7246,-79.12,-79.12
16588,180,-2.8266,16.7246,-79.12,-79.12
16596,180,-2.8266,16.1922,-79.12,-77.68
16596,180,-2.8266,16.1922,-79.12,-79.12
16599,180,-6.3383,16.1922,-79.12,-79.12
16599,180,-6.3383,16.1922,-79.12,-79.12
16607,180,-6.3383,16.8238,-79.12,-79.12
16607,180,-6.3383,16.8238,-79.12,-79.12
16609,180,0.6852,16.8238,-79.12,-79.12
16610,180,0.6852,16.8238,-79.12,-79.12
16619,180,0.6852,16.4764,-79.12,-79.12
16619,180,0.6852,16.4764,-79.12,-79.12
16620,180,-0.5139,16.4764,-79.12,-79.12
16621,180,-0.5139,16.4764,-79.12,-79.12
16631,180,-0.5139,16.3185,-79.12,-79.12
16631,180,-0.5139,16.3185,-79.12,-79.12
16631,180,3.6831,16.3185,-79.12,-79.12
16631,180,3.6831,16.3185,-79.12,-79.12
16642,180,-0.3426,16.3185,-79.12,-79.12
16642,180,-0.3426,16.3185,-79.12,-79.12
16643,180,-0.3426,17.2389,-79.12,-77.68
16643,180,-0.3426,17.2389,-79.12,-79.12
16653,180,0.3426,17.2389,-79.12,-79.12
16653,180,0.3426,17.2389,-79.12,-79.12
16655,180,0.3426,16.4448,-79.12,-79.12
16655,180,0.3426,16.4448,-79.12,-79.12
16664,180,-0.5996,16.4448,-79.12,-79.12
16664,180,-0.5996,16.4448,-79.12,-79.12
16667,180,-0.5996,16.3727,-79.12,-79.12
16667,180,-0.5996,16.3727,-79.12,-79.12
16675,180,-0.4283,16.3727,-79.12,-79.12
16675,180,-0.4283,16.3727,-79.12,-79.12
16678,180,-0.4283,15.7275,-79.12,-79.12
16678,180,-0.4283,15.7275,-79.12,-79.12
16686,180,4.7966,15.7275,-79.12,-79.12
16686,180,4.7966,15.7275,-79.12,-79.12
16690,180,4.7966,15.5200,-77.68,-79.12
16690,180,4.7966,15.5200,-79.12,-79.12
16697,180,4.7966,15.5200,-79.12,-79.12
16697,180,4.7966,15.5200,-79.12,-79.12
16702,180,4.7966,15.9576,-79.12,-79.12
16702,180,4.7966,15.9576,-79.12,-79.12
16708,180,10.7066,15.9576,-79.12,-79.12
16708,180,10.7066,15.9576,-79.12,-79.12
16714,180,10.7066,15.4162,-79.12,-79.12
16714,180,10.7066,15.4162,-79.12,-79.12
16719,180,2.7409,15.4162,-79.12,-79.12
16719,180,2.7409,15.4162,-79.12,-79.12
16726,180,2.7409,16.0162,-79.12,-79.12
16726,180,2.7409,16.0162,-79.12,-79.12
16730,180,0.6852,16.0162,-79.12,-79.12
16730,180,0.6852,16.0162,-79.12,-79.12
16738,180,0.6852,15.4794,-79.12,-79.12
16738,180,0.6852,15.4794,-79.12,-79.12
16741,180,-1.1135,15.4794,-79.12,-79.12
16741,180,-1.1135,15.4794,-79.12,-79.12
16749,180,-1.1135,15.6553,-79.12,-79.12
16749,180,-1.1135,15.6553,-79.12,-79.12
16752,180,-5.0535,15.6553,-79.12,-79.12
16752,180,-5.0535,15.6553,-79.12,-79.12
16761,180,-5.0535,16.0704,-79.12,-79.12
16761,180,-5.0535,16.0704,-79.12,-79.12
16763,180,-7.9657,16.0704,-79.12,-79.12
16763,180,-7.9657,16.0704,-79.12,-79.12
16773,180,-7.9657,16.0343,-79.12,-79.12
16773,180,-7.9657,16.0343,-79.12,-79.12
16774,180,-4.7109,16.0343,-79.12,-79.12
16774,180,-4.7109,16.0343,-79.12,-79.12
16785,180,-4.7109,16.4088,-79.12,-79.12
16785,180,-4.7109,16.4088,-79.12,-79.12
16785,180,2.1413,16.4088,-79.12,-79.12
16785,180,2.1413,16.4088,-79.12,-79.12
16796,180,1.5418,16.4088,-79.12,-79.12
16796,180,1.5418,16.4088,-79.12,-79.12
16797,180,1.5418,15.5470,-77.68,-79.12
16797,180,1.5418,15.5470,-79.12,-79.12
16807,180,5.8244,15.5470,-79.12,-79.12
16807,180,5.8244,15.5470,-79.12,-79.12
16809,180,5.8244,15.8899,-79.12,-79.12
16809,180,5.8244,15.8899,-79.12,-79.12
16818,180,1.6274,15.8899,-79.12,-79.12
16818,180,1.6274,15.8899,-79.12,-79.12
16820,180,1.6274,16.1335,-79.12,-79.12
16820,180,1.6274,16.1335,-79.12,-79.12
16829,180,1.9700,16.1335,-79.12,-79.12
16829,180,1.9700,16.1335,-79.12,-79.12
16832,180,1.9700,15.9395,-79.12,-79.12
16832,180,1.9700,15.9395,-79.12,-79.12
16840,180,2.3983,15.9395,-79.12,-79.12
16840,180,2.3983,15.9395,-79.12,-79.12
16844,180,2.3983,16.8689,-79.12,-79.12
16844,180,2.3983,16.8689,-79.12,-79.12
16851,180,8.4797,16.8689,-79.12,-79.12
16851,180,8.4797,16.8689,-79.12,-79.12
16856,180,8.4797,16.5306,-79.12,-79.12
16856,180,8.4797,16.5306,-79.12,-79.12
16862,180,-1.8844,16.5306,-79.12,-79.12
16862,180,-1.8844,16.5306,-79.12,-79.12
16868,180,-1.8844,16.8238,-79.12,-79.12
16868,180,-1.8844,16.8238,-79.12,-79.12
16873,180,-6.1670,16.8238,-79.12,-79.12
16873,180,-6.1670,16.8238,-79.12,-79.12
16880,180,-6.1670,16.6795,-79.12,-79.12
16880,180,-6.1670,16.6795,-79.12,-79.12
16884,180,-6.9379,16.6795,-79.12,-79.12
16884,180,-6.9379,16.6795,-79.12,-79.12
16891,180,-6.9379,15.8132,-79.12,-79.12
16891,180,-6.9379,15.8132,-79.12,-79.12
16895,180,-0.0857,15.8132,-79.12,-79.12
16895,180,-0.0857,15.8132,-79.12,-79.12
16903,180,-0.0857,16.3321,-79.12,-77.68
16903,180,-0.0857,16.3321,-79.12,-79.12
16906,180,12.6767,16.3321,-79.12,-79.12
16906,180,12.6767,16.3321,-79.12,-79.12
16915,180,12.6767,16.1922,-79.12,-79.12
16915,180,12.6767,16.1922,-79.12,-79.12
16917,180,3.1692,16.1922,-79.12,-79.12
16917,180,3.1692,16.1922,-79.12,-79.12
16927,180,3.1692,16.7877,-79.12,-79.12
16927,180,3.1692,16.7877,-79.12,-79.12
16928,180,6.2527,16.7877,-79.12,-79.12
16928,180,6.2527,16.7877,-79.12,-79.12
16939,180,2.0557,16.7877,-79.12,-79.12
16939,180,2.0557,16.5892,-79.12,-79.12
16939,180,2.0557,16.5892,-79.12,-79.12
16950,180,1.1991,16.5892,-79.12,-79.12
16950,180,1.1991,16.5892,-79.12,-79.12
16951,180,1.1991,16.7291,-79.12,-79.12
16951,180,1.1991,16.7291,-77.68,-79.12
16961,180,0.0000,16.7291,-79.12,-79.12
16961,180,0.0000,16.7291,-79.12,-77.68
16962,180,0.0000,17.0674,-79.12,-79.12
16962,180,0.0000,17.0674,-79.12,-79.12
16972,180,4.2827,17.0674,-79.12,-79.12
16972,180,4.2827,17.0674,-79.12,-79.12
16974,180,4.2827,16.7516,-79.12,-79.12
16974,180,4.2827,16.7516,-79.12,-79.12
16982,180,-0.8565,16.7516,-79.12,-79.12
16983,180,-0.8565,16.7516,-79.12,-79.12
16986,180,-0.8565,17.6224,-79.12,-79.12
16986,180,-0.8565,17.6224,-79.12,-79.12
16993,180,5.3961,17.6224,-79.12,-79.12
16994,180,5.3961,17.6224,-79.12,-79.12
16998,180,5.3961,17.2840,-79.12,-79.12
16998,180,5.3961,17.2840,-79.12,-79.12
17004,180,4.2827,17.2840,-79.12,-79.12
17004,180,4.2827,17.2840,-79.12,-79.12
17010,180,4.2827,17.4194,-79.12,-79.12
17010,180,4.2827,17.4194,-79.12,-79.12
17015,180,-6.2527,17.4194,-79.12,-79.12
17015,180,-6.2527,17.4194,-79.12,-79.12
17021,180,-6.2527,18.1818,-79.12,-79.12
17022,180,-6.2527,18.1818,-79.12,-79.12
17026,180,-4.2827,18.1818,-79.12,-79.12
17026,180,-4.2827,18.1818,-79.12,-79.12
17033,180,-4.2827,17.4464,-79.12,-79.12
17033,180,-4.2827,17.4464,-79.12,-79.12
17037,180,5.3961,17.4464,-79.12,-79.12
17037,180,5.3961,17.4464,-79.12,-79.12
17045,180,5.3961,18.0645,-79.12,-79.12
17045,180,5.3961,18.0645,-77.68,-79.12
17048,180,12.1627,18.0645,-77.68,-79.12
17048,180,12.1627,18.0645,-79.12,-79.12
17057,180,12.1627,17.6314,-79.12,-79.12
17057,180,12.1627,17.6314,-79.12,-79.12
17059,180,4.5396,17.6314,-79.12,-79.12
17059,180,4.5396,17.6314,-79.12,-79.12
17069,180,4.5396,17.8886,-79.12,-79.12
17069,180,4.5396,17.8886,-79.12,-79.12
17070,180,4.3683,17.8886,-79.12,-79.12
17070,180,4.3683,17.8886,-79.12,-79.12
17081,180,4.3683,18.0465,-79.12,-79.12
17081,180,4.3683,18.0465,-79.12,-79.12
17081,180,1.1991,18.0465,-79.12,-77.68
17081,180,1.1991,18.0465,-79.12,-79.12
17092,180,0.5139,18.0465,-79.12,-79.12
17092,180,0.5139,18.0465,-79.12,-79.12
17092,180,0.5139,17.1441,-79.12,-79.12
17093,180,0.5139,17.1441,-79.12,-79.12
17103,180,-7.2805,17.1441,-79.12,-79.12
17103,180,-7.2805,17.1441,-79.12,-79.12
17104,180,-7.2805,17.9201,-79.12,-79.12
17104,180,-7.2805,17.9201,-79.12,-79.12
17114,180,-8.5653,17.9201,-79.12,-79.12
17114,180,-8.5653,17.9201,-79.12,-79.12
17116,180,-8.5653,17.5637,-79.12,-79.12
17116,180,-8.5653,17.5637,-79.12,-79.12
17125,180,-5.3105,17.5637,-79.12,-79.12
17125,180,-5.3105,17.5637,-79.12,-79.12
17128,180,-5.3105,18.3758,-79.12,-79.12
17128,180,-5.3105,18.3758,-79.12,-79.12
17136,180,-6.4240,18.3758,-79.12,-79.12
17136,180,-6.4240,18.3758,-79.12,-79.12
17140,180,-6.4240,17.8299,-79.12,-79.12
17140,180,-6.4240,17.8299,-79.12,-79.12
17147,180,3.5974,17.8299,-79.12,-79.12
17147,180,3.5974,17.8299,-79.12,-79.12
17152,180,3.5974,17.4194,-79.12,-79.12
17152,180,3.5974,17.4194,-79.12,-79.12
17158,180,-3.1692,17.4194,-79.12,-79.12
17158,180,-3.1692,17.4194,-79.12,-79.12
17163,180,-3.1692,17.9698,-79.12,-79.12
17164,180,-3.1692,17.9698,-79.12,-79.12
17169,180,0.0000,17.9698,-79.12,-79.12
17169,180,0.0000,17.9698,-79.12,-79.12
17175,180,0.0000,17.1622,-79.12,-79.12
17175,180,0.0000,17.1622,-79.12,-79.12
17180,180,4.6253,17.1622,-79.12,-79.12
17180,180,4.6253,17.1622,-79.12,-79.12
17187,180,4.6253,17.5953,-79.12,-79.12
17187,180,4.6253,17.5953,-79.12,-79.12
17191,180,9.3362,17.5953,-79.12,-79.12
17191,180,9.3362,17.5953,-79.12,-79.12
17199,180,9.3362,17.2614,-79.12,-79.12
17199,180,9.3362,17.2614,-79.12,-79.12
17202,180,3.2548,17.2614,-79.12,-79.12
17202,180,3.2548,17.2614,-79.12,-79.12
17211,180,3.2548,17.1938,-79.12,-79.12
17211,180,3.2548,17.1938,-79.12,-79.12
17213,180,4.5396,17.1938,-79.12,-79.12
17213,180,4.5396,17.1938,-79.12,-79.12
17223,180,4.5396,17.4870,-79.12,-79.12
17223,180,4.5396,17.4870,-79.12,-79.12
17224,180,1.1135,17.4870,-79.12,-79.12
17224,180,1.1135,17.4870,-79.12,-79.12
17234,180,1.1135,17.0178,-79.12,-79.12
17235,180,1.1135,17.0178,-79.12,-79.12
17235,180,0.3426,17.0178,-79.12,-79.12
17235,180,0.3426,17.0178,-79.12,-79.12
17246,180,-0.6852,17.0178,-79.12,-79.12
17246,180,-0.6852,17.0178,-79.12,-79.12
17246,180,-0.6852,17.2750,-79.12,-79.12
17246,180,-0.6852,17.2750,-79.12,-79.12
17257,180,-12.5910,17.2750,-79.12,-79.12
17257,180,-12.5910,17.2750,-79.12,-79.12
17258,180,-12.5910,16.4629,-79.12,-79.12
17258,180,-12.5910,16.4629,-79.12,-77.68
17268,180,-3.0835,16.4629,-79.12,-79.12
17268,180,-3.0835,16.4629,-79.12,-79.12
17270,180,-3.0835,16.5576,-79.12,-79.12
17270,180,-3.0835,16.5576,-79.12,-79.12
17279,180,0.0857,16.5576,-79.12,-79.12
17279,180,0.0857,16.5576,-79.12,-79.12
17282,180,0.0857,17.3742,-79.12,-79.12
17282,180,0.0857,17.3742,-79.12,-79.12
17290,180,4.4540,17.3742,-79.12,-79.12
17290,180,4.4540,17.3742,-79.12,-79.12
17294,180,4.4540,17.0629,-79.12,-79.12
17294,180,4.4540,17.0629,-79.12,-79.12
17301,180,-0.5996,17.0629,-79.12,-79.12
17301,180,-0.5996,17.0629,-79.12,-79.12
17305,180,-0.5996,17.5367,-79.12,-79.12
17305,180,-0.5996,17.5367,-79.12,-79.12
17312,180,3.9400,17.5367,-79.12,-79.12
17312,180,3.9400,17.5367,-79.12,-79.12
17317,180,3.9400,17.2434,-79.12,-79.12
17317,180,3.9400,17.2434,-79.12,-79.12
17323,180,7.5375,17.2434,-79.12,-79.12
17323,180,7.5375,17.2434,-79.12,-79.12
17329,180,7.5375,17.4690,-79.12,-79.12
17329,180,7.5375,17.4690,-79.12,-79.12
17334,180,-5.2248,17.4690,-79.12,-79.12
17334,180,-5.2248,17.4690,-79.12,-79.12
17341,180,-5.2248,17.8074,-79.12,-79.12
17341,180,-5.2248,17.8074,-79.12,-79.12
17344,180,0.2570,17.8074,-79.12,-79.12
17345,180,0.2570,17.8074,-79.12,-79.12
17353,180,0.2570,17.6855,-79.12,-79.12
17353,180,0.2570,17.6855,-79.12,-79.12
17355,180,3.6831,17.6855,-79.12,-79.12
17356,180,3.6831,17.6855,-79.12,-79.12
17365,180,3.6831,18.5473,-79.12,-79.12
17365,180,3.6831,18.5473,-79.12,-77.68
17366,180,4.8822,18.5473,-79.12,-79.12
17366,180,4.8822,18.5473,-79.12,-79.12
17376,180,4.8822,17.5412,-77.68,-79.12
17376,180,4.8822,17.5412,-79.12,-79.12
17377,180,3.6831,17.5412,-79.12,-79.12
17377,180,3.6831,17.5412,-79.12,-79.12
17388,180,3.6831,17.9833,-79.12,-79.12
17388,180,3.6831,17.9833,-79.12,-79.12
17388,180,-1.6274,17.9833,-79.12,-79.12
17388,180,-1.6274,17.9833,-79.12,-79.12
17399,180,-1.6274,17.9833,-79.12,-79.12
17399,180,-1.6274,17.9833,-79.12,-79.12
17400,180,-1.6274,17.5141,-79.12,-79.12
17400,180,-1.6274,17.5141,-79.12,-79.12
17410,180,4.3683,17.5141,-79.12,-79.12
17410,180,4.3683,17.5141,-79.12,-79.12
17412,180,4.3683,16.2960,-79.12,-79.12
17412,180,4.3683,16.2960,-79.12,-79.12
17421,180,-0.5996,16.2960,-79.12,-79.12
17421,180,-0.5996,16.2960,-79.12,-79.12
17424,180,-0.5996,16.7742,-79.12,-79.12
17424,180,-0.5996,16.7742,-79.12,-79.12
17432,180,3.8544,16.7742,-79.12,-79.12
17432,180,3.8544,16.7742,-79.12,-79.12
17436,180,3.8544,16.6795,-79.12,-79.12
17436,180,3.8544,16.6795,-79.12,-79.12
17443,180,-1.5418,16.6795,-79.12,-79.12
17443,180,-1.5418,16.6795,-79.12,-79.12
17447,180,-1.5418,18.0239,-79.12,-79.12
17447,180,-1.5418,18.0239,-79.12,-79.12
17454,180,2.9979,18.0239,-79.12,-79.12
17454,180,2.9979,18.0239,-79.12,-79.12
17459,180,2.9979,18.7593,-79.12,-79.12
17459,180,2.9979,18.7593,-79.12,-79.12
17465,180,4.9679,18.7593,-79.12,-79.12
17465,180,4.9679,18.7593,-79.12,-79.12
17471,180,4.9679,19.3503,-79.12,-79.12
17471,180,4.9679,19.3503,-79.12,-79.12
17476,180,-3.2548,19.3503,-79.12,-77.68
17476,180,-3.2548,19.3503,-79.12,-79.12
17483,180,-3.2548,19.7428,-79.12,-79.12
17483,180,-3.2548,19.7428,-79.12,-79.12
17487,180,-6.0814,19.7428,-79.12,-79.12
17487,180,-6.0814,19.7428,-79.12,-79.12
17495,180,-6.0814,19.1834,-79.12,-79.12
17495,180,-6.0814,19.1834,-79.12,-77.68
17498,180,-5.9101,19.1834,-79.12,-79.12
17498,180,-5.9101,19.1834,-79.12,-79.12
17507,180,-5.9101,20.4241,-79.12,-79.12
17507,180,-5.9101,20.4241,-79.12,-79.12
17509,180,5.3105,20.4241,-79.12,-79.12
17509,180,5.3105,20.4241,-79.12,-79.12
17518,180,5.3105,19.8601,-79.12,-79.12
17518,180,5.3105,19.8601,-79.12,-79.12
17520,180,-1.5418,19.8601,-79.12,-79.12
17520,180,-1.5418,19.8601,-79.12,-79.12
17530,180,-1.5418,20.2707,-79.12,-79.12
17530,180,-1.5418,20.2707,-79.12,-79.12
17531,180,1.4561,20.2707,-79.12,-79.12
17531,180,1.4561,20.2707,-79.12,-79.12
17542,180,-4.7109,20.2707,-79.12,-79.12
17542,180,-4.7109,20.9294,-79.12,-79.12
17542,180,-4.7109,20.9294,-79.12,-79.12
17553,180,2.2270,20.9294,-79.12,-79.12
17553,180,2.2270,20.9294,-79.12,-79.12
17554,180,2.2270,20.2887,-79.12,-79.12
17554,180,2.2270,20.2887,-79.12,-79.12
17564,180,2.8266,20.2887,-79.12,-79.12
17564,180,2.8266,20.2887,-79.12,-79.12
17566,180,2.8266,21.2407,-77.68,-77.68
17566,180,2.8266,21.2407,-79.12,-79.12
17575,180,-0.5996,21.2407,-79.12,-79.12
17575,180,-0.5996,21.2407,-79.12,-79.12
17578,180,-0.5996,20.5775,-79.12,-79.12
17578,180,-0.5996,20.5775,-79.12,-79.12
17586,180,-1.1135,20.5775,-79.12,-79.12
17586,180,-1.1135,20.5775,-79.12,-79.12
17589,180,-1.1135,20.6813,-79.12,-79.12
17589,180,-1.1135,20.6813,-79.12,-79.12
17597,180,-1.2848,20.6813,-79.12,-79.12
17597,180,-1.2848,20.6813,-79.12,-79.12
17601,180,-1.2848,20.9384,-79.12,-77.68
17601,180,-1.2848,20.9384,-79.12,-79.12
17608,180,10.9636,20.9384,-79.12,-79.12
17608,180,10.9636,20.9384,-79.12,-79.12
17613,180,10.9636,20.0271,-79.12,-79.12
17613,180,10.9636,20.0271,-79.12,-77.68
17619,180,3.7687,20.0271,-79.12,-79.12
17619,180,3.7687,20.0271,-79.12,-79.12
17625,180,3.7687,20.9339,-79.12,-79.12
17625,180,3.7687,20.9339,-79.12,-79.12
17630,180,8.2227,20.9339,-79.12,-79.12
17630,180,8.2227,20.9339,-79.12,-79.12
17637,180,8.2227,20.3158,-79.12,-79.12
17637,180,8.2227,20.3158,-79.12,-79.12
17641,180,1.4561,20.3158,-79.12,-79.12
17641,180,1.4561,20.3158,-79.12,-77.68
17649,180,1.4561,20.2481,-79.12,-79.12
17649,180,1.4561,20.2481,-79.12,-79.12
17652,180,6.2527,20.2481,-79.12,-79.12
17652,180,6.2527,20.2481,-79.12,-77.68
17660,180,6.2527,20.0180,-79.12,-79.12
17660,180,6.2527,20.0180,-79.12,-79.12
17663,180,1.7987,20.0180,-79.12,-79.12
17663,180,1.7987,20.0180,-79.12,-79.12
17672,180,1.7987,19.4406,-79.12,-79.12
17672,180,1.7987,19.4406,-79.12,-79.12
17674,180,5.9101,19.4406,-79.12,-79.12
17674,180,5.9101,19.4406,-79.12,-79.12
17684,180,5.9101,19.9639,-79.12,-79.12
17684,180,5.9101,19.9639,-79.12,-79.12
17685,180,8.5653,19.9639,-79.12,-79.12
17685,180,8.5653,19.9639,-79.12,-79.12
17696,180,3.7687,19.9639,-79.12,-77.68
17696,180,3.7687,19.9639,-79.12,-79.12
17696,180,3.7687,18.5788,-79.12,-79.12
17696,180,3.7687,18.5788,-79.12,-79.12
17706,180,5.6531,18.5788,-79.12,-77.68
17707,180,5.6531,18.5788,-79.12,-79.12
17708,180,5.6531,18.9714,-79.12,-79.12
17708,180,5.6531,18.9714,-79.12,-79.12
17717,180,-1.3704,18.9714,-79.12,-79.12
17718,180,-1.3704,18.9714,-79.12,-79.12
17720,180,-1.3704,18.9804,-79.12,-79.12
17720,180,-1.3704,18.9804,-79.12,-79.12
17728,180,0.6852,18.9804,-79.12,-79.12
17729,180,0.6852,18.9804,-79.12,-79.12
17731,180,0.6852,18.6420,-79.12,-79.12
17731,180,0.6852,18.6420,-79.12,-79.12
17739,180,-0.4283,18.6420,-79.12,-79.12
17739,180,-0.4283,18.6420,-79.12,-79.12
17743,180,-0.4283,18.2360,-79.12,-79.12
17743,180,-0.4283,18.2360,-79.12,-79.12
17750,180,5.1392,18.2360,-79.12,-79.12
17750,180,5.1392,18.2360,-79.12,-79.12
17755,180,5.1392,17.3156,-79.12,-79.12
17755,180,5.1392,17.3156,-79.12,-79.12
17761,180,-2.6552,17.3156,-79.12,-77.68
17761,180,-2.6552,17.3156,-79.12,-79.12
17767,180,-2.6552,17.7307,-79.12,-79.12
17767,180,-2.6552,17.7307,-79.12,-79.12
17772,180,0.1713,17.7307,-79.12,-79.12
17772,180,0.1713,17.7307,-79.12,-79.12
17779,180,0.1713,17.1126,-79.12,-79.12
17779,180,0.1713,17.1126,-79.12,-79.12
17783,180,1.9700,17.1126,-79.12,-79.12
17783,180,1.9700,17.1126,-79.12,-79.12
17790,180,1.9700,17.1487,-79.12,-79.12
17791,180,1.9700,17.1487,-79.12,-79.12
17794,180,2.9979,17.1487,-79.12,-79.12
17794,180,2.9979,17.1487,-79.12,-79.12
17802,180,2.9979,17.5818,-79.12,-79.12
17802,180,2.9979,17.5818,-79.12,-79.12
17805,180,2.0557,17.5818,-79.12,-79.12
17805,180,2.0557,17.5818,-79.12,-79.12
17814,180,2.0557,16.8960,-79.12,-79.12
17814,180,2.0557,16.8960,-79.12,-79.12
17816,180,2.7409,16.8960,-79.12,-79.12
17816,180,2.7409,16.8960,-79.12,-79.12
17826,180,2.7409,17.2434,-79.12,-79.12
17826,180,2.7409,17.2434,-79.12,-79.12
17827,180,9.6788,17.2434,-79.12,-79.12
17827,180,9.6788,17.2434,-79.12,-79.12
17838,180,9.6788,16.2869,-79.12,-79.12
17838,180,9.6788,16.2869,-79.12,-79.12
17838,180,-4.9679,16.2869,-79.12,-79.12
17838,180,-4.9679,16.2869,-79.12,-79.12
17849,180,1.7131,16.2869,-79.12,-79.12
17849,180,1.7131,16.2869,-79.12,-79.12
17850,180,1.7131,15.9892,-79.12,-79.12
17850,180,1.7131,15.9892,-79.12,-79.12
17860,180,4.1113,15.9892,-79.12,-79.12
17860,180,4.1113,15.9892,-77.68,-79.12
17861,180,4.1113,16.5215,-79.12,-79.12
17862,180,4.1113,16.5215,-79.12,-79.12
17871,180,8.0514,16.5215,-79.12,-79.12
17871,180,8.0514,16.5215,-77.68,-79.12
17873,180,8.0514,16.2102,-79.12,-79.12
17873,180,8.0514,16.2102,-79.12,-77.68
17882,180,7.4518,16.2102,-79.12,-79.12
17882,180,7.4518,16.2102,-79.12,-79.12
17885,180,7.4518,16.5170,-79.12,-79.12
17885,180,7.4518,16.5170,-79.12,-79.12
17893,180,1.7987,16.5170,-79.12,-79.12
17893,180,1.7987,16.5170,-79.12,-79.12
17897,180,1.7987,16.0117,-79.12,-79.12
17897,180,1.7987,16.0117,-79.12,-79.12
17904,180,1.9700,16.0117,-79.12,-79.12
17904,180,1.9700,16.0117,-79.12,-79.12
17909,180,1.9700,16.4178,-79.12,-79.12
17909,180,1.9700,16.4178,-79.12,-79.12
17915,180,1.5418,16.4178,-79.12,-79.12
17915,180,1.5418,16.4178,-79.12,-79.12
17921,180,1.5418,15.9486,-79.12,-79.12
17921,180,1.5418,15.9486,-79.12,-77.68
17926,180,10.3640,15.9486,-79.12,-79.12
17926,180,10.3640,15.9486,-79.12,-79.12
17932,180,10.3640,14.6673,-79.12,-79.12
17933,180,10.3640,14.6673,-79.12,-79.12
17937,180,-1.1135,14.6673,-79.12,-79.12
17937,180,-1.1135,14.6673,-79.12,-79.12
17944,180,-1.1135,15.0643,-79.12,-79.12
17944,180,-1.1135,15.0643,-79.12,-79.12
17948,180,5.9957,15.0643,-79.12,-79.12
17948,180,5.9957,15.0643,-79.12,-79.12
17956,180,5.9957,14.0717,-79.12,-79.12
17956,180,5.9957,14.0717,-79.12,-79.12
17959,180,-0.9422,14.0717,-79.12,-79.12
17959,180,-0.9422,14.0717,-79.12,-79.12
17968,180,-0.9422,13.7785,-79.12,-79.12
17968,180,-0.9422,13.7785,-79.12,-79.12
17970,180,-5.3105,13.7785,-79.12,-79.12
17970,180,-5.3105,13.7785,-79.12,-79.12
17980,180,-5.3105,13.5980,-79.12,-79.12
17980,180,-5.3105,13.5980,-79.12,-79.12
17981,180,-5.3961,13.5980,-79.12,-79.12
17981,180,-5.3961,13.5980,-79.12,-77.68
17992,180,-5.3961,12.9122,-79.12,-79.12
17992,180,-5.3961,12.9122,-79.12,-79.12
17992,180,3.5118,12.9122,-79.12,-79.12
17992,180,3.5118,12.9122,-79.12,-79.12
18003,180,3.6831,12.9122,-79.12,-79.12
18003,180,3.6831,12.9122,-79.12,-79.12
18003,180,3.6831,13.4311,-79.12,-79.12
18004,180,3.6831,13.4311,-79.12,-79.12
18014,180,0.4283,13.4311,-79.12,-79.12
18014,180,0.4283,13.4311,-79.12,-79.12
18015,180,0.4283,13.1965,-79.12,-79.12
18015,180,0.4283,13.1965,-79.12,-79.12
18025,180,3.1692,13.1965,-79.12,-79.12
18025,180,3.1692,13.1965,-79.12,-79.12
18027,180,3.1692,13.5213,-79.12,-79.12
18027,180,3.1692,13.5213,-79.12,-79.12
18036,180,3.0835,13.5213,-79.12,-79.12
18036,180,3.0835,13.5213,-79.12,-79.12
18039,180,3.0835,13.1604,-79.12,-79.12
18039,180,3.0835,13.1604,-79.12,-79.12
18047,180,6.8522,13.1604,-79.12,-79.12
18047,180,6.8522,13.1604,-79.12,-79.12
18051,180,6.8522,13.0341,-79.12,-79.12
18051,180,6.8522,13.0341,-79.12,-79.12
18058,180,3.0835,13.0341,-79.12,-79.12
18058,180,3.0835,13.0341,-79.12,-79.12
18063,180,3.0835,13.5349,-79.12,-79.12
18063,180,3.0835,13.5349,-79.12,-79.12
18069,180,3.6831,13.5349,-79.12,-79.12
18069,180,3.6831,13.5349,-77.68,-79.12
18074,180,3.6831,13.2326,-79.12,-79.12
18075,180,3.6831,13.2326,-79.12,-79.12
18079,180,3.3405,13.2326,-79.12,-79.12
18080,180,3.3405,13.2326,-77.68,-79.12
18086,180,3.3405,13.5123,-79.12,-79.12
18086,180,3.3405,13.5123,-79.12,-79.12
18090,180,3.2548,13.5123,-79.12,-79.12
18091,180,3.2548,13.5123,-79.12,-79.12
18098,180,3.2548,12.9122,-79.12,-79.12
18098,180,3.2548,12.9122,-79.12,-79.12
18101,180,-4.0257,12.9122,-79.12,-79.12
18102,180,-4.0257,12.9122,-79.12,-77.68
18110,180,-4.0257,13.3995,-79.12,-79.12
18110,180,-4.0257,13.3995,-79.12,-79.12
18112,180,-6.7666,13.3995,-79.12,-79.12
18112,180,-6.7666,13.3995,-79.12,-79.12
18122,180,-6.7666,13.9770,-79.12,-79.12
18122,180,-6.7666,13.9770,-79.12,-79.12
18123,180,-9.6788,13.9770,-79.12,-79.12
18123,180,-9.6788,13.9770,-79.12,-79.12
18134,180,-9.6788,13.3409,-79.12,-79.12
18134,180,-9.6788,13.3409,-79.12,-79.12
18134,180,-3.2548,13.3409,-79.12,-79.12
18134,180,-3.2548,13.3409,-79.12,-77.68
18145,180,2.9122,13.3409,-79.12,-79.12
18145,180,2.9122,13.3409,-79.12,-77.68
18145,180,2.9122,14.1169,-79.12,-79.12
18146,180,2.9122,14.1169,-79.12,-79.12
18156,180,-2.2270,14.1169,-79.12,-79.12
18156,180,-2.2270,14.1169,-79.12,-77.68
18157,180,-2.2270,13.8552,-79.12,-77.68
18157,180,-2.2270,13.8552,-79.12,-79.12
18167,180,-1.1991,13.8552,-77.68,-79.12
18167,180,-1.1991,13.8552,-79.12,-79.12
18169,180,-1.1991,13.6702,-79.12,-79.12
18169,180,-1.1991,13.6702,-79.12,-79.12
18178,180,-1.6274,13.6702,-79.12,-77.68
18178,180,-1.6274,13.6702,-79.12,-79.12
18181,180,-1.6274,13.8777,-79.12,-79.12
18181,180,-1.6274,13.8777,-79.12,-79.12
18189,180,3.8544,13.8777,-79.12,-79.12
18189,180,3.8544,13.8777,-79.12,-79.12
18193,180,3.8544,14.0762,-79.12,-79.12
18193,180,3.8544,14.0762,-79.12,-79.12
18200,180,-4.7109,14.0762,-79.12,-79.12
18200,180,-4.7109,14.0762,-79.12,-79.12
18205,180,-4.7109,14.4733,-79.12,-79.12
18205,180,-4.7109,14.4733,-79.12,-79.12
18211,180,-1.1135,14.4733,-79.12,-79.12
18211,180,-1.1135,14.4733,-79.12,-79.12
18216,180,-1.1135,14.2612,-79.12,-79.12
18216,180,-1.1135,14.2612,-79.12,-79.12
18222,180,0.4283,14.2612,-79.12,-79.12
18222,180,0.4283,14.2612,-79.12,-79.12
18228,180,0.4283,14.7981,-79.12,-79.12
18228,180,0.4283,14.7981,-79.12,-79.12
18233,180,-0.4283,14.7981,-79.12,-79.12
18233,180,-0.4283,14.7981,-79.12,-79.12
18240,180,-0.4283,14.5094,-79.12,-79.12
18240,180,-0.4283,14.5094,-79.12,-79.12
18244,180,-2.9979,14.5094,-77.68,-79.12
18244,180,-2.9979,14.5094,-79.12,-79.12
18252,180,-2.9979,14.0221,-79.12,-79.12
18252,180,-2.9979,14.0221,-79.12,-79.12
18255,180,-3.5118,14.0221,-79.12,-79.12
18255,180,-3.5118,14.0221,-79.12,-79.12
18264,180,-3.5118,14.5635,-79.12,-79.12
18264,180,-3.5118,14.5635,-79.12,-79.12
18266,180,-3.8544,14.5635,-79.12,-79.12
18266,180,-3.8544,14.5635,-79.12,-79.12
18276,180,-3.8544,14.3740,-79.12,-79.12
18276,180,-3.8544,14.3740,-79.12,-79.12
18277,180,1.1135,14.3740,-79.12,-79.12
18277,180,1.1135,14.3740,-77.68,-79.12
18287,180,1.1135,15.1545,-79.12,-79.12
18287,180,1.1135,15.1545,-79.12,-79.12
18288,180,7.7944,15.1545,-79.12,-79.12
18288,180,7.7944,15.1545,-79.12,-79.12
18299,180,2.2270,15.1545,-79.12,-79.12
18299,180,2.2270,15.1545,-79.12,-79.12
18299,180,2.2270,14.9425,-79.12,-79.12
18299,180,2.2270,14.9425,-79.12,-79.12
18310,180,-1.0278,14.9425,-79.12,-79.12
18310,180,-1.0278,14.9425,-79.12,-79.12
18311,180,-1.0278,14.3109,-79.12,-79.12
18311,180,-1.0278,14.3109,-79.12,-79.12
18321,180,-7.6231,14.3109,-79.12,-79.12
18321,180,-7.6231,14.3109,-79.12,-79.12
18323,180,-7.6231,14.4868,-79.12,-79.12
18323,180,-7.6231,14.4868,-79.12,-79.12
18332,180,2.9979,14.4868,-79.12,-79.12
18332,180,2.9979,14.4868,-79.12,-79.12
18335,180,2.9979,14.0943,-79.12,-79.12
18335,180,2.9979,14.0943,-79.12,-79.12
18343,180,5.9101,14.0943,-79.12,-79.12
18343,180,5.9101,14.0943,-79.12,-79.12
18347,180,5.9101,14.9064,-79.12,-79.12
18347,180,5.9101,14.9064,-79.12,-79.12
18354,180,0.2570,14.9064,-79.12,-79.12
18354,180,0.2570,14.9064,-79.12,-79.12
18358,180,0.2570,14.6041,-79.12,-79.12
18358,180,0.2570,14.6041,-79.12,-77.68
18365,180,1.4561,14.6041,-79.12,-77.68
18365,180,1.4561,14.6041,-79.12,-79.12
18370,180,1.4561,14.8387,-79.12,-79.12
18370,180,1.4561,14.8387,-79.12,-79.12
18376,180,4.1970,14.8387,-79.12,-79.12
18376,180,4.1970,14.8387,-79.12,-79.12
18382,180,4.1970,15.0688,-79.12,-79.12
18382,180,4.1970,15.0688,-79.12,-79.12
18387,180,3.5118,15.0688,-79.12,-77.68
18387,180,3.5118,15.0688,-79.12,-79.12
18394,180,3.5118,14.4507,-79.12,-79.12
18394,180,3.5118,14.4507,-79.12,-79.12
18398,180,-3.3405,14.4507,-79.12,-79.12
18398,180,-3.3405,14.4507,-79.12,-79.12
18406,180,-3.3405,15.3575,-79.12,-79.12
18406,180,-3.3405,15.3575,-79.12,-79.12
18409,180,2.1413,15.3575,-79.12,-79.12
18409,180,2.1413,15.3575,-79.12,-79.12
18418,180,2.1413,14.5590,-79.12,-79.12
18418,180,2.1413,14.5590,-79.12,-79.12
18420,180,-1.8844,14.5590,-79.12,-79.12
18420,180,-1.8844,14.5590,-77.68,-77.68
18429,180,-1.8844,15.2402,-79.12,-79.12
18429,180,-1.8844,15.2402,-79.12,-79.12
18431,180,3.7687,15.2402,-79.12,-77.68
18431,180,3.7687,15.2402,-79.12,-79.12
18441,180,3.7687,15.3124,-79.12,-79.12
18441,180,3.7687,15.3124,-79.12,-79.12
18441,180,-6.3383,15.3124,-77.68,-79.12
18442,180,-6.3383,15.3124,-79.12,-79.12
18452,180,-2.0557,15.3124,-79.12,-79.12
18453,180,-2.0557,15.3124,-79.12,-79.12
18453,180,-2.0557,14.7665,-79.12,-79.12
18453,180,-2.0557,14.7665,-79.12,-79.12
18463,180,2.4839,14.7665,-79.12,-79.12
18464,180,2.4839,14.7665,-79.12,-79.12
18465,180,2.4839,15.2763,-79.12,-79.12
18465,180,2.4839,15.2763,-79.12,-79.12
18474,180,4.8822,15.2763,-79.12,-79.12
18474,180,4.8822,15.2763,-79.12,-79.12
18477,180,4.8822,15.0868,-79.12,-79.12
18477,180,4.8822,15.0868,-79.12,-79.12
18485,180,5.6531,15.0868,-79.12,-79.12
18485,180,5.6531,15.0868,-79.12,-79.12
18488,180,5.6531,15.2673,-79.12,-79.12
18489,180,5.6531,15.2673,-79.12,-79.12
18496,180,-1.3704,15.2673,-79.12,-79.12
18496,180,-1.3704,15.2673,-79.12,-79.12
18500,180,-1.3704,15.3305,-79.12,-79.12
18500,180,-1.3704,15.3305,-79.12,-79.12
18507,180,1.0278,15.3305,-79.12,-79.12
18507,180,1.0278,15.3305,-79.12,-79.12
18512,180,1.0278,15.2538,-79.12,-79.12
18512,180,1.0278,15.2538,-79.12,-79.12
18518,180,1.3704,15.2538,-79.12,-79.12
18518,180,1.3704,15.2538,-79.12,-79.12
18524,180,1.3704,15.9621,-79.12,-79.12
18524,180,1.3704,15.9621,-79.12,-79.12
18529,180,-2.2270,15.9621,-79.12,-79.12
18529,180,-2.2270,15.9621,-79.12,-79.12
18536,180,-2.2270,15.3485,-79.12,-79.12
18536,180,-2.2270,15.3485,-79.12,-79.12
18540,180,-6.5096,15.3485,-79.12,-79.12
18540,180,-6.5096,15.3485,-79.12,-79.12
18548,180,-6.5096,15.8809,-79.12,-79.12
18548,180,-6.5096,15.8809,-79.12,-79.12
18551,180,5.1392,15.8809,-79.12,-79.12
18551,180,5.1392,15.8809,-79.12,-79.12
18559,180,5.1392,15.3169,-79.12,-79.12
18560,180,5.1392,15.3169,-77.68,-79.12
18562,180,4.1970,15.3169,-79.12,-79.12
18562,180,4.1970,15.3169,-79.12,-79.12
18571,180,4.1970,15.3711,-79.12,-79.12
18571,180,4.1970,15.3711,-79.12,-79.12
18573,180,-3.4261,15.3711,-79.12,-79.12
18573,180,-3.4261,15.3711,-79.12,-79.12
18583,180,-3.4261,16.1877,-79.12,-79.12
18583,180,-3.4261,16.1877,-79.12,-79.12
18584,180,2.0557,16.1877,-79.12,-79.12
18584,180,2.0557,16.1877,-79.12,-79.12
18595,180,2.0557,15.7230,-79.12,-79.12
18595,180,2.0557,15.7230,-79.12,-79.12
18595,180,8.7366,15.7230,-79.12,-79.12
18595,180,8.7366,15.7230,-79.12,-79.12
18606,180,2.7409,15.7230,-79.12,-79.12
18606,180,2.7409,15.7230,-79.12,-79.12
18607,180,2.7409,16.1651,-79.12,-79.12
18607,180,2.7409,16.1651,-79.12,-79.12
18617,180,0.6852,16.1651,-79.12,-79.12
18617,180,0.6852,16.1651,-79.12,-79.12
18619,180,0.6852,15.7771,-79.12,-79.12
18619,180,0.6852,15.7771,-77.68,-79.12
18628,180,10.8779,15.7771,-79.12,-79.12
18628,180,10.8779,15.7771,-79.12,-79.12
18630,180,10.8779,16.0659,-79.12,-79.12
18631,180,10.8779,16.0659,-79.12,-79.12
18639,180,-0.2570,16.0659,-79.12,-79.12
18639,180,-0.2570,16.0659,-79.12,-79.12
18642,180,-0.2570,16.5982,-77.68,-79.12
18642,180,-0.2570,16.5982,-79.12,-79.12
18650,180,-1.4561,16.5982,-79.12,-79.12
18650,180,-1.4561,16.5982,-79.12,-79.12
18654,180,-1.4561,15.7095,-79.12,-79.12
18654,180,-1.4561,15.7095,-79.12,-79.12
18661,180,-0.0857,15.7095,-79.12,-79.12
18661,180,-0.0857,15.7095,-77.68,-79.12
18666,180,-0.0857,15.7320,-79.12,-79.12
18666,180,-0.0857,15.7320,-79.12,-79.12
18672,180,3.5118,15.7320,-79.12,-79.12
18672,180,3.5118,15.7320,-79.12,-79.12
18678,180,3.5118,15.7546,-79.12,-79.12
18678,180,3.5118,15.7546,-79.12,-79.12
18683,180,6.5953,15.7546,-79.12,-79.12
18683,180,6.5953,15.7546,-79.12,-79.12
18690,180,6.5953,16.2734,-79.12,-79.12
18690,180,6.5953,16.2734,-79.12,-79.12
18694,180,3.7687,16.2734,-79.12,-79.12
18694,180,3.7687,16.2734,-79.12,-79.12
18701,180,3.7687,16.7877,-79.12,-79.12
18702,180,3.7687,16.7877,-79.12,-79.12
18705,180,-2.5696,16.7877,-79.12,-79.12
18705,180,-2.5696,16.7877,-79.12,-79.12
18713,180,-2.5696,15.8628,-79.12,-79.12
18713,180,-2.5696,15.8628,-79.12,-79.12
18716,180,-3.8544,15.8628,-79.12,-79.12
18716,180,-3.8544,15.8628,-79.12,-79.12
18725,180,-3.8544,16.1787,-79.12,-79.12
18725,180,-3.8544,16.1787,-79.12,-79.12
18727,180,0.8565,16.1787,-79.12,-79.12
18727,180,0.8565,16.1787,-79.12,-79.12
18737,180,0.8565,15.5425,-79.12,-79.12
18737,180,0.8565,15.5425,-79.12,-79.12
18738,180,0.0000,15.5425,-79.12,-79.12
18738,180,0.0000,15.5425,-79.12,-79.12
18749,180,-0.7709,15.5425,-79.12,-79.12
18749,180,-0.7709,15.5425,-79.12,-79.12
18749,180,-0.7709,16.0388,-79.12,-77.68
18749,180,-0.7709,16.0388,-79.12,-79.12
18760,180,-7.1092,16.0388,-79.12,-79.12
18760,180,-7.1092,16.0388,-79.12,-79.12
18761,180,-7.1092,16.2644,-79.12,-79.12
18761,180,-7.1092,16.2644,-79.12,-79.12
18771,180,-0.7709,16.2644,-79.12,-79.12
18771,180,-0.7709,16.2644,-79.12,-79.12
18772,180,-0.7709,15.7365,-79.12,-79.12
18773,180,-0.7709,15.7365,-79.12,-79.12
18782,180,-7.7944,15.7365,-79.12,-79.12
18782,180,-7.7944,15.7365,-79.12,-79.12
18784,180,-7.7944,15.9215,-79.12,-79.12
18784,180,-7.7944,15.9215,-79.12,-79.12
18793,180,-5.1392,15.9215,-79.12,-79.12
18793,180,-5.1392,15.9215,-79.12,-79.12
18796,180,-5.1392,15.4884,-79.12,-79.12
18796,180,-5.1392,15.4884,-79.12,-79.12
18804,180,0.2570,15.4884,-79.12,-79.12
18804,180,0.2570,15.4884,-79.12,-79.12
18808,180,0.2570,16.2644,-77.68,-79.12
18808,180,0.2570,16.2644,-79.12,-79.12
18814,180,1.1991,16.2644,-79.12,-79.12
18815,180,1.1991,16.2644,-79.12,-79.12
18820,180,1.1991,16.4584,-79.12,-79.12
18820,180,1.1991,16.4584,-79.12,-79.12
18825,180,2.1413,16.4584,-79.12,-79.12
18826,180,2.1413,16.4584,-79.12,-79.12
18832,180,2.1413,16.1471,-79.12,-79.12
18832,180,2.1413,16.1471,-79.12,-79.12
18836,180,-2.0557,16.1471,-79.12,-79.12
18837,180,-2.0557,16.1471,-79.12,-79.12
18843,180,-2.0557,16.5441,-79.12,-79.12
18843,180,-2.0557,16.5441,-79.12,-79.12
18847,180,-3.3405,16.5441,-79.12,-79.12
18847,180,-3.3405,16.5441,-79.12,-79.12
18855,180,-3.3405,15.8899,-79.12,-79.12
18855,180,-3.3405,15.8899,-79.12,-79.12
18858,180,-6.6809,15.8899,-79.12,-79.12
18858,180,-6.6809,15.8899,-79.12,-79.12
18867,180,-6.6809,16.5306,-79.12,-79.12
18867,180,-6.6809,16.5306,-79.12,-79.12
18869,180,2.3126,16.5306,-79.12,-79.12
18869,180,2.3126,16.5306,-79.12,-79.12
18879,180,2.3126,16.0975,-79.12,-79.12
18879,180,2.3126,16.0975,-79.12,-79.12
18880,180,1.1135,16.0975,-79.12,-79.12
18880,180,1.1135,16.0975,-79.12,-79.12
18891,180,1.1135,16.1922,-79.12,-79.12
18891,180,1.1135,16.1922,-79.12,-79.12
18891,180,13.0193,16.1922,-79.12,-77.68
18891,180,13.0193,16.1922,-79.12,-79.12
18902,180,10.2784,16.1922,-79.12,-79.12
18902,180,10.2784,16.1922,-79.12,-79.12
18903,180,10.2784,16.1832,-79.12,-79.12
18903,180,10.2784,16.1832,-79.12,-79.12
18913,180,3.5974,16.1832,-79.12,-77.68
18913,180,3.5974,16.1832,-79.12,-79.12
18914,180,3.5974,15.5606,-79.12,-79.12
18914,180,3.5974,15.5606,-79.12,-79.12
18924,180,0.5996,15.5606,-79.12,-79.12
18924,180,0.5996,15.5606,-79.12,-79.12
18926,180,0.5996,16.2238,-79.12,-79.12
18926,180,0.5996,16.2238,-77.68,-79.12
18935,180,1.2848,16.2238,-79.12,-79.12
18935,180,1.2848,16.2238,-79.12,-79.12
18938,180,1.2848,16.0433,-79.12,-79.12
18938,180,1.2848,16.0433,-79.12,-79.12
18946,180,-1.0278,16.0433,-79.12,-79.12
18946,180,-1.0278,16.0433,-79.12,-79.12
18950,180,-1.0278,16.4629,-79.12,-79.12
18950,180,-1.0278,16.4629,-79.12,-79.12
18957,180,2.2270,16.4629,-79.12,-79.12
18957,180,2.2270,16.4629,-79.12,-79.12
18962,180,2.2270,16.3727,-79.12,-79.12
18962,180,2.2270,16.3727,-79.12,-79.12
18968,180,4.3683,16.3727,-79.12,-79.12
18968,180,4.3683,16.3727,-79.12,-79.12
18974,180,4.3683,15.8583,-79.12,-79.12
18974,180,4.3683,15.8583,-79.12,-79.12
18979,180,-4.0257,15.8583,-79.12,-79.12
18979,180,-4.0257,15.8583,-79.12,-79.12
18985,180,-4.0257,16.0975,-79.12,-79.12
18985,180,-4.0257,16.0975,-79.12,-79.12
18990,180,1.2848,16.0975,-79.12,-79.12
18990,180,1.2848,16.0975,-79.12,-79.12
18997,180,1.2848,15.7771,-79.12,-79.12
18997,180,1.2848,15.7771,-79.12,-79.12
19001,180,-2.1413,15.7771,-79.12,-79.12
19001,180,-2.1413,15.7771,-79.12,-79.12
19009,180,-2.1413,16.3546,-79.12,-79.12
19009,180,-2.1413,16.3546,-79.12,-79.12
19012,180,-3.9400,16.3546,-79.12,-79.12
19012,180,-3.9400,16.3546,-79.12,-79.12
19021,180,-3.9400,16.0659,-79.12,-79.12
19021,180,-3.9400,16.0659,-79.12,-79.12
19023,180,2.9979,16.0659,-79.12,-79.12
19023,180,2.9979,16.0659,-79.12,-79.12
19033,180,2.9979,15.4433,-79.12,-79.12
19033,180,2.9979,15.4433,-79.12,-79.12
19034,180,7.3662,15.4433,-79.12,-79.12
19034,180,7.3662,15.4433,-79.12,-79.12
19045,180,7.3662,16.6028,-79.12,-79.12
19045,180,7.3662,16.6028,-79.12,-79.12
19045,180,4.4540,16.6028,-79.12,-79.12
19045,180,4.4540,16.6028,-79.12,-79.12
19056,180,1.5418,16.6028,-79.12,-79.12
19056,180,1.5418,16.6028,-79.12,-79.12
19056,180,1.5418,16.1696,-79.12,-79.12
19056,180,1.5418,16.1696,-79.12,-79.12
19067,180,-0.3426,16.1696,-79.12,-77.68
19067,180,-0.3426,16.1696,-79.12,-79.12
19068,180,-0.3426,16.3772,-79.12,-79.12
19068,180,-0.3426,16.3772,-79.12,-79.12
19078,180,-4.8822,16.3772,-79.12,-79.12
19078,180,-4.8822,16.3772,-79.12,-79.12
19080,180,-4.8822,16.6659,-79.12,-79.12
19080,180,-4.8822,16.6659,-79.12,-79.12
19089,180,-0.5139,16.6659,-79.12,-79.12
19089,180,-0.5139,16.6659,-79.12,-79.12
19092,180,-0.5139,16.3456,-79.12,-79.12
19092,180,-0.5139,16.3456,-79.12,-79.12
19100,180,-2.0557,16.3456,-79.12,-79.12
19100,180,-2.0557,16.3456,-79.12,-79.12
19104,180,-2.0557,16.4403,-79.12,-79.12
19104,180,-2.0557,16.4403,-79.12,-79.12
19111,180,5.0535,16.4403,-79.12,-79.12
19111,180,5.0535,16.4403,-79.12,-79.12
19116,180,5.0535,15.8944,-79.12,-79.12
19116,180,5.0535,15.8944,-79.12,-79.12
19122,180,-1.5418,15.8944,-79.12,-79.12
19122,180,-1.5418,15.8944,-79.12,-79.12
19127,180,-1.5418,16.7832,-79.12,-79.12
19127,180,-1.5418,16.7832,-79.12,-79.12
19133,180,-0.5139,16.7832,-79.12,-79.12
19133,180,-0.5139,16.7832,-79.12,-79.12
19139,180,-0.5139,16.4809,-79.12,-79.12
19139,180,-0.5139,16.4809,-79.12,-79.12
19144,180,4.2827,16.4809,-79.12,-79.12
19144,180,4.2827,16.4809,-79.12,-79.12
19151,180,4.2827,16.3411,-79.12,-79.12
19151,180,4.2827,16.3411,-79.12,-79.12
19155,180,1.4561,16.3411,-79.12,-79.12
19155,180,1.4561,16.3411,-79.12,-79.12
19163,180,1.4561,16.8825,-79.12,-79.12
19163,180,1.4561,16.8825,-79.12,-79.12
19166,180,0.7709,16.8825,-79.12,-79.12
19166,180,0.7709,16.8825,-79.12,-79.12
19175,180,0.7709,16.0162,-79.12,-79.12
19175,180,0.7709,16.0162,-79.12,-79.12
19176,180,-1.3704,16.0162,-79.12,-79.12
19177,180,-1.3704,16.0162,-79.12,-79.12
19187,180,-1.3704,16.5486,-79.12,-79.12
19187,180,-1.3704,16.5486,-79.12,-79.12
19187,180,12.1627,16.5486,-79.12,-79.12
19188,180,12.1627,16.5486,-79.12,-79.12
19198,180,12.1627,15.9847,-79.12,-79.12
19198,180,-0.8565,15.9847,-79.12,-79.12
19199,180,-0.8565,15.9847,-79.12,-79.12
19209,180,-3.1692,15.9847,-79.12,-79.12
19209,180,-3.1692,15.9847,-79.12,-79.12
19210,180,-3.1692,16.1516,-79.12,-79.12
19210,180,-3.1692,16.1516,-77.68,-79.12
19220,180,-8.6510,16.1516,-79.12,-79.12
19220,180,-8.6510,16.1516,-79.12,-79.12
19222,180,-8.6510,16.6434,-79.12,-77.68
19222,180,-8.6510,16.6434,-79.12,-79.12
19231,180,-3.9400,16.6434,-79.12,-79.12
19231,180,-3.9400,16.6434,-79.12,-79.12
19234,180,-3.9400,16.4448,-79.12,-79.12
19234,180,-3.9400,16.4448,-79.12,-79.12
19242,180,-0.9422,16.4448,-79.12,-79.12
19242,180,-0.9422,16.4448,-79.12,-79.12
19246,180,-0.9422,17.0765,-79.12,-79.12
19246,180,-0.9422,17.0765,-79.12,-79.12
19253,180,-0.5139,17.0765,-79.12,-79.12
19253,180,-0.5139,17.0765,-79.12,-79.12
19258,180,-0.5139,16.3772,-79.12,-79.12
19258,180,-0.5139,16.3772,-79.12,-79.12
19264,180,-2.9122,16.3772,-79.12,-79.12
19264,180,-2.9122,16.3772,-79.12,-79.12
19269,180,-2.9122,16.2148,-79.12,-79.12
19269,180,-2.9122,16.2148,-79.12,-79.12
19275,180,4.1113,16.2148,-79.12,-77.68
19275,180,4.1113,16.2148,-79.12,-79.12
19281,180,4.1113,16.0433,-79.12,-79.12
19281,180,4.1113,16.0433,-79.12,-77.68
19286,180,1.1991,16.0433,-79.12,-79.12
19286,180,1.1991,16.0433,-79.12,-79.12
19293,180,1.1991,15.8403,-79.12,-79.12
19293,180,1.1991,15.8403,-79.12,-79.12
19297,180,0.5139,15.8403,-79.12,-79.12
19297,180,0.5139,15.8403,-79.12,-79.12
19305,180,0.5139,16.3095,-79.12,-79.12
19305,180,0.5139,16.3095,-79.12,-79.12
19308,180,2.5696,16.3095,-79.12,-79.12
19308,180,2.5696,16.3095,-79.12,-79.12
19317,180,2.5696,15.6147,-79.12,-79.12
19317,180,2.5696,15.6147,-79.12,-79.12
19319,180,-10.3640,15.6147,-79.12,-79.12
19319,180,-10.3640,15.6147,-79.12,-79.12
19329,180,-10.3640,16.0433,-79.12,-79.12
19329,180,-10.3640,16.0433,-79.12,-79.12
19330,180,0.0857,16.0433,-79.12,-79.12
19330,180,0.0857,16.0433,-79.12,-79.12
19340,180,0.0857,16.2779,-79.12,-79.12
19340,180,0.0857,16.2779,-79.12,-79.12
19341,180,0.9422,16.2779,-79.12,-79.12
19341,180,0.9422,16.2779,-79.12,-77.68
19352,180,-0.5139,16.2779,-79.12,-79.12
19352,180,-0.5139,16.2779,-79.12,-79.12
19352,180,-0.5139,15.9531,-79.12,-79.12
19352,180,-0.5139,15.9531,-79.12,-79.12
19363,180,-4.5396,15.9531,-79.12,-79.12
19363,180,-4.5396,15.9531,-79.12,-79.12
19364,180,-4.5396,16.4133,-79.12,-79.12
19364,180,-4.5396,16.4133,-79.12,-79.12
19374,180,-6.6809,16.4133,-79.12,-79.12
19374,180,-6.6809,16.4133,-79.12,-77.68
19376,180,-6.6809,15.7185,-79.12,-79.12
19376,180,-6.6809,15.7185,-79.12,-79.12
19385,180,-4.9679,15.7185,-79.12,-79.12
19385,180,-4.9679,15.7185,-79.12,-79.12
19388,180,-4.9679,16.3275,-79.12,-79.12
19388,180,-4.9679,16.3275,-79.12,-77.68
19396,180,-0.7709,16.3275,-79.12,-79.12
19396,180,-0.7709,16.3275,-79.12,-79.12
19400,180,-0.7709,16.1877,-79.12,-79.12
19400,180,-0.7709,16.1877,-79.12,-79.12
19407,180,6.8522,16.1877,-79.12,-79.12
19407,180,6.8522,16.1877,-79.12,-79.12
19411,180,6.8522,16.3185,-79.12,-79.12
19411,180,6.8522,16.3185,-79.12,-79.12
19418,180,4.8822,16.3185,-79.12,-79.12
19418,180,4.8822,16.3185,-79.12,-79.12
19423,180,4.8822,16.4088,-77.68,-77.68
19423,180,4.8822,16.4088,-79.12,-79.12
19429,180,-1.1135,16.4088,-79.12,-79.12
19429,180,-1.1135,16.4088,-79.12,-79.12
19435,180,-1.1135,15.6824,-79.12,-79.12
19435,180,-1.1135,15.6824,-79.12,-79.12
19440,180,-7.0236,15.6824,-79.12,-79.12
19440,180,-7.0236,15.6824,-79.12,-79.12
19447,180,-7.0236,16.2463,-79.12,-79.12
19447,180,-7.0236,16.2463,-79.12,-79.12
19451,180,-2.3126,16.2463,-79.12,-77.68
19451,180,-2.3126,16.2463,-79.12,-79.12
19459,180,-2.3126,16.0388,-79.12,-79.12
19459,180,-2.3126,16.0388,-79.12,-79.12
19462,180,2.8266,16.0388,-79.12,-79.12
19462,180,2.8266,16.0388,-79.12,-79.12
19470,180,2.8266,15.9621,-77.68,-79.12
19471,180,2.8266,15.9621,-79.12,-79.12
19473,180,9.5075,15.9621,-79.12,-79.12
19473,180,9.5075,15.9621,-79.12,-79.12
19482,180,9.5075,16.5892,-79.12,-79.12
19482,180,9.5075,16.5892,-79.12,-79.12
19484,180,-0.8565,16.5892,-79.12,-79.12
19484,180,-0.8565,16.5892,-79.12,-79.12
19494,180,-0.8565,15.8989,-79.12,-79.12
19494,180,-0.8565,15.8989,-79.12,-79.12
19495,180,-3.3405,15.8989,-79.12,-79.12
19495,180,-3.3405,15.8989,-79.12,-79.12
19506,180,-2.8266,15.8989,-79.12,-79.12
19506,180,-2.8266,15.8989,-79.12,-79.12
19506,180,-2.8266,16.0749,-79.12,-79.12
19506,180,-2.8266,16.0749,-79.12,-79.12
19517,180,-4.4540,16.0749,-79.12,-79.12
19517,180,-4.4540,16.0749,-79.12,-79.12
19518,180,-4.4540,15.8448,-79.12,-79.12
19518,180,-4.4540,15.8448,-79.12,-79.12
19528,180,-1.7987,15.8448,-79.12,-79.12
19528,180,-1.7987,15.8448,-79.12,-79.12
19530,180,-1.7987,15.7320,-79.12,-79.12
19530,180,-1.7987,15.7320,-79.12,-79.12
19539,180,2.0557,15.7320,-79.12,-79.12
19539,180,2.0557,15.7320,-79.12,-79.12
19541,180,2.0557,15.6824,-79.12,-79.12
19542,180,2.0557,15.6824,-79.12,-79.12
19550,180,6.5096,15.6824,-79.12,-79.12
19550,180,6.5096,15.6824,-79.12,-79.12
19553,180,6.5096,15.3846,-79.12,-79.12
19553,180,6.5096,15.3846,-79.12,-79.12
19560,180,-0.5139,15.3846,-79.12,-77.68
19561,180,-0.5139,15.3846,-79.12,-79.12
19565,180,-0.5139,15.8628,-79.12,-79.12
19565,180,-0.5139,15.8628,-79.12,-79.12
19571,180,11.5632,15.8628,-79.12,-79.12
19572,180,11.5632,15.8628,-79.12,-79.12
19577,180,11.5632,15.6779,-79.12,-79.12
19577,180,11.5632,15.6779,-79.12,-79.12
19582,180,-3.7687,15.6779,-79.12,-79.12
19583,180,-3.7687,15.6779,-79.12,-79.12
19589,180,-3.7687,16.0208,-79.12,-79.12
19589,180,-3.7687,16.0208,-79.12,-79.12
19593,180,1.1991,16.0208,-79.12,-79.12
19593,180,1.1991,16.0208,-79.12,-79.12
19601,180,1.1991,16.5170,-79.12,-79.12
19601,180,1.1991,16.5170,-79.12,-79.12
19604,180,4.7109,16.5170,-79.12,-79.12
19604,180,4.7109,16.5170,-79.12,-79.12
19612,180,4.7109,16.7246,-79.12,-79.12
19613,180,4.7109,16.7246,-79.12,-79.12
19615,180,1.2848,16.7246,-79.12,-79.12
19615,180,1.2848,16.7246,-79.12,-77.68
19624,180,1.2848,16.8689,-79.12,-79.12
19624,180,1.2848,16.8689,-79.12,-79.12
19626,180,4.1113,16.8689,-79.12,-79.12
19626,180,4.1113,16.8689,-79.12,-79.12
19636,180,4.1113,15.7681,-79.12,-79.12
19636,180,4.1113,15.7681,-77.68,-79.12
19637,180,-2.5696,15.7681,-79.12,-79.12
19637,180,-2.5696,15.7681,-79.12,-79.12
19648,180,-2.5696,16.1516,-79.12,-79.12
19648,180,-2.5696,16.1516,-79.12,-79.12
19648,180,2.3983,16.1516,-79.12,-79.12
19648,180,2.3983,16.1516,-79.12,-79.12
19659,180,1.7131,16.1516,-79.12,-79.12
19659,180,1.7131,16.1516,-79.12,-79.12
19660,180,1.7131,16.2869,-79.12,-79.12
19660,180,1.7131,16.2869,-79.12,-79.12
19670,180,-0.5139,16.2869,-79.12,-79.12
19670,180,-0.5139,16.2869,-79.12,-79.12
19672,180,-0.5139,16.4629,-79.12,-79.12
19672,180,-0.5139,16.4629,-79.12,-79.12
19681,180,-4.5396,16.4629,-79.12,-79.12
19681,180,-4.5396,16.4629,-79.12,-79.12
19683,180,-4.5396,17.1487,-79.12,-79.12
19684,180,-4.5396,17.1487,-79.12,-79.12
19692,180,3.1692,17.1487,-79.12,-79.12
19692,180,3.1692,17.1487,-79.12,-79.12
19695,180,3.1692,16.0523,-79.12,-79.12
19695,180,3.1692,16.0523,-79.12,-79.12
19703,180,4.0257,16.0523,-79.12,-79.12
19703,180,4.0257,16.0523,-79.12,-79.12
19707,180,4.0257,16.4945,-79.12,-79.12
19707,180,4.0257,16.4945,-79.12,-79.12
19714,180,7.5375,16.4945,-79.12,-79.12
19714,180,7.5375,16.4945,-79.12,-79.12
19719,180,7.5375,16.1651,-79.12,-79.12
19719,180,7.5375,16.1651,-79.12,-79.12
19725,180,5.5675,16.1651,-79.12,-79.12
19725,180,5.5675,16.1651,-79.12,-79.12
19731,180,5.5675,15.4748,-79.12,-79.12
19731,180,5.5675,15.4748,-79.12,-79.12
19736,180,0.5139,15.4748,-77.68,-79.12
19736,180,0.5139,15.4748,-79.12,-79.12
19743,180,0.5139,15.4974,-79.12,-79.12
19743,180,0.5139,15.4974,-79.12,-79.12
19747,180,7.5375,15.4974,-79.12,-79.12
19747,180,7.5375,15.4974,-79.12,-79.12
19754,180,7.5375,15.1590,-79.12,-79.12
19754,180,7.5375,15.1590,-79.12,-79.12
19758,180,0.0000,15.1590,-79.12,-77.68
19758,180,0.0000,15.1590,-79.12,-79.12
19766,180,0.0000,16.1200,-79.12,-79.12
19766,180,0.0000,16.1200,-79.12,-79.12
19769,180,-1.6274,16.1200,-79.12,-79.12
19769,180,-1.6274,16.1200,-77.68,-79.12
19778,180,-1.6274,16.1471,-79.12,-79.12
19778,180,-1.6274,16.1471,-79.12,-79.12
19780,180,-2.4839,16.1471,-79.12,-79.12
19780,180,-2.4839,16.1471,-79.12,-79.12
19790,180,-2.4839,16.5712,-79.12,-79.12
19790,180,-2.4839,16.5712,-79.12,-79.12
19791,180,-0.1713,16.5712,-79.12,-79.12
19791,180,-0.1713,16.5712,-79.12,-79.12
19802,180,-0.1713,16.3997,-79.12,-79.12
19802,180,-0.1713,16.3997,-79.12,-79.12
19802,180,-6.0814,16.3997,-79.12,-79.12
19802,180,-6.0814,16.3997,-79.12,-79.12
19813,180,-1.2848,16.3997,-79.12,-79.12
19813,180,-1.2848,16.3997,-79.12,-79.12
19814,180,-1.2848,15.8628,-79.12,-79.12
19814,180,-1.2848,15.8628,-79.12,-79.12
19824,180,2.3983,15.8628,-79.12,-79.12
19824,180,2.3983,15.8628,-79.12,-79.12
19825,180,2.3983,16.8509,-79.12,-79.12
19825,180,2.3983,16.8509,-79.12,-79.12
19835,180,-0.4283,16.8509,-79.12,-79.12
19835,180,-0.4283,16.8509,-79.12,-79.12
19837,180,-0.4283,16.0929,-79.12,-79.12
19837,180,-0.4283,16.0929,-79.12,-79.12
19846,180,-2.0557,16.0929,-79.12,-79.12
19846,180,-2.0557,16.0929,-79.12,-79.12
19849,180,-2.0557,16.2057,-79.12,-79.12
19849,180,-2.0557,16.2057,-79.12,-79.12
19857,180,-11.4775,16.2057,-79.12,-79.12
19857,180,-11.4775,16.2057,-79.12,-79.12
19861,180,-11.4775,16.2102,-79.12,-79.12
19861,180,-11.4775,16.2102,-79.12,-79.12
19868,180,1.1991,16.2102,-79.12,-79.12
19868,180,1.1991,16.2102,-79.12,-79.12
19873,180,1.1991,15.9666,-79.12,-79.12
19873,180,1.1991,15.9666,-79.12,-79.12
19879,180,2.9979,15.9666,-79.12,-79.12
19879,180,2.9979,15.9666,-79.12,-79.12
19885,180,2.9979,16.5982,-79.12,-79.12
19885,180,2.9979,16.5982,-79.12,-77.68
19890,180,7.5375,16.5982,-79.12,-79.12
19890,180,7.5375,16.5982,-79.12,-79.12
19896,180,7.5375,15.8042,-79.12,-79.12
19896,180,7.5375,15.8042,-79.12,-79.12
19901,180,3.4261,15.8042,-79.12,-79.12
19901,180,3.4261,15.8042,-79.12,-79.12
19908,180,3.4261,15.8268,-79.12,-79.12
19908,180,3.4261,15.8268,-79.12,-79.12
19912,180,11.3062,15.8268,-79.12,-79.12
19912,180,11.3062,15.8268,-79.12,-79.12
19920,180,11.3062,15.7546,-79.12,-79.12
19920,180,11.3062,15.7546,-79.12,-79.12
19923,180,5.3105,15.7546,-79.12,-79.12
19923,180,5.3105,15.7546,-79.12,-79.12
19932,180,5.3105,15.7636,-79.12,-79.12
19932,180,5.3105,15.7636,-79.12,-79.12
19933,180,4.1113,15.7636,-79.12,-79.12
19934,180,4.1113,15.7636,-79.12,-79.12
19944,180,4.1113,16.6073,-79.12,-79.12
19944,180,4.1113,16.6073,-79.12,-79.12
19944,180,0.4283,16.6073,-79.12,-79.12
19945,180,0.4283,16.6073,-79.12,-79.12
19955,180,-6.9379,16.6073,-79.12,-79.12
19956,180,-6.9379,16.6073,-79.12,-77.68
19956,180,-6.9379,16.1200,-79.12,-77.68
19956,180,-6.9379,16.1200,-79.12,-79.12
19966,180,-3.9400,16.1200,-79.12,-79.12
19966,180,-3.9400,16.1200,-79.12,-79.12
19967,180,-3.9400,16.2779,-79.12,-79.12
19967,180,-3.9400,16.2779,-79.12,-79.12
19977,180,-3.3405,16.2779,-79.12,-79.12
19977,180,-3.3405,16.2779,-79.12,-79.12
19979,180,-3.3405,15.7320,-79.12,-79.12
19979,180,-3.3405,15.7320,-79.12,-79.12
19988,180,-6.8522,15.7320,-79.12,-79.12
19988,180,-6.8522,15.7320,-79.12,-79.12
19991,180,-6.8522,15.9305,-79.12,-79.12
19991,180,-6.8522,15.9305,-79.12,-79.12
19999,180,-1.0278,15.9305,-79.12,-79.12
19999,180,-1.0278,15.9305,-79.12,-79.12
20003,180,-1.0278,16.1020,-79.12,-79.12
20003,180,-1.0278,16.1020,-79.12,-79.12
20010,180,5.2248,16.1020,-79.12,-79.12
20010,180,5.2248,16.1020,-79.12,-79.12
20015,180,5.2248,15.4839,-79.12,-79.12
20015,180,5.2248,15.4839,-79.12,-79.12
20021,180,-2.9122,15.4839,-79.12,-79.12
20021,180,-2.9122,15.4839,-79.12,-79.12
20027,180,-2.9122,16.0704,-79.12,-79.12
20027,180,-2.9122,16.0704,-79.12,-79.12
20032,180,6.2527,16.0704,-79.12,-79.12
20032,180,6.2527,16.0704,-79.12,-79.12
20038,180,6.2527,15.7726,-79.12,-79.12
20038,180,6.2527,15.7726,-79.12,-79.12
20043,180,7.0236,15.7726,-79.12,-77.68
20043,180,7.0236,15.7726,-79.12,-79.12
20050,180,7.0236,15.8899,-79.12,-79.12
20050,180,7.0236,15.8899,-79.12,-79.12
20054,180,0.1713,15.8899,-79.12,-79.12
20054,180,0.1713,15.8899,-79.12,-79.12
20062,180,0.1713,16.0568,-79.12,-79.12
20062,180,0.1713,16.0568,-79.12,-79.12
20065,180,4.5396,16.0568,-79.12,-79.12
20065,180,4.5396,16.0568,-79.12,-79.12
20074,180,4.5396,15.6869,-79.12,-79.12
20074,180,4.5396,15.6869,-79.12,-79.12
20076,180,1.0278,15.6869,-79.12,-79.12
20076,180,1.0278,15.6869,-79.12,-79.12
20086,180,1.0278,16.2373,-79.12,-79.12
20086,180,1.0278,16.2373,-79.12,-79.12
20087,180,-0.9422,16.2373,-79.12,-79.12
20087,180,-0.9422,16.2373,-79.12,-79.12
20098,180,-0.9422,15.7320,-79.12,-79.12
20098,180,-0.9422,15.7320,-79.12,-79.12
20098,180,-10.8779,15.7320,-79.12,-79.12
20098,180,-10.8779,15.7320,-79.12,-79.12
20109,180,-9.8501,15.7320,-79.12,-79.12
20109,180,-9.8501,15.7320,-79.12,-79.12
20109,180,-9.8501,15.9305,-79.12,-79.12
20109,180,-9.8501,15.9305,-79.12,-79.12
20120,180,-3.6831,15.9305,-79.12,-79.12
20120,180,-3.6831,15.9305,-79.12,-79.12
20121,180,-3.6831,15.9350,-79.12,-79.12
20121,180,-3.6831,15.9350,-79.12,-79.12
20131,180,3.9400,15.9350,-79.12,-79.12
20131,180,3.9400,15.9350,-79.12,-79.12
20133,180,3.9400,15.5831,-79.12,-79.12
20133,180,3.9400,15.5831,-79.12,-77.68
20142,180,3.1692,15.5831,-79.12,-79.12
20142,180,3.1692,15.5831,-79.12,-79.12
20145,180,3.1692,16.0839,-79.12,-79.12
20145,180,3.1692,16.0839,-79.12,-79.12
20153,180,6.6809,16.0839,-79.12,-79.12
20153,180,6.6809,16.0839,-79.12,-79.12
20157,180,6.6809,16.0975,-79.12,-79.12
20157,180,6.6809,16.0975,-79.12,-79.12
20164,180,2.3983,16.0975,-79.12,-79.12
20164,180,2.3983,16.0975,-79.12,-79.12
20168,180,2.3983,16.4358,-79.12,-77.68
20169,180,2.3983,16.4358,-79.12,-79.12
20175,180,-1.9700,16.4358,-79.12,-79.12
20175,180,-1.9700,16.4358,-79.12,-79.12
20180,180,-1.9700,16.3140,-79.12,-79.12
20180,180,-1.9700,16.3140,-79.12,-79.12
20186,180,-2.7409,16.3140,-79.12,-77.68
20186,180,-2.7409,16.3140,-79.12,-79.12
20192,180,-2.7409,16.0975,-79.12,-79.12
20192,180,-2.7409,16.0975,-79.12,-79.12
20197,180,-12.9336,16.0975,-79.12,-79.12
20197,180,-12.9336,16.0975,-79.12,-79.12
20204,180,-12.9336,16.9772,-79.12,-79.12
20204,180,-12.9336,16.9772,-79.12,-79.12
20208,180,-5.8244,16.9772,-79.12,-79.12
20208,180,-5.8244,16.9772,-77.68,-79.12
20216,180,-5.8244,16.3321,-79.12,-79.12
20216,180,-5.8244,16.3321,-79.12,-79.12
20219,180,-8.4797,16.3321,-79.12,-79.12
20219,180,-8.4797,16.3321,-79.12,-79.12
20228,180,-8.4797,16.6118,-79.12,-79.12
20228,180,-8.4797,16.6118,-79.12,-79.12
20230,180,-0.3426,16.6118,-79.12,-79.12
20230,180,-0.3426,16.6118,-77.68,-79.12
20239,180,-0.3426,16.4133,-79.12,-79.12
20240,180,-0.3426,16.4133,-79.12,-79.12
20241,180,1.1135,16.4133,-79.12,-79.12
20241,180,1.1135,16.4133,-79.12,-79.12
20251,180,1.1135,16.2960,-79.12,-77.68
20251,180,1.1135,16.2960,-77.68,-79.12
20252,180,2.0557,16.2960,-79.12,-79.12
20252,180,2.0557,16.2960,-77.68,-79.12
20263,180,1.5418,16.2960,-79.12,-77.68
20263,180,1.5418,16.2960,-79.12,-79.12
20263,180,1.5418,16.4855,-79.12,-79.12
20263,180,1.5418,16.4855,-79.12,-79.12
20274,180,-1.7987,16.4855,-79.12,-79.12
20274,180,-1.7987,16.4855,-79.12,-79.12
20275,180,-1.7987,16.0523,-79.12,-79.12
20275,180,-1.7987,16.0523,-79.12,-79.12
20285,180,0.3426,16.0523,-79.12,-79.12
20285,180,0.3426,16.0523,-79.12,-79.12
20287,180,0.3426,16.8780,-79.12,-79.12
20287,180,0.3426,16.8780,-79.12,-79.12
20296,180,1.9700,16.8780,-79.12,-79.12
20296,180,1.9700,16.8780,-79.12,-79.12
20299,180,1.9700,16.5847,-79.12,-79.12
20299,180,1.9700,16.5847,-79.12,-79.12
20306,180,4.2827,16.5847,-79.12,-79.12
20307,180,4.2827,16.5847,-79.12,-79.12
20310,180,4.2827,16.6163,-79.12,-79.12
20311,180,4.2827,16.6163,-79.12,-79.12
20317,180,0.2570,16.6163,-79.12,-79.12
20318,180,0.2570,16.6163,-79.12,-79.12
20322,180,0.2570,17.0133,-79.12,-79.12
20322,180,0.2570,17.0133,-79.12,-79.12
20328,180,9.6788,17.0133,-79.12,-77.68
20329,180,9.6788,17.0133,-79.12,-79.12
20334,180,9.6788,16.2554,-79.12,-79.12
20334,180,9.6788,16.2554,-79.12,-79.12
20339,180,10.2784,16.2554,-79.12,-79.12
20339,180,10.2784,16.2554,-79.12,-79.12
20346,180,10.2784,16.8960,-79.12,-79.12
20346,180,10.2784,16.8960,-79.12,-79.12
20350,180,14.0471,16.8960,-79.12,-79.12
20350,180,14.0471,16.8960,-79.12,-79.12
20358,180,14.0471,16.3501,-79.12,-79.12
20358,180,14.0471,16.3501,-79.12,-79.12
20361,180,2.1413,16.3501,-79.12,-79.12
20361,180,2.1413,16.3501,-79.12,-79.12
20370,180,2.1413,16.7201,-79.12,-79.12
20370,180,2.1413,16.7201,-79.12,-79.12
20372,180,0.5139,16.7201,-79.12,-79.12
20372,180,0.5139,16.7201,-79.12,-79.12
20381,180,0.5139,16.7742,-79.12,-79.12
20382,180,0.5139,16.7742,-79.12,-79.12
20383,180,-0.7709,16.7742,-79.12,-79.12
20383,180,-0.7709,16.7742,-79.12,-79.12
20393,180,-0.7709,16.0839,-79.12,-79.12
20393,180,-0.7709,16.0839,-79.12,-79.12
20394,180,-0.8565,16.0839,-79.12,-79.12
20394,180,-0.8565,16.0839,-79.12,-79.12
20405,180,-0.8565,16.5035,-79.12,-79.12
20405,180,-0.8565,16.5035,-79.12,-79.12
20405,180,-1.5418,16.5035,-79.12,-79.12
20405,180,-1.5418,16.5035,-79.12,-79.12
20416,180,2.9979,16.5035,-79.12,-79.12
20416,180,2.9979,16.5035,-79.12,-79.12
20417,180,2.9979,16.1516,-79.12,-79.12
20417,180,2.9979,16.1516,-79.12,-79.12
20427,180,3.1692,16.1516,-79.12,-79.12
20427,180,3.1692,16.1516,-79.12,-79.12
20429,180,3.1692,16.3230,-79.12,-79.12
20429,180,3.1692,16.3230,-77.68,-79.12
20438,180,-3.0835,16.3230,-79.12,-79.12
20438,180,-3.0835,16.3230,-79.12,-79.12
20441,180,-3.0835,16.0253,-79.12,-79.12
20441,180,-3.0835,16.0253,-79.12,-79.12
20449,180,-2.6552,16.0253,-79.12,-79.12
20449,180,-2.6552,16.0253,-79.12,-79.12
20452,180,-2.6552,15.6057,-79.12,-79.12
20452,180,-2.6552,15.6057,-79.12,-79.12
20460,180,-7.3662,15.6057,-79.12,-79.12
20460,180,-7.3662,15.6057,-79.12,-79.12
20464,180,-7.3662,16.5351,-79.12,-79.12
20464,180,-7.3662,16.5351,-79.12,-79.12
20471,180,-5.9101,16.5351,-79.12,-79.12
20471,180,-5.9101,16.5351,-79.12,-79.12
20476,180,-5.9101,16.0478,-79.12,-79.12
20476,180,-5.9101,16.0478,-79.12,-79.12
20482,180,-8.3084,16.0478,-79.12,-79.12
20482,180,-8.3084,16.0478,-79.12,-79.12
20488,180,-8.3084,16.2102,-79.12,-77.68
20488,180,-8.3084,16.2102,-79.12,-79.12
20493,180,-0.5996,16.2102,-79.12,-79.12
20493,180,-0.5996,16.2102,-79.12,-79.12
20500,180,-0.5996,15.9711,-79.12,-79.12
20500,180,-0.5996,15.9711,-79.12,-79.12
20504,180,-0.0857,15.9711,-79.12,-79.12
20504,180,-0.0857,15.9711,-79.12,-79.12
20512,180,-0.0857,15.9937,-79.12,-79.12
20512,180,-0.0857,15.9937,-79.12,-79.12
20515,180,-2.6552,15.9937,-79.12,-79.12
20515,180,-2.6552,15.9937,-79.12,-79.12
20523,180,-2.6552,16.5576,-79.12,-79.12
20523,180,-2.6552,16.5576,-79.12,-79.12
20526,180,-0.4283,16.5576,-79.12,-79.12
20526,180,-0.4283,16.5576,-79.12,-79.12
20535,180,-0.4283,16.1290,-79.12,-79.12
20535,180,-0.4283,16.1290,-79.12,-79.12
20537,180,-4.1970,16.1290,-79.12,-79.12
20537,180,-4.1970,16.1290,-79.12,-79.12
20547,180,-4.1970,16.3997,-79.12,-79.12
20547,180,-4.1970,16.3997,-79.12,-79.12
20548,180,3.5974,16.3997,-79.12,-79.12
20548,180,3.5974,16.3997,-79.12,-79.12
20559,180,1.9700,16.3997,-79.12,-79.12
20559,180,1.9700,16.3997,-79.12,-79.12
20559,180,1.9700,16.2057,-79.12,-79.12
20559,180,1.9700,16.2057,-79.12,-79.12
20570,180,1.1991,16.2057,-79.12,-79.12
20570,180,1.1991,16.2057,-79.12,-79.12
20571,180,1.1991,16.2238,-79.12,-79.12
20571,180,1.1991,16.2238,-79.12,-79.12
20581,180,2.9122,16.2238,-79.12,-79.12
20581,180,2.9122,16.2238,-79.12,-79.12
20583,180,2.9122,16.4088,-79.12,-79.12
20583,180,2.9122,16.4088,-79.12,-79.12
20592,180,2.9979,16.4088,-79.12,-79.12
20592,180,2.9979,16.4088,-79.12,-79.12
20594,180,2.9979,16.0433,-79.12,-79.12
20594,180,2.9979,16.0433,-79.12,-79.12
20603,180,-3.4261,16.0433,-79.12,-79.12
20603,180,-3.4261,16.0433,-79.12,-79.12
20606,180,-3.4261,16.5847,-79.12,-79.12
20606,180,-3.4261,16.5847,-79.12,-79.12
20614,180,0.2570,16.5847,-79.12,-79.12
20614,180,0.2570,16.5847,-79.12,-79.12
20618,180,0.2570,16.1877,-79.12,-79.12
20618,180,0.2570,16.1877,-79.12,-79.12
20625,180,-1.7131,16.1877,-79.12,-79.12
20625,180,-1.7131,16.1877,-79.12,-79.12
20630,180,-1.7131,16.1741,-79.12,-79.12
20630,180,-1.7131,16.1741,-79.12,-79.12
20636,180,0.0857,16.1741,-77.68,-79.12
20636,180,0.0857,16.1741,-79.12,-79.12
20642,180,0.0857,16.0478,-79.12,-79.12
20642,180,0.0857,16.0478,-79.12,-79.12
20647,180,3.1692,16.0478,-79.12,-79.12
20647,180,3.1692,16.0478,-79.12,-79.12
20654,180,3.1692,15.5786,-79.12,-79.12
20654,180,3.1692,15.5786,-77.68,-79.12
20658,180,-3.6831,15.5786,-79.12,-79.12
20658,180,-3.6831,15.5786,-79.12,-79.12
20665,180,-3.6831,16.2508,-79.12,-77.68
20665,180,-3.6831,16.2508,-79.12,-79.12
20669,180,-3.9400,16.2508,-79.12,-79.12
20669,180,-3.9400,16.2508,-79.12,-79.12
20677,180,-3.9400,16.3275,-79.12,-79.12
20677,180,-3.9400,16.3275,-79.12,-79.12
20679,180,-7.0236,16.3275,-79.12,-79.12
20680,180,-7.0236,16.3275,-79.12,-79.12
20689,180,-7.0236,16.8689,-79.12,-79.12
20689,180,-7.0236,16.8689,-79.12,-79.12
20690,180,-6.4240,16.8689,-79.12,-79.12
20691,180,-6.4240,16.8689,-79.12,-79.12
20701,180,-6.4240,16.6163,-79.12,-79.12
20701,180,-6.4240,16.6163,-79.12,-79.12
20701,180,-6.7666,16.6163,-79.12,-79.12
20702,180,-6.7666,16.6163,-77.68,-79.12
20712,180,-6.8522,16.6163,-79.12,-79.12
20712,180,-6.8522,16.6163,-79.12,-79.12
20713,180,-6.8522,16.3185,-79.12,-79.12
20713,180,-6.8522,16.3185,-79.12,-79.12
20723,180,-5.3961,16.3185,-77.68,-79.12
20723,180,-5.3961,16.3185,-79.12,-79.12
20725,180,-5.3961,16.8283,-79.12,-79.12
20725,180,-5.3961,16.8283,-79.12,-79.12
20734,180,0.0000,16.8283,-79.12,-79.12
20734,180,0.0000,16.8283,-79.12,-79.12
20736,180,0.0000,15.8674,-79.12,-79.12
20736,180,0.0000,15.8674,-79.12,-79.12
20745,180,1.1135,15.8674,-79.12,-77.68
20745,180,1.1135,15.8674,-79.12,-79.12
20748,180,1.1135,16.4088,-79.12,-79.12
20748,180,1.1135,16.4088,-79.12,-79.12
20756,180,1.0278,16.4088,-79.12,-79.12
20756,180,1.0278,16.4088,-79.12,-79.12
20760,180,1.0278,16.6840,-79.12,-79.12
20760,180,1.0278,16.6840,-79.12,-79.12
20767,180,-2.0557,16.6840,-79.12,-79.12
20767,180,-2.0557,16.6840,-79.12,-79.12
20772,180,-2.0557,16.5847,-79.12,-79.12
20772,180,-2.0557,16.5847,-79.12,-79.12
20778,180,-9.1649,16.5847,-79.12,-79.12
20778,180,-9.1649,16.5847,-79.12,-79.12
20784,180,-9.1649,16.5396,-79.12,-79.12
20784,180,-9.1649,16.5396,-79.12,-79.12
20789,180,-7.7944,16.5396,-79.12,-79.12
20789,180,-7.7944,16.5396,-79.12,-79.12
20796,180,-7.7944,15.7140,-79.12,-79.12
20796,180,-7.7944,15.7140,-79.12,-79.12
20800,180,-3.7687,15.7140,-79.12,-79.12
20800,180,-3.7687,15.7140,-79.12,-79.12
20807,180,-3.7687,16.2148,-79.12,-79.12
20807,180,-3.7687,16.2148,-79.12,-79.12
20811,180,-3.0835,16.2148,-79.12,-79.12
20811,180,-3.0835,16.2148,-79.12,-79.12
20819,180,-3.0835,16.0659,-79.12,-79.12
20819,180,-3.0835,16.0659,-79.12,-79.12
20822,180,-0.2570,16.0659,-79.12,-79.12
20822,180,-0.2570,16.0659,-79.12,-79.12
20831,180,-0.2570,15.5786,-79.12,-79.12
20831,180,-0.2570,15.5786,-79.12,-79.12
20833,180,9.5931,15.5786,-79.12,-79.12
20833,180,9.5931,15.5786,-79.12,-79.12
20843,180,9.5931,16.0704,-79.12,-79.12
20843,180,9.5931,16.0704,-79.12,-79.12
20844,180,12.4197,16.0704,-79.12,-79.12
20844,180,12.4197,16.0704,-79.12,-79.12
20855,180,12.4197,15.7095,-79.12,-79.12
20855,180,12.4197,15.7095,-79.12,-79.12
20855,180,4.5396,15.7095,-79.12,-79.12
20855,180,4.5396,15.7095,-79.12,-79.12
20866,180,-4.0257,15.7095,-79.12,-79.12
20866,180,-4.0257,15.7095,-77.68,-79.12
20866,180,-4.0257,16.3411,-79.12,-79.12
20867,180,-4.0257,16.3411,-79.12,-79.12
20877,180,-3.1692,16.3411,-79.12,-79.12
20877,180,-3.1692,16.3411,-79.12,-79.12
20878,180,-3.1692,15.8989,-79.12,-79.12
20878,180,-3.1692,15.8989,-79.12,-79.12
20888,180,-3.2548,15.8989,-79.12,-79.12
20888,180,-3.2548,15.8989,-79.12,-79.12
20890,180,-3.2548,16.0162,-79.12,-79.12
20890,180,-3.2548,16.0162,-79.12,-79.12
20899,180,1.1991,16.0162,-79.12,-79.12
20899,180,1.1991,16.0162,-79.12,-79.12
20902,180,1.1991,16.1877,-79.12,-79.12
20902,180,1.1991,16.1877,-79.12,-79.12
20910,180,-0.3426,16.1877,-79.12,-79.12
20910,180,-0.3426,16.1877,-79.12,-79.12
20914,180,-0.3426,15.5876,-79.12,-79.12
20914,180,-0.3426,15.5876,-79.12,-79.12
20921,180,-13.1049,15.5876,-79.12,-79.12
20921,180,-13.1049,15.5876,-79.12,-79.12
20926,180,-13.1049,16.3275,-79.12,-79.12
20926,180,-13.1049,16.3275,-79.12,-79.12
20932,180,-10.5353,16.3275,-79.12,-79.12
20932,180,-10.5353,16.3275,-79.12,-79.12
20937,180,-10.5353,15.7997,-79.12,-79.12
20938,180,-10.5353,15.7997,-79.12,-79.12
20943,180,-2.9979,15.7997,-79.12,-79.12
20943,180,-2.9979,15.7997,-79.12,-79.12
20949,180,-2.9979,15.7636,-79.12,-79.12
20949,180,-2.9979,15.7636,-79.12,-79.12
20954,180,4.1970,15.7636,-79.12,-79.12
20954,180,4.1970,15.7636,-79.12,-77.68
20961,180,4.1970,15.7320,-79.12,-79.12
20961,180,4.1970,15.7320,-79.12,-79.12
20965,180,1.8844,15.7320,-79.12,-79.12
20965,180,1.8844,15.7320,-79.12,-79.12
20973,180,1.8844,15.2583,-79.12,-79.12
20973,180,1.8844,15.2583,-79.12,-79.12
20976,180,1.9700,15.2583,-79.12,-79.12
20976,180,1.9700,15.2583,-79.12,-79.12
20985,180,1.9700,15.9170,-79.12,-79.12
20985,180,1.9700,15.9170,-79.12,-79.12
20987,180,5.8244,15.9170,-79.12,-79.12
20987,180,5.8244,15.9170,-79.12,-79.12
20997,180,5.8244,15.7591,-77.68,-79.12
20997,180,5.8244,15.7591,-79.12,-79.12
20998,180,5.6531,15.7591,-79.12,-79.12
20998,180,5.6531,15.7591,-79.12,-79.12
21008,180,5.6531,16.4268,-79.12,-79.12
21009,180,5.6531,16.4268,-79.12,-79.12
21009,180,2.4839,16.4268,-79.12,-79.12
21009,180,2.4839,16.4268,-79.12,-79.12
21020,180,-3.2548,16.4268,-79.12,-79.12
21020,180,-3.2548,16.4268,-79.12,-79.12
21020,180,-3.2548,15.8222,-79.12,-79.12
21020,180,-3.2548,15.8222,-79.12,-77.68
21031,180,2.2270,15.8222,-79.12,-79.12
21031,180,2.2270,15.8222,-79.12,-79.12
21032,180,2.2270,15.8719,-79.12,-79.12
21032,180,2.2270,15.8719,-79.12,-79.12
21042,180,1.7987,15.8719,-77.68,-79.12
21042,180,1.7987,15.8719,-79.12,-79.12
21044,180,1.7987,16.3681,-79.12,-79.12
21044,180,1.7987,16.3681,-79.12,-79.12
21052,180,4.5396,16.3681,-79.12,-79.12
21053,180,4.5396,16.3681,-79.12,-79.12
21056,180,4.5396,15.5967,-79.12,-79.12
21056,180,4.5396,15.5967,-79.12,-79.12
21063,180,7.1949,15.5967,-79.12,-79.12
21064,180,7.1949,15.5967,-79.12,-79.12
21068,180,7.1949,16.1832,-79.12,-79.12
21068,180,7.1949,16.1832,-79.12,-79.12
21074,180,4.8822,16.1832,-79.12,-79.12
21075,180,4.8822,16.1832,-79.12,-77.68
21079,180,4.8822,15.9982,-79.12,-79.12
21079,180,4.8822,15.9982,-79.12,-79.12
21085,180,-5.1392,15.9982,-79.12,-79.12
21085,180,-5.1392,15.9982,-79.12,-79.12
21091,180,-5.1392,15.7501,-79.12,-79.12
21091,180,-5.1392,15.7501,-79.12,-79.12
21096,180,-5.9101,15.7501,-79.12,-79.12
21096,180,-5.9101,15.7501,-79.12,-79.12
21103,180,-5.9101,16.2689,-79.12,-79.12
21103,180,-5.9101,16.2689,-79.12,-79.12
21107,180,2.4839,16.2689,-79.12,-79.12
21107,180,2.4839,16.2689,-79.12,-79.12
21115,180,2.4839,15.5380,-79.12,-79.12
21115,180,2.4839,15.5380,-79.12,-79.12
21118,180,-2.0557,15.5380,-79.12,-79.12
21118,180,-2.0557,15.5380,-79.12,-79.12
21127,180,-2.0557,16.6840,-79.12,-79.12
21127,180,-2.0557,16.6840,-79.12,-79.12
21129,180,-3.0835,16.6840,-79.12,-79.12
21129,180,-3.0835,16.6840,-79.12,-79.12
21139,180,-3.0835,16.5261,-79.12,-79.12
21139,180,-3.0835,16.5261,-79.12,-79.12
21140,180,0.6852,16.5261,-79.12,-79.12
21140,180,0.6852,16.5261,-79.12,-79.12
21150,180,0.6852,16.0884,-79.12,-79.12
21150,180,0.6852,16.0884,-79.12,-79.12
21151,180,6.1670,16.0884,-79.12,-79.12
21151,180,6.1670,16.0884,-79.12,-79.12
21162,180,-7.4518,16.0884,-79.12,-79.12
21162,180,-7.4518,16.0117,-79.12,-79.12
21162,180,-7.4518,16.0117,-79.12,-79.12
21173,180,-3.5118,16.0117,-79.12,-79.12
21173,180,-3.5118,16.0117,-79.12,-79.12
21174,180,-3.5118,15.7907,-79.12,-79.12
21174,180,-3.5118,15.7907,-79.12,-79.12
21184,180,-6.5953,15.7907,-79.12,-79.12
21184,180,-6.5953,15.7907,-79.12,-79.12
21186,180,-6.5953,16.5531,-79.12,-79.12
21186,180,-6.5953,16.5531,-79.12,-79.12
21195,180,-2.5696,16.5531,-79.12,-79.12
21195,180,-2.5696,16.5531,-79.12,-79.12
21198,180,-2.5696,15.7636,-79.12,-79.12
21198,180,-2.5696,15.7636,-79.12,-79.12
21206,180,0.3426,15.7636,-79.12,-77.68
21206,180,0.3426,15.7636,-79.12,-79.12
21210,180,0.3426,16.2508,-79.12,-79.12
21210,180,0.3426,16.2508,-77.68,-77.68
21217,180,-2.6552,16.2508,-79.12,-79.12
21217,180,-2.6552,16.2508,-79.12,-79.12
21221,180,-2.6552,16.8283,-79.12,-79.12
21221,180,-2.6552,16.8283,-79.12,-79.12
21228,180,-2.9122,16.8283,-79.12,-79.12
21228,180,-2.9122,16.8283,-79.12,-77.68
21233,180,-2.9122,16.3005,-79.12,-79.12
21233,180,-2.9122,16.3005,-79.12,-79.12
21239,180,-9.6788,16.3005,-79.12,-79.12
21239,180,-9.6788,16.3005,-79.12,-79.12
21245,180,-9.6788,16.6434,-79.12,-77.68
21245,180,-9.6788,16.6434,-79.12,-79.12
21250,180,0.8565,16.6434,-79.12,-79.12
21250,180,0.8565,16.6434,-79.12,-79.12
21257,180,0.8565,15.9847,-79.12,-79.12
21257,180,0.8565,15.9847,-79.12,-79.12
21261,180,0.2570,15.9847,-79.12,-79.12
21261,180,0.2570,15.9847,-79.12,-79.12
21269,180,0.2570,15.8628,-79.12,-79.12
21269,180,0.2570,15.8628,-79.12,-79.12
21272,180,2.1413,15.8628,-79.12,-79.12
21272,180,2.1413,15.8628,-79.12,-79.12
21281,180,2.1413,15.6012,-79.12,-79.12
21281,180,2.1413,15.6012,-79.12,-79.12
21283,180,9.5075,15.6012,-79.12,-79.12
21283,180,9.5075,15.6012,-79.12,-79.12
21292,180,9.5075,15.8448,-79.12,-79.12
21292,180,9.5075,15.8448,-79.12,-79.12
21294,180,11.0493,15.8448,-79.12,-79.12
21294,180,11.0493,15.8448,-79.12,-79.12
21304,180,11.0493,16.2779,-79.12,-79.12
21304,180,11.0493,16.2779,-79.12,-79.12
21305,180,4.8822,16.2779,-79.12,-79.12
21305,180,4.8822,16.2779,-79.12,-79.12
21316,180,-0.2570,16.2779,-79.12,-79.12
21316,180,-0.2570,16.2779,-79.12,-79.12
21316,180,-0.2570,15.9125,-79.12,-79.12
21316,180,-0.2570,15.9125,-79.12,-79.12
21327,180,-1.2848,15.9125,-79.12,-77.68
21327,180,-1.2848,15.9125,-79.12,-79.12
21328,180,-1.2848,16.2508,-79.12,-79.12
21328,180,-1.2848,16.2508,-79.12,-79.12
21338,180,-0.3426,16.2508,-79.12,-79.12
21338,180,-0.3426,16.2508,-79.12,-79.12
21340,180,-0.3426,16.2373,-79.12,-79.12
21340,180,-0.3426,16.2373,-79.12,-79.12
21349,180,-2.3126,16.2373,-79.12,-79.12
21349,180,-2.3126,16.2373,-79.12,-79.12
21351,180,-2.3126,16.3411,-79.12,-79.12
21352,180,-2.3126,16.3411,-79.12,-79.12
21360,180,-5.9957,16.3411,-79.12,-79.12
21360,180,-5.9957,16.3411,-79.12,-79.12
21363,180,-5.9957,16.4674,-79.12,-79.12
21363,180,-5.9957,16.4674,-79.12,-79.12
21371,180,3.4261,16.4674,-79.12,-79.12
21371,180,3.4261,16.4674,-79.12,-79.12
21375,180,3.4261,15.7997,-79.12,-79.12
21375,180,3.4261,15.7997,-79.12,-79.12
21382,180,-2.5696,15.7997,-79.12,-79.12
21382,180,-2.5696,15.7997,-79.12,-79.12
21387,180,-2.5696,16.5080,-79.12,-79.12
21387,180,-2.5696,16.5080,-79.12,-79.12
21393,180,-0.5996,16.5080,-79.12,-79.12
21393,180,-0.5996,16.5080,-79.12,-79.12
21399,180,-0.5996,15.9801,-79.12,-79.12
21399,180,-0.5996,15.9801,-79.12,-79.12
21404,180,0.5996,15.9801,-79.12,-79.12
21404,180,0.5996,15.9801,-79.12,-79.12
21411,180,0.5996,15.9486,-79.12,-79.12
21411,180,0.5996,15.9486,-79.12,-79.12
21415,180,-0.6852,15.9486,-79.12,-79.12
21415,180,-0.6852,15.9486,-79.12,-79.12
21422,180,-0.6852,16.3050,-79.12,-79.12
21423,180,-0.6852,16.3050,-79.12,-79.12
21426,180,-2.8266,16.3050,-79.12,-79.12
21426,180,-2.8266,16.3050,-79.12,-79.12
21434,180,-2.8266,15.4613,-79.12,-79.12
21434,180,-2.8266,15.4613,-79.12,-79.12
21436,180,-3.9400,15.4613,-79.12,-79.12
21437,180,-3.9400,15.4613,-79.12,-79.12
21446,180,-3.9400,16.2463,-79.12,-79.12
21446,180,-3.9400,16.2463,-79.12,-79.12
21447,180,-4.7109,16.2463,-79.12,-79.12
21448,180,-4.7109,16.2463,-79.12,-79.12
21458,180,-4.7109,15.8268,-79.12,-79.12
21458,180,-4.7109,15.8268,-79.12,-79.12
21458,180,-1.9700,15.8268,-79.12,-79.12
21458,180,-1.9700,15.8268,-79.12,-79.12
21469,180,-1.3704,15.8268,-79.12,-79.12
21469,180,-1.3704,15.8268,-79.12,-79.12
21470,180,-1.3704,15.9260,-79.12,-79.12
21470,180,-1.3704,15.9260,-79.12,-79.12
21480,180,-10.7066,15.9260,-79.12,-79.12
21480,180,-10.7066,15.9260,-79.12,-79.12
21482,180,-10.7066,15.8358,-79.12,-79.12
21482,180,-10.7066,15.8358,-79.12,-79.12
21491,180,-10.1927,15.8358,-79.12,-79.12
21491,180,-10.1927,15.8358,-79.12,-79.12
21493,180,-10.1927,15.7907,-79.12,-79.12
21494,180,-10.1927,15.7907,-79.12,-79.12
21502,180,-7.2805,15.7907,-79.12,-79.12
21502,180,-7.2805,15.7907,-79.12,-79.12
21505,180,-7.2805,16.1922,-79.12,-79.12
21505,180,-7.2805,16.1922,-79.12,-79.12
21513,180,-0.0857,16.1922,-79.12,-79.12
21513,180,-0.0857,16.1922,-79.12,-79.12
21517,180,-0.0857,15.7230,-79.12,-79.12
21517,180,-0.0857,15.7230,-79.12,-79.12
21524,180,-4.1970,15.7230,-79.12,-79.12
21524,180,-4.1970,15.7230,-79.12,-79.12
21529,180,-4.1970,16.3501,-79.12,-79.12
21529,180,-4.1970,16.3501,-79.12,-79.12
21535,180,0.5996,16.3501,-79.12,-79.12
21535,180,0.5996,16.3501,-79.12,-79.12
21541,180,0.5996,16.1561,-79.12,-79.12
21541,180,0.5996,16.1561,-79.12,-79.12
21546,180,2.6552,16.1561,-79.12,-79.12
21546,180,2.6552,16.1561,-79.12,-79.12
21553,180,2.6552,15.6553,-79.12,-79.12
21553,180,2.6552,15.6553,-79.12,-79.12
21557,180,-2.0557,15.6553,-79.12,-79.12
21557,180,-2.0557,15.6553,-79.12,-79.12
21564,180,-2.0557,16.3907,-79.12,-79.12
21565,180,-2.0557,16.3907,-79.12,-79.12
21568,180,9.2505,16.3907,-79.12,-79.12
21568,180,9.2505,16.3907,-79.12,-79.12
21576,180,9.2505,16.1020,-79.12,-79.12
21576,180,9.2505,16.1020,-79.12,-79.12
21579,180,4.1113,16.1020,-79.12,-79.12
21579,180,4.1113,16.1020,-79.12,-79.12
21588,180,4.1113,16.5802,-79.12,-79.12
21588,180,4.1113,16.5802,-79.12,-77.68
21590,180,1.0278,16.5802,-79.12,-79.12
21590,180,1.0278,16.5802,-79.12,-79.12
21600,180,1.0278,15.9441,-79.12,-79.12
21600,180,1.0278,15.9441,-79.12,-79.12
21601,180,-3.0835,15.9441,-79.12,-77.68
21601,180,-3.0835,15.9441,-79.12,-79.12
21612,180,-3.0835,15.6373,-79.12,-79.12
21612,180,-3.0835,15.6373,-79.12,-79.12
21612,180,2.3126,15.6373,-79.12,-79.12
21612,180,2.3126,15.6373,-79.12,-79.12
21623,180,-2.3126,15.6373,-79.12,-79.12
21623,180,-2.3126,15.6373,-79.12,-79.12
21624,180,-2.3126,15.8538,-79.12,-79.12
21624,180,-2.3126,15.8538,-79.12,-77.68
21634,180,-7.1949,15.8538,-79.12,-79.12
21634,180,-7.1949,15.8538,-79.12,-79.12
21635,180,-7.1949,15.6734,-79.12,-79.12
21635,180,-7.1949,15.6734,-79.12,-79.12
21645,180,-6.1670,15.6734,-79.12,-79.12
21645,180,-6.1670,15.6734,-79.12,-79.12
21647,180,-6.1670,16.1020,-79.12,-79.12
21647,180,-6.1670,16.1020,-79.12,-79.12
21656,180,0.8565,16.1020,-79.12,-79.12
21656,180,0.8565,16.1020,-79.12,-79.12
21659,180,0.8565,15.7185,-79.12,-79.12
21659,180,0.8565,15.7185,-79.12,-79.12
21667,180,-1.7987,15.7185,-79.12,-79.12
21667,180,-1.7987,15.7185,-79.12,-77.68
21671,180,-1.7987,15.9170,-79.12,-79.12
21671,180,-1.7987,15.9170,-79.12,-79.12
21678,180,0.3426,15.9170,-79.12,-79.12
21678,180,0.3426,15.9170,-79.12,-79.12
21683,180,0.3426,15.9576,-79.12,-79.12
21683,180,0.3426,15.9576,-79.12,-79.12
21689,180,2.0557,15.9576,-79.12,-79.12
21689,180,2.0557,15.9576,-79.12,-79.12
21695,180,2.0557,15.3350,-79.12,-79.12
21695,180,2.0557,15.3350,-79.12,-79.12
21700,180,5.3961,15.3350,-79.12,-79.12
21700,180,5.3961,15.3350,-79.12,-79.12
21706,180,5.3961,15.6824,-79.12,-79.12
21706,180,5.3961,15.6824,-77.68,-79.12
21711,180,0.9422,15.6824,-79.12,-79.12
21711,180,0.9422,15.6824,-79.12,-79.12
21718,180,0.9422,15.2087,-77.68,-79.12
21718,180,0.9422,15.2087,-79.12,-79.12
21722,180,-4.6253,15.2087,-79.12,-79.12
21722,180,-4.6253,15.2087,-79.12,-79.12
21730,180,-4.6253,15.7501,-79.12,-79.12
21730,180,-4.6253,15.7501,-79.12,-79.12
21733,180,-3.3405,15.7501,-79.12,-79.12
21733,180,-3.3405,15.7501,-79.12,-79.12
21742,180,-3.3405,16.0388,-79.12,-79.12
21742,180,-3.3405,16.0388,-79.12,-79.12
21744,180,-14.0471,16.0388,-79.12,-79.12
21744,180,-14.0471,16.0388,-79.12,-79.12
21754,180,-14.0471,15.7455,-79.12,-77.68
21754,180,-14.0471,15.7455,-79.12,-79.12
21755,180,-7.1092,15.7455,-79.12,-79.12
21755,180,-7.1092,15.7455,-79.12,-79.12
21766,180,-7.1092,15.9531,-79.12,-79.12
21766,180,1.4561,15.9531,-79.12,-79.12
21766,180,1.4561,15.9531,-79.12,-79.12
21777,180,-0.2570,15.9531,-79.12,-79.12
21777,180,-0.2570,15.9531,-79.12,-79.12
21777,180,-0.2570,15.6057,-79.12,-79.12
21777,180,-0.2570,15.6057,-79.12,-79.12
21788,180,7.6231,15.6057,-79.12,-79.12
21788,180,7.6231,15.6057,-79.12,-79.12
21789,180,7.6231,16.2960,-79.12,-79.12
21789,180,7.6231,16.2960,-79.12,-79.12
21799,180,3.8544,16.2960,-79.12,-79.12
21799,180,3.8544,16.2960,-79.12,-79.12
21801,180,3.8544,15.7591,-79.12,-79.12
21801,180,3.8544,15.7591,-79.12,-79.12
21809,180,-2.6552,15.7591,-79.12,-79.12
21810,180,-2.6552,15.7591,-79.12,-79.12
21813,180,-2.6552,15.3215,-77.68,-79.12
21813,180,-2.6552,15.3215,-79.12,-79.12
21820,180,-4.7109,15.3215,-79.12,-79.12
21821,180,-4.7109,15.3215,-79.12,-79.12
21825,180,-4.7109,16.1516,-77.68,-79.12
21825,180,-4.7109,16.1516,-79.12,-79.12
21831,180,1.3704,16.1516,-79.12,-79.12
21832,180,1.3704,16.1516,-79.12,-79.12
21837,180,1.3704,15.6598,-79.12,-79.12
21837,180,1.3704,15.6598,-79.12,-79.12
21842,180,-1.7987,15.6598,-79.12,-79.12
21842,180,-1.7987,15.6598,-79.12,-79.12
21848,180,-1.7987,15.9395,-79.12,-79.12
21848,180,-1.7987,15.9395,-79.12,-79.12
21853,180,-5.2248,15.9395,-79.12,-79.12
21853,180,-5.2248,15.9395,-79.12,-79.12
21860,180,-5.2248,15.4388,-79.12,-79.12
21860,180,-5.2248,15.4388,-79.12,-79.12
21864,180,-6.4240,15.4388,-77.68,-79.12
21864,180,-6.4240,15.4388,-79.12,-79.12
21872,180,-6.4240,15.1951,-79.12,-79.12
21872,180,-6.4240,15.1951,-79.12,-79.12
21875,180,-4.1970,15.1951,-79.12,-79.12
21875,180,-4.1970,15.1951,-79.12,-79.12
21884,180,-4.1970,15.4884,-79.12,-79.12
21884,180,-4.1970,15.4884,-79.12,-79.12
21886,180,-8.2227,15.4884,-79.12,-79.12
21886,180,-8.2227,15.4884,-79.12,-79.12
21896,180,-8.2227,15.5876,-79.12,-79.12
21896,180,-8.2227,15.5876,-79.12,-79.12
21897,180,-13.7901,15.5876,-79.12,-79.12
21897,180,-13.7901,15.5876,-79.12,-79.12
21908,180,-13.7901,16.4223,-79.12,-79.12
21908,180,-13.7901,16.4223,-79.12,-79.12
21908,180,1.2848,16.4223,-79.12,-79.12
21908,180,1.2848,16.4223,-79.12,-79.12
21919,180,-1.0278,16.4223,-79.12,-79.12
21919,180,-1.0278,16.4223,-79.12,-79.12
21919,180,-1.0278,16.0839,-79.12,-79.12
21919,180,-1.0278,16.0839,-79.12,-79.12
21930,180,-2.2270,16.0839,-79.12,-79.12
21930,180,-2.2270,16.0839,-79.12,-79.12
21931,180,-2.2270,16.2869,-79.12,-79.12
21931,180,-2.2270,16.2869,-79.12,-79.12
21941,180,-6.9379,16.2869,-79.12,-79.12
21941,180,-6.9379,16.2869,-79.12,-79.12
21943,180,-6.9379,16.6208,-79.12,-79.12
21943,180,-6.9379,16.6208,-77.68,-79.12
21952,180,-10.1071,16.6208,-79.12,-79.12
21952,180,-10.1071,16.6208,-79.12,-79.12
21955,180,-10.1071,15.6779,-79.12,-79.12
21955,180,-10.1071,15.6779,-79.12,-79.12
21963,180,-9.6788,15.6779,-79.12,-79.12
21963,180,-9.6788,15.6779,-79.12,-79.12
21967,180,-9.6788,16.3501,-79.12,-79.12
21967,180,-9.6788,16.3501,-79.12,-79.12
21974,180,-4.8822,16.3501,-79.12,-79.12
21974,180,-4.8822,16.3501,-79.12,-79.12
21978,180,-4.8822,16.2238,-79.12,-79.12
21979,180,-4.8822,16.2238,-79.12,-79.12
21985,180,-3.5118,16.2238,-79.12,-79.12
21985,180,-3.5118,16.2238,-79.12,-79.12
21990,180,-3.5118,16.3321,-79.12,-79.12
21990,180,-3.5118,16.3321,-79.12,-79.12
21996,180,-5.2248,16.3321,-79.12,-79.12
21996,180,-5.2248,16.3321,-79.12,-79.12
22002,180,-5.2248,16.4313,-79.12,-79.12
22002,180,-5.2248,16.4313,-79.12,-79.12
22007,180,-2.6552,16.4313,-79.12,-79.12
22007,180,-2.6552,16.4313,-79.12,-79.12
22014,180,-2.6552,15.9892,-79.12,-79.12
22014,180,-2.6552,15.9892,-79.12,-79.12
22018,180,-3.5118,15.9892,-79.12,-79.12
22018,180,-3.5118,15.9892,-79.12,-79.12
22026,180,-3.5118,16.3005,-79.12,-79.12
22026,180,-3.5118,16.3005,-79.12,-79.12
22029,180,2.6552,16.3005,-79.12,-79.12
22029,180,2.6552,16.3005,-79.12,-79.12
22038,180,2.6552,15.4568,-79.12,-79.12
22038,180,2.6552,15.4568,-79.12,-79.12
22040,180,3.8544,15.4568,-79.12,-79.12
22040,180,3.8544,15.4568,-79.12,-79.12
22049,180,3.8544,16.0253,-79.12,-79.12
22050,180,3.8544,16.0253,-79.12,-79.12
22051,180,12.8480,16.0253,-79.12,-79.12
22051,180,12.8480,16.0253,-79.12,-79.12
22061,180,12.8480,16.4042,-79.12,-79.12
22061,180,12.8480,16.4042,-79.12,-79.12
22062,180,2.7409,16.4042,-79.12,-79.12
22062,180,2.7409,16.4042,-79.12,-79.12
22073,180,2.1413,16.4042,-79.12,-79.12
22073,180,2.1413,16.4042,-79.12,-79.12
22073,180,2.1413,16.0614,-79.12,-79.12
22073,180,2.1413,16.0614,-79.12,-79.12
22084,180,-5.9101,16.0614,-79.12,-79.12
22084,180,-5.9101,16.0614,-79.12,-79.12
22085,180,-5.9101,16.3817,-77.68,-79.12
22085,180,-5.9101,16.3817,-79.12,-79.12
22095,180,-7.0236,16.3817,-79.12,-79.12
22095,180,-7.0236,16.3817,-79.12,-79.12
22097,180,-7.0236,16.0117,-79.12,-79.12
22097,180,-7.0236,16.0117,-79.12,-79.12
22106,180,-3.6831,16.0117,-79.12,-79.12
22106,180,-3.6831,16.0117,-79.12,-79.12
22109,180,-3.6831,16.8013,-79.12,-79.12
22109,180,-3.6831,16.8013,-79.12,-79.12
22117,180,-4.6253,16.8013,-79.12,-79.12
22117,180,-4.6253,16.8013,-79.12,-79.12
22120,180,-4.6253,16.5621,-79.12,-79.12
22121,180,-4.6253,16.5621,-79.12,-79.12
22128,180,-0.4283,16.5621,-79.12,-79.12
22128,180,-0.4283,16.5621,-79.12,-79.12
22132,180,-0.4283,16.1561,-79.12,-79.12
22132,180,-0.4283,16.1561,-79.12,-79.12
22139,180,0.6852,16.1561,-79.12,-79.12
22139,180,0.6852,16.1561,-79.12,-79.12
22144,180,0.6852,16.6434,-79.12,-79.12
22144,180,0.6852,16.6434,-79.12,-79.12
22150,180,3.6831,16.6434,-79.12,-79.12
22150,180,3.6831,16.6434,-79.12,-77.68
22156,180,3.6831,15.9621,-79.12,-79.12
22156,180,3.6831,15.9621,-79.12,-79.12
22161,180,-12.5910,15.9621,-79.12,-79.12
22161,180,-12.5910,15.9621,-79.12,-79.12
22168,180,-12.5910,16.0749,-79.12,-79.12
22168,180,-12.5910,16.0749,-79.12,-79.12
22171,180,-6.2527,16.0749,-79.12,-79.12
22172,180,-6.2527,16.0749,-79.12,-79.12
22180,180,-6.2527,15.6463,-79.12,-77.68
22180,180,-6.2527,15.6463,-79.12,-79.12
22182,180,-3.6831,15.6463,-79.12,-79.12
22183,180,-3.6831,15.6463,-79.12,-79.12
22191,180,-3.6831,15.7320,-79.12,-79.12
22191,180,-3.6831,15.7320,-79.12,-79.12
22193,180,8.6510,15.7320,-79.12,-79.12
22194,180,8.6510,15.7320,-79.12,-79.12
22203,180,8.6510,16.0253,-79.12,-79.12
22203,180,8.6510,16.0253,-79.12,-79.12
22204,180,4.0257,16.0253,-79.12,-77.68
22204,180,4.0257,16.0253,-79.12,-79.12
22215,180,4.0257,15.5967,-79.12,-79.12
22215,180,4.0257,15.5967,-79.12,-79.12
22215,180,6.5096,15.5967,-79.12,-79.12
22215,180,6.5096,15.5967,-79.12,-79.12
22226,180,4.7966,15.5967,-79.12,-79.12
22226,180,4.7966,15.5967,-79.12,-79.12
22227,180,4.7966,16.3997,-79.12,-79.12
22227,180,4.7966,16.3997,-79.12,-79.12
22237,180,-0.8565,16.3997,-79.12,-79.12
22237,180,-0.8565,16.3997,-79.12,-79.12
22239,180,-0.8565,15.8403,-79.12,-79.12
22239,180,-0.8565,15.8403,-79.12,-79.12
22248,180,3.5118,15.8403,-79.12,-79.12
22248,180,3.5118,15.8403,-79.12,-79.12
22251,180,3.5118,16.0794,-79.12,-79.12
22251,180,3.5118,16.0794,-79.12,-79.12
22259,180,-0.5996,16.0794,-79.12,-79.12
22259,180,-0.5996,16.0794,-79.12,-79.12
22262,180,-0.5996,16.0839,-79.12,-79.12
22262,180,-0.5996,16.0839,-79.12,-79.12
22270,180,-4.3683,16.0839,-79.12,-79.12
22270,180,-4.3683,16.0839,-79.12,-79.12
22274,180,-4.3683,15.7907,-79.12,-79.12
22274,180,-4.3683,15.7907,-79.12,-79.12
22281,180,0.0857,15.7907,-79.12,-79.12
22281,180,0.0857,15.7907,-79.12,-77.68
22286,180,0.0857,16.5035,-79.12,-79.12
22286,180,0.0857,16.5035,-79.12,-79.12
22292,180,16.1884,16.5035,-79.12,-79.12
22292,180,16.1884,16.5035,-79.12,-79.12
22298,180,16.1884,15.9080,-79.12,-79.12
22298,180,16.1884,15.9080,-79.12,-79.12
22303,180,5.5675,15.9080,-79.12,-79.12
22303,180,5.5675,15.9080,-79.12,-79.12
22310,180,5.5675,15.7501,-79.12,-79.12
22310,180,5.5675,15.7501,-79.12,-77.68
22314,180,-2.3126,15.7501,-79.12,-79.12
22314,180,-2.3126,15.7501,-79.12,-79.12
22322,180,-2.3126,15.2628,-79.12,-79.12
22322,180,-2.3126,15.2628,-79.12,-79.12
22325,180,0.0000,15.2628,-79.12,-79.12
22325,180,0.0000,15.2628,-79.12,-79.12
22333,180,0.0000,15.0733,-79.12,-79.12
22333,180,0.0000,15.0733,-79.12,-79.12
22336,180,-5.1392,15.0733,-79.12,-79.12
22336,180,-5.1392,15.0733,-79.12,-79.12
22345,180,-5.1392,15.6463,-79.12,-79.12
22345,180,-5.1392,15.6463,-79.12,-79.12
22347,180,-2.7409,15.6463,-79.12,-79.12
22347,180,-2.7409,15.6463,-79.12,-79.12
22357,180,-2.7409,15.2402,-79.12,-79.12
22357,180,-2.7409,15.2402,-77.68,-79.12
22358,180,-2.5696,15.2402,-79.12,-79.12
22358,180,-2.5696,15.2402,-79.12,-79.12
22369,180,-2.5696,15.6418,-79.12,-79.12
22369,180,7.2805,15.6418,-77.68,-79.12
22369,180,7.2805,15.6418,-79.12,-79.12
22380,180,3.8544,15.6418,-79.12,-79.12
22380,180,3.8544,15.6418,-79.12,-79.12
22381,180,3.8544,16.0027,-79.12,-79.12
22381,180,3.8544,16.0027,-79.12,-79.12
22391,180,11.5632,16.0027,-79.12,-79.12
22391,180,11.5632,16.0027,-79.12,-79.12
22393,180,11.5632,15.7455,-79.12,-79.12
22393,180,11.5632,15.7455,-79.12,-79.12
22402,180,6.4240,15.7455,-79.12,-79.12
22402,180,6.4240,15.7455,-79.12,-79.12
22404,180,6.4240,15.8583,-79.12,-79.12
22404,180,6.4240,15.8583,-79.12,-79.12
22413,180,1.1135,15.8583,-79.12,-79.12
22413,180,1.1135,15.8583,-79.12,-77.68
22416,180,1.1135,15.1635,-79.12,-79.12
22416,180,1.1135,15.1635,-79.12,-79.12
22424,180,-1.0278,15.1635,-79.12,-79.12
22424,180,-1.0278,15.1635,-79.12,-79.12
22428,180,-1.0278,15.5606,-79.12,-79.12
22428,180,-1.0278,15.5606,-79.12,-79.12
22435,180,-2.9979,15.5606,-79.12,-79.12
22435,180,-2.9979,15.5606,-79.12,-79.12
22440,180,-2.9979,15.4433,-79.12,-79.12
22440,180,-2.9979,15.4433,-79.12,-79.12
22446,180,-5.0535,15.4433,-79.12,-79.12
22446,180,-5.0535,15.4433,-79.12,-79.12
22452,180,-5.0535,15.2673,-79.12,-79.12
22452,180,-5.0535,15.2673,-79.12,-79.12
22457,180,-11.0493,15.2673,-79.12,-79.12
22457,180,-11.0493,15.2673,-79.12,-79.12
22464,180,-11.0493,15.8583,-79.12,-79.12
22464,180,-11.0493,15.8583,-79.12,-79.12
22468,180,1.9700,15.8583,-79.12,-79.12
22468,180,1.9700,15.8583,-79.12,-79.12
22475,180,1.9700,15.3485,-79.12,-79.12
22475,180,1.9700,15.3485,-79.12,-79.12
22479,180,-1.6274,15.3485,-79.12,-79.12
22479,180,-1.6274,15.3485,-79.12,-79.12
22487,180,-1.6274,16.1922,-79.12,-79.12
22487,180,-1.6274,16.1922,-79.12,-79.12
22490,180,8.1370,16.1922,-79.12,-79.12
22490,180,8.1370,16.1922,-79.12,-79.12
22499,180,8.1370,15.7997,-79.12,-79.12
22499,180,8.1370,15.7997,-79.12,-79.12
22501,180,10.7066,15.7997,-79.12,-79.12
22501,180,10.7066,15.7997,-79.12,-79.12
22511,180,10.7066,15.9486,-79.12,-79.12
22511,180,10.7066,15.9486,-79.12,-79.12
22512,180,-3.6831,15.9486,-79.12,-79.12
22512,180,-3.6831,15.9486,-79.12,-79.12
22523,180,-6.9379,15.9486,-79.12,-79.12
22523,180,-6.9379,15.9486,-79.12,-79.12
22523,180,-6.9379,16.2915,-79.12,-79.12
22523,180,-6.9379,16.2915,-79.12,-79.12
22533,180,5.7388,16.2915,-79.12,-79.12
22534,180,5.7388,16.2915,-79.12,-79.12
22534,180,5.7388,15.6373,-79.12,-79.12
22535,180,5.7388,15.6373,-79.12,-79.12
22544,180,5.9957,15.6373,-79.12,-77.68
22545,180,5.9957,15.6373,-79.12,-79.12
22546,180,5.9957,16.2148,-79.12,-79.12
22546,180,5.9957,16.2148,-79.12,-79.12
22555,180,-4.8822,16.2148,-79.12,-79.12
22556,180,-4.8822,16.2148,-79.12,-79.12
22558,180,-4.8822,15.8628,-79.12,-79.12
22558,180,-4.8822,15.8628,-79.12,-79.12
22566,180,0.0857,15.8628,-79.12,-79.12
22566,180,0.0857,15.8628,-79.12,-79.12
22570,180,0.0857,16.1516,-79.12,-79.12
22570,180,0.0857,16.1516,-79.12,-79.12
22577,180,1.6274,16.1516,-79.12,-79.12
22577,180,1.6274,16.1516,-79.12,-79.12
22582,180,1.6274,16.2373,-79.12,-79.12
22582,180,1.6274,16.2373,-79.12,-79.12
22588,180,0.0000,16.2373,-77.68,-79.12
22588,180,0.0000,16.2373,-79.12,-79.12
22594,180,0.0000,15.6869,-79.12,-79.12
22594,180,0.0000,15.6869,-79.12,-79.12
22599,180,-7.3662,15.6869,-79.12,-79.12
22599,180,-7.3662,15.6869,-79.12,-79.12
22605,180,-7.3662,16.1020,-79.12,-79.12
22606,180,-7.3662,16.1020,-79.12,-79.12
22610,180,1.2848,16.1020,-79.12,-79.12
22610,180,1.2848,16.1020,-79.12,-79.12
22617,180,1.2848,15.7546,-79.12,-79.12
22617,180,1.2848,15.7546,-79.12,-79.12
22621,180,-1.4561,15.7546,-79.12,-79.12
22621,180,-1.4561,15.7546,-79.12,-79.12
22629,180,-1.4561,15.8989,-79.12,-79.12
22629,180,-1.4561,15.8989,-79.12,-79.12
22632,180,-3.6831,15.8989,-79.12,-79.12
22632,180,-3.6831,15.8989,-79.12,-77.68
22641,180,-3.6831,15.6373,-79.12,-79.12
22641,180,-3.6831,15.6373,-77.68,-79.12
22643,180,-2.1413,15.6373,-79.12,-79.12
22643,180,-2.1413,15.6373,-79.12,-79.12
22653,180,-2.1413,15.5290,-79.12,-79.12
22653,180,-2.1413,15.5290,-79.12,-79.12
22654,180,2.0557,15.5290,-79.12,-79.12
22654,180,2.0557,15.5290,-79.12,-79.12
22665,180,2.0557,16.1922,-79.12,-79.12
22665,180,2.0557,16.1922,-79.12,-79.12
22665,180,-1.9700,16.1922,-79.12,-79.12
22665,180,-1.9700,16.1922,-79.12,-79.12
22676,180,-3.5974,16.1922,-79.12,-79.12
22676,180,-3.5974,16.1922,-79.12,-79.12
22676,180,-3.5974,15.6012,-79.12,-79.12
22677,180,-3.5974,15.6012,-79.12,-79.12
22687,180,0.9422,15.6012,-79.12,-79.12
22687,180,0.9422,15.6012,-79.12,-79.12
22688,180,0.9422,15.9756,-79.12,-79.12
22688,180,0.9422,15.9756,-79.12,-79.12
22698,180,-4.9679,15.9756,-79.12,-79.12
22698,180,-4.9679,15.9756,-79.12,-79.12
22700,180,-4.9679,15.5696,-79.12,-79.12
22700,180,-4.9679,15.5696,-79.12,-79.12
22709,180,-9.3362,15.5696,-79.12,-79.12
22709,180,-9.3362,15.5696,-79.12,-79.12
22712,180,-9.3362,15.4117,-79.12,-79.12
22712,180,-9.3362,15.4117,-79.12,-79.12
22720,180,-11.9058,15.4117,-77.68,-79.12
22720,180,-11.9058,15.4117,-79.12,-79.12
22724,180,-11.9058,15.6057,-79.12,-79.12
22724,180,-11.9058,15.6057,-79.12,-77.68
22731,180,0.7709,15.6057,-79.12,-79.12
22731,180,0.7709,15.6057,-79.12,-79.12
22736,180,0.7709,15.1635,-79.12,-79.12
22736,180,0.7709,15.1635,-77.68,-79.12
22742,180,5.4818,15.1635,-79.12,-79.12
22742,180,5.4818,15.1635,-79.12,-79.12
22747,180,5.4818,15.7771,-79.12,-79.12
22748,180,5.4818,15.7771,-79.12,-79.12
22753,180,1.9700,15.7771,-79.12,-79.12
22753,180,1.9700,15.7771,-79.12,-79.12
22759,180,1.9700,15.4027,-79.12,-79.12
22759,180,1.9700,15.4027,-79.12,-79.12
22764,180,-0.5996,15.4027,-79.12,-79.12
22764,180,-0.5996,15.4027,-79.12,-79.12
22771,180,-0.5996,15.7320,-79.12,-79.12
22771,180,-0.5996,15.7320,-77.68,-79.12
22775,180,2.0557,15.7320,-79.12,-79.12
22775,180,2.0557,15.7320,-79.12,-79.12
22783,180,2.0557,16.0659,-79.12,-79.12
22783,180,2.0557,16.0659,-79.12,-79.12
22786,180,2.5696,16.0659,-79.12,-79.12
22786,180,2.5696,16.0659,-79.12,-79.12
22795,180,2.5696,15.7004,-79.12,-79.12
22795,180,2.5696,15.7004,-79.12,-79.12
22797,180,5.0535,15.7004,-79.12,-79.12
22797,180,5.0535,15.7004,-79.12,-79.12
22807,180,5.0535,15.6869,-79.12,-79.12
22807,180,5.0535,15.6869,-79.12,-79.12
22808,180,9.9358,15.6869,-79.12,-79.12
22808,180,9.9358,15.6869,-79.12,-79.12
22818,180,9.9358,15.3079,-79.12,-79.12
22819,180,9.9358,15.3079,-79.12,-77.68
22819,180,5.6531,15.3079,-79.12,-79.12
22819,180,5.6531,15.3079,-79.12,-79.12
22830,180,-0.9422,15.3079,-79.12,-79.12
22830,180,-0.9422,15.3079,-79.12,-79.12
22830,180,-0.9422,15.8448,-79.12,-79.12
22830,180,-0.9422,15.8448,-77.68,-79.12
22841,180,-6.8522,15.8448,-79.12,-79.12
22841,180,-6.8522,15.8448,-79.12,-79.12
22842,180,-6.8522,16.2057,-79.12,-79.12
22842,180,-6.8522,16.2057,-79.12,-79.12
22852,180,0.2570,16.2057,-79.12,-79.12
22852,180,0.2570,16.2057,-79.12,-79.12
22854,180,0.2570,15.7049,-79.12,-79.12
22854,180,0.2570,15.7049,-79.12,-79.12
22863,180,-2.9122,15.7049,-79.12,-79.12
22863,180,-2.9122,15.7049,-79.12,-77.68
22866,180,-2.9122,16.1741,-79.12,-79.12
22866,180,-2.9122,16.1741,-79.12,-79.12
22874,180,-2.0557,16.1741,-79.12,-79.12
22874,180,-2.0557,16.1741,-79.12,-79.12
22878,180,-2.0557,15.2267,-79.12,-79.12
22878,180,-2.0557,15.2267,-79.12,-79.12
22885,180,2.3983,15.2267,-79.12,-79.12
22885,180,2.3983,15.2267,-79.12,-79.12
22889,180,2.3983,15.8042,-79.12,-79.12
22889,180,2.3983,15.8042,-79.12,-79.12
22896,180,-2.6552,15.8042,-79.12,-79.12
22896,180,-2.6552,15.8042,-79.12,-79.12
22901,180,-2.6552,15.9035,-79.12,-79.12
22901,180,-2.6552,15.9035,-79.12,-79.12
22906,180,-3.3405,15.9035,-79.12,-79.12
22907,180,-3.3405,15.9035,-79.12,-79.12
22913,180,-3.3405,15.5245,-79.12,-79.12
22913,180,-3.3405,15.5245,-79.12,-79.12
22917,180,-4.6253,15.5245,-79.12,-79.12
22918,180,-4.6253,15.5245,-79.12,-79.12
22925,180,-4.6253,16.5351,-79.12,-79.12
22925,180,-4.6253,16.5351,-79.12,-79.12
22928,180,1.1991,16.5351,-79.12,-79.12
22929,180,1.1991,16.5351,-79.12,-79.12
22937,180,1.1991,15.3846,-79.12,-79.12
22937,180,1.1991,15.3846,-79.12,-79.12
22939,180,3.6831,15.3846,-79.12,-79.12
22939,180,3.6831,15.3846,-79.12,-79.12
22949,180,3.6831,15.7952,-79.12,-79.12
22949,180,3.6831,15.7952,-79.12,-79.12
22950,180,10.3640,15.7952,-79.12,-79.12
22950,180,10.3640,15.7952,-79.12,-79.12
22960,180,10.3640,16.0388,-79.12,-79.12
22960,180,10.3640,16.0388,-79.12,-79.12
22961,180,1.1135,16.0388,-79.12,-79.12
22961,180,1.1135,16.0388,-79.12,-79.12
22972,180,1.1135,15.7455,-79.12,-79.12
22972,180,0.5996,15.7455,-79.12,-79.12
22972,180,0.5996,15.7455,-79.12,-79.12
22983,180,1.3704,15.7455,-79.12,-79.12
22983,180,1.3704,15.7455,-79.12,-79.12
22984,180,1.3704,16.0027,-79.12,-79.12
22984,180,1.3704,16.0027,-79.12,-79.12
22994,180,-0.8565,16.0027,-79.12,-79.12
22994,180,-0.8565,16.0027,-79.12,-79.12
22996,180,-0.8565,15.5200,-79.12,-79.12
22996,180,-0.8565,15.5200,-79.12,-79.12
23005,180,-4.7109,15.5200,-79.12,-79.12
23005,180,-4.7109,15.5200,-79.12,-79.12
23008,180,-4.7109,16.2193,-79.12,-79.12
23008,180,-4.7109,16.2193,-79.12,-79.12
23016,180,-4.6253,16.2193,-79.12,-79.12
23016,180,-4.6253,16.2193,-79.12,-79.12
23020,180,-4.6253,15.9847,-79.12,-79.12
23020,180,-4.6253,15.9847,-79.12,-79.12
23027,180,-5.0535,15.9847,-79.12,-79.12
23027,180,-5.0535,15.9847,-79.12,-79.12
23031,180,-5.0535,15.7095,-79.12,-79.12
23031,180,-5.0535,15.7095,-79.12,-79.12
23038,180,-1.8844,15.7095,-79.12,-79.12
23038,180,-1.8844,15.7095,-79.12,-79.12
23043,180,-1.8844,16.0162,-79.12,-79.12
23043,180,-1.8844,16.0162,-79.12,-79.12
23049,180,-0.2570,16.0162,-79.12,-79.12
23049,180,-0.2570,16.0162,-79.12,-79.12
23055,180,-0.2570,15.3440,-79.12,-79.12
23055,180,-0.2570,15.3440,-79.12,-79.12
23060,180,-3.0835,15.3440,-79.12,-79.12
23060,180,-3.0835,15.3440,-79.12,-79.12
23067,180,-3.0835,15.9035,-79.12,-79.12
23067,180,-3.0835,15.9035,-79.12,-79.12
23071,180,2.2270,15.9035,-79.12,-79.12
23071,180,2.2270,15.9035,-79.12,-79.12
23079,180,2.2270,15.7455,-79.12,-79.12
23079,180,2.2270,15.7455,-79.12,-79.12
23082,180,1.8844,15.7455,-79.12,-79.12
23082,180,1.8844,15.7455,-79.12,-79.12
23091,180,1.8844,15.9576,-79.12,-79.12
23091,180,1.8844,15.9576,-79.12,-79.12
23093,180,1.9700,15.9576,-79.12,-79.12
23093,180,1.9700,15.9576,-79.12,-79.12
23102,180,1.9700,16.0027,-79.12,-79.12
23102,180,1.9700,16.0027,-79.12,-79.12
23104,180,-4.5396,16.0027,-79.12,-79.12
23104,180,-4.5396,16.0027,-79.12,-79.12
23114,180,-4.5396,15.6553,-79.12,-79.12
23114,180,-4.5396,15.6553,-79.12,-77.68
23115,180,-4.9679,15.6553,-79.12,-79.12
23115,180,-4.9679,15.6553,-79.12,-79.12
23126,180,-4.9679,15.6553,-79.12,-79.12
23126,180,-4.9679,15.6553,-79.12,-79.12
23126,180,-4.9679,16.6704,-79.12,-79.12
23126,180,-4.9679,16.6704,-79.12,-79.12
23137,180,-6.1670,16.6704,-79.12,-79.12
23137,180,-6.1670,16.6704,-79.12,-79.12
23138,180,-6.1670,15.9711,-79.12,-79.12
23138,180,-6.1670,15.9711,-79.12,-79.12
23148,180,-5.4818,15.9711,-79.12,-79.12
23148,180,-5.4818,15.9711,-79.12,-79.12
23150,180,-5.4818,15.8719,-79.12,-79.12
23150,180,-5.4818,15.8719,-79.12,-79.12
23159,180,3.6831,15.8719,-79.12,-79.12
23159,180,3.6831,15.8719,-79.12,-79.12
23162,180,3.6831,15.8042,-79.12,-79.12
23162,180,3.6831,15.8042,-79.12,-79.12
23170,180,7.2805,15.8042,-79.12,-79.12
23170,180,7.2805,15.8042,-79.12,-79.12
23173,180,7.2805,15.7546,-79.12,-79.12
23173,180,7.2805,15.7546,-79.12,-79.12
23181,180,0.8565,15.7546,-79.12,-79.12
23181,180,0.8565,15.7546,-79.12,-79.12
23185,180,0.8565,16.2328,-79.12,-79.12
23185,180,0.8565,16.2328,-79.12,-79.12
23192,180,6.5953,16.2328,-79.12,-79.12
23192,180,6.5953,16.2328,-79.12,-79.12
23197,180,6.5953,15.7952,-79.12,-79.12
23197,180,6.5953,15.7952,-79.12,-79.12
23203,180,1.7987,15.7952,-79.12,-79.12
23203,180,1.7987,15.7952,-79.12,-79.12
23209,180,1.7987,16.0568,-79.12,-79.12
23209,180,1.7987,16.0568,-79.12,-79.12
23214,180,-2.4839,16.0568,-79.12,-79.12
23214,180,-2.4839,16.0568,-79.12,-77.68
23221,180,-2.4839,15.8222,-79.12,-77.68
23221,180,-2.4839,15.8222,-79.12,-79.12
23225,180,-8.0514,15.8222,-79.12,-79.12
23225,180,-8.0514,15.8222,-79.12,-79.12
23233,180,-8.0514,15.2854,-79.12,-79.12
23233,180,-8.0514,15.2854,-79.12,-79.12
23236,180,-5.6531,15.2854,-79.12,-79.12
23236,180,-5.6531,15.2854,-79.12,-79.12
23244,180,-5.6531,15.9847,-79.12,-79.12
23244,180,-5.6531,15.9847,-79.12,-79.12
23247,180,4.7109,15.9847,-79.12,-79.12
23247,180,4.7109,15.9847,-79.12,-79.12
23256,180,4.7109,15.5109,-79.12,-79.12
23256,180,4.7109,15.5109,-79.12,-79.12
23258,180,1.1991,15.5109,-79.12,-79.12
23258,180,1.1991,15.5109,-79.12,-79.12
23268,180,1.1991,16.2283,-79.12,-79.12
23268,180,1.1991,16.2283,-79.12,-79.12
23269,180,3.0835,16.2283,-79.12,-79.12
23269,180,3.0835,16.2283,-79.12,-79.12
23279,180,0.5996,16.2283,-79.12,-79.12
23280,180,0.5996,16.2283,-79.12,-79.12
23280,180,0.5996,15.8899,-79.12,-79.12
23280,180,0.5996,15.8899,-79.12,-79.12
23290,180,4.3683,15.8899,-79.12,-79.12
23291,180,4.3683,15.8899,-79.12,-79.12
23292,180,4.3683,15.8628,-79.12,-79.12
23292,180,4.3683,15.8628,-79.12,-79.12
23301,180,-4.0257,15.8628,-79.12,-79.12
23302,180,-4.0257,15.8628,-79.12,-79.12
23304,180,-4.0257,16.4494,-79.12,-79.12
23304,180,-4.0257,16.4494,-79.12,-79.12
23312,180,2.1413,16.4494,-79.12,-79.12
23312,180,2.1413,16.4494,-79.12,-79.12
23315,180,2.1413,15.9125,-79.12,-79.12
23315,180,2.1413,15.9125,-79.12,-79.12
23323,180,4.3683,15.9125,-79.12,-79.12
23323,180,4.3683,15.9125,-79.12,-79.12
23327,180,4.3683,16.0704,-79.12,-77.68
23327,180,4.3683,16.0704,-79.12,-79.12
23334,180,1.7987,16.0704,-79.12,-79.12
23334,180,1.7987,16.0704,-79.12,-79.12
23339,180,1.7987,15.5696,-79.12,-79.12
23339,180,1.7987,15.5696,-79.12,-79.12
23345,180,-3.7687,15.5696,-79.12,-79.12
23345,180,-3.7687,15.5696,-79.12,-79.12
23351,180,-3.7687,15.6824,-79.12,-79.12
23351,180,-3.7687,15.6824,-79.12,-79.12
23356,180,-4.1970,15.6824,-79.12,-79.12
23356,180,-4.1970,15.6824,-79.12,-79.12
23363,180,-4.1970,15.8222,-79.12,-79.12
23363,180,-4.1970,15.8222,-79.12,-79.12
23367,180,-1.2848,15.8222,-79.12,-79.12
23367,180,-1.2848,15.8222,-79.12,-79.12
23375,180,-1.2848,15.3982,-79.12,-79.12
23375,180,-1.2848,15.3982,-79.12,-79.12
23378,180,-6.8522,15.3982,-79.12,-79.12
23378,180,-6.8522,15.3982,-79.12,-79.12
23386,180,-6.8522,16.2463,-79.12,-79.12
23386,180,-6.8522,16.2463,-79.12,-79.12
23389,180,-0.4283,16.2463,-79.12,-79.12
23389,180,-0.4283,16.2463,-79.12,-79.12
23398,180,-0.4283,15.6553,-79.12,-79.12
23398,180,-0.4283,15.6553,-79.12,-79.12
23400,180,0.5996,15.6553,-77.68,-79.12
23400,180,0.5996,15.6553,-79.12,-79.12
23410,180,0.5996,15.7095,-79.12,-79.12
23410,180,0.5996,15.7095,-79.12,-79.12
23411,180,3.1692,15.7095,-79.12,-79.12
23411,180,3.1692,15.7095,-79.12,-79.12
23422,180,3.1692,15.8583,-79.12,-79.12
23422,180,3.1692,15.8583,-79.12,-79.12
23422,180,2.1413,15.8583,-79.12,-79.12
23422,180,2.1413,15.8583,-79.12,-79.12
23433,180,0.0000,15.8583,-79.12,-79.12
23433,180,0.0000,15.8583,-79.12,-79.12
23434,180,0.0000,15.1635,-79.12,-79.12
23434,180,0.0000,15.1635,-79.12,-79.12
23444,180,-6.8522,15.1635,-79.12,-79.12
23444,180,-6.8522,15.1635,-79.12,-79.12
23446,180,-6.8522,16.2373,-79.12,-79.12
23446,180,-6.8522,16.2373,-79.12,-79.12
23455,180,-3.7687,16.2373,-79.12,-79.12
23455,180,-3.7687,16.2373,-79.12,-79.12
23457,180,-3.7687,15.8177,-79.12,-79.12
23457,180,-3.7687,15.8177,-79.12,-79.12
23466,180,-4.6253,15.8177,-79.12,-79.12
23466,180,-4.6253,15.8177,-79.12,-79.12
23469,180,-4.6253,16.2599,-79.12,-79.12
23469,180,-4.6253,16.2599,-79.12,-79.12
23477,180,-6.0814,16.2599,-79.12,-79.12
23477,180,-6.0814,16.2599,-79.12,-79.12
23481,180,-6.0814,16.2508,-79.12,-79.12
23481,180,-6.0814,16.2508,-79.12,-79.12
23488,180,-2.5696,16.2508,-79.12,-79.12
23488,180,-2.5696,16.2508,-79.12,-79.12
23493,180,-2.5696,15.9621,-79.12,-79.12
23493,180,-2.5696,15.9621,-79.12,-79.12
23499,180,-6.8522,15.9621,-79.12,-79.12
23499,180,-6.8522,15.9621,-79.12,-79.12
23505,180,-6.8522,16.2012,-79.12,-79.12
23505,180,-6.8522,16.2012,-79.12,-79.12
23510,180,1.1135,16.2012,-79.12,-79.12
23510,180,1.1135,16.2012,-79.12,-79.12
23517,180,1.1135,15.2222,-79.12,-79.12
23517,180,1.1135,15.2222,-79.12,-79.12
23521,180,7.3662,15.2222,-79.12,-79.12
23521,180,7.3662,15.2222,-79.12,-79.12
23528,180,7.3662,15.7861,-79.12,-79.12
23528,180,7.3662,15.7861,-79.12,-79.12
23532,180,6.9379,15.7861,-79.12,-79.12
23532,180,6.9379,15.7861,-79.12,-79.12
23540,180,6.9379,16.0749,-79.12,-79.12
23540,180,6.9379,16.0749,-79.12,-79.12
23543,180,10.7923,16.0749,-79.12,-79.12
23543,180,10.7923,16.0749,-79.12,-79.12
23552,180,10.7923,16.3095,-79.12,-79.12
23552,180,10.7923,16.3095,-79.12,-79.12
23554,180,8.7366,16.3095,-79.12,-79.12
23554,180,8.7366,16.3095,-77.68,-79.12
23564,180,8.7366,16.4674,-79.12,-79.12
23564,180,8.7366,16.4674,-79.12,-79.12
23565,180,-0.9422,16.4674,-79.12,-79.12
23565,180,-0.9422,16.4674,-79.12,-79.12
23576,180,0.9422,16.4674,-79.12,-79.12
23576,180,0.9422,15.8809,-79.12,-79.12
23576,180,0.9422,15.8809,-77.68,-79.12
23587,180,5.1392,15.8809,-79.12,-77.68
23587,180,5.1392,15.8809,-79.12,-79.12
23588,180,5.1392,16.2373,-79.12,-79.12
23588,180,5.1392,16.2373,-79.12,-79.12
23598,180,-1.5418,16.2373,-79.12,-79.12
23598,180,-1.5418,16.2373,-79.12,-79.12
23599,180,-1.5418,15.8222,-79.12,-79.12
23599,180,-1.5418,15.8222,-79.12,-79.12
23609,180,-2.4839,15.8222,-79.12,-79.12
23609,180,-2.4839,15.8222,-79.12,-79.12
23611,180,-2.4839,16.0072,-79.12,-79.12
23611,180,-2.4839,16.0072,-79.12,-79.12
23620,180,-3.1692,16.0072,-79.12,-79.12
23620,180,-3.1692,16.0072,-79.12,-79.12
23623,180,-3.1692,16.4358,-79.12,-79.12
23623,180,-3.1692,16.4358,-79.12,-79.12
23631,180,7.4518,16.4358,-79.12,-79.12
23631,180,7.4518,16.4358,-79.12,-79.12
23635,180,7.4518,15.6824,-79.12,-77.68
23635,180,7.4518,15.6824,-79.12,-79.12
23642,180,7.0236,15.6824,-79.12,-79.12
23642,180,7.0236,15.6824,-79.12,-79.12
23647,180,7.0236,15.8538,-79.12,-77.68
23647,180,7.0236,15.8538,-79.12,-79.12
23652,180,5.9957,15.8538,-79.12,-79.12
23653,180,5.9957,15.8538,-79.12,-79.12
23659,180,5.9957,15.4252,-79.12,-79.12
23659,180,5.9957,15.4252,-79.12,-79.12
23663,180,3.8544,15.4252,-79.12,-79.12
23664,180,3.8544,15.4252,-79.12,-77.68
23670,180,3.8544,15.9531,-79.12,-79.12
23670,180,3.8544,15.9531,-79.12,-79.12
23674,180,2.1413,15.9531,-79.12,-79.12
23675,180,2.1413,15.9531,-79.12,-79.12
23682,180,2.1413,15.9305,-79.12,-79.12
23682,180,2.1413,15.9305,-79.12,-79.12
23685,180,-5.6531,15.9305,-79.12,-79.12
23685,180,-5.6531,15.9305,-79.12,-79.12
23694,180,-5.6531,15.4658,-79.12,-79.12
23694,180,-5.6531,15.4658,-79.12,-79.12
23696,180,-3.7687,15.4658,-79.12,-79.12
23696,180,-3.7687,15.4658,-79.12,-77.68
23706,180,-3.7687,16.0749,-79.12,-79.12
23706,180,-3.7687,16.0749,-79.12,-79.12
23707,180,7.0236,16.0749,-79.12,-79.12
23707,180,7.0236,16.0749,-79.12,-79.12
23718,180,7.0236,15.7365,-79.12,-79.12
23718,180,7.0236,15.7365,-79.12,-79.12
23718,180,-3.2548,15.7365,-79.12,-79.12
23718,180,-3.2548,15.7365,-79.12,-79.12
23729,180,-0.5996,15.7365,-79.12,-79.12
23729,180,-0.5996,15.7365,-79.12,-79.12
23730,180,-0.5996,16.1065,-79.12,-79.12
23730,180,-0.5996,16.1065,-79.12,-79.12
23740,180,-5.1392,16.1065,-79.12,-79.12
23740,180,-5.1392,16.1065,-79.12,-79.12
23741,180,-5.1392,15.8899,-79.12,-79.12
23741,180,-5.1392,15.8899,-79.12,-79.12
23751,180,-0.5996,15.8899,-79.12,-79.12
23751,180,-0.5996,15.8899,-79.12,-79.12
23753,180,-0.5996,15.5155,-79.12,-79.12
23753,180,-0.5996,15.5155,-79.12,-79.12
23762,180,-3.2548,15.5155,-79.12,-79.12
23762,180,-3.2548,15.5155,-79.12,-79.12
23765,180,-3.2548,16.0749,-79.12,-79.12
23765,180,-3.2548,16.0749,-79.12,-79.12
23773,180,6.5953,16.0749,-79.12,-79.12
23773,180,6.5953,16.0749,-79.12,-79.12
23777,180,6.5953,15.5064,-79.12,-79.12
23777,180,6.5953,15.5064,-79.12,-79.12
23784,180,5.4818,15.5064,-79.12,-79.12
23784,180,5.4818,15.5064,-79.12,-79.12
23789,180,5.4818,15.7726,-79.12,-79.12
23789,180,5.4818,15.7726,-79.12,-79.12
23795,180,4.1970,15.7726,-79.12,-79.12
23795,180,4.1970,15.7726,-79.12,-79.12
23801,180,4.1970,15.4794,-79.12,-79.12
23801,180,4.1970,15.4794,-79.12,-79.12
23806,180,3.0835,15.4794,-79.12,-79.12
23806,180,3.0835,15.4794,-79.12,-79.12
23812,180,3.0835,15.3801,-79.12,-79.12
23812,180,3.0835,15.3801,-79.12,-79.12
23817,180,-1.3704,15.3801,-79.12,-79.12
23817,180,-1.3704,15.3801,-79.12,-79.12
23824,180,-1.3704,15.7907,-79.12,-79.12
23824,180,-1.3704,15.7907,-79.12,-79.12
23828,180,2.1413,15.7907,-79.12,-79.12
23828,180,2.1413,15.7907,-79.12,-79.12
23836,180,2.1413,15.4433,-79.12,-79.12
23836,180,2.1413,15.4433,-79.12,-79.12
23839,180,0.4283,15.4433,-79.12,-79.12
23839,180,0.4283,15.4433,-79.12,-79.12
23848,180,0.4283,15.9305,-79.12,-79.12
23848,180,0.4283,15.9305,-79.12,-79.12
23850,180,6.8522,15.9305,-79.12,-79.12
23850,180,6.8522,15.9305,-79.12,-77.68
23860,180,6.8522,15.4884,-79.12,-79.12
23860,180,6.8522,15.4884,-79.12,-79.12
23861,180,-2.4839,15.4884,-79.12,-79.12
23861,180,-2.4839,15.4884,-79.12,-79.12
23871,180,-2.4839,15.3440,-79.12,-79.12
23872,180,-2.4839,15.3440,-79.12,-79.12
23872,180,0.6852,15.3440,-79.12,-79.12
23872,180,0.6852,15.3440,-79.12,-77.68
23883,180,-5.1392,15.3440,-79.12,-79.12
23883,180,-5.1392,15.3440,-79.12,-79.12
23883,180,-5.1392,15.6237,-79.12,-79.12
23883,180,-5.1392,15.6237,-79.12,-79.12
23894,180,-5.1392,15.6237,-79.12,-79.12
23894,180,-5.1392,15.6237,-79.12,-79.12
23895,180,-5.1392,15.4794,-79.12,-79.12
23895,180,-5.1392,15.4794,-79.12,-79.12
23905,180,-2.5696,15.4794,-79.12,-79.12
23905,180,-2.5696,15.4794,-79.12,-79.12
23907,180,-2.5696,15.9441,-79.12,-79.12
23907,180,-2.5696,15.9441,-79.12,-79.12
23916,180,-1.9700,15.9441,-79.12,-79.12
23916,180,-1.9700,15.9441,-79.12,-79.12
23919,180,-1.9700,15.5290,-79.12,-79.12
23919,180,-1.9700,15.5290,-79.12,-79.12
23927,180,-0.7709,15.5290,-79.12,-77.68
23927,180,-0.7709,15.5290,-79.12,-79.12
23931,180,-0.7709,16.0704,-79.12,-79.12
23931,180,-0.7709,16.0704,-79.12,-79.12
23938,180,1.6274,16.0704,-79.12,-79.12
23938,180,1.6274,16.0704,-79.12,-79.12
23942,180,1.6274,16.5215,-79.12,-79.12
23943,180,1.6274,16.5215,-79.12,-79.12
23949,180,5.6531,16.5215,-79.12,-79.12
23949,180,5.6531,16.5215,-79.12,-79.12
23954,180,5.6531,16.0659,-79.12,-79.12
23954,180,5.6531,16.0659,-79.12,-79.12
23960,180,-1.8844,16.0659,-79.12,-79.12
23960,180,-1.8844,16.0659,-79.12,-79.12
23966,180,-1.8844,16.2328,-79.12,-79.12
23966,180,-1.8844,16.2328,-79.12,-79.12
23971,180,4.8822,16.2328,-79.12,-79.12
23971,180,4.8822,16.2328,-79.12,-79.12
23978,180,4.8822,15.7816,-79.12,-79.12
23978,180,4.8822,15.7816,-79.12,-79.12
23982,180,3.0835,15.7816,-79.12,-79.12
23982,180,3.0835,15.7816,-79.12,-77.68
23990,180,3.0835,16.1065,-79.12,-79.12
23990,180,3.0835,16.1065,-79.12,-79.12
23993,180,4.6253,16.1065,-79.12,-79.12
23993,180,4.6253,16.1065,-79.12,-79.12
24002,180,4.6253,16.1065,-79.12,-79.12
24002,180,4.6253,16.1065,-79.12,-79.12
24004,180,1.7131,16.1065,-79.12,-79.12
24004,180,1.7131,16.1065,-79.12,-79.12
24013,180,1.7131,15.6328,-79.12,-79.12
24014,180,1.7131,15.6328,-79.12,-79.12
24014,180,5.1392,15.6328,-79.12,-79.12
24015,180,5.1392,15.6328,-79.12,-79.12
24025,180,5.1392,16.0208,-79.12,-79.12
24025,180,5.1392,16.0208,-79.12,-79.12
24025,180,3.7687,16.0208,-79.12,-79.12
24026,180,3.7687,16.0208,-79.12,-77.68
24036,180,2.0557,16.0208,-79.12,-79.12
24037,180,2.0557,16.0208,-79.12,-79.12
24037,180,2.0557,15.6057,-79.12,-79.12
24037,180,2.0557,15.6057,-79.12,-79.12
24047,180,-4.1113,15.6057,-79.12,-79.12
24047,180,-4.1113,15.6057,-79.12,-79.12
24049,180,-4.1113,15.7275,-79.12,-79.12
24049,180,-4.1113,15.7275,-79.12,-79.12
24058,180,-5.2248,15.7275,-79.12,-79.12
24058,180,-5.2248,15.7275,-79.12,-79.12
24061,180,-5.2248,15.7095,-79.12,-79.12
24061,180,-5.2248,15.7095,-79.12,-79.12
24069,180,-5.0535,15.7095,-79.12,-79.12
24069,180,-5.0535,15.7095,-79.12,-79.12
24073,180,-5.0535,15.9125,-79.12,-79.12
24073,180,-5.0535,15.9125,-79.12,-79.12
24080,180,-8.8223,15.9125,-79.12,-79.12
24080,180,-8.8223,15.9125,-79.12,-79.12
24084,180,-8.8223,16.6840,-79.12,-79.12
24084,180,-8.8223,16.6840,-79.12,-79.12
24091,180,3.0835,16.6840,-79.12,-79.12
24091,180,3.0835,16.6840,-79.12,-79.12
24096,180,3.0835,15.8674,-79.12,-79.12
24096,180,3.0835,15.8674,-79.12,-79.12
24102,180,1.2848,15.8674,-79.12,-79.12
24102,180,1.2848,15.8674,-79.12,-79.12
24108,180,1.2848,15.8809,-79.12,-79.12
24108,180,1.2848,15.8809,-79.12,-79.12
24113,180,-1.6274,15.8809,-79.12,-79.12
24113,180,-1.6274,15.8809,-79.12,-79.12
24120,180,-1.6274,15.6734,-79.12,-79.12
24120,180,-1.6274,15.6734,-79.12,-79.12
24124,180,-1.2848,15.6734,-79.12,-79.12
24124,180,-1.2848,15.6734,-79.12,-79.12
24132,180,-1.2848,15.4658,-79.12,-79.12
24132,180,-1.2848,15.4658,-79.12,-79.12
24135,180,-0.1713,15.4658,-79.12,-79.12
24135,180,-0.1713,15.4658,-79.12,-79.12
24144,180,-0.1713,15.8628,-79.12,-79.12
24144,180,-0.1713,15.8628,-79.12,-79.12
24146,180,0.0857,15.8628,-79.12,-79.12
24146,180,0.0857,15.8628,-79.12,-79.12
24155,180,0.0857,15.0914,-79.12,-79.12
24155,180,0.0857,15.0914,-79.12,-79.12
24157,180,-3.8544,15.0914,-79.12,-79.12
24157,180,-3.8544,15.0914,-79.12,-79.12
24167,180,-3.8544,15.7320,-79.12,-79.12
24167,180,-3.8544,15.7320,-79.12,-79.12
24168,180,-2.3983,15.7320,-79.12,-79.12
24168,180,-2.3983,15.7320,-79.12,-79.12
24179,180,1.7987,15.7320,-79.12,-79.12
24179,180,1.7987,15.7095,-79.12,-79.12
24179,180,1.7987,15.7095,-79.12,-79.12
24190,180,4.1970,15.7095,-79.12,-79.12
24190,180,4.1970,15.7095,-79.12,-79.12
24191,180,4.1970,15.4974,-79.12,-79.12
24191,180,4.1970,15.4974,-79.12,-79.12
24201,180,2.9122,15.4974,-79.12,-79.12
24201,180,2.9122,15.4974,-79.12,-79.12
24203,180,2.9122,15.6328,-79.12,-79.12
24203,180,2.9122,15.6328,-79.12,-79.12
24212,180,5.3105,15.6328,-79.12,-79.12
24212,180,5.3105,15.6328,-79.12,-79.12
24215,180,5.3105,15.1861,-79.12,-79.12
24215,180,5.3105,15.1861,-79.12,-79.12
24223,180,2.3983,15.1861,-79.12,-79.12
24223,180,2.3983,15.1861,-79.12,-79.12
24226,180,2.3983,15.8944,-79.12,-79.12
24226,180,2.3983,15.8944,-79.12,-79.12
24234,180,5.9101,15.8944,-79.12,-79.12
24234,180,5.9101,15.8944,-79.12,-79.12
24238,180,5.9101,15.1681,-79.12,-79.12
24238,180,5.9101,15.1681,-79.12,-79.12
24245,180,3.4261,15.1681,-79.12,-79.12
24245,180,3.4261,15.1681,-79.12,-79.12
24250,180,3.4261,15.0868,-79.12,-79.12
24250,180,3.4261,15.0868,-79.12,-79.12
24256,180,-5.8244,15.0868,-79.12,-79.12
24256,180,-5.8244,15.0868,-79.12,-79.12
24262,180,-5.8244,15.5335,-79.12,-77.68
24262,180,-5.8244,15.5335,-79.12,-79.12
24267,180,-2.8266,15.5335,-79.12,-79.12
24267,180,-2.8266,15.5335,-77.68,-79.12
24274,180,-2.8266,14.9695,-79.12,-79.12
24274,180,-2.8266,14.9695,-79.12,-79.12
24278,180,-8.8223,14.9695,-79.12,-79.12
24278,180,-8.8223,14.9695,-79.12,-79.12
24286,180,-8.8223,15.7636,-79.12,-79.12
24286,180,-8.8223,15.7636,-79.12,-79.12
24289,180,-5.9101,15.7636,-79.12,-79.12
24289,180,-5.9101,15.7636,-79.12,-79.12
24297,180,-5.9101,15.6598,-79.12,-79.12
24297,180,-5.9101,15.6598,-79.12,-79.12
24300,180,0.0857,15.6598,-79.12,-79.12
24300,180,0.0857,15.6598,-79.12,-79.12
24309,180,0.0857,16.0975,-79.12,-79.12
24309,180,0.0857,16.0975,-79.12,-79.12
24311,180,6.7666,16.0975,-79.12,-79.12
24311,180,6.7666,16.0975,-79.12,-79.12
24321,180,6.7666,15.9711,-79.12,-79.12
24321,180,6.7666,15.9711,-79.12,-79.12
24322,180,1.5418,15.9711,-79.12,-79.12
24322,180,1.5418,15.9711,-79.12,-79.12
24333,180,-2.7409,15.9711,-79.12,-79.12
24333,180,-2.7409,15.9711,-79.12,-79.12
24333,180,-2.7409,15.7455,-79.12,-79.12
24333,180,-2.7409,15.7455,-79.12,-79.12
24344,180,-6.4240,15.7455,-79.12,-79.12
24344,180,-6.4240,15.7455,-79.12,-79.12
24345,180,-6.4240,15.7365,-79.12,-79.12
24345,180,-6.4240,15.7365,-79.12,-79.12
24355,180,-0.7709,15.7365,-79.12,-79.12
24355,180,-0.7709,15.7365,-79.12,-79.12
24356,180,-0.7709,15.4388,-79.12,-79.12
24357,180,-0.7709,15.4388,-79.12,-79.12
24366,180,-1.6274,15.4388,-79.12,-79.12
24366,180,-1.6274,15.4388,-79.12,-79.12
24368,180,-1.6274,15.7140,-79.12,-79.12
24368,180,-1.6274,15.7140,-79.12,-79.12
24377,180,-1.8844,15.7140,-79.12,-79.12
24377,180,-1.8844,15.7140,-79.12,-79.12
24380,180,-1.8844,15.2808,-79.12,-79.12
24380,180,-1.8844,15.2808,-79.12,-79.12
24387,180,8.1370,15.2808,-79.12,-79.12
24388,180,8.1370,15.2808,-79.12,-79.12
24392,180,8.1370,15.0598,-79.12,-79.12
24392,180,8.1370,15.0598,-79.12,-79.12
24398,180,5.0535,15.0598,-79.12,-79.12
24399,180,5.0535,15.0598,-79.12,-79.12
24404,180,5.0535,16.0343,-79.12,-79.12
24404,180,5.0535,16.0343,-79.12,-79.12
24409,180,2.9979,16.0343,-79.12,-79.12
24410,180,2.9979,16.0343,-79.12,-79.12
24416,180,2.9979,15.5380,-79.12,-79.12
24416,180,2.9979,15.5380,-79.12,-79.12
24420,180,-3.9400,15.5380,-79.12,-77.68
24420,180,-3.9400,15.5380,-79.12,-79.12
24427,180,-3.9400,15.9621,-79.12,-77.68
24428,180,-3.9400,15.9621,-79.12,-79.12
24431,180,3.0835,15.9621,-79.12,-79.12
24431,180,3.0835,15.9621,-79.12,-79.12
24439,180,3.0835,15.5876,-79.12,-79.12
24439,180,3.0835,15.5876,-79.12,-79.12
24442,180,9.0792,15.5876,-79.12,-79.12
24442,180,9.0792,15.5876,-79.12,-79.12
24451,180,9.0792,15.6598,-79.12,-79.12
24451,180,9.0792,15.6598,-79.12,-79.12
24453,180,7.8801,15.6598,-79.12,-79.12
24453,180,7.8801,15.6598,-79.12,-79.12
24463,180,7.8801,16.4358,-79.12,-79.12
24463,180,7.8801,16.4358,-79.12,-79.12
24464,180,5.9101,16.4358,-79.12,-79.12
24464,180,5.9101,16.4358,-79.12,-79.12
24475,180,5.9101,15.8899,-79.12,-79.12
24475,180,5.9101,15.8899,-79.12,-79.12
24475,180,0.5996,15.8899,-79.12,-79.12
24475,180,0.5996,15.8899,-79.12,-79.12
24486,180,-5.3105,15.8899,-79.12,-79.12
24486,180,-5.3105,15.8899,-79.12,-79.12
24487,180,-5.3105,15.9756,-79.12,-79.12
24487,180,-5.3105,15.9756,-79.12,-79.12
24497,180,-0.3426,15.9756,-79.12,-79.12
24497,180,-0.3426,15.9756,-79.12,-77.68
24498,180,-0.3426,15.5470,-79.12,-79.12
24498,180,-0.3426,15.5470,-79.12,-79.12
24508,180,15.6745,15.5470,-79.12,-79.12
24508,180,15.6745,15.5470,-79.12,-79.12
24510,180,15.6745,15.8854,-79.12,-79.12
24510,180,15.6745,15.8854,-79.12,-79.12
24519,180,5.2248,15.8854,-79.12,-79.12
24519,180,5.2248,15.8854,-79.12,-79.12
24522,180,5.2248,15.6192,-79.12,-79.12
24522,180,5.2248,15.6192,-79.12,-79.12
24530,180,1.4561,15.6192,-79.12,-79.12
24530,180,1.4561,15.6192,-79.12,-79.12
24534,180,1.4561,14.8658,-79.12,-79.12
24534,180,1.4561,14.8658,-79.12,-79.12
24541,180,0.5996,14.8658,-79.12,-79.12
24541,180,0.5996,14.8658,-79.12,-79.12
24546,180,0.5996,15.5109,-79.12,-79.12
24546,180,0.5996,15.5109,-79.12,-79.12
24552,180,4.7966,15.5109,-79.12,-79.12
24552,180,4.7966,15.5109,-79.12,-79.12
24558,180,4.7966,15.2854,-79.12,-79.12
24558,180,4.7966,15.2854,-79.12,-79.12
24563,180,2.9979,15.2854,-79.12,-79.12
24563,180,2.9979,15.2854,-79.12,-79.12
24569,180,2.9979,15.8809,-79.12,-79.12
24569,180,2.9979,15.8809,-79.12,-77.68
24574,180,3.4261,15.8809,-79.12,-79.12
24574,180,3.4261,15.8809,-79.12,-79.12
24581,180,3.4261,15.6237,-79.12,-79.12
24581,180,3.4261,15.6237,-79.12,-79.12
24585,180,0.6852,15.6237,-79.12,-79.12
24585,180,0.6852,15.6237,-79.12,-79.12
24593,180,0.6852,15.3982,-79.12,-79.12
24593,180,0.6852,15.3982,-79.12,-79.12
24596,180,1.5418,15.3982,-79.12,-79.12
24596,180,1.5418,15.3982,-79.12,-79.12
24605,180,1.5418,15.9847,-79.12,-79.12
24605,180,1.5418,15.9847,-79.12,-79.12
24607,180,3.3405,15.9847,-79.12,-79.12
24607,180,3.3405,15.9847,-79.12,-79.12
24617,180,3.3405,15.7410,-79.12,-79.12
24617,180,3.3405,15.7410,-79.12,-79.12
24618,180,-3.0835,15.7410,-79.12,-79.12
24618,180,-3.0835,15.7410,-79.12,-79.12
24629,180,-3.0835,16.4855,-79.12,-77.68
24629,180,-3.0835,16.4855,-79.12,-79.12
24629,180,0.7709,16.4855,-79.12,-79.12
24629,180,0.7709,16.4855,-79.12,-79.12
24640,180,-1.3704,16.4855,-79.12,-79.12
24640,180,-1.3704,16.4855,-79.12,-79.12
24640,180,-1.3704,16.4494,-79.12,-79.12
24640,180,-1.3704,16.4494,-79.12,-79.12
24651,180,-0.8565,16.4494,-79.12,-79.12
24651,180,-0.8565,16.4494,-79.12,-79.12
24652,180,-0.8565,15.5606,-79.12,-79.12
24652,180,-0.8565,15.5606,-79.12,-79.12
24662,180,-3.5118,15.5606,-79.12,-79.12
24662,180,-3.5118,15.5606,-79.12,-79.12
24664,180,-3.5118,15.8674,-79.12,-79.12
24664,180,-3.5118,15.8674,-79.12,-79.12
24673,180,10.1071,15.8674,-79.12,-77.68
24673,180,10.1071,15.8674,-79.12,-79.12
24676,180,10.1071,15.3801,-79.12,-79.12
24676,180,10.1071,15.3801,-79.12,-79.12
24684,180,1.7987,15.3801,-79.12,-79.12
24684,180,1.7987,15.3801,-79.12,-79.12
24688,180,1.7987,15.8313,-79.12,-79.12
24688,180,1.7987,15.8313,-79.12,-79.12
24695,180,1.6274,15.8313,-79.12,-79.12
24695,180,1.6274,15.8313,-79.12,-79.12
24700,180,1.6274,15.3711,-79.12,-79.12
24700,180,1.6274,15.3711,-79.12,-79.12
24706,180,2.5696,15.3711,-79.12,-79.12
24706,180,2.5696,15.3711,-79.12,-79.12
24711,180,2.5696,15.2989,-79.12,-79.12
24711,180,2.5696,15.2989,-79.12,-79.12
24717,180,-0.8565,15.2989,-79.12,-79.12
24717,180,-0.8565,15.2989,-79.12,-79.12
24723,180,-0.8565,15.8268,-79.12,-79.12
24723,180,-0.8565,15.8268,-79.12,-79.12
24728,180,-4.6253,15.8268,-79.12,-79.12
24728,180,-4.6253,15.8268,-79.12,-79.12
24735,180,-4.6253,15.4613,-79.12,-79.12
24735,180,-4.6253,15.4613,-79.12,-79.12
24739,180,-5.3961,15.4613,-79.12,-79.12
24739,180,-5.3961,15.4613,-79.12,-79.12
24747,180,-5.3961,15.8132,-79.12,-79.12
24747,180,-5.3961,15.8132,-79.12,-79.12
24750,180,3.6831,15.8132,-79.12,-79.12
24750,180,3.6831,15.8132,-79.12,-79.12
24759,180,3.6831,15.8132,-79.12,-79.12
24759,180,3.6831,15.8132,-79.12,-79.12
24760,180,-0.5139,15.8132,-79.12,-79.12
24761,180,-0.5139,15.8132,-79.12,-79.12
24771,180,-0.5139,15.6418,-79.12,-79.12
24771,180,-0.5139,15.6418,-79.12,-79.12
24771,180,2.7409,15.6418,-79.12,-79.12
24772,180,2.7409,15.6418,-79.12,-79.12
24782,180,2.7409,15.7410,-79.12,-79.12
24782,180,2.7409,15.7410,-79.12,-79.12
24782,180,-2.6552,15.7410,-79.12,-79.12
24783,180,-2.6552,15.7410,-79.12,-79.12
24793,180,-7.4518,15.7410,-79.12,-79.12
24793,180,-7.4518,15.7410,-79.12,-79.12
24794,180,-7.4518,15.1726,-79.12,-79.12
24794,180,-7.4518,15.1726,-79.12,-79.12
24804,180,4.0257,15.1726,-79.12,-79.12
24804,180,4.0257,15.1726,-79.12,-79.12
24806,180,4.0257,16.1787,-79.12,-79.12
24806,180,4.0257,16.1787,-79.12,-79.12
24815,180,0.5996,16.1787,-79.12,-79.12
24815,180,0.5996,16.1787,-79.12,-77.68
24818,180,0.5996,16.1696,-79.12,-79.12
24818,180,0.5996,16.1696,-79.12,-79.12
24826,180,1.9700,16.1696,-79.12,-79.12
24826,180,1.9700,16.1696,-79.12,-79.12
24830,180,1.9700,16.3321,-79.12,-79.12
24830,180,1.9700,16.3321,-79.12,-79.12
24837,180,-1.1991,16.3321,-79.12,-79.12
24837,180,-1.1991,16.3321,-79.12,-79.12
24841,180,-1.1991,15.7546,-79.12,-79.12
24842,180,-1.1991,15.7546,-79.12,-79.12
24848,180,-5.7388,15.7546,-79.12,-79.12
24848,180,-5.7388,15.7546,-79.12,-79.12
24853,180,-5.7388,14.9831,-79.12,-79.12
24853,180,-5.7388,14.9831,-79.12,-79.12
24859,180,-3.4261,14.9831,-79.12,-79.12
24859,180,-3.4261,14.9831,-79.12,-79.12
24865,180,-3.4261,15.5967,-79.12,-79.12
24865,180,-3.4261,15.5967,-79.12,-79.12
24870,180,6.4240,15.5967,-79.12,-79.12
24870,180,6.4240,15.5967,-79.12,-79.12
24877,180,6.4240,15.5651,-79.12,-79.12
24877,180,6.4240,15.5651,-79.12,-79.12
24881,180,5.3105,15.5651,-79.12,-79.12
24881,180,5.3105,15.5651,-79.12,-79.12
24889,180,5.3105,15.8944,-79.12,-79.12
24889,180,5.3105,15.8944,-79.12,-79.12
24892,180,3.6831,15.8944,-79.12,-79.12
24892,180,3.6831,15.8944,-79.12,-79.12
24901,180,3.6831,15.5064,-79.12,-79.12
24901,180,3.6831,15.5064,-79.12,-79.12
24903,180,-1.8844,15.5064,-79.12,-79.12
24903,180,-1.8844,15.5064,-79.12,-79.12
24912,180,-1.8844,15.4433,-79.12,-79.12
24913,180,-1.8844,15.4433,-79.12,-79.12
24914,180,-0.5996,15.4433,-79.12,-79.12
24914,180,-0.5996,15.4433,-79.12,-79.12
24924,180,-0.5996,16.4178,-79.12,-79.12
24924,180,-0.5996,16.4178,-79.12,-79.12
24925,180,3.5974,16.4178,-79.12,-79.12
24925,180,3.5974,16.4178,-79.12,-79.12
24936,180,2.9122,16.4178,-79.12,-79.12
24936,180,2.9122,16.4178,-79.12,-79.12
24936,180,2.9122,15.6508,-79.12,-79.12
24936,180,2.9122,15.6508,-79.12,-79.12
24947,180,4.2827,15.6508,-79.12,-79.12
24947,180,4.2827,15.6508,-79.12,-79.12
24948,180,4.2827,15.7861,-79.12,-79.12
24948,180,4.2827,15.7861,-79.12,-79.12
24958,180,-2.4839,15.7861,-79.12,-79.12
24958,180,-2.4839,15.7861,-79.12,-79.12
24960,180,-2.4839,15.5786,-79.12,-79.12
24960,180,-2.4839,15.5786,-79.12,-79.12
24969,180,1.3704,15.5786,-79.12,-79.12
24969,180,1.3704,15.5786,-79.12,-79.12
24972,180,1.3704,15.8177,-79.12,-79.12
24972,180,1.3704,15.8177,-79.12,-79.12
24980,180,-0.1713,15.8177,-79.12,-79.12
24980,180,-0.1713,15.8177,-79.12,-79.12
24983,180,-0.1713,16.5261,-79.12,-79.12
24984,180,-0.1713,16.5261,-79.12,-79.12
24991,180,-7.9657,16.5261,-79.12,-79.12
24991,180,-7.9657,16.5261,-79.12,-79.12
24995,180,-7.9657,15.3982,-79.12,-79.12
24995,180,-7.9657,15.3982,-79.12,-79.12
25002,180,-10.7066,15.3982,-79.12,-79.12
25002,180,-10.7066,15.3982,-79.12,-79.12
25007,180,-10.7066,15.4794,-79.12,-79.12
25007,180,-10.7066,15.4794,-79.12,-79.12
25013,180,-5.3961,15.4794,-79.12,-79.12
25013,180,-5.3961,15.4794,-79.12,-79.12
25019,180,-5.3961,15.4252,-79.12,-79.12
25019,180,-5.3961,15.4252,-79.12,-79.12
25024,180,-3.7687,15.4252,-79.12,-79.12
25024,180,-3.7687,15.4252,-79.12,-79.12
25031,180,-3.7687,15.3846,-79.12,-79.12
25031,180,-3.7687,15.3846,-79.12,-77.68
25035,180,-5.2248,15.3846,-79.12,-79.12
25035,180,-5.2248,15.3846,-79.12,-79.12
25043,180,-5.2248,15.9215,-79.12,-79.12
25043,180,-5.2248,15.9215,-79.12,-79.12
25046,180,-6.2527,15.9215,-79.12,-79.12
25046,180,-6.2527,15.9215,-79.12,-79.12
25054,180,-6.2527,15.1184,-79.12,-79.12
25055,180,-6.2527,15.1184,-79.12,-79.12
25057,180,1.7131,15.1184,-79.12,-79.12
25057,180,1.7131,15.1184,-79.12,-79.12
25066,180,1.7131,15.9260,-79.12,-79.12
25066,180,1.7131,15.9260,-79.12,-79.12
25068,180,0.0000,15.9260,-79.12,-79.12
25068,180,0.0000,15.9260,-79.12,-79.12
25078,180,0.0000,15.2357,-79.12,-79.12
25078,180,0.0000,15.2357,-79.12,-79.12
25079,180,-2.5696,15.2357,-79.12,-79.12
25079,180,-2.5696,15.2357,-79.12,-79.12
25090,180,-0.1713,15.2357,-79.12,-79.12
25090,180,-0.1713,15.2357,-77.68,-79.12
25090,180,-0.1713,14.8748,-79.12,-79.12
25090,180,-0.1713,14.8748,-79.12,-79.12
25101,180,-2.5696,14.8748,-79.12,-79.12
25101,180,-2.5696,14.8748,-79.12,-79.12
25102,180,-2.5696,15.5470,-79.12,-79.12
25102,180,-2.5696,15.5470,-79.12,-79.12
25112,180,-0.6852,15.5470,-79.12,-79.12
25112,180,-0.6852,15.5470,-79.12,-79.12
25114,180,-0.6852,15.2673,-79.12,-79.12
25114,180,-0.6852,15.2673,-79.12,-79.12
25123,180,0.8565,15.2673,-79.12,-79.12
25123,180,0.8565,15.2673,-79.12,-79.12
25125,180,0.8565,15.5290,-79.12,-79.12
25125,180,0.8565,15.5290,-79.12,-79.12
25133,180,-4.3683,15.5290,-79.12,-79.12
25134,180,-4.3683,15.5290,-79.12,-79.12
25137,180,-4.3683,14.9921,-79.12,-79.12
25137,180,-4.3683,14.9921,-79.12,-79.12
25144,180,-4.1113,14.9921,-79.12,-79.12
25145,180,-4.1113,14.9921,-79.12,-79.12
25149,180,-4.1113,15.1951,-79.12,-79.12
25149,180,-4.1113,15.1951,-79.12,-79.12
25155,180,-3.9400,15.1951,-79.12,-79.12
25156,180,-3.9400,15.1951,-79.12,-79.12
25161,180,-3.9400,15.2267,-79.12,-79.12
25161,180,-3.9400,15.2267,-79.12,-79.12
25166,180,-9.1649,15.2267,-79.12,-79.12
25166,180,-9.1649,15.2267,-79.12,-79.12
25173,180,-9.1649,15.1681,-79.12,-79.12
25173,180,-9.1649,15.1681,-79.12,-79.12
25177,180,-9.1649,15.1681,-79.12,-79.12
25177,180,-9.1649,15.1681,-79.12,-79.12
25185,180,-9.1649,15.4523,-79.12,-79.12
25185,180,-9.1649,15.4523,-79.12,-79.12
25188,180,-3.2548,15.4523,-79.12,-79.12
25188,180,-3.2548,15.4523,-79.12,-79.12
25196,180,-3.2548,14.4462,-79.12,-79.12
25196,180,-3.2548,14.4462,-79.12,-79.12
25199,180,6.5096,14.4462,-79.12,-79.12
25199,180,6.5096,14.4462,-79.12,-79.12
25208,180,6.5096,14.6943,-79.12,-79.12
25208,180,6.5096,14.6943,-79.12,-79.12
25210,180,-1.5418,14.6943,-79.12,-79.12
25210,180,-1.5418,14.6943,-79.12,-79.12
25220,180,-1.5418,14.7575,-79.12,-79.12
25220,180,-1.5418,14.7575,-79.12,-79.12
25221,180,-7.4518,14.7575,-79.12,-79.12
25221,180,-7.4518,14.7575,-79.12,-79.12
25232,180,-7.4518,14.5545,-79.12,-79.12
25232,180,-7.4518,14.5545,-79.12,-79.12
25232,180,-1.2848,14.5545,-79.12,-79.12
25232,180,-1.2848,14.5545,-79.12,-79.12
25243,180,-3.1692,14.5545,-79.12,-79.12
25243,180,-3.1692,14.5545,-79.12,-79.12
25244,180,-3.1692,15.1590,-79.12,-79.12
25244,180,-3.1692,15.1590,-79.12,-79.12
25254,180,-0.5139,15.1590,-79.12,-79.12
25254,180,-0.5139,15.1590,-79.12,-79.12
25256,180,-0.5139,14.4101,-79.12,-79.12
25256,180,-0.5139,14.4101,-79.12,-79.12
25265,180,4.6253,14.4101,-79.12,-79.12
25265,180,4.6253,14.4101,-79.12,-79.12
25267,180,4.6253,15.0733,-79.12,-77.68
25267,180,4.6253,15.0733,-79.12,-79.12
25276,180,-0.3426,15.0733,-79.12,-79.12
25276,180,-0.3426,15.0733,-79.12,-79.12
25279,180,-0.3426,14.5951,-79.12,-79.12
25279,180,-0.3426,14.5951,-79.12,-79.12
25287,180,-0.6852,14.5951,-79.12,-79.12
25287,180,-0.6852,14.5951,-79.12,-77.68
25291,180,-0.6852,14.7169,-79.12,-79.12
25291,180,-0.6852,14.7169,-79.12,-77.68
25298,180,0.9422,14.7169,-79.12,-79.12
25298,180,0.9422,14.7169,-79.12,-79.12
25303,180,0.9422,15.4388,-79.12,-79.12
25303,180,0.9422,15.4388,-79.12,-79.12
25309,180,5.0535,15.4388,-79.12,-79.12
25309,180,5.0535,15.4388,-79.12,-79.12
25315,180,5.0535,15.2042,-79.12,-79.12
25315,180,5.0535,15.2042,-79.12,-79.12
25320,180,-1.9700,15.2042,-79.12,-79.12
25320,180,-1.9700,15.2042,-79.12,-79.12
25327,180,-1.9700,15.3440,-79.12,-79.12
25327,180,-1.9700,15.3440,-79.12,-79.12
25331,180,3.4261,15.3440,-79.12,-79.12
25331,180,3.4261,15.3440,-79.12,-79.12
25338,180,3.4261,15.0327,-79.12,-79.12
25338,180,3.4261,15.0327,-79.12,-79.12
25342,180,1.7131,15.0327,-79.12,-79.12
25342,180,1.7131,15.0327,-79.12,-79.12
25350,180,1.7131,15.0643,-79.12,-79.12
25350,180,1.7131,15.0643,-79.12,-79.12
25353,180,7.4518,15.0643,-79.12,-79.12
25353,180,7.4518,15.0643,-79.12,-79.12
25362,180,7.4518,15.3034,-79.12,-79.12
25362,180,7.4518,15.3034,-77.68,-79.12
25364,180,3.1692,15.3034,-79.12,-79.12
25364,180,3.1692,15.3034,-79.12,-79.12
25374,180,3.1692,15.1635,-79.12,-79.12
25374,180,3.1692,15.1635,-79.12,-79.12
25375,180,0.7709,15.1635,-79.12,-79.12
25375,180,0.7709,15.1635,-79.12,-79.12
25386,180,0.7709,16.0929,-79.12,-79.12
25386,180,0.7709,16.0929,-79.12,-79.12
25386,180,-0.2570,16.0929,-79.12,-79.12
25386,180,-0.2570,16.0929,-79.12,-79.12
25397,180,-1.8844,16.0929,-79.12,-79.12
25397,180,-1.8844,16.0929,-79.12,-79.12
25398,180,-1.8844,15.3079,-79.12,-79.12
25398,180,-1.8844,15.3079,-79.12,-79.12
25408,180,9.9358,15.3079,-79.12,-79.12
25408,180,9.9358,15.3079,-79.12,-79.12
25409,180,9.9358,15.2899,-79.12,-79.12
25409,180,9.9358,15.2899,-79.12,-79.12
25419,180,1.2848,15.2899,-77.68,-79.12
25419,180,1.2848,15.2899,-79.12,-79.12
25421,180,1.2848,15.4523,-79.12,-79.12
25421,180,1.2848,15.4523,-79.12,-79.12
25430,180,4.6253,15.4523,-79.12,-79.12
25430,180,4.6253,15.4523,-79.12,-79.12
25433,180,4.6253,14.6853,-79.12,-77.68
25433,180,4.6253,14.6853,-77.68,-79.12
25441,180,-8.3084,14.6853,-77.68,-79.12
25441,180,-8.3084,14.6853,-79.12,-79.12
25445,180,-8.3084,15.1094,-79.12,-79.12
25445,180,-8.3084,15.1094,-79.12,-79.12
25452,180,-5.0535,15.1094,-79.12,-77.68
25452,180,-5.0535,15.1094,-79.12,-79.12
25457,180,-5.0535,14.7710,-79.12,-77.68
25457,180,-5.0535,14.7710,-79.12,-79.12
25463,180,-4.4540,14.7710,-79.12,-79.12
25463,180,-4.4540,14.7710,-79.12,-79.12
25469,180,-4.4540,15.2628,-79.12,-79.12
25469,180,-4.4540,15.2628,-79.12,-79.12
25474,180,-1.7987,15.2628,-79.12,-79.12
25474,180,-1.7987,15.2628,-79.12,-79.12
25480,180,-1.7987,15.4117,-79.12,-79.12
25480,180,-1.7987,15.4117,-79.12,-79.12
25485,180,-1.8844,15.4117,-79.12,-79.12
25485,180,-1.8844,15.4117,-79.12,-77.68
25492,180,-1.8844,15.2087,-79.12,-79.12
25492,180,-1.8844,15.2087,-79.12,-79.12
25496,180,1.9700,15.2087,-79.12,-79.12
25496,180,1.9700,15.2087,-79.12,-79.12
25504,180,1.9700,15.9756,-79.12,-79.12
25504,180,1.9700,15.9756,-79.12,-79.12
25506,180,4.3683,15.9756,-79.12,-79.12
25507,180,4.3683,15.9756,-79.12,-79.12
25516,180,4.3683,15.8583,-79.12,-79.12
25516,180,4.3683,15.8583,-79.12,-79.12
25517,180,1.1135,15.8583,-79.12,-79.12
25518,180,1.1135,15.8583,-79.12,-79.12
25528,180,1.1135,16.2328,-79.12,-79.12
25528,180,1.1135,16.2328,-79.12,-79.12
25528,180,0.1713,16.2328,-79.12,-79.12
25528,180,0.1713,16.2328,-79.12,-79.12
25539,180,-8.5653,16.2328,-79.12,-79.12
25539,180,-8.5653,16.2328,-79.12,-79.12
25540,180,-8.5653,15.7726,-79.12,-79.12
25540,180,-8.5653,15.7726,-79.12,-79.12
25550,180,-0.7709,15.7726,-79.12,-79.12
25550,180,-0.7709,15.7726,-79.12,-79.12
25551,180,-0.7709,15.7230,-79.12,-79.12
25551,180,-0.7709,15.7230,-79.12,-79.12
25561,180,-0.8565,15.7230,-79.12,-79.12
25561,180,-0.8565,15.7230,-79.12,-79.12
25563,180,-0.8565,16.0253,-79.12,-79.12
25563,180,-0.8565,16.0253,-79.12,-79.12
25572,180,1.8844,16.0253,-79.12,-79.12
25572,180,1.8844,16.0253,-79.12,-79.12
25575,180,1.8844,15.5380,-79.12,-77.68
25575,180,1.8844,15.5380,-79.12,-79.12
25583,180,-0.5139,15.5380,-79.12,-79.12
25583,180,-0.5139,15.5380,-79.12,-79.12
25587,180,-0.5139,15.9395,-79.12,-79.12
25587,180,-0.5139,15.9395,-79.12,-79.12
25594,180,-3.4261,15.9395,-79.12,-79.12
25594,180,-3.4261,15.9395,-79.12,-79.12
25599,180,-3.4261,15.6553,-79.12,-79.12
25599,180,-3.4261,15.6553,-79.12,-79.12
25605,180,-0.4283,15.6553,-79.12,-79.12
25605,180,-0.4283,15.6553,-79.12,-79.12
25610,180,-0.4283,15.7591,-79.12,-79.12
25611,180,-0.4283,15.7591,-79.12,-79.12
25616,180,2.6552,15.7591,-79.12,-79.12
25616,180,2.6552,15.7591,-79.12,-79.12
25622,180,2.6552,15.7997,-79.12,-79.12
25622,180,2.6552,15.7997,-79.12,-79.12
25627,180,5.9957,15.7997,-79.12,-79.12
25627,180,5.9957,15.7997,-79.12,-79.12
25634,180,5.9957,15.4117,-79.12,-79.12
25634,180,5.9957,15.4117,-79.12,-79.12
25638,180,-0.0857,15.4117,-79.12,-79.12
25638,180,-0.0857,15.4117,-79.12,-79.12
25646,180,-0.0857,16.4088,-79.12,-79.12
25646,180,-0.0857,16.4088,-79.12,-79.12
25649,180,4.6253,16.4088,-79.12,-79.12
25649,180,4.6253,16.4088,-77.68,-79.12
25658,180,4.6253,15.5876,-79.12,-79.12
25658,180,4.6253,15.5876,-79.12,-79.12
25660,180,-3.5118,15.5876,-79.12,-79.12
25660,180,-3.5118,15.5876,-79.12,-77.68
25670,180,-3.5118,15.5741,-79.12,-79.12
25670,180,-3.5118,15.5741,-79.12,-79.12
25671,180,0.5139,15.5741,-79.12,-79.12
25671,180,0.5139,15.5741,-79.12,-79.12
25681,180,0.5139,15.8809,-79.12,-79.12
25682,180,0.5139,15.8809,-79.12,-79.12
25682,180,-4.3683,15.8809,-79.12,-79.12
25682,180,-4.3683,15.8809,-79.12,-79.12
25693,180,0.4283,15.8809,-79.12,-79.12
25693,180,0.4283,15.8809,-79.12,-79.12
25693,180,0.4283,15.5741,-79.12,-79.12
25693,180,0.4283,15.5741,-79.12,-79.12
25704,180,0.7709,15.5741,-79.12,-79.12
25704,180,0.7709,15.5741,-79.12,-79.12
25705,180,0.7709,15.6688,-79.12,-79.12
25705,180,0.7709,15.6688,-79.12,-79.12
25715,180,-5.1392,15.6688,-79.12,-79.12
25715,180,-5.1392,15.6688,-79.12,-79.12
25717,180,-5.1392,14.7620,-79.12,-79.12
25717,180,-5.1392,14.7620,-79.12,-79.12
25726,180,-2.9122,14.7620,-79.12,-79.12
25726,180,-2.9122,14.7620,-79.12,-79.12
25729,180,-2.9122,15.1681,-79.12,-79.12
25729,180,-2.9122,15.1681,-79.12,-79.12
25737,180,1.2848,15.1681,-79.12,-79.12
25737,180,1.2848,15.1681,-79.12,-79.12
25741,180,1.2848,15.5380,-79.12,-79.12
25741,180,1.2848,15.5380,-79.12,-79.12
25748,180,1.7987,15.5380,-79.12,-79.12
25748,180,1.7987,15.5380,-79.12,-79.12
25752,180,1.7987,14.7485,-79.12,-79.12
25753,180,1.7987,14.7485,-79.12,-79.12
25759,180,-2.8266,14.7485,-79.12,-79.12
25759,180,-2.8266,14.7485,-79.12,-79.12
25764,180,-2.8266,15.3801,-79.12,-79.12
25764,180,-2.8266,15.3801,-79.12,-79.12
25770,180,0.2570,15.3801,-79.12,-79.12
25770,180,0.2570,15.3801,-79.12,-79.12
25776,180,0.2570,15.1139,-77.68,-79.12
25776,180,0.2570,15.1139,-79.12,-79.12
25781,180,-4.1970,15.1139,-79.12,-79.12
25781,180,-4.1970,15.1139,-79.12,-79.12
25788,180,-4.1970,15.7861,-79.12,-79.12
25788,180,-4.1970,15.7861,-79.12,-79.12
25792,180,1.0278,15.7861,-79.12,-79.12
25792,180,1.0278,15.7861,-79.12,-79.12
25800,180,1.0278,15.7410,-79.12,-79.12
25800,180,1.0278,15.7410,-79.12,-79.12
25803,180,3.1692,15.7410,-79.12,-79.12
25803,180,3.1692,15.7410,-79.12,-79.12
25812,180,3.1692,15.0598,-79.12,-79.12
25812,180,3.1692,15.0598,-79.12,-79.12
25814,180,6.5096,15.0598,-79.12,-79.12
25814,180,6.5096,15.0598,-79.12,-79.12
25823,180,6.5096,15.3621,-79.12,-79.12
25824,180,6.5096,15.3621,-79.12,-79.12
25825,180,5.6531,15.3621,-79.12,-79.12
25825,180,5.6531,15.3621,-79.12,-79.12
25835,180,5.6531,15.0778,-79.12,-79.12
25835,180,5.6531,15.0778,-79.12,-79.12
25836,180,-1.2848,15.0778,-79.12,-79.12
25836,180,-1.2848,15.0778,-79.12,-79.12
25847,180,2.1413,15.0778,-79.12,-79.12
25847,180,2.1413,15.0778,-79.12,-79.12
25847,180,2.1413,15.4884,-79.12,-79.12
25847,180,2.1413,15.4884,-79.12,-79.12
25858,180,0.5139,15.4884,-79.12,-79.12
25858,180,0.5139,15.4884,-79.12,-79.12
25859,180,0.5139,15.3801,-79.12,-79.12
25859,180,0.5139,15.3801,-79.12,-79.12
25869,180,-4.3683,15.3801,-79.12,-79.12
25869,180,-4.3683,15.3801,-79.12,-79.12
25871,180,-4.3683,15.6328,-79.12,-79.12
25871,180,-4.3683,15.6328,-79.12,-79.12
25879,180,-9.6788,15.6328,-79.12,-79.12
25880,180,-9.6788,15.6328,-79.12,-79.12
25883,180,-9.6788,15.9892,-79.12,-79.12
25883,180,-9.6788,15.9892,-79.12,-77.68
25890,180,1.8844,15.9892,-79.12,-79.12
25891,180,1.8844,15.9892,-79.12,-79.12
25894,180,1.8844,15.0327,-79.12,-79.12
25895,180,1.8844,15.0327,-79.12,-79.12
25901,180,-1.1135,15.0327,-79.12,-77.68
25902,180,-1.1135,15.0327,-79.12,-79.12
25906,180,-1.1135,15.5425,-79.12,-77.68
25906,180,-1.1135,15.5425,-79.12,-79.12
25912,180,1.7131,15.5425,-79.12,-79.12
25912,180,1.7131,15.5425,-79.12,-79.12
25918,180,1.7131,15.1500,-79.12,-79.12
25918,180,1.7131,15.1500,-79.12,-79.12
25923,180,13.2762,15.1500,-79.12,-79.12
25923,180,13.2762,15.1500,-79.12,-79.12
25930,180,13.2762,15.5245,-79.12,-79.12
25930,180,13.2762,15.5245,-79.12,-79.12
25934,180,5.9957,15.5245,-79.12,-79.12
25934,180,5.9957,15.5245,-79.12,-79.12
25942,180,5.9957,15.5967,-79.12,-79.12
25942,180,5.9957,15.5967,-79.12,-79.12
25945,180,-0.3426,15.5967,-79.12,-79.12
25945,180,-0.3426,15.5967,-79.12,-79.12
25954,180,-0.3426,15.3666,-79.12,-79.12
25954,180,-0.3426,15.3666,-79.12,-79.12
25956,180,6.0814,15.3666,-79.12,-79.12
25956,180,6.0814,15.3666,-79.12,-79.12
25965,180,6.0814,15.9892,-79.12,-79.12
25966,180,6.0814,15.9892,-79.12,-79.12
25967,180,2.5696,15.9892,-79.12,-79.12
25967,180,2.5696,15.9892,-79.12,-79.12
25977,180,2.5696,15.4523,-79.12,-79.12
25977,180,2.5696,15.4523,-79.12,-79.12
25978,180,1.7987,15.4523,-77.68,-79.12
25978,180,1.7987,15.4523,-79.12,-79.12
25989,180,1.7987,15.6824,-79.12,-79.12
25989,180,1.7987,15.6824,-79.12,-79.12
25989,180,2.3126,15.6824,-79.12,-79.12
25989,180,2.3126,15.6824,-79.12,-79.12
26000,180,-2.3126,15.6824,-79.12,-79.12
26000,180,-2.3126,15.6824,-79.12,-79.12
26001,180,-2.3126,15.7185,-79.12,-79.12
26001,180,-2.3126,15.7185,-79.12,-79.12
26011,180,3.8544,15.7185,-79.12,-79.12
26011,180,3.8544,15.7185,-79.12,-79.12
26013,180,3.8544,15.4929,-79.12,-79.12
26013,180,3.8544,15.4929,-79.12,-79.12
26022,180,0.5139,15.4929,-79.12,-79.12
26022,180,0.5139,15.4929,-79.12,-79.12
26025,180,0.5139,15.9441,-79.12,-79.12
26025,180,0.5139,15.9441,-79.12,-79.12
26033,180,-2.3983,15.9441,-79.12,-79.12
26033,180,-2.3983,15.9441,-79.12,-79.12
26036,180,-2.3983,15.6553,-79.12,-79.12
26036,180,-2.3983,15.6553,-79.12,-79.12
26044,180,-12.5054,15.6553,-79.12,-79.12
26044,180,-12.5054,15.6553,-79.12,-77.68
26048,180,-12.5054,15.8177,-79.12,-79.12
26048,180,-12.5054,15.8177,-79.12,-79.12
26055,180,-4.9679,15.8177,-79.12,-79.12
26055,180,-4.9679,15.8177,-79.12,-77.68
26060,180,-4.9679,15.4478,-79.12,-79.12
26060,180,-4.9679,15.4478,-77.68,-79.12
26066,180,-5.8244,15.4478,-79.12,-79.12
26066,180,-5.8244,15.4478,-79.12,-79.12
26072,180,-5.8244,15.6824,-79.12,-79.12
26072,180,-5.8244,15.6824,-79.12,-79.12
26077,180,-3.4261,15.6824,-79.12,-79.12
26077,180,-3.4261,15.6824,-79.12,-79.12
26084,180,-3.4261,16.0298,-79.12,-79.12
26084,180,-3.4261,16.0298,-79.12,-79.12
26088,180,2.3126,16.0298,-79.12,-79.12
26088,180,2.3126,16.0298,-79.12,-79.12
26096,180,2.3126,15.4207,-79.12,-79.12
26096,180,2.3126,15.4207,-79.12,-79.12
26099,180,-2.4839,15.4207,-79.12,-79.12
26099,180,-2.4839,15.4207,-79.12,-79.12
26107,180,-2.4839,15.9395,-79.12,-79.12
26107,180,-2.4839,15.9395,-79.12,-79.12
26110,180,1.1135,15.9395,-79.12,-79.12
26110,180,1.1135,15.9395,-79.12,-79.12
26119,180,1.1135,15.7185,-79.12,-79.12
26119,180,1.1135,15.7185,-79.12,-79.12
26121,180,-1.7987,15.7185,-79.12,-79.12
26121,180,-1.7987,15.7185,-79.12,-79.12
26131,180,-1.7987,15.7095,-79.12,-79.12
26131,180,-1.7987,15.7095,-79.12,-79.12
26132,180,4.9679,15.7095,-77.68,-79.12
26132,180,4.9679,15.7095,-79.12,-79.12
26143,180,10.1927,15.7095,-79.12,-79.12
26143,180,10.1927,15.7095,-79.12,-79.12
26143,180,10.1927,16.2283,-79.12,-79.12
26143,180,10.1927,16.2283,-79.12,-79.12
26154,180,8.4797,16.2283,-79.12,-79.12
26154,180,8.4797,16.2283,-79.12,-79.12
26155,180,8.4797,15.7816,-79.12,-79.12
26155,180,8.4797,15.7816,-79.12,-79.12
26165,180,5.1392,15.7816,-79.12,-79.12
26165,180,5.1392,15.7816,-79.12,-79.12
26167,180,5.1392,15.9801,-79.12,-79.12
26167,180,5.1392,15.9801,-79.12,-79.12
26176,180,9.5075,15.9801,-79.12,-79.12
26176,180,9.5075,15.9801,-79.12,-79.12
26178,180,9.5075,15.7410,-79.12,-79.12
26179,180,9.5075,15.7410,-79.12,-79.12
26187,180,4.0257,15.7410,-79.12,-79.12
26187,180,4.0257,15.7410,-79.12,-79.12
26190,180,4.0257,15.9215,-79.12,-79.12
26190,180,4.0257,15.9215,-79.12,-79.12
26198,180,-2.1413,15.9215,-79.12,-79.12
26198,180,-2.1413,15.9215,-79.12,-79.12
26202,180,-2.1413,15.8132,-79.12,-79.12
26202,180,-2.1413,15.8132,-79.12,-79.12
26209,180,-0.5139,15.8132,-79.12,-79.12
26209,180,-0.5139,15.8132,-79.12,-79.12
26214,180,-0.5139,15.4703,-79.12,-79.12
26214,180,-0.5139,15.4703,-79.12,-79.12
26220,180,-12.1627,15.4703,-79.12,-79.12
26220,180,-12.1627,15.4703,-79.12,-79.12
26226,180,-12.1627,15.5741,-79.12,-79.12
26226,180,-12.1627,15.5741,-79.12,-79.12
26231,180,0.8565,15.5741,-79.12,-79.12
26231,180,0.8565,15.5741,-79.12,-79.12
26238,180,0.8565,15.1455,-79.12,-79.12
26238,180,0.8565,15.1455,-79.12,-79.12
26242,180,-1.0278,15.1455,-79.12,-79.12
26242,180,-1.0278,15.1455,-79.12,-79.12
26249,180,-1.0278,15.6824,-79.12,-79.12
26250,180,-1.0278,15.6824,-79.12,-79.12
26252,180,-5.5675,15.6824,-79.12,-79.12
26253,180,-5.5675,15.6824,-79.12,-79.12
26261,180,-5.5675,15.9125,-79.12,-79.12
26261,180,-5.5675,15.9125,-79.12,-79.12
26263,180,-6.1670,15.9125,-79.12,-79.12
26264,180,-6.1670,15.9125,-79.12,-79.12
26273,180,-6.1670,15.1951,-79.12,-79.12
26273,180,-6.1670,15.1951,-79.12,-79.12
26274,180,-0.7709,15.1951,-79.12,-79.12
26275,180,-0.7709,15.1951,-79.12,-79.12
26285,180,-0.7709,15.8764,-79.12,-79.12
26285,180,-0.7709,15.8764,-79.12,-79.12
26285,180,-3.4261,15.8764,-79.12,-79.12
26285,180,-3.4261,15.8764,-79.12,-79.12
26296,180,-7.2805,15.8764,-79.12,-79.12
26296,180,-7.2805,15.8764,-79.12,-79.12
26297,180,-7.2805,15.4613,-79.12,-79.12
26297,180,-7.2805,15.4613,-79.12,-79.12
26307,180,-7.1092,15.4613,-79.12,-79.12
26307,180,-7.1092,15.4613,-79.12,-77.68
26309,180,-7.1092,15.5470,-79.12,-79.12
26309,180,-7.1092,15.5470,-79.12,-79.12
26318,180,-2.0557,15.5470,-79.12,-79.12
26318,180,-2.0557,15.5470,-79.12,-79.12
26320,180,-2.0557,15.3982,-79.12,-79.12
26320,180,-2.0557,15.3982,-79.12,-79.12
26329,180,1.3704,15.3982,-79.12,-79.12
26329,180,1.3704,15.3982,-79.12,-79.12
26332,180,1.3704,14.9109,-79.12,-79.12
26332,180,1.3704,14.9109,-79.12,-79.12
26340,180,-1.7987,14.9109,-79.12,-79.12
26340,180,-1.7987,14.9109,-79.12,-77.68
26344,180,-1.7987,15.4884,-79.12,-79.12
26344,180,-1.7987,15.4884,-79.12,-79.12
26351,180,5.3105,15.4884,-79.12,-79.12
26351,180,5.3105,15.4884,-79.12,-79.12
26356,180,5.3105,14.9515,-79.12,-79.12
26356,180,5.3105,14.9515,-79.12,-77.68
26362,180,8.9079,14.9515,-79.12,-79.12
26362,180,8.9079,14.9515,-79.12,-79.12
26368,180,8.9079,15.4207,-79.12,-79.12
26368,180,8.9079,15.4207,-79.12,-79.12
26373,180,4.3683,15.4207,-79.12,-79.12
26373,180,4.3683,15.4207,-79.12,-79.12
26380,180,4.3683,15.8042,-79.12,-79.12
26380,180,4.3683,15.8042,-79.12,-79.12
26384,180,-0.4283,15.8042,-79.12,-79.12
26384,180,-0.4283,15.8042,-79.12,-79.12
26391,180,-0.4283,15.9125,-79.12,-79.12
26391,180,-0.4283,15.9125,-79.12,-79.12
26395,180,7.6231,15.9125,-79.12,-79.12
26395,180,7.6231,15.9125,-79.12,-79.12
26403,180,7.6231,16.5396,-79.12,-79.12
26403,180,7.6231,16.5396,-79.12,-79.12
26406,180,12.6767,16.5396,-79.12,-79.12
26406,180,12.6767,16.5396,-79.12,-79.12
26415,180,12.6767,15.7546,-79.12,-79.12
26415,180,12.6767,15.7546,-79.12,-79.12
26417,180,8.5653,15.7546,-79.12,-79.12
26417,180,8.5653,15.7546,-79.12,-79.12
26427,180,8.5653,15.7636,-79.12,-79.12
26427,180,8.5653,15.7636,-79.12,-79.12
26428,180,7.5375,15.7636,-79.12,-79.12
26428,180,7.5375,15.7636,-79.12,-79.12
26439,180,7.5375,15.4207,-79.12,-79.12
26439,180,7.5375,15.4207,-79.12,-79.12
26439,180,-2.6552,15.4207,-79.12,-79.12
26439,180,-2.6552,15.4207,-79.12,-79.12
26450,180,9.7645,15.4207,-79.12,-79.12
26450,180,9.7645,15.4207,-79.12,-79.12
26451,180,9.7645,15.5425,-79.12,-79.12
26451,180,9.7645,15.5425,-79.12,-79.12
26461,180,5.3105,15.5425,-79.12,-79.12
26461,180,5.3105,15.5425,-79.12,-79.12
26462,180,5.3105,16.0568,-79.12,-79.12
26462,180,5.3105,16.0568,-79.12,-79.12
26472,180,2.5696,16.0568,-79.12,-79.12
26472,180,2.5696,16.0568,-79.12,-79.12
26474,180,2.5696,15.1816,-79.12,-79.12
26474,180,2.5696,15.1816,-79.12,-79.12
26483,180,-1.4561,15.1816,-79.12,-79.12
26483,180,-1.4561,15.1816,-79.12,-79.12
26486,180,-1.4561,15.8583,-79.12,-79.12
26486,180,-1.4561,15.8583,-79.12,-79.12
26494,180,-3.6831,15.8583,-79.12,-79.12
26494,180,-3.6831,15.8583,-79.12,-79.12
26498,180,-3.6831,15.1996,-79.12,-79.12
26498,180,-3.6831,15.1996,-79.12,-79.12
26505,180,-8.2227,15.1996,-79.12,-79.12
26505,180,-8.2227,15.1996,-79.12,-79.12
26510,180,-8.2227,15.1635,-79.12,-79.12
26510,180,-8.2227,15.1635,-79.12,-79.12
26516,180,4.7966,15.1635,-79.12,-79.12
26516,180,4.7966,15.1635,-79.12,-79.12
26522,180,4.7966,15.7636,-79.12,-79.12
26522,180,4.7966,15.7636,-79.12,-79.12
26527,180,7.8801,15.7636,-79.12,-79.12
26527,180,7.8801,15.7636,-79.12,-79.12
26533,180,7.8801,15.2989,-79.12,-79.12
26533,180,7.8801,15.2989,-79.12,-79.12
26538,180,-3.2548,15.2989,-79.12,-79.12
26538,180,-3.2548,15.2989,-79.12,-79.12
26545,180,-3.2548,15.5380,-79.12,-79.12
26545,180,-3.2548,15.5380,-79.12,-79.12
26549,180,2.6552,15.5380,-79.12,-79.12
26549,180,2.6552,15.5380,-79.12,-79.12
26557,180,2.6552,15.1365,-79.12,-79.12
26557,180,2.6552,15.1365,-79.12,-79.12
26560,180,2.1413,15.1365,-79.12,-79.12
26560,180,2.1413,15.1365,-79.12,-79.12
26569,180,2.1413,15.4252,-79.12,-79.12
26569,180,2.1413,15.4252,-79.12,-79.12
26571,180,8.3084,15.4252,-79.12,-79.12
26571,180,8.3084,15.4252,-79.12,-79.12
26581,180,8.3084,15.2132,-79.12,-79.12
26581,180,8.3084,15.2132,-79.12,-79.12
26582,180,-0.0857,15.2132,-79.12,-79.12
26582,180,-0.0857,15.2132,-79.12,-79.12
26593,180,-0.0857,14.7801,-79.12,-77.68
26593,180,1.3704,14.7801,-79.12,-79.12
26593,180,1.3704,14.7801,-79.12,-79.12
26604,180,-1.7131,14.7801,-79.12,-79.12
26604,180,-1.7131,14.7801,-79.12,-79.12
26604,180,-1.7131,15.5064,-79.12,-79.12
26604,180,-1.7131,15.5064,-79.12,-79.12
26615,180,-2.9979,15.5064,-79.12,-79.12
26615,180,-2.9979,15.5064,-79.12,-79.12
26616,180,-2.9979,15.0914,-79.12,-79.12
26616,180,-2.9979,15.0914,-79.12,-79.12
26626,180,-5.5675,15.0914,-79.12,-79.12
26626,180,-5.5675,15.0914,-79.12,-79.12
26628,180,-5.5675,15.1545,-79.12,-79.12
26628,180,-5.5675,15.1545,-79.12,-79.12
26636,180,-7.1092,15.1545,-79.12,-79.12
26637,180,-7.1092,15.1545,-79.12,-79.12
26640,180,-7.1092,15.2042,-79.12,-79.12
26640,180,-7.1092,15.2042,-79.12,-79.12
26647,180,-2.8266,15.2042,-79.12,-79.12
26648,180,-2.8266,15.2042,-79.12,-79.12
26652,180,-2.8266,14.9019,-79.12,-79.12
26652,180,-2.8266,14.9019,-79.12,-79.12
26658,180,-2.3126,14.9019,-79.12,-79.12
26658,180,-2.3126,14.9019,-79.12,-79.12
26664,180,-2.3126,15.3801,-79.12,-79.12
26664,180,-2.3126,15.3801,-79.12,-79.12
26669,180,0.6852,15.3801,-79.12,-79.12
26669,180,0.6852,15.3801,-79.12,-79.12
26675,180,0.6852,14.7169,-79.12,-79.12
26675,180,0.6852,14.7169,-79.12,-79.12
26680,180,1.8844,14.7169,-79.12,-79.12
26680,180,1.8844,14.7169,-79.12,-79.12
26687,180,1.8844,15.4117,-79.12,-79.12
26687,180,1.8844,15.4117,-79.12,-79.12
26691,180,2.8266,15.4117,-79.12,-79.12
26691,180,2.8266,15.4117,-79.12,-79.12
26699,180,2.8266,15.6192,-79.12,-79.12
26699,180,2.8266,15.6192,-79.12,-79.12
26702,180,1.1135,15.6192,-79.12,-79.12
26702,180,1.1135,15.6192,-79.12,-79.12
26711,180,1.1135,15.3530,-79.12,-79.12
26711,180,1.1135,15.3530,-79.12,-79.12
26713,180,3.3405,15.3530,-79.12,-79.12
26713,180,3.3405,15.3530,-79.12,-79.12
26723,180,3.3405,15.7546,-79.12,-79.12
26723,180,3.3405,15.7546,-79.12,-79.12
26724,180,-3.6831,15.7546,-79.12,-79.12
26724,180,-3.6831,15.7546,-79.12,-79.12
26735,180,-3.6831,15.5651,-79.12,-79.12
26735,180,-3.6831,15.5651,-79.12,-79.12
26735,180,-2.3983,15.5651,-79.12,-79.12
26735,180,-2.3983,15.5651,-79.12,-79.12
26746,180,3.2548,15.5651,-79.12,-79.12
26746,180,3.2548,15.5651,-79.12,-79.12
26746,180,3.2548,16.2960,-79.12,-79.12
26746,180,3.2548,16.2960,-79.12,-79.12
26757,180,2.6552,16.2960,-79.12,-79.12
26757,180,2.6552,16.2960,-79.12,-79.12
26758,180,2.6552,15.8132,-79.12,-79.12
26758,180,2.6552,15.8132,-79.12,-79.12
26768,180,3.5118,15.8132,-79.12,-79.12
26768,180,3.5118,15.8132,-79.12,-79.12
26770,180,3.5118,15.6057,-79.12,-79.12
26770,180,3.5118,15.6057,-79.12,-79.12
26779,180,-7.1949,15.6057,-79.12,-79.12
26779,180,-7.1949,15.6057,-79.12,-79.12
26782,180,-7.1949,15.8448,-79.12,-79.12
26782,180,-7.1949,15.8448,-79.12,-79.12
26790,180,-1.1135,15.8448,-79.12,-79.12
26790,180,-1.1135,15.8448,-79.12,-79.12
26794,180,-1.1135,15.5425,-79.12,-79.12
26794,180,-1.1135,15.5425,-79.12,-79.12
26801,180,-6.0814,15.5425,-79.12,-79.12
26801,180,-6.0814,15.5425,-79.12,-79.12
26806,180,-6.0814,15.7636,-79.12,-79.12
26806,180,-6.0814,15.7636,-79.12,-79.12
26812,180,-1.3704,15.7636,-79.12,-79.12
26812,180,-1.3704,15.7636,-79.12,-79.12
26817,180,-1.3704,15.0147,-79.12,-79.12
26817,180,-1.3704,15.0147,-79.12,-79.12
26823,180,-0.3426,15.0147,-79.12,-79.12
26823,180,-0.3426,15.0147,-79.12,-79.12
26829,180,-0.3426,15.4974,-79.12,-79.12
26829,180,-0.3426,15.4974,-79.12,-79.12
26834,180,-3.0835,15.4974,-79.12,-79.12
26834,180,-3.0835,15.4974,-79.12,-79.12
26841,180,-3.0835,16.1335,-79.12,-79.12
26841,180,-3.0835,16.1335,-79.12,-79.12
26845,180,1.1991,16.1335,-79.12,-79.12
26845,180,1.1991,16.1335,-79.12,-79.12
26853,180,1.1991,15.3756,-79.12,-79.12
26853,180,1.1991,15.3756,-79.12,-79.12
26856,180,-3.8544,15.3756,-79.12,-79.12
26856,180,-3.8544,15.3756,-79.12,-79.12
26865,180,-3.8544,15.7140,-79.12,-79.12
26865,180,-3.8544,15.7140,-79.12,-79.12
26867,180,-0.5139,15.7140,-79.12,-79.12
26867,180,-0.5139,15.7140,-79.12,-79.12
26877,180,-0.5139,14.9470,-79.12,-79.12
26877,180,-0.5139,14.9470,-79.12,-79.12
26878,180,-5.0535,14.9470,-79.12,-79.12
26878,180,-5.0535,14.9470,-79.12,-79.12
26888,180,-5.0535,15.4794,-79.12,-79.12
26888,180,-5.0535,15.4794,-79.12,-79.12
26889,180,-8.6510,15.4794,-79.12,-79.12
26889,180,-8.6510,15.4794,-79.12,-79.12
26900,180,-7.7088,15.4794,-79.12,-79.12
26900,180,-7.7088,15.4794,-79.12,-79.12
26900,180,-7.7088,15.7861,-79.12,-79.12
26900,180,-7.7088,15.7861,-79.12,-79.12
26911,180,-3.1692,15.7861,-79.12,-79.12
26911,180,-3.1692,15.7861,-79.12,-79.12
26912,180,-3.1692,15.3530,-79.12,-79.12
26912,180,-3.1692,15.3530,-79.12,-79.12
26922,180,-2.8266,15.3530,-79.12,-79.12
26922,180,-2.8266,15.3530,-79.12,-79.12
26924,180,-2.8266,15.8222,-79.12,-79.12
26924,180,-2.8266,15.8222,-79.12,-79.12
26933,180,-0.8565,15.8222,-79.12,-79.12
26933,180,-0.8565,15.8222,-79.12,-79.12
26936,180,-0.8565,15.3982,-79.12,-79.12
26936,180,-0.8565,15.3982,-79.12,-79.12
26944,180,0.8565,15.3982,-79.12,-79.12
26944,180,0.8565,15.3982,-79.12,-79.12
26947,180,0.8565,15.7546,-79.12,-79.12
26948,180,0.8565,15.7546,-79.12,-79.12
26955,180,8.8223,15.7546,-79.12,-79.12
26955,180,8.8223,15.7546,-79.12,-79.12
26959,180,8.8223,15.7907,-79.12,-79.12
26959,180,8.8223,15.7907,-79.12,-79.12
26966,180,10.9636,15.7907,-79.12,-79.12
26966,180,10.9636,15.7907,-79.12,-79.12
26971,180,10.9636,15.3936,-79.12,-79.12
26971,180,10.9636,15.3936,-79.12,-79.12
26977,180,3.8544,15.3936,-79.12,-79.12
26977,180,3.8544,15.3936,-79.12,-79.12
26983,180,3.8544,15.3034,-77.68,-79.12
26983,180,3.8544,15.3034,-79.12,-79.12
26988,180,-0.8565,15.3034,-79.12,-79.12
26988,180,-0.8565,15.3034,-79.12,-79.12
26995,180,-0.8565,15.0462,-79.12,-79.12
26995,180,-0.8565,15.0462,-79.12,-79.12
26999,180,-2.0557,15.0462,-79.12,-79.12
26999,180,-2.0557,15.0462,-79.12,-79.12
27007,180,-2.0557,15.6237,-79.12,-77.68
27007,180,-2.0557,15.6237,-79.12,-79.12
27010,180,2.9979,15.6237,-79.12,-79.12
27010,180,2.9979,15.6237,-79.12,-79.12
27018,180,2.9979,15.1771,-79.12,-79.12
27019,180,2.9979,15.1771,-79.12,-79.12
27020,180,4.9679,15.1771,-79.12,-77.68
27021,180,4.9679,15.1771,-79.12,-79.12
27030,180,4.9679,15.3215,-79.12,-79.12
27030,180,4.9679,15.3215,-79.12,-79.12
27031,180,5.0535,15.3215,-79.12,-79.12
27032,180,5.0535,15.3215,-79.12,-79.12
27042,180,5.0535,15.3891,-79.12,-79.12
27042,180,5.0535,15.3891,-79.12,-79.12
27042,180,3.8544,15.3891,-79.12,-79.12
27042,180,3.8544,15.3891,-79.12,-79.12
27053,180,8.3940,15.3891,-79.12,-79.12
27053,180,8.3940,15.3891,-79.12,-79.12
27054,180,8.3940,14.5364,-79.12,-79.12
27054,180,8.3940,14.5364,-79.12,-79.12
27064,180,8.5653,14.5364,-79.12,-79.12
27064,180,8.5653,14.5364,-79.12,-79.12
27066,180,8.5653,15.2222,-79.12,-79.12
27066,180,8.5653,15.2222,-79.12,-79.12
27075,180,6.8522,15.2222,-79.12,-79.12
27075,180,6.8522,15.2222,-79.12,-79.12
27078,180,6.8522,14.7259,-79.12,-79.12
27078,180,6.8522,14.7259,-79.12,-79.12
27086,180,-1.1135,14.7259,-79.12,-79.12
27086,180,-1.1135,14.7259,-79.12,-79.12
27089,180,-1.1135,15.2854,-79.12,-79.12
27090,180,-1.1135,15.2854,-79.12,-79.12
27097,180,-3.2548,15.2854,-79.12,-79.12
27097,180,-3.2548,15.2854,-79.12,-79.12
27101,180,-3.2548,15.5470,-79.12,-79.12
27101,180,-3.2548,15.5470,-79.12,-79.12
27108,180,0.7709,15.5470,-79.12,-79.12
27108,180,0.7709,15.5470,-79.12,-79.12
27113,180,0.7709,15.0823,-79.12,-79.12
27113,180,0.7709,15.0823,-79.12,-79.12
27119,180,-4.1113,15.0823,-79.12,-79.12
27119,180,-4.1113,15.0823,-79.12,-79.12
27125,180,-4.1113,15.5335,-79.12,-79.12
27125,180,-4.1113,15.5335,-79.12,-79.12
27130,180,-0.3426,15.5335,-79.12,-79.12
27130,180,-0.3426,15.5335,-79.12,-79.12
27137,180,-0.3426,15.1094,-79.12,-79.12
27137,180,-0.3426,15.1094,-79.12,-79.12
27141,180,1.1991,15.1094,-79.12,-79.12
27141,180,1.1991,15.1094,-79.12,-79.12
27149,180,1.1991,15.5425,-79.12,-79.12
27149,180,1.1991,15.5425,-79.12,-79.12
27152,180,7.1092,15.5425,-79.12,-79.12
27152,180,7.1092,15.5425,-79.12,-79.12
27160,180,7.1092,15.4433,-79.12,-79.12
27161,180,7.1092,15.4433,-79.12,-79.12
27163,180,9.8501,15.4433,-79.12,-79.12
27163,180,9.8501,15.4433,-79.12,-79.12
27172,180,9.8501,15.4794,-79.12,-79.12
27172,180,9.8501,15.4794,-79.12,-79.12
27174,180,7.6231,15.4794,-79.12,-79.12
27174,180,7.6231,15.4794,-79.12,-79.12
27184,180,7.6231,16.1065,-79.12,-79.12
27184,180,7.6231,16.1065,-79.12,-79.12
27185,180,9.1649,16.1065,-79.12,-79.12
27185,180,9.1649,16.1065,-79.12,-79.12
27196,180,9.1649,15.6057,-79.12,-79.12
27196,180,1.9700,15.6057,-79.12,-79.12
27196,180,1.9700,15.6057,-79.12,-79.12
27207,180,3.2548,15.6057,-79.12,-79.12
27207,180,3.2548,15.6057,-79.12,-77.68
27208,180,3.2548,16.3862,-79.12,-79.12
27208,180,3.2548,16.3862,-79.12,-79.12
27218,180,4.5396,16.3862,-79.12,-79.12
27218,180,4.5396,16.3862,-79.12,-79.12
27220,180,4.5396,16.3366,-79.12,-79.12
27220,180,4.5396,16.3366,-79.12,-79.12
27229,180,6.3383,16.3366,-79.12,-79.12
27229,180,6.3383,16.3366,-79.12,-79.12
27231,180,6.3383,15.7771,-79.12,-79.12
27232,180,6.3383,15.7771,-79.12,-79.12
27240,180,-1.1991,15.7771,-79.12,-77.68
27240,180,-1.1991,15.7771,-79.12,-79.12
27243,180,-1.1991,16.1155,-79.12,-79.12
27243,180,-1.1991,16.1155,-79.12,-79.12
27251,180,-5.7388,16.1155,-79.12,-79.12
27251,180,-5.7388,16.1155,-79.12,-79.12
27255,180,-5.7388,15.3350,-79.12,-79.12
27255,180,-5.7388,15.3350,-79.12,-79.12
27262,180,-2.3126,15.3350,-79.12,-79.12
27262,180,-2.3126,15.3350,-79.12,-79.12
27267,180,-2.3126,15.2087,-79.12,-79.12
27267,180,-2.3126,15.2087,-79.12,-79.12
27273,180,10.1071,15.2087,-79.12,-79.12
27273,180,10.1071,15.2087,-79.12,-79.12
27279,180,10.1071,15.1635,-79.12,-79.12
27279,180,10.1071,15.1635,-79.12,-79.12
27284,180,-3.5974,15.1635,-79.12,-79.12
27284,180,-3.5974,15.1635,-79.12,-79.12
27291,180,-3.5974,15.5109,-79.12,-79.12
27291,180,-3.5974,15.5109,-77.68,-79.12
27295,180,-1.6274,15.5109,-79.12,-79.12
27295,180,-1.6274,15.5109,-79.12,-79.12
27302,180,-1.6274,15.6102,-79.12,-79.12
27303,180,-1.6274,15.6102,-79.12,-79.12
27306,180,5.2248,15.6102,-79.12,-79.12
27306,180,5.2248,15.6102,-79.12,-79.12
27314,180,5.2248,14.9064,-79.12,-77.68
27314,180,5.2248,14.9064,-79.12,-79.12
27317,180,2.3983,14.9064,-79.12,-79.12
27317,180,2.3983,14.9064,-79.12,-79.12
27326,180,2.3983,15.8809,-79.12,-79.12
27326,180,2.3983,15.8809,-79.12,-79.12
27328,180,7.5375,15.8809,-79.12,-79.12
27328,180,7.5375,15.8809,-79.12,-79.12
27338,180,7.5375,15.8583,-79.12,-79.12
27338,180,7.5375,15.8583,-79.12,-79.12
27339,180,0.1713,15.8583,-79.12,-79.12
27339,180,0.1713,15.8583,-79.12,-79.12
27350,180,-0.5139,15.8583,-79.12,-79.12
27350,180,-0.5139,15.8583,-77.68,-79.12
27350,180,-0.5139,15.5786,-79.12,-79.12
27350,180,-0.5139,15.5786,-79.12,-79.12
27361,180,-2.7409,15.5786,-79.12,-79.12
27361,180,-2.7409,15.5786,-79.12,-79.12
27362,180,-2.7409,15.8493,-79.12,-79.12
27362,180,-2.7409,15.8493,-79.12,-79.12
27372,180,0.5139,15.8493,-79.12,-79.12
27372,180,0.5139,15.8493,-79.12,-79.12
27373,180,0.5139,15.9621,-79.12,-79.12
27374,180,0.5139,15.9621,-79.12,-79.12
27383,180,-2.8266,15.9621,-79.12,-79.12
27383,180,-2.8266,15.9621,-79.12,-79.12
27385,180,-2.8266,16.3546,-79.12,-79.12
27385,180,-2.8266,16.3546,-79.12,-79.12
27394,180,-3.8544,16.3546,-79.12,-79.12
27394,180,-3.8544,16.3546,-79.12,-79.12
27397,180,-3.8544,15.3260,-79.12,-79.12
27397,180,-3.8544,15.3260,-79.12,-79.12
27404,180,-5.9957,15.3260,-79.12,-79.12
27405,180,-5.9957,15.3260,-79.12,-79.12
27409,180,-5.9957,15.3801,-79.12,-77.68
27409,180,-5.9957,15.3801,-79.12,-79.12
27415,180,-4.6253,15.3801,-79.12,-79.12
27416,180,-4.6253,15.3801,-79.12,-79.12
27421,180,-4.6253,15.5109,-79.12,-79.12
27421,180,-4.6253,15.5109,-79.12,-79.12
27426,180,1.0278,15.5109,-79.12,-79.12
27427,180,1.0278,15.5109,-79.12,-79.12
27433,180,1.0278,15.1365,-79.12,-79.12
27433,180,1.0278,15.1365,-79.12,-79.12
27437,180,-7.8801,15.1365,-79.12,-79.12
27437,180,-7.8801,15.1365,-79.12,-79.12
27444,180,-7.8801,15.8448,-79.12,-79.12
27445,180,-7.8801,15.8448,-77.68,-77.68
27448,180,-5.5675,15.8448,-79.12,-79.12
27448,180,-5.5675,15.8448,-79.12,-79.12
27456,180,-5.5675,15.3395,-79.12,-79.12
27456,180,-5.5675,15.3395,-79.12,-79.12
27459,180,-9.2505,15.3395,-79.12,-79.12
27459,180,-9.2505,15.3395,-79.12,-79.12
27468,180,-9.2505,15.3891,-79.12,-79.12
27468,180,-9.2505,15.3891,-79.12,-79.12
27470,180,-0.6852,15.3891,-79.12,-79.12
27470,180,-0.6852,15.3891,-79.12,-79.12
27480,180,-0.6852,15.1500,-79.12,-79.12
27480,180,-0.6852,15.1500,-79.12,-79.12
27481,180,4.0257,15.1500,-79.12,-79.12
27481,180,4.0257,15.1500,-79.12,-79.12
27492,180,4.0257,15.0914,-79.12,-79.12
27492,180,4.0257,15.0914,-79.12,-79.12
27492,180,-1.7131,15.0914,-79.12,-79.12
27492,180,-1.7131,15.0914,-79.12,-79.12
27503,180,-10.7066,15.0914,-79.12,-79.12
27503,180,-10.7066,15.0914,-79.12,-79.12
27504,180,-10.7066,16.2012,-79.12,-79.12
27504,180,-10.7066,16.2012,-79.12,-79.12
27514,180,-6.0814,16.2012,-79.12,-79.12
27514,180,-6.0814,16.2012,-79.12,-79.12
27515,180,-6.0814,15.7455,-79.12,-79.12
27516,180,-6.0814,15.7455,-79.12,-79.12
27525,180,-0.8565,15.7455,-79.12,-79.12
27525,180,-0.8565,15.7455,-79.12,-79.12
27527,180,-0.8565,15.6057,-79.12,-79.12
27527,180,-0.8565,15.6057,-79.12,-77.68
27536,180,-2.9979,15.6057,-79.12,-79.12
27536,180,-2.9979,15.6057,-79.12,-79.12
27539,180,-2.9979,15.2222,-79.12,-79.12
27539,180,-2.9979,15.2222,-79.12,-79.12
27547,180,-4.5396,15.2222,-79.12,-79.12
27547,180,-4.5396,15.2222,-79.12,-79.12
27551,180,-4.5396,15.2628,-79.12,-79.12
27551,180,-4.5396,15.2628,-79.12,-79.12
27558,180,-2.4839,15.2628,-79.12,-79.12
27558,180,-2.4839,15.2628,-79.12,-79.12
27563,180,-2.4839,15.8944,-79.12,-79.12
27563,180,-2.4839,15.8944,-79.12,-79.12
27569,180,12.1627,15.8944,-79.12,-79.12
27569,180,12.1627,15.8944,-79.12,-79.12
27575,180,12.1627,15.3260,-77.68,-77.68
27575,180,12.1627,15.3260,-79.12,-79.12
27580,180,5.8244,15.3260,-79.12,-79.12
27580,180,5.8244,15.3260,-79.12,-79.12
27586,180,5.8244,16.2689,-79.12,-79.12
27587,180,5.8244,16.2689,-79.12,-79.12
27591,180,7.6231,16.2689,-79.12,-79.12
27591,180,7.6231,16.2689,-79.12,-79.12
27598,180,7.6231,15.6147,-79.12,-79.12
27598,180,7.6231,15.6147,-79.12,-79.12
27602,180,0.2570,15.6147,-79.12,-79.12
27602,180,0.2570,15.6147,-79.12,-79.12
27610,180,0.2570,15.3711,-79.12,-79.12
27610,180,0.2570,15.3711,-79.12,-79.12
27613,180,-3.1692,15.3711,-79.12,-79.12
27613,180,-3.1692,15.3711,-79.12,-79.12
27622,180,-3.1692,15.4794,-79.12,-79.12
27622,180,-3.1692,15.4794,-79.12,-79.12
27624,180,0.7709,15.4794,-79.12,-79.12
27624,180,0.7709,15.4794,-79.12,-79.12
27634,180,0.7709,14.9154,-79.12,-79.12
27634,180,0.7709,14.9154,-79.12,-79.12
27635,180,0.4283,14.9154,-79.12,-79.12
27635,180,0.4283,14.9154,-79.12,-79.12
27646,180,0.4283,15.5019,-79.12,-79.12
27646,180,0.4283,15.5019,-79.12,-79.12
27646,180,2.5696,15.5019,-79.12,-79.12
27646,180,2.5696,15.5019,-79.12,-79.12
27657,180,-2.4839,15.5019,-79.12,-79.12
27657,180,-2.4839,15.5019,-79.12,-79.12
27657,180,-2.4839,14.9695,-79.12,-79.12
27657,180,-2.4839,14.9695,-79.12,-79.12
27668,180,0.4283,14.9695,-79.12,-79.12
27668,180,0.4283,14.9695,-79.12,-79.12
27669,180,0.4283,15.4839,-79.12,-79.12
27669,180,0.4283,15.4839,-79.12,-79.12
27679,180,5.3105,15.4839,-79.12,-79.12
27679,180,5.3105,15.4839,-79.12,-77.68
27681,180,5.3105,15.9531,-79.12,-79.12
27681,180,5.3105,15.9531,-79.12,-79.12
27690,180,8.5653,15.9531,-79.12,-79.12
27690,180,8.5653,15.9531,-79.12,-79.12
27693,180,8.5653,15.0102,-79.12,-79.12
27693,180,8.5653,15.0102,-79.12,-79.12
27701,180,-1.7131,15.0102,-79.12,-79.12
27701,180,-1.7131,15.0102,-79.12,-79.12
27705,180,-1.7131,15.2944,-79.12,-79.12
27705,180,-1.7131,15.2944,-79.12,-79.12
27712,180,-0.9422,15.2944,-79.12,-77.68
27712,180,-0.9422,15.2944,-79.12,-79.12
27717,180,-0.9422,14.7981,-79.12,-79.12
27717,180,-0.9422,14.7981,-79.12,-79.12
27723,180,0.6852,14.7981,-79.12,-79.12
27723,180,0.6852,14.7981,-79.12,-79.12
27728,180,0.6852,14.8477,-79.12,-79.12
27728,180,0.6852,14.8477,-79.12,-79.12
27734,180,1.9700,14.8477,-79.12,-79.12
27734,180,1.9700,14.8477,-79.12,-79.12
27740,180,1.9700,14.9019,-79.12,-79.12
27740,180,1.9700,14.9019,-79.12,-79.12
27745,180,7.7944,14.9019,-79.12,-79.12
27745,180,7.7944,14.9019,-79.12,-79.12
27752,180,7.7944,14.7440,-79.12,-79.12
27752,180,7.7944,14.7440,-79.12,-79.12
27756,180,1.7987,14.7440,-79.12,-79.12
27756,180,1.7987,14.7440,-79.12,-79.12
27764,180,1.7987,15.1545,-79.12,-79.12
27764,180,1.7987,15.1545,-79.12,-79.12
27767,180,-0.5996,15.1545,-79.12,-79.12
27767,180,-0.5996,15.1545,-79.12,-79.12
27776,180,-0.5996,14.4372,-79.12,-79.12
27776,180,-0.5996,14.4372,-79.12,-79.12
27777,180,-4.3683,14.4372,-79.12,-79.12
27778,180,-4.3683,14.4372,-79.12,-79.12
27788,180,-4.3683,15.6914,-79.12,-79.12
27788,180,-4.3683,15.6914,-79.12,-79.12
27788,180,-2.2270,15.6914,-79.12,-79.12
27789,180,-2.2270,15.6914,-79.12,-79.12
27799,180,-2.2270,15.6418,-79.12,-79.12
27799,180,1.1991,15.6418,-79.12,-79.12
27800,180,1.1991,15.6418,-79.12,-79.12
27810,180,5.7388,15.6418,-79.12,-79.12
27810,180,5.7388,15.6418,-79.12,-77.68
27811,180,5.7388,15.4794,-79.12,-79.12
27811,180,5.7388,15.4794,-79.12,-79.12
27821,180,-1.9700,15.4794,-79.12,-79.12
27821,180,-1.9700,15.4794,-79.12,-79.12
27823,180,-1.9700,15.7726,-79.12,-77.68
27823,180,-1.9700,15.7726,-79.12,-79.12
27832,180,1.7987,15.7726,-79.12,-79.12
27832,180,1.7987,15.7726,-79.12,-79.12
27835,180,1.7987,15.6102,-79.12,-79.12
27835,180,1.7987,15.6102,-79.12,-79.12
27843,180,0.1713,15.6102,-77.68,-79.12
27843,180,0.1713,15.6102,-79.12,-77.68
27847,180,0.1713,16.0343,-79.12,-79.12
27847,180,0.1713,16.0343,-79.12,-79.12
27854,180,-6.6809,16.0343,-79.12,-79.12
27854,180,-6.6809,16.0343,-79.12,-79.12
27859,180,-6.6809,15.3079,-79.12,-79.12
27859,180,-6.6809,15.3079,-79.12,-79.12
27865,180,3.8544,15.3079,-79.12,-79.12
27865,180,3.8544,15.3079,-79.12,-79.12
27870,180,3.8544,14.8522,-79.12,-79.12
27870,180,3.8544,14.8522,-79.12,-77.68
27876,180,-2.3983,14.8522,-79.12,-79.12
27876,180,-2.3983,14.8522,-79.12,-79.12
27882,180,-2.3983,15.2132,-79.12,-79.12
27882,180,-2.3983,15.2132,-79.12,-79.12
27887,180,-0.7709,15.2132,-79.12,-79.12
27887,180,-0.7709,15.2132,-79.12,-79.12
27894,180,-0.7709,14.5906,-79.12,-79.12
27894,180,-0.7709,14.5906,-79.12,-79.12
27898,180,-2.5696,14.5906,-79.12,-79.12
27898,180,-2.5696,14.5906,-79.12,-79.12
27906,180,-2.5696,15.3485,-79.12,-79.12
27906,180,-2.5696,15.3485,-79.12,-79.12
27909,180,8.6510,15.3485,-79.12,-79.12
27909,180,8.6510,15.3485,-79.12,-79.12
27918,180,8.6510,14.9199,-79.12,-79.12
27918,180,8.6510,14.9199,-79.12,-79.12
27920,180,0.5139,14.9199,-79.12,-79.12
27920,180,0.5139,14.9199,-79.12,-79.12
27930,180,0.5139,15.2402,-79.12,-79.12
27930,180,0.5139,15.2402,-79.12,-79.12
27931,180,4.1113,15.2402,-79.12,-79.12
27931,180,4.1113,15.2402,-79.12,-79.12
27941,180,4.1113,15.5786,-79.12,-79.12
27941,180,4.1113,15.5786,-79.12,-79.12
27942,180,3.3405,15.5786,-79.12,-79.12
27942,180,3.3405,15.5786,-79.12,-79.12
27953,180,2.7409,15.5786,-79.12,-79.12
27953,180,2.7409,15.5786,-79.12,-79.12
27953,180,2.7409,15.4027,-79.12,-79.12
27953,180,2.7409,15.4027,-79.12,-79.12
27964,180,-2.7409,15.4027,-79.12,-79.12
27964,180,-2.7409,15.4027,-79.12,-79.12
27965,180,-2.7409,15.5831,-79.12,-79.12
27965,180,-2.7409,15.5831,-79.12,-79.12
27975,180,-3.3405,15.5831,-79.12,-79.12
27975,180,-3.3405,15.5831,-79.12,-79.12
27977,180,-3.3405,15.0417,-79.12,-77.68
27977,180,-3.3405,15.0417,-79.12,-79.12
27986,180,-4.1113,15.0417,-79.12,-79.12
27986,180,-4.1113,15.0417,-79.12,-79.12
27989,180,-4.1113,15.5606,-79.12,-79.12
27989,180,-4.1113,15.5606,-79.12,-79.12
27997,180,-5.2248,15.5606,-79.12,-79.12
27997,180,-5.2248,15.5606,-79.12,-79.12
28000,180,-5.2248,15.6734,-79.12,-79.12
28001,180,-5.2248,15.6734,-79.12,-79.12
28008,180,-5.1392,15.6734,-79.12,-79.12
28008,180,-5.1392,15.6734,-79.12,-79.12
28012,180,-5.1392,15.1275,-79.12,-79.12
28012,180,-5.1392,15.1275,-79.12,-79.12
28019,180,-8.6510,15.1275,-79.12,-79.12
28019,180,-8.6510,15.1275,-79.12,-79.12
28024,180,-8.6510,15.4207,-79.12,-79.12
28024,180,-8.6510,15.4207,-79.12,-79.12
28030,180,2.1413,15.4207,-79.12,-77.68
28030,180,2.1413,15.4207,-79.12,-79.12
28036,180,2.1413,14.8613,-79.12,-79.12
28036,180,2.1413,14.8613,-79.12,-79.12
28041,180,2.3983,14.8613,-79.12,-79.12
28041,180,2.3983,14.8613,-79.12,-79.12
28048,180,2.3983,15.2808,-79.12,-79.12
28048,180,2.3983,15.2808,-79.12,-79.12
28052,180,7.7088,15.2808,-79.12,-79.12
28052,180,7.7088,15.2808,-79.12,-77.68
28060,180,7.7088,15.1590,-79.12,-79.12
28060,180,7.7088,15.1590,-79.12,-79.12
28063,180,2.3126,15.1590,-79.12,-79.12
28063,180,2.3126,15.1590,-79.12,-79.12
28071,180,2.3126,15.0553,-79.12,-79.12
28072,180,2.3126,15.0553,-79.12,-77.68
28074,180,-0.6852,15.0553,-79.12,-79.12
28074,180,-0.6852,15.0553,-79.12,-79.12
28083,180,-0.6852,15.2854,-79.12,-79.12
28083,180,-0.6852,15.2854,-79.12,-79.12
28085,180,-2.1413,15.2854,-79.12,-79.12
28085,180,-2.1413,15.2854,-79.12,-79.12
28095,180,-2.1413,14.7620,-79.12,-79.12
28095,180,-2.1413,14.7620,-79.12,-79.12
28096,180,1.0278,14.7620,-79.12,-79.12
28096,180,1.0278,14.7620,-79.12,-79.12
28107,180,8.8223,14.7620,-79.12,-79.12
28107,180,8.8223,14.7620,-79.12,-79.12
28107,180,8.8223,15.1320,-79.12,-79.12
28107,180,8.8223,15.1320,-79.12,-79.12
28118,180,-0.0857,15.1320,-79.12,-79.12
28118,180,-0.0857,15.1320,-79.12,-79.12
28119,180,-0.0857,15.1681,-79.12,-77.68
28119,180,-0.0857,15.1681,-79.12,-79.12
28129,180,1.8844,15.1681,-79.12,-79.12
28129,180,1.8844,15.1681,-79.12,-79.12
28131,180,1.8844,15.3936,-79.12,-79.12
28131,180,1.8844,15.3936,-79.12,-79.12
28139,180,-0.2570,15.3936,-79.12,-79.12
28140,180,-0.2570,15.3936,-79.12,-79.12
28142,180,-0.2570,16.0794,-77.68,-79.12
28143,180,-0.2570,16.0794,-79.12,-79.12
28150,180,8.3084,16.0794,-79.12,-79.12
28151,180,8.3084,16.0794,-79.12,-77.68
28154,180,8.3084,15.3124,-79.12,-79.12
28154,180,8.3084,15.3124,-79.12,-77.68
28161,180,4.2827,15.3124,-79.12,-79.12
28161,180,4.2827,15.3124,-79.12,-79.12
28166,180,4.2827,15.5606,-79.12,-79.12
28166,180,4.2827,15.5606,-79.12,-79.12
28172,180,2.8266,15.5606,-79.12,-79.12
28172,180,2.8266,15.5606,-79.12,-79.12
28178,180,2.8266,15.0823,-79.12,-79.12
28178,180,2.8266,15.0823,-79.12,-79.12
28183,180,-2.1413,15.0823,-79.12,-79.12
28183,180,-2.1413,15.0823,-79.12,-77.68
28190,180,-2.1413,15.2673,-79.12,-79.12
28190,180,-2.1413,15.2673,-79.12,-79.12
28194,180,-5.5675,15.2673,-79.12,-79.12
28194,180,-5.5675,15.2673,-79.12,-79.12
28202,180,-5.5675,15.1049,-79.12,-79.12
28202,180,-5.5675,15.1049,-79.12,-79.12
28205,180,-3.2548,15.1049,-79.12,-79.12
28205,180,-3.2548,15.1049,-79.12,-79.12
28213,180,-3.2548,14.2522,-79.12,-79.12
28213,180,-3.2548,14.2522,-79.12,-79.12
28216,180,-8.3940,14.2522,-79.12,-77.68
28216,180,-8.3940,14.2522,-79.12,-79.12
28225,180,-8.3940,15.3395,-79.12,-79.12
28225,180,-8.3940,15.3395,-79.12,-79.12
28227,180,2.6552,15.3395,-77.68,-79.12
28227,180,2.6552,15.3395,-79.12,-79.12
28237,180,2.6552,15.3936,-79.12,-79.12
28237,180,2.6552,15.3936,-79.12,-79.12
28238,180,3.0835,15.3936,-79.12,-79.12
28238,180,3.0835,15.3936,-79.12,-79.12
28249,180,3.0835,15.4297,-79.12,-79.12
28249,180,3.0835,15.4297,-79.12,-79.12
28249,180,8.5653,15.4297,-79.12,-79.12
28249,180,8.5653,15.4297,-79.12,-79.12
28260,180,3.3405,15.4297,-79.12,-79.12
28260,180,3.3405,15.4297,-79.12,-79.12
28261,180,3.3405,15.0282,-79.12,-79.12
28261,180,3.3405,15.0282,-79.12,-79.12
28271,180,5.7388,15.0282,-79.12,-79.12
28271,180,5.7388,15.0282,-79.12,-79.12
28273,180,5.7388,14.4823,-79.12,-79.12
28273,180,5.7388,14.4823,-79.12,-79.12
28282,180,-2.4839,14.4823,-79.12,-79.12
28282,180,-2.4839,14.4823,-79.12,-79.12
28284,180,-2.4839,15.5470,-79.12,-79.12
28284,180,-2.4839,15.5470,-79.12,-79.12
28293,180,-5.3105,15.5470,-79.12,-79.12
28293,180,-5.3105,15.5470,-79.12,-79.12
28296,180,-5.3105,15.0733,-79.12,-79.12
28296,180,-5.3105,15.0733,-79.12,-79.12
28304,180,-4.2827,15.0733,-79.12,-79.12
28304,180,-4.2827,15.0733,-79.12,-79.12
28308,180,-4.2827,14.9605,-79.12,-79.12
28308,180,-4.2827,14.9605,-79.12,-79.12
28315,180,0.9422,14.9605,-79.12,-79.12
28315,180,0.9422,14.9605,-79.12,-79.12
28320,180,0.9422,15.0102,-79.12,-79.12
28320,180,0.9422,15.0102,-79.12,-79.12
28326,180,10.0214,15.0102,-79.12,-79.12
28326,180,10.0214,15.0102,-79.12,-79.12
28332,180,10.0214,14.5049,-79.12,-79.12
28332,180,10.0214,14.5049,-79.12,-79.12
28337,180,6.3383,14.5049,-79.12,-79.12
28337,180,6.3383,14.5049,-77.68,-79.12
28344,180,6.3383,14.9695,-79.12,-79.12
28344,180,6.3383,14.9695,-79.12,-79.12
28348,180,3.3405,14.9695,-79.12,-79.12
28348,180,3.3405,14.9695,-79.12,-79.12
28355,180,3.3405,14.9154,-79.12,-79.12
28355,180,3.3405,14.9154,-79.12,-79.12
28359,180,-4.1113,14.9154,-79.12,-79.12
28359,180,-4.1113,14.9154,-79.12,-79.12
28367,180,-4.1113,15.9486,-79.12,-79.12
28367,180,-4.1113,15.9486,-79.12,-79.12
28370,180,3.8544,15.9486,-79.12,-79.12
28370,180,3.8544,15.9486,-79.12,-79.12
28379,180,3.8544,15.7140,-79.12,-79.12
28379,180,3.8544,15.7140,-79.12,-79.12
28381,180,1.7987,15.7140,-77.68,-79.12
28381,180,1.7987,15.7140,-79.12,-79.12
28391,180,1.7987,15.3575,-79.12,-79.12
28391,180,1.7987,15.3575,-79.12,-79.12
28392,180,4.2827,15.3575,-79.12,-79.12
28392,180,4.2827,15.3575,-79.12,-77.68
28403,180,4.2827,15.6237,-79.12,-79.12
28403,180,1.5418,15.6237,-79.12,-79.12
28403,180,1.5418,15.6237,-79.12,-79.12
28414,180,0.3426,15.6237,-79.12,-79.12
28414,180,0.3426,15.6237,-79.12,-79.12
28415,180,0.3426,15.0417,-79.12,-79.12
28415,180,0.3426,15.0417,-79.12,-79.12
28425,180,-3.9400,15.0417,-79.12,-79.12
28425,180,-3.9400,15.0417,-79.12,-79.12
28426,180,-3.9400,15.4388,-79.12,-79.12
28426,180,-3.9400,15.4388,-79.12,-79.12
28436,180,1.2848,15.4388,-79.12,-79.12
28436,180,1.2848,15.4388,-79.12,-79.12
28438,180,1.2848,14.8974,-79.12,-79.12
28438,180,1.2848,14.8974,-79.12,-79.12
28447,180,6.3383,14.8974,-79.12,-79.12
28447,180,6.3383,14.8974,-79.12,-79.12
28450,180,6.3383,14.9650,-79.12,-79.12
28450,180,6.3383,14.9650,-79.12,-79.12
28458,180,-1.7131,14.9650,-79.12,-79.12
28458,180,-1.7131,14.9650,-79.12,-79.12
28462,180,-1.7131,15.2989,-79.12,-79.12
28462,180,-1.7131,15.2989,-79.12,-79.12
28469,180,0.2570,15.2989,-79.12,-79.12
28469,180,0.2570,15.2989,-79.12,-79.12
28474,180,0.2570,15.1816,-79.12,-79.12
28474,180,0.2570,15.1816,-79.12,-79.12
28480,180,0.2570,15.1816,-79.12,-79.12
28480,180,0.2570,15.1816,-79.12,-79.12
28486,180,0.2570,15.8358,-79.12,-79.12
28486,180,0.2570,15.8358,-79.12,-79.12
28491,180,3.5118,15.8358,-79.12,-79.12
28491,180,3.5118,15.8358,-79.12,-79.12
28497,180,3.5118,15.2628,-79.12,-79.12
28497,180,3.5118,15.2628,-79.12,-79.12
28501,180,-0.9422,15.2628,-79.12,-79.12
28502,180,-0.9422,15.2628,-79.12,-79.12
28509,180,-0.9422,15.5561,-79.12,-79.12
28509,180,-0.9422,15.5561,-79.12,-79.12
28512,180,-0.5139,15.5561,-79.12,-79.12
28513,180,-0.5139,15.5561,-79.12,-79.12
28521,180,-0.5139,15.7771,-79.12,-79.12
28521,180,-0.5139,15.7771,-79.12,-79.12
28523,180,-0.9422,15.7771,-79.12,-79.12
28523,180,-0.9422,15.7771,-79.12,-79.12
28533,180,-0.9422,15.2718,-79.12,-79.12
28533,180,-0.9422,15.2718,-79.12,-77.68
28534,180,-1.7131,15.2718,-79.12,-79.12
28534,180,-1.7131,15.2718,-77.68,-79.12
28545,180,-1.7131,15.3936,-79.12,-79.12
28545,180,-1.7131,15.3936,-79.12,-79.12
28545,180,9.5931,15.3936,-79.12,-79.12
28545,180,9.5931,15.3936,-79.12,-79.12
28556,180,10.5353,15.3936,-79.12,-79.12
28556,180,10.5353,15.3936,-79.12,-79.12
28557,180,10.5353,14.9470,-79.12,-79.12
28557,180,10.5353,14.9470,-79.12,-79.12
28567,180,7.8801,14.9470,-79.12,-79.12
28567,180,7.8801,14.9470,-79.12,-79.12
28568,180,7.8801,15.3621,-79.12,-79.12
28568,180,7.8801,15.3621,-79.12,-79.12
28578,180,1.5418,15.3621,-79.12,-79.12
28578,180,1.5418,15.3621,-79.12,-79.12
28580,180,1.5418,15.4568,-79.12,-79.12
28580,180,1.5418,15.4568,-79.12,-79.12
28589,180,-4.7109,15.4568,-79.12,-79.12
28589,180,-4.7109,15.4568,-79.12,-79.12
28592,180,-4.7109,14.9515,-79.12,-79.12
28592,180,-4.7109,14.9515,-79.12,-79.12
28600,180,0.1713,14.9515,-79.12,-79.12
28600,180,0.1713,14.9515,-79.12,-79.12
28604,180,0.1713,15.3485,-79.12,-79.12
28604,180,0.1713,15.3485,-79.12,-79.12
28611,180,17.0450,15.3485,-79.12,-79.12
28611,180,17.0450,15.3485,-79.12,-79.12
28616,180,17.0450,14.7755,-79.12,-79.12
28616,180,17.0450,14.7755,-79.12,-79.12
28622,180,-1.2848,14.7755,-79.12,-79.12
28622,180,-1.2848,14.7755,-79.12,-79.12
28627,180,-1.2848,15.9170,-79.12,-79.12
28628,180,-1.2848,15.9170,-79.12,-79.12
28633,180,-6.1670,15.9170,-79.12,-79.12
28633,180,-6.1670,15.9170,-79.12,-79.12
28639,180,-6.1670,15.4252,-79.12,-79.12
28639,180,-6.1670,15.4252,-79.12,-79.12
28644,180,-2.6552,15.4252,-79.12,-79.12
28644,180,-2.6552,15.4252,-79.12,-77.68
28651,180,-2.6552,14.6222,-79.12,-79.12
28651,180,-2.6552,14.6222,-79.12,-77.68
28655,180,4.3683,14.6222,-79.12,-77.68
28655,180,4.3683,14.6222,-79.12,-79.12
28663,180,4.3683,14.9064,-79.12,-79.12
28663,180,4.3683,14.9064,-79.12,-79.12
28666,180,4.4540,14.9064,-79.12,-79.12
28666,180,4.4540,14.9064,-79.12,-79.12
28675,180,4.4540,14.3379,-79.12,-79.12
28675,180,4.4540,14.3379,-79.12,-79.12
28677,180,-2.8266,14.3379,-79.12,-79.12
28677,180,-2.8266,14.3379,-79.12,-79.12
28687,180,-2.8266,15.0282,-79.12,-79.12
28687,180,-2.8266,15.0282,-79.12,-79.12
28688,180,3.4261,15.0282,-79.12,-79.12
28688,180,3.4261,15.0282,-79.12,-79.12
28698,180,3.4261,14.6267,-79.12,-79.12
28699,180,3.4261,14.6267,-79.12,-79.12
28699,180,-1.9700,14.6267,-79.12,-79.12
28699,180,-1.9700,14.6267,-79.12,-79.12
28710,180,3.6831,14.6267,-79.12,-79.12
28710,180,3.6831,14.6267,-79.12,-79.12
28710,180,3.6831,15.0868,-79.12,-79.12
28710,180,3.6831,15.0868,-79.12,-79.12
28721,180,-2.4839,15.0868,-79.12,-79.12
28721,180,-2.4839,15.0868,-79.12,-77.68
28722,180,-2.4839,15.8809,-79.12,-79.12
28722,180,-2.4839,15.8809,-79.12,-79.12
28732,180,3.3405,15.8809,-79.12,-79.12
28732,180,3.3405,15.8809,-79.12,-79.12
28734,180,3.3405,15.5335,-79.12,-79.12
28734,180,3.3405,15.5335,-79.12,-79.12
28743,180,-0.8565,15.5335,-79.12,-79.12
28743,180,-0.8565,15.5335,-79.12,-79.12
28746,180,-0.8565,16.1381,-79.12,-79.12
28746,180,-0.8565,16.1381,-79.12,-79.12
28754,180,0.3426,16.1381,-79.12,-79.12
28754,180,0.3426,16.1381,-77.68,-79.12
28758,180,0.3426,15.0011,-79.12,-79.12
28758,180,0.3426,15.0011,-79.12,-79.12
28765,180,2.2270,15.0011,-79.12,-79.12
28765,180,2.2270,15.0011,-79.12,-79.12
28769,180,2.2270,14.8568,-79.12,-79.12
28770,180,2.2270,14.8568,-79.12,-79.12
28776,180,-4.6253,14.8568,-79.12,-79.12
28776,180,-4.6253,14.8568,-79.12,-79.12
28781,180,-4.6253,15.1365,-79.12,-79.12
28781,180,-4.6253,15.1365,-79.12,-79.12
28787,180,-5.7388,15.1365,-79.12,-79.12
28787,180,-5.7388,15.1365,-79.12,-79.12
28793,180,-5.7388,14.5500,-79.12,-79.12
28793,180,-5.7388,14.5500,-79.12,-79.12
28798,180,-6.7666,14.5500,-79.12,-77.68
28798,180,-6.7666,14.5500,-79.12,-77.68
28805,180,-6.7666,14.9786,-79.12,-79.12
28805,180,-6.7666,14.9786,-79.12,-79.12
28809,180,-6.1670,14.9786,-79.12,-79.12
28809,180,-6.1670,14.9786,-79.12,-79.12
28817,180,-6.1670,14.8477,-79.12,-79.12
28817,180,-6.1670,14.8477,-79.12,-79.12
28820,180,-7.7944,14.8477,-79.12,-79.12
28820,180,-7.7944,14.8477,-79.12,-79.12
28829,180,-7.7944,15.4884,-79.12,-79.12
28829,180,-7.7944,15.4884,-79.12,-79.12
28831,180,5.1392,15.4884,-79.12,-79.12
28831,180,5.1392,15.4884,-79.12,-79.12
28840,180,5.1392,15.2944,-79.12,-79.12
28841,180,5.1392,15.2944,-79.12,-79.12
28842,180,2.1413,15.2944,-79.12,-79.12
28842,180,2.1413,15.2944,-79.12,-79.12
28852,180,2.1413,14.5996,-79.12,-79.12
28852,180,2.1413,14.5996,-79.12,-79.12
28853,180,6.7666,14.5996,-77.68,-79.12
28853,180,6.7666,14.5996,-79.12,-79.12
28863,180,5.6531,14.5996,-79.12,-79.12
28864,180,5.6531,14.5996,-79.12,-79.12
28864,180,5.6531,15.1861,-79.12,-79.12
28864,180,5.6531,15.1861,-79.12,-79.12
28874,180,8.5653,15.1861,-79.12,-79.12
28875,180,8.5653,15.1861,-79.12,-79.12
28876,180,8.5653,14.5094,-79.12,-79.12
28876,180,8.5653,14.5094,-79.12,-79.12
28885,180,3.1692,14.5094,-79.12,-79.12
28886,180,3.1692,14.5094,-79.12,-79.12
28888,180,3.1692,15.1996,-79.12,-79.12
28888,180,3.1692,15.1996,-79.12,-79.12
28896,180,-7.6231,15.1996,-79.12,-79.12
28896,180,-7.6231,15.1996,-79.12,-79.12
28900,180,-7.6231,15.6282,-79.12,-79.12
28900,180,-7.6231,15.6282,-79.12,-79.12
28907,180,-3.1692,15.6282,-79.12,-79.12
28907,180,-3.1692,15.6282,-79.12,-79.12
28911,180,-3.1692,15.3440,-79.12,-79.12
28911,180,-3.1692,15.3440,-79.12,-79.12
28918,180,-0.9422,15.3440,-79.12,-79.12
28918,180,-0.9422,15.3440,-79.12,-79.12
28923,180,-0.9422,15.4252,-79.12,-79.12
28923,180,-0.9422,15.4252,-79.12,-79.12
28929,180,12.1627,15.4252,-79.12,-79.12
28929,180,12.1627,15.4252,-79.12,-77.68
28935,180,12.1627,14.9425,-79.12,-79.12
28935,180,12.1627,14.9425,-79.12,-79.12
28940,180,3.2548,14.9425,-79.12,-79.12
28940,180,3.2548,14.9425,-79.12,-79.12
28947,180,3.2548,15.2854,-79.12,-79.12
28947,180,3.2548,15.2854,-79.12,-79.12
28951,180,0.0857,15.2854,-79.12,-79.12
28951,180,0.0857,15.2854,-79.12,-79.12
28959,180,0.0857,15.1726,-79.12,-79.12
28959,180,0.0857,15.1726,-79.12,-79.12
28962,180,9.4218,15.1726,-79.12,-79.12
28962,180,9.4218,15.1726,-79.12,-79.12
28971,180,9.4218,14.8974,-79.12,-79.12
28971,180,9.4218,14.8974,-79.12,-79.12
28973,180,10.7066,14.8974,-79.12,-79.12
28973,180,10.7066,14.8974,-79.12,-79.12
28982,180,10.7066,15.6373,-79.12,-79.12
28982,180,10.7066,15.6373,-79.12,-79.12
28984,180,4.0257,15.6373,-79.12,-79.12
28984,180,4.0257,15.6373,-79.12,-79.12
28994,180,4.0257,15.6237,-79.12,-79.12
28994,180,4.0257,15.6237,-79.12,-79.12
28995,180,-4.6253,15.6237,-79.12,-79.12
28995,180,-4.6253,15.6237,-79.12,-79.12
29006,180,-4.6253,15.6237,-79.12,-79.12
29006,180,-3.5118,15.6237,-79.12,-79.12
29006,180,-3.5118,15.6237,-79.12,-79.12
29017,180,-10.7066,15.6237,-79.12,-77.68
29017,180,-10.7066,15.6237,-79.12,-79.12
29018,180,-10.7066,15.0688,-79.12,-79.12
29018,180,-10.7066,15.0688,-79.12,-79.12
29028,180,-2.3983,15.0688,-79.12,-79.12
29028,180,-2.3983,15.0688,-79.12,-77.68
29030,180,-2.3983,15.0778,-79.12,-79.12
29030,180,-2.3983,15.0778,-79.12,-79.12
29039,180,-2.5696,15.0778,-79.12,-79.12
29039,180,-2.5696,15.0778,-79.12,-79.12
29042,180,-2.5696,15.5064,-79.12,-79.12
29042,180,-2.5696,15.5064,-79.12,-79.12
29050,180,4.5396,15.5064,-79.12,-79.12
29050,180,4.5396,15.5064,-79.12,-77.68
29053,180,4.5396,14.9921,-79.12,-79.12
29053,180,4.5396,14.9921,-79.12,-79.12
29061,180,-4.8822,14.9921,-79.12,-79.12
29061,180,-4.8822,14.9921,-79.12,-79.12
29065,180,-4.8822,15.3846,-79.12,-79.12
29065,180,-4.8822,15.3846,-79.12,-79.12
29072,180,-4.4540,15.3846,-79.12,-79.12
29072,180,-4.4540,15.3846,-79.12,-79.12
29077,180,-4.4540,14.5545,-79.12,-79.12
29077,180,-4.4540,14.5545,-79.12,-79.12
29083,180,-4.3683,14.5545,-79.12,-79.12
29083,180,-4.3683,14.5545,-79.12,-79.12
29089,180,-4.3683,14.9560,-79.12,-79.12
29089,180,-4.3683,14.9560,-79.12,-79.12
29094,180,-2.3126,14.9560,-79.12,-79.12
29094,180,-2.3126,14.9560,-79.12,-79.12
29101,180,-2.3126,15.2854,-79.12,-79.12
29101,180,-2.3126,15.2854,-79.12,-79.12
29105,180,-3.2548,15.2854,-77.68,-79.12
29105,180,-3.2548,15.2854,-79.12,-79.12
29113,180,-3.2548,14.9470,-79.12,-79.12
29113,180,-3.2548,14.9470,-79.12,-79.12
29116,180,-1.0278,14.9470,-79.12,-79.12
29116,180,-1.0278,14.9470,-79.12,-79.12
29124,180,-1.0278,15.6192,-79.12,-79.12
29124,180,-1.0278,15.6192,-79.12,-79.12
29127,180,3.0835,15.6192,-79.12,-79.12
29127,180,3.0835,15.6192,-79.12,-79.12
29136,180,3.0835,15.1320,-79.12,-79.12
29136,180,3.0835,15.1320,-79.12,-79.12
29138,180,0.2570,15.1320,-79.12,-79.12
29138,180,0.2570,15.1320,-79.12,-79.12
29148,180,0.2570,15.6643,-79.12,-79.12
29148,180,0.2570,15.6643,-79.12,-79.12
29149,180,5.0535,15.6643,-79.12,-79.12
29149,180,5.0535,15.6643,-79.12,-77.68
29160,180,-5.7388,15.6643,-79.12,-79.12
29160,180,-5.7388,15.6643,-79.12,-79.12
29160,180,-5.7388,15.5019,-79.12,-79.12
29160,180,-5.7388,15.5019,-79.12,-79.12
29171,180,-6.0814,15.5019,-79.12,-79.12
29171,180,-6.0814,15.5019,-79.12,-79.12
29172,180,-6.0814,14.7259,-79.12,-79.12
29172,180,-6.0814,14.7259,-79.12,-79.12
29182,180,-3.9400,14.7259,-79.12,-79.12
29182,180,-3.9400,14.7259,-79.12,-79.12
29184,180,-3.9400,15.1681,-79.12,-79.12
29184,180,-3.9400,15.1681,-79.12,-79.12
29193,180,-3.4261,15.1681,-79.12,-79.12
29193,180,-3.4261,15.1681,-79.12,-79.12
29195,180,-3.4261,15.0237,-79.12,-79.12
29195,180,-3.4261,15.0237,-79.12,-79.12
29204,180,-1.4561,15.0237,-79.12,-79.12
29204,180,-1.4561,15.0237,-79.12,-77.68
29207,180,-1.4561,15.2673,-79.12,-79.12
29207,180,-1.4561,15.2673,-79.12,-79.12
29215,180,-1.8844,15.2673,-79.12,-79.12
29215,180,-1.8844,15.2673,-79.12,-79.12
29219,180,-1.8844,14.5139,-79.12,-77.68
29219,180,-1.8844,14.5139,-79.12,-79.12
29226,180,0.8565,14.5139,-79.12,-79.12
29226,180,0.8565,14.5139,-79.12,-79.12
29231,180,0.8565,14.3063,-79.12,-79.12
29231,180,0.8565,14.3063,-79.12,-79.12
29236,180,-5.8244,14.3063,-79.12,-79.12
29237,180,-5.8244,14.3063,-79.12,-79.12
29243,180,-5.8244,15.0508,-79.12,-79.12
29243,180,-5.8244,15.0508,-79.12,-77.68
29247,180,-9.4218,15.0508,-79.12,-79.12
29248,180,-9.4218,15.0508,-79.12,-79.12
29255,180,-9.4218,14.4913,-79.12,-79.12
29255,180,-9.4218,14.4913,-79.12,-79.12
29258,180,-10.0214,14.4913,-79.12,-79.12
29259,180,-10.0214,14.4913,-79.12,-79.12
29266,180,-10.0214,15.3485,-79.12,-79.12
29266,180,-10.0214,15.3485,-79.12,-79.12
29269,180,1.3704,15.3485,-79.12,-79.12
29269,180,1.3704,15.3485,-79.12,-79.12
29278,180,1.3704,15.1590,-79.12,-79.12
29278,180,1.3704,15.1590,-79.12,-79.12
29280,180,-5.9101,15.1590,-79.12,-79.12
29280,180,-5.9101,15.1590,-79.12,-79.12
29290,180,-5.9101,15.1365,-79.12,-79.12
29290,180,-5.9101,15.1365,-79.12,-79.12
29291,180,-5.2248,15.1365,-79.12,-79.12
29291,180,-5.2248,15.1365,-79.12,-79.12
29302,180,-5.2248,15.5245,-79.12,-79.12
29302,180,-5.2248,15.5245,-79.12,-77.68
29302,180,-6.5953,15.5245,-79.12,-79.12
29302,180,-6.5953,15.5245,-79.12,-79.12
29313,180,-4.0257,15.5245,-79.12,-79.12
29313,180,-4.0257,15.5245,-79.12,-79.12
29314,180,-4.0257,14.5906,-79.12,-79.12
29314,180,-4.0257,14.5906,-79.12,-79.12
29324,180,-3.5118,14.5906,-79.12,-79.12
29324,180,-3.5118,14.5906,-79.12,-79.12
29326,180,-3.5118,14.9695,-79.12,-79.12
29326,180,-3.5118,14.9695,-79.12,-79.12
29335,180,-7.1949,14.9695,-79.12,-77.68
29335,180,-7.1949,14.9695,-79.12,-79.12
29337,180,-7.1949,15.0372,-79.12,-79.12
29337,180,-7.1949,15.0372,-79.12,-79.12
29346,180,0.9422,15.0372,-79.12,-79.12
29346,180,0.9422,15.0372,-79.12,-79.12
29349,180,0.9422,15.6192,-79.12,-79.12
29349,180,0.9422,15.6192,-79.12,-79.12
29357,180,1.9700,15.6192,-79.12,-77.68
29357,180,1.9700,15.6192,-79.12,-79.12
29361,180,1.9700,15.5967,-79.12,-79.12
29361,180,1.9700,15.5967,-79.12,-79.12
29368,180,3.4261,15.5967,-79.12,-79.12
29368,180,3.4261,15.5967,-79.12,-79.12
29373,180,3.4261,15.0688,-79.12,-79.12
29373,180,3.4261,15.0688,-79.12,-79.12
29379,180,-6.6809,15.0688,-79.12,-79.12
29379,180,-6.6809,15.0688,-77.68,-79.12
29385,180,-6.6809,15.3079,-79.12,-79.12
29385,180,-6.6809,15.3079,-79.12,-79.12
29390,180,-2.8266,15.3079,-79.12,-79.12
29390,180,-2.8266,15.3079,-79.12,-79.12
29397,180,-2.8266,14.6537,-79.12,-79.12
29397,180,-2.8266,14.6537,-77.68,-79.12
29401,180,-2.9122,14.6537,-79.12,-79.12
29401,180,-2.9122,14.6537,-79.12,-79.12
29408,180,-2.9122,14.8207,-79.12,-79.12
29408,180,-2.9122,14.8207,-79.12,-79.12
29412,180,-1.2848,14.8207,-79.12,-79.12
29412,180,-1.2848,14.8207,-79.12,-79.12
29420,180,-1.2848,15.1816,-79.12,-79.12
29420,180,-1.2848,15.1816,-79.12,-79.12
29423,180,3.6831,15.1816,-79.12,-79.12
29423,180,3.6831,15.1816,-79.12,-79.12
29432,180,3.6831,14.5996,-79.12,-79.12
29432,180,3.6831,14.5996,-79.12,-79.12
29434,180,0.3426,14.5996,-79.12,-79.12
29434,180,0.3426,14.5996,-79.12,-79.12
29444,180,0.3426,15.5470,-79.12,-79.12
29444,180,0.3426,15.5470,-79.12,-79.12
29445,180,-0.9422,15.5470,-79.12,-79.12
29445,180,-0.9422,15.5470,-79.12,-79.12
29456,180,-0.9422,15.2267,-79.12,-77.68
29456,180,-0.9422,15.2267,-79.12,-79.12
29456,180,-3.4261,15.2267,-79.12,-79.12
29456,180,-3.4261,15.2267,-79.12,-79.12
29467,180,6.4240,15.2267,-79.12,-79.12
29467,180,6.4240,15.2267,-79.12,-79.12
29468,180,6.4240,15.1049,-79.12,-79.12
29468,180,6.4240,15.1049,-77.68,-79.12
29478,180,1.7987,15.1049,-79.12,-79.12
29478,180,1.7987,15.1049,-79.12,-79.12
29479,180,1.7987,14.8613,-79.12,-79.12
29479,180,1.7987,14.8613,-79.12,-79.12
29489,180,8.5653,14.8613,-79.12,-79.12
29489,180,8.5653,14.8613,-79.12,-79.12
29491,180,8.5653,14.9876,-79.12,-79.12
29491,180,8.5653,14.9876,-79.12,-79.12
29500,180,-3.2548,14.9876,-79.12,-79.12
29500,180,-3.2548,14.9876,-79.12,-79.12
29503,180,-3.2548,15.7952,-79.12,-79.12
29503,180,-3.2548,15.7952,-79.12,-79.12
29511,180,-1.6274,15.7952,-77.68,-79.12
29511,180,-1.6274,15.7952,-79.12,-77.68
29515,180,-1.6274,15.1545,-79.12,-79.12
29515,180,-1.6274,15.1545,-79.12,-79.12
29522,180,-1.0278,15.1545,-79.12,-79.12
29522,180,-1.0278,15.1545,-79.12,-79.12
29527,180,-1.0278,15.6463,-79.12,-77.68
29527,180,-1.0278,15.6463,-79.12,-79.12
29533,180,2.6552,15.6463,-79.12,-79.12
29533,180,2.6552,15.6463,-79.12,-79.12
29539,180,2.6552,15.4568,-79.12,-79.12
29539,180,2.6552,15.4568,-79.12,-79.12
29544,180,0.7709,15.4568,-79.12,-79.12
29544,180,0.7709,15.4568,-79.12,-79.12
29550,180,0.7709,15.1635,-79.12,-79.12
29550,180,0.7709,15.1635,-79.12,-79.12
29555,180,-5.1392,15.1635,-79.12,-79.12
29555,180,-5.1392,15.1635,-79.12,-79.12
29562,180,-5.1392,15.7140,-77.68,-79.12
29562,180,-5.1392,15.7140,-79.12,-77.68
29566,180,-3.8544,15.7140,-79.12,-79.12
29566,180,-3.8544,15.7140,-79.12,-79.12
29574,180,-3.8544,14.8928,-79.12,-79.12
29574,180,-3.8544,14.8928,-79.12,-79.12
29577,180,-1.5418,14.8928,-79.12,-79.12
29577,180,-1.5418,14.8928,-79.12,-79.12
29586,180,-1.5418,14.8207,-79.12,-79.12
29586,180,-1.5418,14.8207,-79.12,-79.12
29588,180,9.4218,14.8207,-79.12,-79.12
29588,180,9.4218,14.8207,-79.12,-79.12
29598,180,9.4218,14.7214,-79.12,-79.12
29598,180,9.4218,14.7214,-79.12,-79.12
29599,180,-1.6274,14.7214,-79.12,-79.12
29599,180,-1.6274,14.7214,-79.12,-79.12
29609,180,-1.6274,14.8477,-79.12,-79.12
29610,180,8.3940,14.8477,-79.12,-79.12
29610,180,8.3940,14.8477,-79.12,-79.12
29620,180,1.2848,14.8477,-79.12,-79.12
29621,180,1.2848,14.8477,-79.12,-79.12
29621,180,1.2848,15.1184,-79.12,-79.12
29621,180,1.2848,15.1184,-79.12,-79.12
29631,180,-0.3426,15.1184,-79.12,-77.68
29632,180,-0.3426,15.1184,-79.12,-79.12
29633,180,-0.3426,15.0733,-79.12,-79.12
29633,180,-0.3426,15.0733,-79.12,-79.12
29642,180,1.1135,15.0733,-79.12,-79.12
29642,180,1.1135,15.0733,-79.12,-79.12
29645,180,1.1135,15.7320,-79.12,-79.12
29645,180,1.1135,15.7320,-79.12,-79.12
29653,180,-3.9400,15.7320,-79.12,-79.12
29653,180,-3.9400,15.7320,-79.12,-79.12
29657,180,-3.9400,14.5951,-79.12,-79.12
29657,180,-3.9400,14.5951,-79.12,-79.12
29664,180,-1.9700,14.5951,-79.12,-79.12
29664,180,-1.9700,14.5951,-79.12,-79.12
29669,180,-1.9700,14.9019,-79.12,-79.12
29669,180,-1.9700,14.9019,-79.12,-79.12
29675,180,-0.5996,14.9019,-79.12,-79.12
29675,180,-0.5996,14.9019,-79.12,-79.12
29680,180,-0.5996,15.0868,-79.12,-79.12
29681,180,-0.5996,15.0868,-79.12,-79.12
29686,180,1.4561,15.0868,-79.12,-79.12
29686,180,1.4561,15.0868,-79.12,-79.12
29692,180,1.4561,14.7349,-79.12,-79.12
29692,180,1.4561,14.7349,-79.12,-79.12
29697,180,5.3961,14.7349,-79.12,-79.12
29697,180,5.3961,14.7349,-79.12,-79.12
29704,180,5.3961,15.4027,-79.12,-79.12
29704,180,5.3961,15.4027,-79.12,-79.12
29708,180,10.7066,15.4027,-79.12,-79.12
29708,180,10.7066,15.4027,-79.12,-79.12
29716,180,10.7066,14.5815,-79.12,-79.12
29716,180,10.7066,14.5815,-79.12,-79.12
29719,180,-4.9679,14.5815,-79.12,-79.12
29719,180,-4.9679,14.5815,-79.12,-79.12
29728,180,-4.9679,15.1590,-79.12,-79.12
29728,180,-4.9679,15.1590,-77.68,-79.12
29730,180,0.5139,15.1590,-79.12,-79.12
29730,180,0.5139,15.1590,-79.12,-79.12
29740,180,0.5139,15.2718,-79.12,-79.12
29740,180,0.5139,15.2718,-79.12,-79.12
29741,180,-1.1135,15.2718,-79.12,-79.12
29741,180,-1.1135,15.2718,-77.68,-79.12
29751,180,-1.1135,15.0192,-79.12,-79.12
29752,180,-1.1135,15.0192,-79.12,-79.12
29752,180,-2.2270,15.0192,-79.12,-79.12
29752,180,-2.2270,15.0192,-79.12,-79.12
29763,180,-8.3084,15.0192,-79.12,-79.12
29763,180,-8.3084,15.0192,-79.12,-79.12
29763,180,-8.3084,15.3575,-79.12,-79.12
29763,180,-8.3084,15.3575,-79.12,-79.12
29774,180,-10.3640,15.3575,-79.12,-79.12
29774,180,-10.3640,15.3575,-79.12,-79.12
29775,180,-10.3640,14.8432,-79.12,-79.12
29775,180,-10.3640,14.8432,-79.12,-79.12
29785,180,2.7409,14.8432,-79.12,-79.12
29785,180,2.7409,14.8432,-79.12,-79.12
29787,180,2.7409,15.1996,-79.12,-79.12
29787,180,2.7409,15.1996,-79.12,-79.12
29796,180,1.5418,15.1996,-79.12,-79.12
29796,180,1.5418,15.1996,-79.12,-79.12
29799,180,1.5418,15.0959,-79.12,-79.12
29799,180,1.5418,15.0959,-79.12,-79.12
29807,180,3.6831,15.0959,-79.12,-77.68
29807,180,3.6831,15.0959,-79.12,-79.12
29811,180,3.6831,15.0868,-79.12,-79.12
29811,180,3.6831,15.0868,-79.12,-79.12
29818,180,-3.1692,15.0868,-79.12,-79.12
29818,180,-3.1692,15.0868,-77.68,-79.12
29822,180,-3.1692,15.2312,-79.12,-79.12
29822,180,-3.1692,15.2312,-79.12,-79.12
29829,180,0.3426,15.2312,-79.12,-79.12
29829,180,0.3426,15.2312,-79.12,-79.12
29834,180,0.3426,14.7034,-79.12,-79.12
29834,180,0.3426,14.7034,-79.12,-79.12
29840,180,-4.9679,14.7034,-79.12,-79.12
29840,180,-4.9679,14.7034,-79.12,-79.12
29846,180,-4.9679,15.2267,-79.12,-79.12
29846,180,-4.9679,15.2267,-79.12,-79.12
29851,180,-1.1135,15.2267,-79.12,-79.12
29851,180,-1.1135,15.2267,-79.12,-79.12
29858,180,-1.1135,15.0462,-79.12,-79.12
29858,180,-1.1135,15.0462,-79.12,-79.12
29862,180,-3.6831,15.0462,-79.12,-79.12
29862,180,-3.6831,15.0462,-79.12,-79.12
29870,180,-3.6831,14.8432,-79.12,-79.12
29870,180,-3.6831,14.8432,-79.12,-79.12
29873,180,0.9422,14.8432,-79.12,-79.12
29873,180,0.9422,14.8432,-79.12,-79.12
29882,180,0.9422,15.1410,-77.68,-79.12
29882,180,0.9422,15.1410,-79.12,-79.12
29884,180,-1.1991,15.1410,-79.12,-79.12
29884,180,-1.1991,15.1410,-77.68,-79.12
29893,180,-1.1991,14.6853,-79.12,-79.12
29893,180,-1.1991,14.6853,-79.12,-79.12
29895,180,-6.6809,14.6853,-79.12,-79.12
29895,180,-6.6809,14.6853,-79.12,-79.12
29905,180,-6.6809,15.1229,-79.12,-79.12
29905,180,-6.6809,15.1229,-77.68,-79.12
29906,180,-0.4283,15.1229,-79.12,-79.12
29906,180,-0.4283,15.1229,-79.12,-79.12
29917,180,-5.0535,15.1229,-79.12,-79.12
29917,180,-5.0535,15.1229,-79.12,-79.12
29917,180,-5.0535,14.7575,-79.12,-79.12
29917,180,-5.0535,14.7575,-79.12,-79.12
29928,180,3.5974,14.7575,-79.12,-79.12
29928,180,3.5974,14.7575,-79.12,-79.12
29929,180,3.5974,15.0733,-79.12,-79.12
29929,180,3.5974,15.0733,-79.12,-79.12
29939,180,1.1135,15.0733,-79.12,-79.12
29939,180,1.1135,15.0733,-79.12,-79.12
29941,180,1.1135,15.5831,-79.12,-79.12
29941,180,1.1135,15.5831,-79.12,-79.12
29950,180,-0.5139,15.5831,-79.12,-79.12
29950,180,-0.5139,15.5831,-79.12,-79.12
29953,180,-0.5139,14.7846,-79.12,-79.12
29953,180,-0.5139,14.7846,-79.12,-79.12
29961,180,-3.0835,14.7846,-79.12,-79.12
29961,180,-3.0835,14.7846,-79.12,-79.12
29964,180,-3.0835,15.1951,-79.12,-79.12
29964,180,-3.0835,15.1951,-79.12,-79.12
29972,180,-1.1991,15.1951,-79.12,-79.12
29972,180,-1.1991,15.1951,-79.12,-79.12
29976,180,-1.1991,14.7575,-79.12,-79.12
29976,180,-1.1991,14.7575,-79.12,-79.12
29982,180,2.9122,14.7575,-79.12,-79.12
29983,180,2.9122,14.7575,-79.12,-79.12
29988,180,2.9122,15.1320,-79.12,-79.12
29988,180,2.9122,15.1320,-79.12,-79.12
29993,180,4.5396,15.1320,-79.12,-79.12
29994,180,4.5396,15.1320,-79.12,-79.12
30000,180,4.5396,15.2583,-79.12,-79.12
30000,180,4.5396,15.2583,-79.12,-79.12
30004,180,-0.2570,15.2583,-79.12,-79.12
30005,180,-0.2570,15.2583,-79.12,-79.12
30012,180,-0.2570,14.9154,-79.12,-79.12
30012,180,-0.2570,14.9154,-79.12,-79.12
30015,180,-5.3961,14.9154,-79.12,-79.12
30015,180,-5.3961,14.9154,-79.12,-79.12
30024,180,-5.3961,15.4839,-79.12,-79.12
30024,180,-5.3961,15.4839,-79.12,-79.12
30026,180,3.3405,15.4839,-79.12,-79.12
30026,180,3.3405,15.4839,-79.12,-79.12
30035,180,3.3405,14.8658,-79.12,-77.68
30035,180,3.3405,14.8658,-77.68,-79.12
30037,180,-9.2505,14.8658,-79.12,-79.12
30037,180,-9.2505,14.8658,-79.12,-79.12
30047,180,-9.2505,15.1184,-79.12,-79.12
30047,180,-9.2505,15.1184,-77.68,-79.12
30048,180,-5.2248,15.1184,-79.12,-79.12
30048,180,-5.2248,15.1184,-79.12,-79.12
30059,180,-5.2248,15.2087,-79.12,-79.12
30059,180,-5.2248,15.2087,-79.12,-79.12
30059,180,8.2227,15.2087,-79.12,-79.12
30059,180,8.2227,15.2087,-77.68,-79.12
30070,180,4.7966,15.2087,-79.12,-79.12
30070,180,4.7966,15.2087,-79.12,-79.12
30071,180,4.7966,15.1410,-79.12,-79.12
30071,180,4.7966,15.1410,-79.12,-79.12
30081,180,-4.8822,15.1410,-79.12,-79.12
30081,180,-4.8822,15.1410,-79.12,-79.12
30083,180,-4.8822,15.3350,-79.12,-79.12
30083,180,-4.8822,15.3350,-79.12,-79.12
30092,180,-3.0835,15.3350,-79.12,-79.12
30092,180,-3.0835,15.3350,-79.12,-79.12
30095,180,-3.0835,14.8071,-79.12,-79.12
30095,180,-3.0835,14.8071,-79.12,-79.12
30103,180,0.5996,14.8071,-79.12,-79.12
30103,180,0.5996,14.8071,-79.12,-79.12
30106,180,0.5996,15.4162,-79.12,-79.12
30106,180,0.5996,15.4162,-77.68,-79.12
30114,180,2.7409,15.4162,-79.12,-79.12
30114,180,2.7409,15.4162,-79.12,-79.12
30118,180,2.7409,14.7395,-77.68,-79.12
30118,180,2.7409,14.7395,-79.12,-79.12
30125,180,-0.1713,14.7395,-79.12,-79.12
30125,180,-0.1713,14.7395,-79.12,-79.12
30130,180,-0.1713,14.5996,-79.12,-79.12
30130,180,-0.1713,14.5996,-79.12,-79.12
30136,180,-6.7666,14.5996,-79.12,-79.12
30136,180,-6.7666,14.5996,-79.12,-79.12
30142,180,-6.7666,15.1410,-79.12,-79.12
30142,180,-6.7666,15.1410,-79.12,-79.12
30147,180,3.0835,15.1410,-79.12,-79.12
30147,180,3.0835,15.1410,-79.12,-79.12
30154,180,3.0835,14.6988,-79.12,-79.12
30154,180,3.0835,14.6988,-79.12,-79.12
30158,180,1.4561,14.6988,-79.12,-79.12
30158,180,1.4561,14.6988,-79.12,-79.12
30166,180,1.4561,15.1139,-79.12,-79.12
30166,180,1.4561,15.1139,-79.12,-79.12
30169,180,9.5931,15.1139,-79.12,-79.12
30169,180,9.5931,15.1139,-79.12,-79.12
30177,180,9.5931,14.6176,-79.12,-77.68
30177,180,9.5931,14.6176,-79.12,-77.68
30180,180,1.0278,14.6176,-79.12,-79.12
30180,180,1.0278,14.6176,-79.12,-79.12
30189,180,1.0278,14.7936,-79.12,-79.12
30189,180,1.0278,14.7936,-79.12,-79.12
30191,180,-6.5953,14.7936,-79.12,-79.12
30191,180,-6.5953,14.7936,-79.12,-79.12
30201,180,-6.5953,15.0147,-79.12,-79.12
30201,180,-6.5953,15.0147,-77.68,-79.12
30202,180,-10.1927,15.0147,-79.12,-79.12
30202,180,-10.1927,15.0147,-79.12,-79.12
30213,180,-10.1927,14.3740,-79.12,-79.12
30213,180,-1.7987,14.3740,-79.12,-79.12
30213,180,-1.7987,14.3740,-79.12,-79.12
30224,180,-1.7131,14.3740,-79.12,-79.12
30224,180,-1.7131,14.3740,-79.12,-79.12
30225,180,-1.7131,14.9244,-79.12,-79.12
30225,180,-1.7131,14.9244,-79.12,-79.12
30235,180,-5.3105,14.9244,-79.12,-79.12
30235,180,-5.3105,14.9244,-79.12,-79.12
30237,180,-5.3105,14.8207,-79.12,-79.12
30237,180,-5.3105,14.8207,-79.12,-79.12
30246,180,-5.4818,14.8207,-79.12,-79.12
30246,180,-5.4818,14.8207,-79.12,-79.12
30248,180,-5.4818,15.0282,-79.12,-79.12
30248,180,-5.4818,15.0282,-79.12,-79.12
30257,180,-2.8266,15.0282,-79.12,-79.12
30257,180,-2.8266,15.0282,-79.12,-79.12
30260,180,-2.8266,15.1906,-79.12,-79.12
30260,180,-2.8266,15.1906,-79.12,-77.68
30268,180,5.9957,15.1906,-79.12,-79.12
30268,180,5.9957,15.1906,-79.12,-79.12
30272,180,5.9957,14.7079,-79.12,-79.12
30272,180,5.9957,14.7079,-79.12,-79.12
30279,180,-0.7709,14.7079,-79.12,-79.12
30279,180,-0.7709,14.7079,-79.12,-79.12
30284,180,-0.7709,15.3575,-79.12,-79.12
30284,180,-0.7709,15.3575,-79.12,-79.12
30290,180,-0.5996,15.3575,-79.12,-79.12
30290,180,-0.5996,15.3575,-79.12,-79.12
30296,180,-0.5996,14.7755,-79.12,-79.12
30296,180,-0.5996,14.7755,-79.12,-79.12
30301,180,-6.1670,14.7755,-79.12,-79.12
30301,180,-6.1670,14.7755,-79.12,-79.12
30308,180,-6.1670,15.3440,-79.12,-79.12
30308,180,-6.1670,15.3440,-79.12,-79.12
30312,180,-6.6809,15.3440,-79.12,-79.12
30312,180,-6.6809,15.3440,-79.12,-79.12
30319,180,-6.6809,15.2944,-79.12,-79.12
30319,180,-6.6809,15.2944,-79.12,-79.12
30323,180,-3.2548,15.2944,-79.12,-79.12
30323,180,-3.2548,15.2944,-79.12,-79.12
30331,180,-3.2548,14.4958,-79.12,-79.12
30331,180,-3.2548,14.4958,-79.12,-79.12
30334,180,-7.9657,14.4958,-79.12,-79.12
30334,180,-7.9657,14.4958,-79.12,-79.12
30343,180,-7.9657,15.1635,-79.12,-79.12
30343,180,-7.9657,15.1635,-79.12,-79.12
30345,180,2.6552,15.1635,-79.12,-79.12
30345,180,2.6552,15.1635,-79.12,-79.12
30355,180,2.6552,14.7440,-79.12,-79.12
30355,180,2.6552,14.7440,-79.12,-77.68
30355,180,11.5632,14.7440,-79.12,-79.12
30356,180,11.5632,14.7440,-79.12,-79.12
30366,180,2.8266,14.7440,-79.12,-79.12
30367,180,2.8266,14.7440,-79.12,-79.12
30367,180,2.8266,15.3124,-79.12,-79.12
30367,180,2.8266,15.3124,-79.12,-79.12
30377,180,-4.4540,15.3124,-79.12,-79.12
30378,180,-4.4540,15.3124,-79.12,-79.12
30378,180,-4.4540,14.9831,-79.12,-79.12
30379,180,-4.4540,14.9831,-79.12,-79.12
30388,180,4.3683,14.9831,-79.12,-79.12
30388,180,4.3683,14.9831,-79.12,-79.12
30390,180,4.3683,14.9695,-79.12,-79.12
30390,180,4.3683,14.9695,-79.12,-79.12
30399,180,-6.2527,14.9695,-79.12,-79.12
30399,180,-6.2527,14.9695,-79.12,-79.12
30402,180,-6.2527,15.2448,-79.12,-79.12
30402,180,-6.2527,15.2448,-79.12,-79.12
30410,180,-1.4561,15.2448,-79.12,-79.12
30410,180,-1.4561,15.2448,-79.12,-79.12
30414,180,-1.4561,14.7710,-79.12,-79.12
30414,180,-1.4561,14.7710,-79.12,-79.12
30421,180,-2.7409,14.7710,-79.12,-77.68
30421,180,-2.7409,14.7710,-79.12,-79.12
30426,180,-2.7409,15.2267,-79.12,-79.12
30426,180,-2.7409,15.2267,-79.12,-77.68
30432,180,1.0278,15.2267,-79.12,-79.12
30432,180,1.0278,15.2267,-79.12,-79.12
30438,180,1.0278,14.7530,-77.68,-79.12
30438,180,1.0278,14.7530,-79.12,-79.12
30443,180,4.5396,14.7530,-79.12,-79.12
30443,180,4.5396,14.7530,-79.12,-79.12
30449,180,4.5396,14.7530,-79.12,-79.12
30450,180,4.5396,14.7530,-79.12,-79.12
30454,180,1.3704,14.7530,-79.12,-79.12
30454,180,1.3704,14.7530,-79.12,-79.12
30461,180,1.3704,15.2628,-79.12,-79.12
30461,180,1.3704,15.2628,-79.12,-79.12
30465,180,-1.6274,15.2628,-79.12,-79.12
30465,180,-1.6274,15.2628,-79.12,-79.12
30473,180,-1.6274,14.9335,-79.12,-79.12
30473,180,-1.6274,14.9335,-79.12,-79.12
30476,180,0.9422,14.9335,-79.12,-79.12
30476,180,0.9422,14.9335,-79.12,-79.12
30485,180,0.9422,15.6057,-79.12,-79.12
30485,180,0.9422,15.6057,-79.12,-79.12
30487,180,7.5375,15.6057,-79.12,-79.12
30487,180,7.5375,15.6057,-79.12,-79.12
30497,180,7.5375,14.9695,-79.12,-79.12
30497,180,7.5375,14.9695,-79.12,-79.12
30498,180,2.3126,14.9695,-79.12,-79.12
30498,180,2.3126,14.9695,-79.12,-79.12
30509,180,2.3126,14.9876,-79.12,-79.12
30509,180,2.3126,14.9876,-79.12,-79.12
30509,180,-1.8844,14.9876,-79.12,-79.12
30509,180,-1.8844,14.9876,-79.12,-79.12
30520,180,-4.1970,14.9876,-79.12,-79.12
30520,180,-4.1970,14.9876,-79.12,-79.12
30520,180,-4.1970,14.5861,-79.12,-79.12
30521,180,-4.1970,14.5861,-79.12,-79.12
30531,180,-5.5675,14.5861,-79.12,-79.12
30531,180,-5.5675,14.5861,-79.12,-79.12
30532,180,-5.5675,13.7920,-79.12,-79.12
30532,180,-5.5675,13.7920,-79.12,-79.12
30542,180,-1.3704,13.7920,-79.12,-79.12
30542,180,-1.3704,13.7920,-79.12,-79.12
30544,180,-1.3704,14.9921,-79.12,-79.12
30544,180,-1.3704,14.9921,-79.12,-79.12
30553,180,3.2548,14.9921,-79.12,-79.12
30553,180,3.2548,14.9921,-79.12,-79.12
30556,180,3.2548,14.9064,-79.12,-77.68
30556,180,3.2548,14.9064,-77.68,-79.12
30564,180,6.0814,14.9064,-79.12,-79.12
30564,180,6.0814,14.9064,-79.12,-79.12
30568,180,6.0814,15.3711,-79.12,-79.12
30568,180,6.0814,15.3711,-79.12,-79.12
30575,180,-1.3704,15.3711,-79.12,-79.12
30575,180,-1.3704,15.3711,-77.68,-79.12
30580,180,-1.3704,15.2493,-79.12,-79.12
30580,180,-1.3704,15.2493,-79.12,-79.12
30586,180,-2.3126,15.2493,-79.12,-79.12
30586,180,-2.3126,15.2493,-79.12,-79.12
30591,180,-2.3126,14.8838,-79.12,-79.12
30592,180,-2.3126,14.8838,-79.12,-79.12
30597,180,-1.7131,14.8838,-79.12,-79.12
30597,180,-1.7131,14.8838,-79.12,-79.12
30603,180,-1.7131,15.6463,-79.12,-79.12
30603,180,-1.7131,15.6463,-79.12,-79.12
30608,180,4.6253,15.6463,-79.12,-79.12
30608,180,4.6253,15.6463,-79.12,-79.12
30615,180,4.6253,15.0462,-79.12,-79.12
30615,180,4.6253,15.0462,-79.12,-79.12
30619,180,0.1713,15.0462,-79.12,-79.12
30619,180,0.1713,15.0462,-79.12,-79.12
30627,180,0.1713,15.1049,-79.12,-79.12
30627,180,0.1713,15.1049,-79.12,-79.12
30630,180,-0.5139,15.1049,-79.12,-79.12
30630,180,-0.5139,15.1049,-79.12,-79.12
30639,180,-0.5139,15.1500,-79.12,-79.12
30639,180,-0.5139,15.1500,-79.12,-79.12
30641,180,-0.5139,15.1500,-79.12,-79.12
30641,180,-0.5139,15.1500,-79.12,-79.12
30651,180,-0.5139,15.1229,-79.12,-79.12
30651,180,-0.5139,15.1229,-79.12,-79.12
30652,180,-3.3405,15.1229,-79.12,-79.12
30652,180,-3.3405,15.1229,-79.12,-79.12
30662,180,-3.3405,15.2673,-79.12,-79.12
30663,180,-3.3405,15.2673,-79.12,-79.12
30663,180,-2.3983,15.2673,-79.12,-79.12
30663,180,-2.3983,15.2673,-79.12,-79.12
30674,180,-1.7131,15.2673,-79.12,-79.12
30674,180,-1.7131,15.2673,-79.12,-79.12
30674,180,-1.7131,14.4417,-77.68,-79.12
30674,180,-1.7131,14.4417,-79.12,-79.12
30685,180,-0.3426,14.4417,-79.12,-79.12
30685,180,-0.3426,14.4417,-79.12,-79.12
30686,180,-0.3426,15.0508,-79.12,-79.12
30686,180,-0.3426,15.0508,-79.12,-79.12
30696,180,-2.1413,15.0508,-79.12,-79.12
30696,180,-2.1413,15.0508,-79.12,-79.12
30698,180,-2.1413,15.0282,-79.12,-79.12
30698,180,-2.1413,15.0282,-79.12,-79.12
30707,180,5.2248,15.0282,-79.12,-79.12
30707,180,5.2248,15.0282,-79.12,-79.12
30710,180,5.2248,15.1229,-79.12,-79.12
30710,180,5.2248,15.1229,-79.12,-79.12
30717,180,1.3704,15.1229,-79.12,-79.12
30718,180,1.3704,15.1229,-79.12,-79.12
30722,180,1.3704,15.8132,-79.12,-79.12
30722,180,1.3704,15.8132,-79.12,-79.12
30728,180,8.9936,15.8132,-79.12,-79.12
30729,180,8.9936,15.8132,-79.12,-79.12
30733,180,8.9936,15.0192,-79.12,-79.12
30733,180,8.9936,15.0192,-79.12,-79.12
30739,180,5.2248,15.0192,-79.12,-79.12
30739,180,5.2248,15.0192,-79.12,-79.12
30745,180,5.2248,14.8703,-79.12,-79.12
30745,180,5.2248,14.8703,-79.12,-79.12
30750,180,6.4240,14.8703,-79.12,-79.12
30750,180,6.4240,14.8703,-79.12,-79.12
30757,180,6.4240,14.8252,-79.12,-79.12
30757,180,6.4240,14.8252,-79.12,-79.12
30761,180,-3.1692,14.8252,-79.12,-79.12
30761,180,-3.1692,14.8252,-79.12,-79.12
30769,180,-3.1692,15.2989,-79.12,-79.12
30769,180,-3.1692,15.2989,-79.12,-79.12
30772,180,-5.1392,15.2989,-79.12,-79.12
30772,180,-5.1392,15.2989,-79.12,-79.12
30781,180,-5.1392,15.4568,-79.12,-77.68
30781,180,-5.1392,15.4568,-79.12,-79.12
30783,180,-4.1113,15.4568,-77.68,-79.12
30783,180,-4.1113,15.4568,-79.12,-79.12
30793,180,-4.1113,14.8342,-79.12,-79.12
30793,180,-4.1113,14.8342,-79.12,-79.12
30794,180,-4.2827,14.8342,-79.12,-79.12
30794,180,-4.2827,14.8342,-79.12,-79.12
30804,180,-4.2827,15.1681,-79.12,-79.12
30804,180,-4.2827,15.1681,-79.12,-79.12
30805,180,6.5096,15.1681,-79.12,-79.12
30805,180,6.5096,15.1681,-79.12,-79.12
30816,180,7.1949,15.1681,-79.12,-79.12
30816,180,7.1949,14.6402,-79.12,-79.12
30816,180,7.1949,14.6402,-79.12,-79.12
30827,180,3.0835,14.6402,-79.12,-77.68
30827,180,3.0835,14.6402,-79.12,-79.12
30828,180,3.0835,14.9154,-79.12,-77.68
30828,180,3.0835,14.9154,-79.12,-79.12
30838,180,-5.5675,14.9154,-79.12,-79.12
30838,180,-5.5675,14.9154,-79.12,-79.12
30840,180,-5.5675,15.0598,-77.68,-79.12
30840,180,-5.5675,15.0598,-79.12,-79.12
30849,180,-1.0278,15.0598,-77.68,-79.12
30849,180,-1.0278,15.0598,-79.12,-79.12
30852,180,-1.0278,14.4236,-79.12,-79.12
30852,180,-1.0278,14.4236,-79.12,-79.12
30860,180,1.2848,14.4236,-79.12,-79.12
30860,180,1.2848,14.4236,-79.12,-79.12
30864,180,1.2848,15.2808,-79.12,-79.12
30864,180,1.2848,15.2808,-79.12,-79.12
30871,180,2.4839,15.2808,-79.12,-79.12
30871,180,2.4839,15.2808,-79.12,-79.12
30875,180,2.4839,14.8342,-79.12,-79.12
30875,180,2.4839,14.8342,-79.12,-79.12
30882,180,1.4561,14.8342,-79.12,-79.12
30882,180,1.4561,14.8342,-79.12,-79.12
30887,180,1.4561,14.9109,-79.12,-79.12
30887,180,1.4561,14.9109,-77.68,-79.12
30893,180,1.3704,14.9109,-79.12,-79.12
30893,180,1.3704,14.9109,-79.12,-79.12
30899,180,1.3704,14.8522,-79.12,-79.12
30899,180,1.3704,14.8522,-79.12,-79.12
30904,180,7.7944,14.8522,-79.12,-79.12
30904,180,7.7944,14.8522,-79.12,-79.12
30911,180,7.7944,14.6357,-79.12,-79.12
30911,180,7.7944,14.6357,-79.12,-79.12
30915,180,3.4261,14.6357,-79.12,-79.12
30915,180,3.4261,14.6357,-79.12,-79.12
30923,180,3.4261,15.3079,-79.12,-79.12
30923,180,3.4261,15.3079,-79.12,-79.12
30926,180,10.9636,15.3079,-79.12,-79.12
30926,180,10.9636,15.3079,-79.12,-79.12
30935,180,10.9636,14.7124,-79.12,-79.12
30935,180,10.9636,14.7124,-79.12,-79.12
30937,180,-3.2548,14.7124,-79.12,-79.12
30937,180,-3.2548,14.7124,-79.12,-79.12
30946,180,-3.2548,14.9515,-79.12,-79.12
30946,180,-3.2548,14.9515,-79.12,-79.12
30948,180,-2.4839,14.9515,-79.12,-79.12
30948,180,-2.4839,14.9515,-79.12,-79.12
30958,180,-2.4839,14.8838,-79.12,-79.12
30958,180,-2.4839,14.8838,-79.12,-79.12
30959,180,-4.8822,14.8838,-79.12,-79.12
30959,180,-4.8822,14.8838,-79.12,-79.12
30970,180,1.3704,14.8838,-79.12,-79.12
30970,180,1.3704,14.8838,-79.12,-79.12
30970,180,1.3704,14.6582,-79.12,-79.12
30970,180,1.3704,14.6582,-79.12,-79.12
30981,180,-2.0557,14.6582,-79.12,-79.12
30981,180,-2.0557,14.6582,-79.12,-79.12
30982,180,-2.0557,14.9380,-79.12,-79.12
30982,180,-2.0557,14.9380,-79.12,-79.12
30992,180,-3.7687,14.9380,-79.12,-79.12
30992,180,-3.7687,14.9380,-79.12,-79.12
30994,180,-3.7687,14.6582,-79.12,-79.12
30994,180,-3.7687,14.6582,-77.68,-79.12
31003,180,-1.5418,14.6582,-79.12,-79.12
31003,180,-1.5418,14.6582,-79.12,-79.12
31006,180,-1.5418,15.0643,-79.12,-79.12
31006,180,-1.5418,15.0643,-79.12,-79.12
31014,180,-3.3405,15.0643,-79.12,-79.12
31014,180,-3.3405,15.0643,-79.12,-79.12
31017,180,-3.3405,14.9921,-79.12,-77.68
31017,180,-3.3405,14.9921,-79.12,-79.12
31025,180,7.9657,14.9921,-79.12,-79.12
31025,180,7.9657,14.9921,-79.12,-79.12
31029,180,7.9657,14.7846,-79.12,-79.12
31029,180,7.9657,14.7846,-79.12,-79.12
31036,180,10.5353,14.7846,-79.12,-77.68
31036,180,10.5353,14.7846,-79.12,-79.12
31041,180,10.5353,15.1635,-79.12,-79.12
31041,180,10.5353,15.1635,-79.12,-77.68
31047,180,-0.8565,15.1635,-79.12,-79.12
31047,180,-0.8565,15.1635,-79.12,-79.12
31053,180,-0.8565,15.1455,-79.12,-79.12
31053,180,-0.8565,15.1455,-79.12,-79.12
31058,180,-11.1349,15.1455,-79.12,-79.12
31058,180,-11.1349,15.1455,-79.12,-79.12
31065,180,-11.1349,15.4072,-79.12,-79.12
31065,180,-11.1349,15.4072,-79.12,-79.12
31069,180,-2.7409,15.4072,-79.12,-79.12
31069,180,-2.7409,15.4072,-79.12,-79.12
31076,180,-2.7409,14.8252,-79.12,-79.12
31077,180,-2.7409,14.8252,-79.12,-79.12
31079,180,-6.7666,14.8252,-79.12,-79.12
31080,180,-6.7666,14.8252,-79.12,-79.12
31088,180,-6.7666,14.8928,-79.12,-79.12
31088,180,-6.7666,14.8928,-79.12,-79.12
31090,180,0.8565,14.8928,-79.12,-79.12
31091,180,0.8565,14.8928,-79.12,-79.12
31100,180,0.8565,15.3530,-79.12,-79.12
31100,180,0.8565,15.3530,-79.12,-79.12
31101,180,7.3662,15.3530,-79.12,-77.68
31102,180,7.3662,15.3530,-79.12,-79.12
31112,180,7.3662,14.9695,-79.12,-79.12
31112,180,7.3662,14.9695,-79.12,-79.12
31112,180,14.7323,14.9695,-79.12,-79.12
31112,180,14.7323,14.9695,-79.12,-79.12
31123,180,11.2206,14.9695,-79.12,-77.68
31123,180,11.2206,14.9695,-79.12,-79.12
31124,180,11.2206,15.4207,-79.12,-79.12
31124,180,11.2206,15.4207,-79.12,-79.12
31134,180,0.2570,15.4207,-79.12,-79.12
31134,180,0.2570,15.4207,-79.12,-79.12
31136,180,0.2570,15.0914,-79.12,-79.12
31136,180,0.2570,15.0914,-79.12,-79.12
31145,180,4.3683,15.0914,-79.12,-79.12
31145,180,4.3683,15.0914,-79.12,-79.12
31147,180,4.3683,15.0643,-79.12,-79.12
31148,180,4.3683,15.0643,-79.12,-79.12
31156,180,7.1092,15.0643,-79.12,-79.12
31156,180,7.1092,15.0643,-79.12,-79.12
31159,180,7.1092,14.9831,-79.12,-79.12
31159,180,7.1092,14.9831,-79.12,-79.12
31167,180,6.8522,14.9831,-79.12,-79.12
31167,180,6.8522,14.9831,-79.12,-79.12
31171,180,6.8522,14.9154,-79.12,-79.12
31171,180,6.8522,14.9154,-79.12,-79.12
31178,180,1.8844,14.9154,-79.12,-79.12
31178,180,1.8844,14.9154,-79.12,-79.12
31183,180,1.8844,15.4658,-79.12,-79.12
31183,180,1.8844,15.4658,-79.12,-79.12
31189,180,4.8822,15.4658,-79.12,-79.12
31189,180,4.8822,15.4658,-79.12,-79.12
31195,180,4.8822,14.8658,-79.12,-79.12
31195,180,4.8822,14.8658,-79.12,-79.12
31200,180,2.1413,14.8658,-79.12,-79.12
31200,180,2.1413,14.8658,-79.12,-79.12
31207,180,2.1413,14.9560,-79.12,-79.12
31207,180,2.1413,14.9560,-79.12,-79.12
31211,180,1.5418,14.9560,-79.12,-79.12
31211,180,1.5418,14.9560,-79.12,-79.12
31218,180,1.5418,15.1455,-79.12,-79.12
31219,180,1.5418,15.1455,-79.12,-79.12
31222,180,-0.2570,15.1455,-77.68,-79.12
31222,180,-0.2570,15.1455,-79.12,-79.12
31230,180,-0.2570,15.1726,-79.12,-79.12
31230,180,-0.2570,15.1726,-79.12,-79.12
31233,180,8.0514,15.1726,-79.12,-77.68
31233,180,8.0514,15.1726,-79.12,-79.12
31242,180,8.0514,15.7049,-79.12,-79.12
31242,180,8.0514,15.7049,-79.12,-79.12
31244,180,5.4818,15.7049,-79.12,-79.12
31244,180,5.4818,15.7049,-79.12,-79.12
31254,180,5.4818,14.7440,-79.12,-79.12
31254,180,5.4818,14.7440,-79.12,-79.12
31255,180,-4.8822,14.7440,-79.12,-79.12
31255,180,-4.8822,14.7440,-79.12,-79.12
31266,180,-4.8822,14.8928,-79.12,-79.12
31266,180,-4.8822,14.8928,-79.12,-79.12
31266,180,-6.9379,14.8928,-79.12,-79.12
31266,180,-6.9379,14.8928,-79.12,-79.12
31277,180,-1.8844,14.8928,-79.12,-79.12
31277,180,-1.8844,14.8928,-79.12,-79.12
31278,180,-1.8844,14.6943,-79.12,-79.12
31278,180,-1.8844,14.6943,-79.12,-79.12
31288,180,7.9657,14.6943,-79.12,-79.12
31288,180,7.9657,14.6943,-79.12,-79.12
31289,180,7.9657,14.9695,-79.12,-79.12
31290,180,7.9657,14.9695,-79.12,-79.12
31299,180,1.7987,14.9695,-79.12,-79.12
31299,180,1.7987,14.9695,-79.12,-79.12
31301,180,1.7987,14.9380,-79.12,-79.12
31301,180,1.7987,14.9380,-79.12,-79.12
31310,180,2.8266,14.9380,-79.12,-79.12
31310,180,2.8266,14.9380,-79.12,-79.12
31313,180,2.8266,14.4101,-79.12,-79.12
31313,180,2.8266,14.4101,-79.12,-77.68
31321,180,-2.2270,14.4101,-77.68,-79.12
31321,180,-2.2270,14.4101,-79.12,-79.12
31325,180,-2.2270,15.0192,-79.12,-79.12
31325,180,-2.2270,15.0192,-79.12,-79.12
31332,180,-2.6552,15.0192,-79.12,-79.12
31332,180,-2.6552,15.0192,-79.12,-79.12
31337,180,-2.6552,14.6582,-79.12,-79.12
31337,180,-2.6552,14.6582,-79.12,-77.68
31343,180,-12.8480,14.6582,-79.12,-79.12
31343,180,-12.8480,14.6582,-79.12,-77.68
31349,180,-12.8480,14.9695,-79.12,-79.12
31349,180,-12.8480,14.9695,-79.12,-79.12
31354,180,-15.4176,14.9695,-79.12,-79.12
31354,180,-15.4176,14.9695,-79.12,-79.12
31360,180,-15.4176,15.2673,-79.12,-79.12
31361,180,-15.4176,15.2673,-79.12,-79.12
31365,180,-6.5096,15.2673,-79.12,-79.12
31365,180,-6.5096,15.2673,-79.12,-79.12
31372,180,-6.5096,14.7304,-79.12,-79.12
31372,180,-6.5096,14.7304,-79.12,-79.12
31376,180,-2.7409,14.7304,-79.12,-77.68
31376,180,-2.7409,14.7304,-79.12,-79.12
31384,180,-2.7409,15.3575,-79.12,-79.12
31384,180,-2.7409,15.3575,-79.12,-79.12
31387,180,-0.9422,15.3575,-79.12,-79.12
31387,180,-0.9422,15.3575,-79.12,-79.12
31396,180,-0.9422,14.7079,-79.12,-79.12
31396,180,-0.9422,14.7079,-79.12,-79.12
31398,180,-11.3062,14.7079,-79.12,-77.68
31398,180,-11.3062,14.7079,-79.12,-79.12
31408,180,-11.3062,14.9244,-79.12,-79.12
31408,180,-11.3062,14.9244,-79.12,-79.12
31409,180,-4.4540,14.9244,-79.12,-79.12
31409,180,-4.4540,14.9244,-79.12,-79.12
31420,180,-3.2548,14.9244,-79.12,-79.12
31420,180,-3.2548,14.9966,-79.12,-79.12
31420,180,-3.2548,14.9966,-79.12,-79.12
31431,180,-4.9679,14.9966,-79.12,-79.12
31431,180,-4.9679,14.9966,-79.12,-79.12
31431,180,-4.9679,14.5770,-79.12,-79.12
31431,180,-4.9679,14.5770,-79.12,-79.12
31442,180,-3.7687,14.5770,-79.12,-79.12
31442,180,-3.7687,14.5770,-79.12,-79.12
31443,180,-3.7687,15.1365,-79.12,-79.12
31443,180,-3.7687,15.1365,-79.12,-79.12
31452,180,1.0278,15.1365,-79.12,-79.12
31453,180,1.0278,15.1365,-79.12,-79.12
31455,180,1.0278,14.2432,-79.12,-79.12
31455,180,1.0278,14.2432,-79.12,-79.12
31463,180,8.9079,14.2432,-79.12,-79.12
31464,180,8.9079,14.2432,-79.12,-79.12
31467,180,8.9079,14.7259,-79.12,-79.12
31467,180,8.9079,14.7259,-79.12,-79.12
31474,180,0.1713,14.7259,-79.12,-79.12
31475,180,0.1713,14.7259,-79.12,-79.12
31479,180,0.1713,15.0733,-79.12,-79.12
31479,180,0.1713,15.0733,-79.12,-79.12
31485,180,0.5139,15.0733,-79.12,-79.12
31485,180,0.5139,15.0733,-79.12,-79.12
31491,180,0.5139,14.2973,-79.12,-79.12
31491,180,0.5139,14.2973,-79.12,-79.12
31496,180,-5.6531,14.2973,-79.12,-79.12
31496,180,-5.6531,14.2973,-79.12,-79.12
31502,180,-5.6531,14.4417,-79.12,-79.12
31502,180,-5.6531,14.4417,-79.12,-79.12
31507,180,0.6852,14.4417,-79.12,-79.12
31507,180,0.6852,14.4417,-79.12,-79.12
31514,180,0.6852,14.2702,-79.12,-79.12
31514,180,0.6852,14.2702,-79.12,-79.12
31518,180,-6.2527,14.2702,-79.12,-79.12
31518,180,-6.2527,14.2702,-79.12,-79.12
31526,180,-6.2527,14.9515,-79.12,-79.12
31526,180,-6.2527,14.9515,-79.12,-79.12
31529,180,7.5375,14.9515,-79.12,-79.12
31529,180,7.5375,14.9515,-79.12,-79.12
31538,180,7.5375,14.9921,-79.12,-79.12
31538,180,7.5375,14.9921,-79.12,-79.12
31540,180,11.9914,14.9921,-79.12,-79.12
31540,180,11.9914,14.9921,-79.12,-79.12
31550,180,11.9914,15.1004,-79.12,-79.12
31550,180,11.9914,15.1004,-79.12,-79.12
31551,180,10.1071,15.1004,-79.12,-79.12
31551,180,10.1071,15.1004,-79.12,-79.12
31562,180,10.1071,15.7455,-79.12,-79.12
31562,180,10.1071,15.7455,-79.12,-79.12
31562,180,6.3383,15.7455,-79.12,-79.12
31562,180,6.3383,15.7455,-79.12,-79.12
31573,180,5.2248,15.7455,-79.12,-77.68
31573,180,5.2248,15.7455,-79.12,-79.12
31573,180,5.2248,14.6131,-79.12,-79.12
31573,180,5.2248,14.6131,-79.12,-79.12
31584,180,1.3704,14.6131,-79.12,-79.12
31584,180,1.3704,14.6131,-79.12,-79.12
31585,180,1.3704,15.2312,-79.12,-79.12
31585,180,1.3704,15.2312,-79.12,-79.12
31595,180,-5.9957,15.2312,-79.12,-79.12
31595,180,-5.9957,15.2312,-79.12,-79.12
31597,180,-5.9957,14.8387,-79.12,-79.12
31597,180,-5.9957,14.8387,-79.12,-77.68
31606,180,1.4561,14.8387,-79.12,-79.12
31606,180,1.4561,14.8387,-79.12,-79.12
31609,180,1.4561,14.8252,-79.12,-79.12
31609,180,1.4561,14.8252,-79.12,-79.12
31617,180,-6.0814,14.8252,-79.12,-79.12
31617,180,-6.0814,14.8252,-79.12,-79.12
31621,180,-6.0814,15.3169,-79.12,-79.12
31621,180,-6.0814,15.3169,-79.12,-79.12
31628,180,-0.8565,15.3169,-79.12,-79.12
31628,180,-0.8565,15.3169,-79.12,-79.12
31633,180,-0.8565,14.6898,-79.12,-79.12
31633,180,-0.8565,14.6898,-79.12,-79.12
31639,180,-3.3405,14.6898,-79.12,-79.12
31639,180,-3.3405,14.6898,-79.12,-79.12
31644,180,-3.3405,15.1545,-79.12,-79.12
31644,180,-3.3405,15.1545,-79.12,-79.12
31650,180,4.1113,15.1545,-79.12,-79.12
31650,180,4.1113,15.1545,-79.12,-79.12
31656,180,4.1113,14.9876,-79.12,-79.12
31656,180,4.1113,14.9876,-79.12,-79.12
31661,180,0.4283,14.9876,-79.12,-79.12
31661,180,0.4283,14.9876,-79.12,-79.12
31668,180,0.4283,15.1139,-79.12,-79.12
31668,180,0.4283,15.1139,-79.12,-79.12
31672,180,-0.6852,15.1139,-79.12,-79.12
31672,180,-0.6852,15.1139,-79.12,-79.12
31680,180,-0.6852,15.3034,-79.12,-77.68
31680,180,-0.6852,15.3034,-79.12,-79.12
31683,180,5.6531,15.3034,-79.12,-79.12
31683,180,5.6531,15.3034,-79.12,-79.12
31692,180,5.6531,14.7395,-79.12,-79.12
31692,180,5.6531,14.7395,-79.12,-79.12
31694,180,7.0236,14.7395,-79.12,-79.12
31694,180,7.0236,14.7395,-79.12,-79.12
31704,180,7.0236,14.9470,-79.12,-79.12
31704,180,7.0236,14.9470,-79.12,-79.12
31705,180,5.7388,14.9470,-79.12,-79.12
31705,180,5.7388,14.9470,-79.12,-79.12
31715,180,5.7388,14.7214,-79.12,-79.12
31715,180,5.7388,14.7214,-79.12,-79.12
31716,180,-6.5096,14.7214,-79.12,-79.12
31716,180,-6.5096,14.7214,-79.12,-79.12
31727,180,3.9400,14.7214,-79.12,-79.12
31727,180,3.9400,14.7214,-79.12,-79.12
31727,180,3.9400,14.8568,-79.12,-79.12
31727,180,3.9400,14.8568,-79.12,-79.12
31738,180,8.6510,14.8568,-79.12,-79.12
31738,180,8.6510,14.8568,-79.12,-79.12
31739,180,8.6510,14.8974,-79.12,-79.12
31739,180,8.6510,14.8974,-79.12,-79.12
31749,180,3.5974,14.8974,-79.12,-79.12
31749,180,3.5974,14.8974,-79.12,-79.12
31751,180,3.5974,14.3830,-79.12,-79.12
31751,180,3.5974,14.3830,-79.12,-79.12
31760,180,-2.1413,14.3830,-79.12,-79.12
31760,180,-2.1413,14.3830,-79.12,-79.12
31763,180,-2.1413,14.9470,-79.12,-79.12
31763,180,-2.1413,14.9470,-77.68,-79.12
31771,180,4.4540,14.9470,-79.12,-79.12
31771,180,4.4540,14.9470,-79.12,-79.12
31774,180,4.4540,13.9635,-79.12,-79.12
31775,180,4.4540,13.9635,-79.12,-79.12
31782,180,0.4283,13.9635,-79.12,-79.12
31782,180,0.4283,13.9635,-79.12,-79.12
31786,180,0.4283,14.3289,-79.12,-79.12
31786,180,0.4283,14.3289,-79.12,-79.12
31793,180,-4.7966,14.3289,-79.12,-79.12
31793,180,-4.7966,14.3289,-79.12,-79.12
31798,180,-4.7966,14.6176,-79.12,-79.12
31798,180,-4.7966,14.6176,-79.12,-79.12
31804,180,-2.7409,14.6176,-79.12,-79.12
31804,180,-2.7409,14.6176,-79.12,-79.12
31810,180,-2.7409,14.7124,-79.12,-79.12
31810,180,-2.7409,14.7124,-79.12,-79.12
31815,180,-2.3126,14.7124,-79.12,-79.12
31815,180,-2.3126,14.7124,-79.12,-79.12
31822,180,-2.3126,15.1004,-79.12,-79.12
31822,180,-2.3126,15.1004,-79.12,-79.12
31825,180,0.8565,15.1004,-79.12,-77.68
31826,180,0.8565,15.1004,-79.12,-79.12
31834,180,0.8565,14.2296,-79.12,-79.12
31834,180,0.8565,14.2296,-79.12,-79.12
31836,180,1.4561,14.2296,-79.12,-79.12
31837,180,1.4561,14.2296,-79.12,-79.12
31845,180,1.4561,14.8928,-79.12,-79.12
31846,180,1.4561,14.8928,-79.12,-79.12
31847,180,6.6809,14.8928,-79.12,-79.12
31848,180,6.6809,14.8928,-79.12,-79.12
31857,180,6.6809,14.8748,-79.12,-79.12
31857,180,6.6809,14.8748,-79.12,-79.12
31858,180,-5.3961,14.8748,-79.12,-79.12
31858,180,-5.3961,14.8748,-79.12,-79.12
31869,180,-5.3961,14.6041,-79.12,-79.12
31869,180,-5.3961,14.6041,-79.12,-79.12
31869,180,1.7131,14.6041,-79.12,-79.12
31869,180,1.7131,14.6041,-79.12,-79.12
31880,180,1.5418,14.6041,-79.12,-79.12
31880,180,1.5418,14.6041,-79.12,-79.12
31881,180,1.5418,14.6718,-79.12,-79.12
31881,180,1.5418,14.6718,-79.12,-79.12
31891,180,10.1927,14.6718,-77.68,-79.12
31891,180,10.1927,14.6718,-79.12,-79.12
31893,180,10.1927,14.4688,-79.12,-79.12
31893,180,10.1927,14.4688,-79.12,-79.12
31902,180,5.5675,14.4688,-79.12,-79.12
31902,180,5.5675,14.4688,-79.12,-79.12
31905,180,5.5675,14.9786,-79.12,-79.12
31905,180,5.5675,14.9786,-79.12,-79.12
31913,180,-1.7987,14.9786,-79.12,-79.12
31913,180,-1.7987,14.9786,-79.12,-79.12
31916,180,-1.7987,14.4823,-79.12,-79.12
31917,180,-1.7987,14.4823,-79.12,-79.12
31924,180,2.5696,14.4823,-79.12,-79.12
31924,180,2.5696,14.4823,-77.68,-79.12
31928,180,2.5696,14.2973,-79.12,-79.12
31928,180,2.5696,14.2973,-79.12,-79.12
31935,180,-6.9379,14.2973,-79.12,-79.12
31935,180,-6.9379,14.2973,-79.12,-79.12
31940,180,-6.9379,14.6673,-79.12,-79.12
31940,180,-6.9379,14.6673,-79.12,-79.12
31946,180,-9.5931,14.6673,-79.12,-79.12
31946,180,-9.5931,14.6673,-79.12,-79.12
31952,180,-9.5931,14.1214,-79.12,-79.12
31952,180,-9.5931,14.1214,-79.12,-79.12
31957,180,-7.5375,14.1214,-77.68,-79.12
31957,180,-7.5375,14.1214,-79.12,-79.12
31964,180,-7.5375,14.8568,-79.12,-79.12
31964,180,-7.5375,14.8568,-79.12,-79.12
31968,180,5.4818,14.8568,-79.12,-79.12
31968,180,5.4818,14.8568,-79.12,-79.12
31976,180,5.4818,14.6628,-79.12,-79.12
31976,180,5.4818,14.6628,-79.12,-77.68
31979,180,1.4561,14.6628,-79.12,-79.12
31979,180,1.4561,14.6628,-79.12,-79.12
31987,180,1.4561,14.8658,-79.12,-79.12
31987,180,1.4561,14.8658,-79.12,-79.12
31990,180,-1.4561,14.8658,-79.12,-79.12
31990,180,-1.4561,14.8658,-79.12,-79.12
31999,180,-1.4561,14.9470,-79.12,-79.12
31999,180,-1.4561,14.9470,-79.12,-79.12
32001,180,7.0236,14.9470,-79.12,-79.12
32001,180,7.0236,14.9470,-77.68,-79.12
32011,180,7.0236,14.6222,-79.12,-77.68
32011,180,7.0236,14.6222,-79.12,-77.68
32012,180,13.0193,14.6222,-79.12,-79.12
32012,180,13.0193,14.6222,-79.12,-79.12
32023,180,13.0193,15.2673,-79.12,-79.12
32023,180,8.9936,15.2673,-77.68,-79.12
32023,180,8.9936,15.2673,-79.12,-79.12
32034,180,-1.1991,15.2673,-79.12,-79.12
32034,180,-1.1991,15.2673,-79.12,-79.12
32035,180,-1.1991,14.7710,-79.12,-79.12
32035,180,-1.1991,14.7710,-79.12,-79.12
32045,180,0.3426,14.7710,-79.12,-79.12
32045,180,0.3426,14.7710,-79.12,-79.12
32047,180,0.3426,15.2944,-79.12,-79.12
32047,180,0.3426,15.2944,-79.12,-79.12
32056,180,0.8565,15.2944,-79.12,-79.12
32056,180,0.8565,15.2944,-79.12,-79.12
32058,180,0.8565,15.1275,-79.12,-79.12
32058,180,0.8565,15.1275,-79.12,-79.12
32067,180,5.3961,15.1275,-79.12,-79.12
32067,180,5.3961,15.1275,-79.12,-79.12
32070,180,5.3961,14.7214,-79.12,-79.12
32070,180,5.3961,14.7214,-79.12,-79.12
32078,180,-3.8544,14.7214,-79.12,-79.12
32078,180,-3.8544,14.7214,-79.12,-79.12
32082,180,-3.8544,15.1771,-79.12,-77.68
32082,180,-3.8544,15.1771,-79.12,-79.12
32089,180,0.5996,15.1771,-79.12,-79.12
32089,180,0.5996,15.1771,-79.12,-79.12
32094,180,0.5996,14.9470,-79.12,-79.12
32094,180,0.5996,14.9470,-79.12,-79.12
32100,180,-1.8844,14.9470,-79.12,-79.12
32100,180,-1.8844,14.9470,-79.12,-79.12
32106,180,-1.8844,15.6779,-79.12,-79.12
32106,180,-1.8844,15.6779,-79.12,-79.12
32111,180,-0.6852,15.6779,-79.12,-79.12
32111,180,-0.6852,15.6779,-79.12,-79.12
32118,180,-0.6852,15.3575,-79.12,-79.12
32118,180,-0.6852,15.3575,-79.12,-79.12
32122,180,-3.8544,15.3575,-79.12,-79.12
32122,180,-3.8544,15.3575,-79.12,-79.12
32129,180,-3.8544,14.8974,-79.12,-79.12
32129,180,-3.8544,14.8974,-79.12,-79.12
32133,180,-1.7987,14.8974,-79.12,-79.12
32133,180,-1.7987,14.8974,-79.12,-79.12
32141,180,-1.7987,15.5425,-79.12,-79.12
32141,180,-1.7987,15.5425,-79.12,-79.12
32144,180,-4.3683,15.5425,-79.12,-79.12
32144,180,-4.3683,15.5425,-79.12,-79.12
32153,180,-4.3683,15.0102,-79.12,-79.12
32153,180,-4.3683,15.0102,-79.12,-79.12
32155,180,-6.9379,15.0102,-79.12,-79.12
32155,180,-6.9379,15.0102,-79.12,-79.12
32165,180,-6.9379,15.0778,-79.12,-79.12
32165,180,-6.9379,15.0778,-79.12,-79.12
32166,180,-3.3405,15.0778,-79.12,-79.12
32166,180,-3.3405,15.0778,-79.12,-79.12
32176,180,-2.0557,15.0778,-79.12,-79.12
32177,180,-2.0557,15.0778,-79.12,-79.12
32177,180,-2.0557,14.4056,-79.12,-79.12
32177,180,-2.0557,14.4056,-79.12,-79.12
32187,180,4.3683,14.4056,-79.12,-79.12
32188,180,4.3683,14.4056,-79.12,-79.12
32189,180,4.3683,14.6582,-79.12,-79.12
32189,180,4.3683,14.6582,-79.12,-79.12
32198,180,-7.2805,14.6582,-79.12,-79.12
32199,180,-7.2805,14.6582,-79.12,-79.12
32200,180,-7.2805,14.9515,-79.12,-79.12
32200,180,-7.2805,14.9515,-79.12,-79.12
32209,180,-7.7088,14.9515,-79.12,-79.12
32209,180,-7.7088,14.9515,-79.12,-79.12
32212,180,-7.7088,14.0086,-79.12,-79.12
32212,180,-7.7088,14.0086,-79.12,-79.12
32220,180,-7.7088,14.0086,-79.12,-77.68
32220,180,-7.7088,14.0086,-79.12,-79.12
32224,180,-7.7088,14.5680,-79.12,-79.12
32224,180,-7.7088,14.5680,-79.12,-79.12
32231,180,-1.2848,14.5680,-79.12,-79.12
32231,180,-1.2848,14.5680,-79.12,-79.12
32236,180,-1.2848,14.4688,-79.12,-79.12
32236,180,-1.2848,14.4688,-79.12,-79.12
32242,180,-5.0535,14.4688,-79.12,-79.12
32242,180,-5.0535,14.4688,-79.12,-79.12
32248,180,-5.0535,14.6312,-79.12,-79.12
32248,180,-5.0535,14.6312,-79.12,-79.12
32253,180,-5.0535,14.6312,-79.12,-79.12
32253,180,-5.0535,14.6312,-79.12,-79.12
32260,180,-5.0535,14.7755,-79.12,-79.12
32260,180,-5.0535,14.7755,-79.12,-79.12
32264,180,0.3426,14.7755,-79.12,-79.12
32264,180,0.3426,14.7755,-79.12,-79.12
32271,180,0.3426,14.1710,-79.12,-79.12
32271,180,0.3426,14.1710,-79.12,-79.12
32275,180,-2.8266,14.1710,-79.12,-79.12
32275,180,-2.8266,14.1710,-79.12,-79.12
32283,180,-2.8266,14.8342,-79.12,-79.12
32283,180,-2.8266,14.8342,-79.12,-79.12
32286,180,1.7987,14.8342,-79.12,-79.12
32286,180,1.7987,14.8342,-79.12,-79.12
32295,180,1.7987,14.6312,-79.12,-79.12
32295,180,1.7987,14.6312,-79.12,-79.12
32297,180,0.5139,14.6312,-79.12,-79.12
32297,180,0.5139,14.6312,-79.12,-77.68
32307,180,0.5139,14.9515,-79.12,-79.12
32307,180,0.5139,14.9515,-79.12,-79.12
32308,180,1.7987,14.9515,-79.12,-79.12
32308,180,1.7987,14.9515,-79.12,-79.12
32319,180,1.7987,14.8071,-79.12,-79.12
32319,180,1.7987,14.8071,-79.12,-79.12
32319,180,-9.3362,14.8071,-79.12,-79.12
32319,180,-9.3362,14.8071,-79.12,-79.12
32330,180,-6.9379,14.8071,-79.12,-79.12
32330,180,-6.9379,14.8071,-79.12,-79.12
32331,180,-6.9379,14.7665,-79.12,-79.12
32331,180,-6.9379,14.7665,-79.12,-79.12
32341,180,-4.9679,14.7665,-79.12,-79.12
32341,180,-4.9679,14.7665,-79.12,-79.12
32342,180,-4.9679,15.3169,-79.12,-79.12
32342,180,-4.9679,15.3169,-79.12,-79.12
32352,180,-3.7687,15.3169,-79.12,-79.12
32352,180,-3.7687,15.3169,-79.12,-79.12
32354,180,-3.7687,14.7891,-79.12,-79.12
32354,180,-3.7687,14.7891,-79.12,-79.12
32363,180,-3.8544,14.7891,-79.12,-79.12
32363,180,-3.8544,14.7891,-79.12,-79.12
32366,180,-3.8544,14.7891,-79.12,-79.12
32366,180,-3.8544,14.7891,-79.12,-79.12
32374,180,-6.2527,14.7891,-79.12,-77.68
32374,180,-6.2527,14.7891,-79.12,-79.12
32378,180,-6.2527,14.7395,-77.68,-79.12
32378,180,-6.2527,14.7395,-79.12,-79.12
32385,180,-3.0835,14.7395,-79.12,-79.12
32385,180,-3.0835,14.7395,-79.12,-79.12
32390,180,-3.0835,14.9650,-79.12,-79.12
32390,180,-3.0835,14.9650,-79.12,-79.12
32396,180,-5.8244,14.9650,-79.12,-79.12
32396,180,-5.8244,14.9650,-79.12,-77.68
32402,180,-5.8244,15.5967,-79.12,-79.12
32402,180,-5.8244,15.5967,-79.12,-79.12
32407,180,2.1413,15.5967,-79.12,-79.12
32407,180,2.1413,15.5967,-79.12,-79.12
32413,180,2.1413,15.0598,-79.12,-79.12
32413,180,2.1413,15.0598,-79.12,-79.12
32418,180,0.4283,15.0598,-79.12,-79.12
32418,180,0.4283,15.0598,-79.12,-79.12
32425,180,0.4283,15.3530,-79.12,-79.12
32425,180,0.4283,15.3530,-79.12,-79.12
32429,180,3.5118,15.3530,-79.12,-79.12
32429,180,3.5118,15.3530,-79.12,-79.12
32437,180,3.5118,14.7801,-79.12,-79.12
32437,180,3.5118,14.7801,-79.12,-79.12
32440,180,0.4283,14.7801,-79.12,-79.12
32440,180,0.4283,14.7801,-77.68,-79.12
32449,180,0.4283,14.6492,-79.12,-79.12
32449,180,0.4283,14.6492,-79.12,-79.12
32451,180,8.9079,14.6492,-79.12,-79.12
32451,180,8.9079,14.6492,-79.12,-79.12
32461,180,8.9079,14.5500,-79.12,-79.12
32461,180,8.9079,14.5500,-79.12,-79.12
32462,180,2.4839,14.5500,-79.12,-79.12
32462,180,2.4839,14.5500,-79.12,-79.12
32472,180,2.4839,14.0266,-79.12,-79.12
32473,180,2.4839,14.0266,-79.12,-79.12
32473,180,6.0814,14.0266,-79.12,-79.12
32473,180,6.0814,14.0266,-79.12,-77.68
32484,180,6.0814,14.0266,-79.12,-79.12
32484,180,6.0814,14.0266,-79.12,-79.12
32484,180,6.0814,14.8613,-79.12,-79.12
32484,180,6.0814,14.8613,-79.12,-79.12
32495,180,6.0814,14.8613,-79.12,-79.12
32495,180,6.0814,14.8613,-79.12,-79.12
32496,180,6.0814,14.6763,-79.12,-79.12
32496,180,6.0814,14.6763,-79.12,-79.12
32506,180,1.7987,14.6763,-79.12,-79.12
32506,180,1.7987,14.6763,-79.12,-79.12
32508,180,1.7987,14.3244,-79.12,-79.12
32508,180,1.7987,14.3244,-79.12,-79.12
32517,180,-11.9058,14.3244,-79.12,-79.12
32517,180,-11.9058,14.3244,-79.12,-79.12
32520,180,-11.9058,14.6808,-79.12,-79.12
32520,180,-11.9058,14.6808,-79.12,-79.12
32527,180,1.1135,14.6808,-79.12,-79.12
32528,180,1.1135,14.6808,-79.12,-79.12
32532,180,1.1135,14.2883,-79.12,-77.68
32532,180,1.1135,14.2883,-79.12,-79.12
32538,180,-4.1113,14.2883,-79.12,-79.12
32539,180,-4.1113,14.2883,-79.12,-79.12
32543,180,-4.1113,14.9741,-79.12,-79.12
32544,180,-4.1113,14.9741,-79.12,-79.12
32549,180,-0.4283,14.9741,-79.12,-79.12
32550,180,-0.4283,14.9741,-79.12,-79.12
32555,180,-0.4283,14.6222,-77.68,-79.12
32555,180,-0.4283,14.6222,-79.12,-79.12
32560,180,2.7409,14.6222,-79.12,-79.12
32560,180,2.7409,14.6222,-79.12,-79.12
32567,180,2.7409,14.7169,-79.12,-79.12
32567,180,2.7409,14.7169,-79.12,-79.12
32571,180,-1.5418,14.7169,-79.12,-79.12
32571,180,-1.5418,14.7169,-79.12,-79.12
32579,180,-1.5418,15.1771,-79.12,-79.12
32579,180,-1.5418,15.1771,-79.12,-77.68
32582,180,-5.9101,15.1771,-79.12,-79.12
32582,180,-5.9101,15.1771,-79.12,-79.12
32591,180,-5.9101,14.6582,-79.12,-79.12
32591,180,-5.9101,14.6582,-79.12,-79.12
32593,180,-3.8544,14.6582,-79.12,-79.12
32593,180,-3.8544,14.6582,-79.12,-79.12
32603,180,-3.8544,14.9019,-79.12,-79.12
32603,180,-3.8544,14.9019,-79.12,-79.12
32604,180,0.4283,14.9019,-79.12,-79.12
32604,180,0.4283,14.9019,-79.12,-79.12
32614,180,0.4283,14.3695,-79.12,-79.12
32615,180,0.4283,14.3695,-79.12,-79.12
32615,180,-0.2570,14.3695,-79.12,-79.12
32615,180,-0.2570,14.3695,-79.12,-79.12
32626,180,-1.0278,14.3695,-79.12,-79.12
32626,180,-1.0278,14.8522,-79.12,-79.12
32626,180,-1.0278,14.8522,-79.12,-77.68
32637,180,-5.3961,14.8522,-79.12,-79.12
32637,180,-5.3961,14.8522,-79.12,-79.12
32638,180,-5.3961,14.8568,-79.12,-79.12
32638,180,-5.3961,14.8568,-79.12,-79.12
32648,180,-2.9122,14.8568,-79.12,-79.12
32648,180,-2.9122,14.8568,-79.12,-79.12
32650,180,-2.9122,14.7575,-79.12,-79.12
32650,180,-2.9122,14.7575,-79.12,-79.12
32659,180,-8.7366,14.7575,-79.12,-79.12
32659,180,-8.7366,14.7575,-79.12,-79.12
32662,180,-8.7366,15.2673,-79.12,-79.12
32662,180,-8.7366,15.2673,-79.12,-79.12
32670,180,-6.2527,15.2673,-79.12,-79.12
32670,180,-6.2527,15.2673,-79.12,-79.12
32674,180,-6.2527,14.8974,-79.12,-79.12
32674,180,-6.2527,14.8974,-79.12,-79.12
32681,180,-2.0557,14.8974,-79.12,-79.12
32681,180,-2.0557,14.8974,-79.12,-79.12
32685,180,-2.0557,14.7755,-79.12,-79.12
32685,180,-2.0557,14.7755,-79.12,-79.12
32692,180,-1.0278,14.7755,-79.12,-79.12
32692,180,-1.0278,14.7755,-79.12,-79.12
32697,180,-1.0278,14.6988,-79.12,-79.12
32697,180,-1.0278,14.6988,-79.12,-79.12
32703,180,-3.2548,14.6988,-79.12,-79.12
32703,180,-3.2548,14.6988,-79.12,-79.12
32709,180,-3.2548,14.8793,-79.12,-79.12
32709,180,-3.2548,14.8793,-79.12,-79.12
32714,180,-7.2805,14.8793,-79.12,-79.12
32714,180,-7.2805,14.8793,-79.12,-79.12
32721,180,-7.2805,15.0011,-79.12,-79.12
32721,180,-7.2805,15.0011,-79.12,-79.12
32725,180,6.3383,15.0011,-79.12,-79.12
32725,180,6.3383,15.0011,-79.12,-79.12
32733,180,6.3383,14.5815,-79.12,-79.12
32733,180,6.3383,14.5815,-79.12,-79.12
32736,180,3.5118,14.5815,-79.12,-79.12
32736,180,3.5118,14.5815,-79.12,-79.12
32745,180,3.5118,15.1004,-79.12,-79.12
32745,180,3.5118,15.1004,-79.12,-79.12
32747,180,-5.6531,15.1004,-79.12,-79.12
32747,180,-5.6531,15.1004,-79.12,-79.12
32756,180,-5.6531,14.6808,-79.12,-79.12
32756,180,-5.6531,14.6808,-79.12,-79.12
32758,180,-0.2570,14.6808,-79.12,-79.12
32758,180,-0.2570,14.6808,-79.12,-79.12
32768,180,-0.2570,14.8297,-79.12,-79.12
32768,180,-0.2570,14.8297,-79.12,-79.12
32769,180,12.3340,14.8297,-79.12,-79.12
32769,180,12.3340,14.8297,-79.12,-79.12
32780,180,6.7666,14.8297,-79.12,-79.12
32780,180,6.7666,14.8297,-79.12,-79.12
32780,180,6.7666,15.1816,-79.12,-79.12
32780,180,6.7666,15.1816,-79.12,-79.12
32791,180,0.0857,15.1816,-79.12,-79.12
32791,180,0.0857,15.1816,-79.12,-79.12
32792,180,0.0857,14.6628,-79.12,-79.12
32792,180,0.0857,14.6628,-79.12,-79.12
32802,180,-4.3683,14.6628,-79.12,-79.12
32802,180,-4.3683,14.6628,-79.12,-79.12
32804,180,-4.3683,15.1049,-79.12,-79.12
32804,180,-4.3683,15.1049,-79.12,-79.12
32813,180,-8.5653,15.1049,-79.12,-79.12
32813,180,-8.5653,15.1049,-79.12,-79.12
32816,180,-8.5653,14.6943,-79.12,-79.12
32816,180,-8.5653,14.6943,-79.12,-79.12
32824,180,2.6552,14.6943,-79.12,-79.12
32824,180,2.6552,14.6943,-79.12,-79.12
32827,180,2.6552,14.8071,-79.12,-79.12
32827,180,2.6552,14.8071,-79.12,-79.12
32835,180,6.0814,14.8071,-79.12,-79.12
32835,180,6.0814,14.8071,-79.12,-79.12
32839,180,6.0814,15.3260,-79.12,-79.12
32839,180,6.0814,15.3260,-79.12,-79.12
32846,180,8.1370,15.3260,-79.12,-79.12
32846,180,8.1370,15.3260,-79.12,-79.12
32851,180,8.1370,14.7981,-79.12,-79.12
32851,180,8.1370,14.7981,-79.12,-79.12
32857,180,2.8266,14.7981,-79.12,-79.12
32857,180,2.8266,14.7981,-79.12,-79.12
32863,180,2.8266,15.2222,-79.12,-79.12
32863,180,2.8266,15.2222,-79.12,-79.12
32868,180,8.9936,15.2222,-79.12,-79.12
32868,180,8.9936,15.2222,-79.12,-79.12
32875,180,8.9936,14.7349,-77.68,-79.12
32875,180,8.9936,14.7349,-79.12,-79.12
32879,180,1.9700,14.7349,-79.12,-79.12
32879,180,1.9700,14.7349,-79.12,-77.68
32887,180,1.9700,15.1320,-79.12,-79.12
32887,180,1.9700,15.1320,-79.12,-79.12
32889,180,-6.5096,15.1320,-79.12,-79.12
32890,180,-6.5096,15.1320,-79.12,-79.12
32898,180,-6.5096,15.0462,-79.12,-79.12
32898,180,-6.5096,15.0462,-79.12,-79.12
32900,180,-5.6531,15.0462,-79.12,-79.12
32901,180,-5.6531,15.0462,-79.12,-79.12
32910,180,-5.6531,14.6402,-79.12,-79.12
32910,180,-5.6531,14.6402,-79.12,-79.12
32911,180,-2.0557,14.6402,-79.12,-79.12
32912,180,-2.0557,14.6402,-79.12,-79.12
32922,180,-2.0557,14.9831,-79.12,-79.12
32922,180,-2.0557,14.9831,-79.12,-79.12
32922,180,-2.5696,14.9831,-79.12,-79.12
32922,180,-2.5696,14.9831,-79.12,-79.12
32933,180,-4.6253,14.9831,-79.12,-79.12
32933,180,-4.6253,14.9831,-79.12,-79.12
32934,180,-4.6253,13.9544,-79.12,-79.12
32934,180,-4.6253,13.9544,-79.12,-79.12
32944,180,-6.5096,13.9544,-79.12,-79.12
32944,180,-6.5096,13.9544,-79.12,-79.12
32946,180,-6.5096,14.5725,-79.12,-79.12
32946,180,-6.5096,14.5725,-79.12,-79.12
32955,180,-4.3683,14.5725,-79.12,-77.68
32955,180,-4.3683,14.5725,-79.12,-79.12
32958,180,-4.3683,14.9695,-79.12,-79.12
32958,180,-4.3683,14.9695,-79.12,-79.12
32966,180,-3.5118,14.9695,-79.12,-79.12
32966,180,-3.5118,14.9695,-79.12,-79.12
32969,180,-3.5118,14.7304,-79.12,-79.12
32969,180,-3.5118,14.7304,-79.12,-79.12
32977,180,-9.3362,14.7304,-79.12,-79.12
32977,180,-9.3362,14.7304,-79.12,-79.12
32981,180,-9.3362,14.6267,-79.12,-79.12
32981,180,-9.3362,14.6267,-79.12,-79.12
32988,180,-0.0857,14.6267,-79.12,-79.12
32988,180,-0.0857,14.6267,-79.12,-79.12
32993,180,-0.0857,13.9995,-79.12,-79.12
32993,180,-0.0857,13.9995,-79.12,-79.12
32999,180,-1.6274,13.9995,-79.12,-79.12
32999,180,-1.6274,13.9995,-79.12,-79.12
33005,180,-1.6274,14.7440,-79.12,-79.12
33005,180,-1.6274,14.7440,-79.12,-79.12
33010,180,-1.9700,14.7440,-79.12,-79.12
33010,180,-1.9700,14.7440,-79.12,-79.12
33017,180,-1.9700,14.5274,-79.12,-79.12
33017,180,-1.9700,14.5274,-79.12,-79.12
33021,180,-2.5696,14.5274,-79.12,-79.12
33021,180,-2.5696,14.5274,-79.12,-79.12
33028,180,-2.5696,14.6312,-79.12,-79.12
33029,180,-2.5696,14.6312,-79.12,-79.12
33032,180,-0.5996,14.6312,-79.12,-79.12
33032,180,-0.5996,14.6312,-79.12,-79.12
33040,180,-0.5996,14.8838,-79.12,-79.12
33040,180,-0.5996,14.8838,-79.12,-79.12
33043,180,-4.9679,14.8838,-79.12,-79.12
33043,180,-4.9679,14.8838,-79.12,-79.12
33052,180,-4.9679,14.8568,-79.12,-79.12
33052,180,-4.9679,14.8568,-79.12,-79.12
33054,180,-5.9957,14.8568,-79.12,-79.12
33054,180,-5.9957,14.8568,-79.12,-79.12
33064,180,-5.9957,15.4568,-79.12,-79.12
33064,180,-5.9957,15.4568,-79.12,-79.12
33065,180,-2.7409,15.4568,-79.12,-79.12
33065,180,-2.7409,15.4568,-79.12,-79.12
33076,180,-2.7409,14.7485,-79.12,-79.12
33076,180,-2.7409,14.7485,-79.12,-79.12
33076,180,-6.0814,14.7485,-79.12,-79.12
33076,180,-6.0814,14.7485,-79.12,-79.12
33087,180,3.7687,14.7485,-79.12,-79.12
33087,180,3.7687,14.7485,-79.12,-79.12
33088,180,3.7687,14.8748,-79.12,-79.12
33088,180,3.7687,14.8748,-79.12,-79.12
33098,180,-11.1349,14.8748,-79.12,-79.12
33098,180,-11.1349,14.8748,-79.12,-79.12
33099,180,-11.1349,14.7304,-79.12,-79.12
33100,180,-11.1349,14.7304,-79.12,-79.12
33109,180,-12.0771,14.7304,-79.12,-79.12
33109,180,-12.0771,14.7304,-79.12,-79.12
33111,180,-12.0771,14.1665,-79.12,-79.12
33111,180,-12.0771,14.1665,-79.12,-79.12
33120,180,-7.1949,14.1665,-79.12,-79.12
33120,180,-7.1949,14.1665,-79.12,-79.12
33123,180,-7.1949,15.1545,-79.12,-79.12
33123,180,-7.1949,15.1545,-79.12,-79.12
33131,180,4.3683,15.1545,-79.12,-79.12
33131,180,4.3683,15.1545,-79.12,-79.12
33135,180,4.3683,14.8116,-79.12,-79.12
33135,180,4.3683,14.8116,-79.12,-79.12
33142,180,2.5696,14.8116,-79.12,-79.12
33142,180,2.5696,14.8116,-79.12,-79.12
33147,180,2.5696,14.9199,-79.12,-79.12
33147,180,2.5696,14.9199,-79.12,-79.12
33153,180,1.3704,14.9199,-79.12,-79.12
33153,180,1.3704,14.9199,-79.12,-79.12
33159,180,1.3704,14.7981,-79.12,-79.12
33159,180,1.3704,14.7981,-79.12,-79.12
33164,180,-0.5139,14.7981,-79.12,-79.12
33164,180,-0.5139,14.7981,-79.12,-79.12
33170,180,-0.5139,14.2702,-79.12,-79.12
33171,180,-0.5139,14.2702,-79.12,-79.12
33175,180,3.5974,14.2702,-79.12,-79.12
33175,180,3.5974,14.2702,-79.12,-79.12
33182,180,3.5974,14.9876,-79.12,-79.12
33182,180,3.5974,14.9876,-79.12,-79.12
33186,180,-0.3426,14.9876,-79.12,-79.12
33186,180,-0.3426,14.9876,-79.12,-79.12
33194,180,-0.3426,14.7034,-79.12,-79.12
33194,180,-0.3426,14.7034,-79.12,-79.12
33197,180,-5.8244,14.7034,-79.12,-79.12
33197,180,-5.8244,14.7034,-79.12,-79.12
33206,180,-5.8244,15.2673,-79.12,-79.12
33206,180,-5.8244,15.2673,-79.12,-79.12
33208,180,4.2827,15.2673,-79.12,-79.12
33208,180,4.2827,15.2673,-79.12,-79.12
33218,180,4.2827,15.0011,-79.12,-79.12
33218,180,4.2827,15.0011,-79.12,-79.12
33219,180,-2.2270,15.0011,-79.12,-79.12
33219,180,-2.2270,15.0011,-79.12,-79.12
33230,180,-4.2827,14.5680,-79.12,-79.12
33230,180,-4.2827,14.5680,-79.12,-79.12
33241,180,-1.8844,14.5680,-79.12,-79.12
33241,180,-1.8844,14.5680,-79.12,-77.68
33241,180,-1.8844,14.8252,-79.12,-79.12
33242,180,-1.8844,14.8252,-79.12,-79.12
33252,180,9.8501,14.8252,-79.12,-79.12
33252,180,9.8501,14.8252,-79.12,-79.12
33253,180,9.8501,14.3018,-79.12,-79.12
33253,180,9.8501,14.3018,-79.12,-79.12
33263,180,8.7366,14.3018,-79.12,-79.12
33263,180,8.7366,14.3018,-79.12,-79.12
33265,180,8.7366,14.6402,-79.12,-79.12
33265,180,8.7366,14.6402,-79.12,-79.12
33274,180,-0.6852,14.6402,-79.12,-79.12
33274,180,-0.6852,14.6402,-79.12,-79.12
33277,180,-0.6852,14.3424,-79.12,-79.12
33277,180,-0.6852,14.3424,-79.12,-79.12
33284,180,-3.0835,14.3424,-79.12,-79.12
33285,180,-3.0835,14.3424,-79.12,-79.12
33289,180,-3.0835,14.2116,-79.12,-79.12
33289,180,-3.0835,14.2116,-79.12,-79.12
33295,180,-6.0814,14.2116,-79.12,-79.12
33296,180,-6.0814,14.2116,-79.12,-79.12
33301,180,-6.0814,14.7169,-79.12,-79.12
33301,180,-6.0814,14.7169,-79.12,-79.12
33306,180,2.8266,14.7169,-79.12,-79.12
33307,180,2.8266,14.7169,-79.12,-79.12
33312,180,2.8266,14.4913,-79.12,-79.12
33313,180,2.8266,14.4913,-79.12,-79.12
33317,180,0.9422,14.4913,-79.12,-77.68
33318,180,0.9422,14.4913,-79.12,-79.12
33324,180,0.9422,15.1139,-79.12,-79.12
33324,180,0.9422,15.1139,-79.12,-79.12
33328,180,3.7687,15.1139,-77.68,-79.12
33328,180,3.7687,15.1139,-79.12,-79.12
33336,180,3.7687,15.1275,-79.12,-79.12
33336,180,3.7687,15.1275,-79.12,-79.12
33339,180,-1.7987,15.1275,-79.12,-79.12
33339,180,-1.7987,15.1275,-79.12,-79.12
33348,180,-1.7987,15.1004,-79.12,-79.12
33348,180,-1.7987,15.1004,-79.12,-79.12
33350,180,7.7944,15.1004,-79.12,-79.12
33350,180,7.7944,15.1004,-79.12,-79.12
33360,180,7.7944,15.0462,-79.12,-79.12
33360,180,7.7944,15.0462,-79.12,-77.68
33361,180,8.4797,15.0462,-79.12,-79.12
33361,180,8.4797,15.0462,-79.12,-79.12
33372,180,8.4797,14.4462,-79.12,-79.12
33372,180,8.4797,14.4462,-79.12,-79.12
33372,180,8.1370,14.4462,-79.12,-79.12
33372,180,8.1370,14.4462,-79.12,-79.12
33383,180,4.4540,14.4462,-79.12,-79.12
33383,180,4.4540,14.4462,-79.12,-79.12
33383,180,4.4540,14.8883,-79.12,-79.12
33383,180,4.4540,14.8883,-79.12,-79.12
33394,180,-3.2548,14.8883,-79.12,-79.12
33394,180,-3.2548,14.8883,-77.68,-79.12
33395,180,-3.2548,14.2838,-79.12,-79.12
33395,180,-3.2548,14.2838,-79.12,-77.68
33405,180,-1.4561,14.2838,-79.12,-79.12
33405,180,-1.4561,14.2838,-79.12,-79.12
33407,180,-1.4561,14.8522,-79.12,-79.12
33407,180,-1.4561,14.8522,-79.12,-79.12
33416,180,-5.1392,14.8522,-79.12,-79.12
33416,180,-5.1392,14.8522,-79.12,-79.12
33419,180,-5.1392,15.3440,-79.12,-79.12
33419,180,-5.1392,15.3440,-79.12,-79.12
33427,180,6.3383,15.3440,-79.12,-79.12
33427,180,6.3383,15.3440,-77.68,-79.12
33431,180,6.3383,14.7395,-77.68,-79.12
33431,180,6.3383,14.7395,-79.12,-79.12
33438,180,3.5118,14.7395,-79.12,-79.12
33438,180,3.5118,14.7395,-79.12,-79.12
33443,180,3.5118,15.6057,-79.12,-79.12
33443,180,3.5118,15.6057,-79.12,-79.12
33449,180,0.5139,15.6057,-79.12,-79.12
33449,180,0.5139,15.6057,-79.12,-79.12
33454,180,0.5139,14.8432,-79.12,-79.12
33454,180,0.5139,14.8432,-79.12,-79.12
33460,180,0.5996,14.8432,-79.12,-79.12
33460,180,0.5996,14.8432,-79.12,-79.12
33466,180,0.5996,15.1590,-77.68,-79.12
33466,180,0.5996,15.1590,-79.12,-77.68
33471,180,3.9400,15.1590,-79.12,-79.12
33471,180,3.9400,15.1590,-79.12,-79.12
33478,180,3.9400,15.2944,-79.12,-79.12
33478,180,3.9400,15.2944,-79.12,-79.12
33482,180,2.2270,15.2944,-79.12,-79.12
33482,180,2.2270,15.2944,-79.12,-79.12
33490,180,2.2270,14.9695,-79.12,-77.68
33490,180,2.2270,14.9695,-79.12,-79.12
33493,180,6.1670,14.9695,-79.12,-79.12
33493,180,6.1670,14.9695,-79.12,-79.12
33502,180,6.1670,15.1275,-79.12,-79.12
33502,180,6.1670,15.1275,-79.12,-79.12
33504,180,0.4283,15.1275,-79.12,-79.12
33504,180,0.4283,15.1275,-79.12,-77.68
33514,180,0.4283,14.2883,-79.12,-79.12
33514,180,0.4283,14.2883,-79.12,-79.12
33515,180,-7.1092,14.2883,-79.12,-79.12
33515,180,-7.1092,14.2883,-79.12,-79.12
33525,180,-7.1092,15.1139,-79.12,-79.12
33525,180,-7.1092,15.1139,-79.12,-79.12
33526,180,2.7409,15.1139,-79.12,-79.12
33526,180,2.7409,15.1139,-79.12,-79.12
33537,180,-3.9400,15.1139,-79.12,-79.12
33537,180,-3.9400,15.1139,-79.12,-79.12
33537,180,-3.9400,15.2132,-79.12,-79.12
33537,180,-3.9400,15.2132,-79.12,-79.12
33548,180,1.0278,15.2132,-79.12,-79.12
33548,180,1.0278,15.2132,-79.12,-79.12
33549,180,1.0278,14.7936,-79.12,-79.12
33549,180,1.0278,14.7936,-79.12,-79.12
33559,180,-6.7666,14.7936,-79.12,-79.12
33559,180,-6.7666,14.7936,-79.12,-79.12
33561,180,-6.7666,15.0147,-79.12,-79.12
33561,180,-6.7666,15.0147,-79.12,-79.12
33570,180,-1.7131,15.0147,-79.12,-79.12
33570,180,-1.7131,15.0147,-79.12,-79.12
33573,180,-1.7131,14.6988,-79.12,-79.12
33573,180,-1.7131,14.6988,-79.12,-79.12
33581,180,0.0857,14.6988,-79.12,-77.68
33581,180,0.0857,14.6988,-79.12,-79.12
33585,180,0.0857,15.1184,-79.12,-79.12
33585,180,0.0857,15.1184,-79.12,-79.12
33592,180,3.8544,15.1184,-79.12,-79.12
33592,180,3.8544,15.1184,-79.12,-79.12
33596,180,3.8544,14.6988,-79.12,-79.12
33596,180,3.8544,14.6988,-79.12,-79.12
33603,180,11.1349,14.6988,-79.12,-79.12
33603,180,11.1349,14.6988,-79.12,-79.12
33608,180,11.1349,14.5906,-79.12,-79.12
33608,180,11.1349,14.5906,-79.12,-79.12
33614,180,-2.1413,14.5906,-79.12,-79.12
33614,180,-2.1413,14.5906,-79.12,-79.12
33620,180,-2.1413,15.2177,-79.12,-79.12
33620,180,-2.1413,15.2177,-79.12,-79.12
33625,180,-3.0835,15.2177,-79.12,-79.12
33625,180,-3.0835,15.2177,-79.12,-79.12
33632,180,-3.0835,14.6041,-79.12,-79.12
33632,180,-3.0835,14.6041,-79.12,-79.12
33636,180,0.5139,14.6041,-79.12,-79.12
33636,180,0.5139,14.6041,-79.12,-77.68
33644,180,0.5139,14.5364,-79.12,-79.12
33644,180,0.5139,14.5364,-79.12,-79.12
33647,180,-0.8565,14.5364,-79.12,-79.12
33647,180,-0.8565,14.5364,-79.12,-79.12
33656,180,-0.8565,14.3921,-79.12,-79.12
33656,180,-0.8565,14.3921,-79.12,-79.12
33658,180,-10.1927,14.3921,-79.12,-79.12
33658,180,-10.1927,14.3921,-79.12,-77.68
33667,180,-10.1927,15.1049,-79.12,-79.12
33667,180,-10.1927,15.1049,-79.12,-79.12
33669,180,-3.1692,15.1049,-79.12,-79.12
33669,180,-3.1692,15.1049,-79.12,-79.12
33679,180,-3.1692,15.2177,-79.12,-79.12
33679,180,-3.1692,15.2177,-79.12,-79.12
33680,180,-4.4540,15.2177,-77.68,-79.12
33680,180,-4.4540,15.2177,-79.12,-77.68
33691,180,3.5974,15.2177,-79.12,-79.12
33691,180,3.5974,15.2177,-79.12,-79.12
33691,180,3.5974,14.8974,-79.12,-79.12
33691,180,3.5974,14.8974,-79.12,-79.12
33702,180,2.8266,14.8974,-79.12,-77.68
33702,180,2.8266,14.8974,-79.12,-79.12
33703,180,2.8266,15.1771,-79.12,-79.12
33703,180,2.8266,15.1771,-79.12,-79.12
33713,180,1.4561,15.1771,-79.12,-79.12
33713,180,1.4561,15.1771,-79.12,-79.12
33715,180,1.4561,14.7755,-79.12,-79.12
33715,180,1.4561,14.7755,-79.12,-79.12
33724,180,-0.9422,14.7755,-79.12,-79.12
33724,180,-0.9422,14.7755,-79.12,-79.12
33727,180,-0.9422,15.4748,-79.12,-79.12
33727,180,-0.9422,15.4748,-79.12,-79.12
33735,180,2.1413,15.4748,-79.12,-79.12
33735,180,2.1413,15.4748,-79.12,-79.12
33738,180,2.1413,15.2899,-77.68,-79.12
33738,180,2.1413,15.2899,-79.12,-79.12
33745,180,1.0278,15.2899,-79.12,-79.12
33746,180,1.0278,15.2899,-79.12,-77.68
33750,180,1.0278,14.6582,-79.12,-79.12
33750,180,1.0278,14.6582,-79.12,-79.12
33756,180,-4.1970,14.6582,-79.12,-79.12
33757,180,-4.1970,14.6582,-79.12,-79.12
33762,180,-4.1970,14.9560,-79.12,-79.12
33762,180,-4.1970,14.9560,-79.12,-79.12
33767,180,-1.5418,14.9560,-79.12,-79.12
33768,180,-1.5418,14.9560,-79.12,-79.12
33774,180,-1.5418,14.5003,-79.12,-79.12
33774,180,-1.5418,14.5003,-79.12,-79.12
33778,180,-5.8244,14.5003,-79.12,-79.12
33778,180,-5.8244,14.5003,-79.12,-79.12
33786,180,-5.8244,15.1816,-79.12,-79.12
33786,180,-5.8244,15.1816,-79.12,-79.12
33789,180,-0.6852,15.1816,-79.12,-79.12
33789,180,-0.6852,15.1816,-77.68,-79.12
33798,180,-0.6852,15.1681,-79.12,-79.12
33798,180,-0.6852,15.1681,-79.12,-79.12
33800,180,-3.8544,15.1681,-79.12,-79.12
33800,180,-3.8544,15.1681,-79.12,-79.12
33809,180,-3.8544,14.5500,-79.12,-79.12
33809,180,-3.8544,14.5500,-79.12,-79.12
33811,180,-7.2805,14.5500,-79.12,-79.12
33811,180,-7.2805,14.5500,-79.12,-79.12
33821,180,-7.2805,14.7710,-79.12,-79.12
33821,180,-7.2805,14.7710,-79.12,-79.12
33822,180,-2.2270,14.7710,-79.12,-79.12
33822,180,-2.2270,14.7710,-79.12,-79.12
33833,180,-2.2270,14.1845,-79.12,-79.12
33833,180,-2.2270,14.1845,-79.12,-79.12
33833,180,5.8244,14.1845,-79.12,-79.12
33833,180,5.8244,14.1845,-79.12,-79.12
33844,180,4.9679,14.1845,-79.12,-79.12
33844,180,4.9679,14.1845,-79.12,-79.12
33845,180,4.9679,14.6628,-79.12,-79.12
33845,180,4.9679,14.6628,-79.12,-79.12
33855,180,-2.0557,14.6628,-79.12,-79.12
33855,180,-2.0557,14.6628,-79.12,-79.12
33857,180,-2.0557,14.2883,-79.12,-79.12
33857,180,-2.0557,14.2883,-79.12,-79.12
33866,180,0.0857,14.2883,-79.12,-79.12
33866,180,0.0857,14.2883,-79.12,-79.12
33869,180,0.0857,14.3154,-79.12,-79.12
33869,180,0.0857,14.3154,-79.12,-77.68
33877,180,2.8266,14.3154,-79.12,-79.12
33877,180,2.8266,14.3154,-79.12,-79.12
33880,180,2.8266,14.5545,-79.12,-79.12
33880,180,2.8266,14.5545,-79.12,-79.12
33888,180,0.3426,14.5545,-79.12,-79.12
33888,180,0.3426,14.5545,-79.12,-79.12
33892,180,0.3426,14.1935,-79.12,-79.12
33892,180,0.3426,14.1935,-79.12,-79.12
33899,180,-7.1092,14.1935,-79.12,-79.12
33899,180,-7.1092,14.1935,-79.12,-79.12
33904,180,-7.1092,15.1726,-79.12,-79.12
33904,180,-7.1092,15.1726,-79.12,-79.12
33910,180,4.5396,15.1726,-79.12,-79.12
33910,180,4.5396,15.1726,-77.68,-79.12
33916,180,4.5396,14.3289,-79.12,-79.12
33916,180,4.5396,14.3289,-79.12,-79.12
33921,180,-4.0257,14.3289,-79.12,-79.12
33921,180,-4.0257,14.3289,-79.12,-79.12
33928,180,-4.0257,13.9995,-79.12,-79.12
33928,180,-4.0257,13.9995,-79.12,-79.12
33932,180,-5.5675,13.9995,-79.12,-79.12
33932,180,-5.5675,13.9995,-79.12,-79.12
33939,180,-5.5675,14.8568,-79.12,-79.12
33940,180,-5.5675,14.8568,-79.12,-79.12
33943,180,-3.9400,14.8568,-79.12,-79.12
33943,180,-3.9400,14.8568,-79.12,-79.12
33951,180,-3.9400,14.4958,-79.12,-79.12
33951,180,-3.9400,14.4958,-79.12,-79.12
33954,180,-0.1713,14.4958,-79.12,-79.12
33954,180,-0.1713,14.4958,-79.12,-77.68
33963,180,-0.1713,14.9695,-79.12,-79.12
33963,180,-0.1713,14.9695,-79.12,-79.12
33965,180,1.8844,14.9695,-79.12,-79.12
33965,180,1.8844,14.9695,-79.12,-79.12
33975,180,1.8844,14.5409,-79.12,-79.12
33975,180,1.8844,14.5409,-79.12,-79.12
33976,180,-7.9657,14.5409,-79.12,-79.12
33976,180,-7.9657,14.5409,-79.12,-79.12
33987,180,-7.9657,14.8162,-79.12,-79.12
33987,180,-7.9657,14.8162,-79.12,-79.12
33987,180,5.8244,14.8162,-79.12,-79.12
33987,180,5.8244,14.8162,-79.12,-79.12
33998,180,3.2548,14.8162,-79.12,-79.12
33998,180,3.2548,14.8162,-79.12,-79.12
33999,180,3.2548,14.8207,-79.12,-79.12
33999,180,3.2548,14.8207,-79.12,-79.12
34009,180,2.5696,14.8207,-79.12,-79.12
34009,180,2.5696,14.8207,-79.12,-79.12
34010,180,2.5696,14.6718,-79.12,-79.12
34011,180,2.5696,14.6718,-79.12,-79.12
34020,180,-4.1113,14.6718,-79.12,-79.12
34020,180,-4.1113,14.6718,-79.12,-77.68
34022,180,-4.1113,14.8297,-79.12,-79.12
34022,180,-4.1113,14.8297,-79.12,-77.68
34031,180,0.3426,14.8297,-79.12,-79.12
34031,180,0.3426,14.8297,-79.12,-79.12
34034,180,0.3426,14.3154,-79.12,-79.12
34034,180,0.3426,14.3154,-79.12,-79.12
34042,180,4.5396,14.3154,-79.12,-79.12
34042,180,4.5396,14.3154,-79.12,-79.12
34046,180,4.5396,14.9199,-79.12,-79.12
34046,180,4.5396,14.9199,-79.12,-79.12
34053,180,5.7388,14.9199,-79.12,-79.12
34053,180,5.7388,14.9199,-79.12,-79.12
34058,180,5.7388,14.8026,-79.12,-79.12
34058,180,5.7388,14.8026,-79.12,-79.12
34064,180,-0.0857,14.8026,-79.12,-79.12
34064,180,-0.0857,14.8026,-79.12,-79.12
34070,180,-0.0857,14.5590,-79.12,-79.12
34070,180,-0.0857,14.5590,-79.12,-79.12
34075,180,-4.2827,14.5590,-79.12,-79.12
34075,180,-4.2827,14.5590,-79.12,-79.12
34081,180,-4.2827,15.1410,-79.12,-79.12
34082,180,-4.2827,15.1410,-79.12,-79.12
34086,180,-1.0278,15.1410,-79.12,-79.12
34086,180,-1.0278,15.1410,-79.12,-79.12
34093,180,-1.0278,14.3289,-79.12,-79.12
34093,180,-1.0278,14.3289,-77.68,-79.12
34097,180,-2.2270,14.3289,-79.12,-79.12
34097,180,-2.2270,14.3289,-79.12,-79.12
34105,180,-2.2270,14.8477,-79.12,-79.12
34105,180,-2.2270,14.8477,-79.12,-79.12
34108,180,8.7366,14.8477,-79.12,-79.12
34108,180,8.7366,14.8477,-79.12,-79.12
34117,180,8.7366,14.1845,-79.12,-79.12
34117,180,8.7366,14.1845,-79.12,-79.12
34119,180,6.2527,14.1845,-79.12,-79.12
34119,180,6.2527,14.1845,-79.12,-79.12
34129,180,6.2527,13.9905,-79.12,-79.12
34129,180,6.2527,13.9905,-79.12,-79.12
34130,180,5.7388,13.9905,-79.12,-79.12
34130,180,5.7388,13.9905,-77.68,-79.12
34141,180,4.6253,13.9905,-79.12,-79.12
34141,180,4.6253,14.8387,-79.12,-79.12
34141,180,4.6253,14.8387,-79.12,-79.12
34152,180,5.0535,14.8387,-79.12,-79.12
34152,180,5.0535,14.8387,-79.12,-79.12
34152,180,5.0535,14.2206,-79.12,-79.12
34153,180,5.0535,14.2206,-79.12,-79.12
34163,180,3.7687,14.2206,-79.12,-79.12
34163,180,3.7687,14.2206,-79.12,-79.12
34164,180,3.7687,14.8297,-79.12,-79.12
34164,180,3.7687,14.8297,-79.12,-79.12
34174,180,4.8822,14.8297,-79.12,-79.12
34174,180,4.8822,14.8297,-79.12,-79.12
34176,180,4.8822,14.4507,-79.12,-79.12
34176,180,4.8822,14.4507,-79.12,-79.12
34184,180,4.1970,14.4507,-79.12,-79.12
34185,180,4.1970,14.4507,-79.12,-79.12
34188,180,4.1970,14.7575,-79.12,-79.12
34188,180,4.1970,14.7575,-79.12,-79.12
34195,180,1.9700,14.7575,-79.12,-79.12
34196,180,1.9700,14.7575,-79.12,-79.12
34200,180,1.9700,14.7710,-79.12,-79.12
34200,180,1.9700,14.7710,-79.12,-79.12
34206,180,6.5953,14.7710,-79.12,-79.12
34207,180,6.5953,14.7710,-79.12,-79.12
34212,180,6.5953,14.2477,-79.12,-79.12
34212,180,6.5953,14.2477,-79.12,-79.12
34217,180,6.3383,14.2477,-79.12,-79.12
34218,180,6.3383,14.2477,-79.12,-79.12
34223,180,6.3383,15.1726,-79.12,-79.12
34223,180,6.3383,15.1726,-79.12,-79.12
34228,180,5.8244,15.1726,-79.12,-79.12
34228,180,5.8244,15.1726,-79.12,-79.12
34235,180,5.8244,14.5500,-79.12,-79.12
34235,180,5.8244,14.5500,-79.12,-79.12
34239,180,1.9700,14.5500,-79.12,-79.12
34239,180,1.9700,14.5500,-79.12,-79.12
34247,180,1.9700,14.6357,-79.12,-79.12
34247,180,1.9700,14.6357,-79.12,-79.12
34250,180,6.1670,14.6357,-79.12,-79.12
34250,180,6.1670,14.6357,-79.12,-79.12
34259,180,6.1670,14.8658,-79.12,-79.12
34259,180,6.1670,14.8658,-79.12,-79.12
34261,180,1.5418,14.8658,-79.12,-79.12
34261,180,1.5418,14.8658,-79.12,-79.12
34271,180,1.5418,14.1890,-79.12,-79.12
34271,180,1.5418,14.1890,-79.12,-79.12
34272,180,1.1991,14.1890,-79.12,-79.12
34272,180,1.1991,14.1890,-79.12,-79.12
34283,180,1.1991,14.6537,-79.12,-79.12
34283,180,1.1991,14.6537,-79.12,-79.12
34283,180,1.1135,14.6537,-79.12,-79.12
34283,180,1.1135,14.6537,-79.12,-79.12
34294,180,-6.0814,14.6537,-79.12,-79.12
34294,180,-6.0814,14.6537,-79.12,-77.68
34294,180,-6.0814,14.4282,-79.12,-79.12
34294,180,-6.0814,14.4282,-79.12,-79.12
34305,180,-2.9979,14.4282,-79.12,-77.68
34305,180,-2.9979,14.4282,-79.12,-79.12
34306,180,-2.9979,15.1726,-77.68,-79.12
34306,180,-2.9979,15.1726,-79.12,-77.68
34316,180,-4.0257,15.1726,-79.12,-79.12
34316,180,-4.0257,15.1726,-79.12,-79.12
34318,180,-4.0257,15.2808,-79.12,-79.12
34318,180,-4.0257,15.2808,-79.12,-79.12
34327,180,4.7109,15.2808,-79.12,-79.12
34327,180,4.7109,15.2808,-79.12,-79.12
34330,180,4.7109,15.1094,-79.12,-79.12
34330,180,4.7109,15.1094,-79.12,-79.12
34338,180,7.7088,15.1094,-79.12,-79.12
34338,180,7.7088,15.1094,-79.12,-79.12
34342,180,7.7088,15.5200,-79.12,-79.12
34342,180,7.7088,15.5200,-79.12,-79.12
34349,180,1.1135,15.5200,-79.12,-79.12
34349,180,1.1135,15.5200,-79.12,-79.12
34354,180,1.1135,14.4011,-79.12,-79.12
34354,180,1.1135,14.4011,-79.12,-77.68
34360,180,-3.7687,14.4011,-79.12,-77.68
34360,180,-3.7687,14.4011,-79.12,-79.12
34365,180,-3.7687,14.4327,-79.12,-79.12
34365,180,-3.7687,14.4327,-79.12,-79.12
34371,180,-0.1713,14.4327,-79.12,-79.12
34371,180,-0.1713,14.4327,-79.12,-79.12
34377,180,-0.1713,14.2026,-79.12,-79.12
34377,180,-0.1713,14.2026,-79.12,-79.12
34382,180,-3.0835,14.2026,-79.12,-79.12
34382,180,-3.0835,14.2026,-79.12,-79.12
34389,180,-3.0835,13.9364,-79.12,-79.12
34389,180,-3.0835,13.9364,-79.12,-79.12
34393,180,4.2827,13.9364,-77.68,-79.12
34393,180,4.2827,13.9364,-79.12,-79.12
34401,180,4.2827,14.3560,-79.12,-79.12
34401,180,4.2827,14.3560,-79.12,-79.12
34404,180,3.8544,14.3560,-79.12,-79.12
34404,180,3.8544,14.3560,-79.12,-79.12
34413,180,3.8544,13.7424,-79.12,-79.12
34413,180,3.8544,13.7424,-79.12,-79.12
34415,180,-3.9400,13.7424,-79.12,-79.12
34415,180,-3.9400,13.7424,-79.12,-79.12
34425,180,-3.9400,14.5815,-79.12,-79.12
34425,180,-3.9400,14.5815,-79.12,-79.12
34426,180,9.3362,14.5815,-79.12,-79.12
34426,180,9.3362,14.5815,-79.12,-79.12
34436,180,9.3362,14.5364,-79.12,-79.12
34436,180,9.3362,14.5364,-79.12,-77.68
34437,180,7.4518,14.5364,-79.12,-79.12
34437,180,7.4518,14.5364,-79.12,-79.12
34448,180,0.3426,14.5364,-79.12,-79.12
34448,180,0.3426,14.5364,-79.12,-79.12
34448,180,0.3426,14.4642,-79.12,-79.12
34448,180,0.3426,14.4642,-79.12,-79.12
34459,180,-9.1649,14.4642,-79.12,-79.12
34459,180,-9.1649,14.4642,-79.12,-79.12
34460,180,-9.1649,15.1275,-79.12,-79.12
34460,180,-9.1649,15.1275,-79.12,-79.12
34470,180,1.9700,15.1275,-79.12,-79.12
34470,180,1.9700,15.1275,-79.12,-79.12
34472,180,1.9700,14.5680,-79.12,-79.12
34472,180,1.9700,14.5680,-79.12,-79.12
34481,180,0.3426,14.5680,-79.12,-79.12
34481,180,0.3426,14.5680,-79.12,-79.12
34484,180,0.3426,15.1320,-79.12,-79.12
34484,180,0.3426,15.1320,-79.12,-79.12
34492,180,-1.9700,15.1320,-79.12,-79.12
34492,180,-1.9700,15.1320,-79.12,-79.12
34496,180,-1.9700,14.5455,-79.12,-79.12
34496,180,-1.9700,14.5455,-79.12,-79.12
34503,180,-0.5139,14.5455,-79.12,-79.12
34503,180,-0.5139,14.5455,-79.12,-79.12
34507,180,-0.5139,14.3830,-79.12,-79.12
34507,180,-0.5139,14.3830,-79.12,-79.12
34514,180,-5.7388,14.3830,-79.12,-79.12
34514,180,-5.7388,14.3830,-79.12,-79.12
34519,180,-5.7388,14.7665,-79.12,-79.12
34519,180,-5.7388,14.7665,-79.12,-79.12
34525,180,-7.0236,14.7665,-79.12,-77.68
34525,180,-7.0236,14.7665,-79.12,-79.12
34531,180,-7.0236,14.2387,-79.12,-79.12
34531,180,-7.0236,14.2387,-79.12,-79.12
34536,180,-1.2848,14.2387,-79.12,-79.12
34536,180,-1.2848,14.2387,-79.12,-79.12
34543,180,-1.2848,14.9921,-79.12,-79.12
34543,180,-1.2848,14.9921,-79.12,-79.12
34547,180,14.3041,14.9921,-79.12,-79.12
34547,180,14.3041,14.9921,-79.12,-79.12
34555,180,14.3041,14.7124,-79.12,-79.12
34555,180,14.3041,14.7124,-79.12,-79.12
34558,180,6.3383,14.7124,-79.12,-79.12
34558,180,6.3383,14.7124,-79.12,-79.12
34567,180,6.3383,14.6492,-79.12,-79.12
34567,180,6.3383,14.6492,-79.12,-79.12
34569,180,4.7966,14.6492,-79.12,-79.12
34569,180,4.7966,14.6492,-79.12,-79.12
34578,180,4.7966,14.6988,-79.12,-79.12
34578,180,4.7966,14.6988,-79.12,-79.12
34580,180,-4.7109,14.6988,-79.12,-79.12
34580,180,-4.7109,14.6988,-79.12,-79.12
34590,180,-4.7109,14.6176,-79.12,-79.12
34590,180,-4.7109,14.6176,-79.12,-79.12
34591,180,-0.9422,14.6176,-79.12,-79.12
34591,180,-0.9422,14.6176,-79.12,-79.12
34602,180,-4.1113,14.6176,-79.12,-79.12
34602,180,-4.1113,14.6176,-79.12,-79.12
34602,180,-4.1113,15.2177,-79.12,-79.12
34602,180,-4.1113,15.2177,-79.12,-79.12
34613,180,-2.7409,15.2177,-79.12,-79.12
34613,180,-2.7409,15.2177,-79.12,-79.12
34614,180,-2.7409,14.2432,-79.12,-79.12
34614,180,-2.7409,14.2432,-79.12,-79.12
34624,180,3.8544,14.2432,-79.12,-79.12
34624,180,3.8544,14.2432,-79.12,-79.12
34626,180,3.8544,14.6988,-79.12,-79.12
34626,180,3.8544,14.6988,-79.12,-79.12
34634,180,-0.1713,14.6988,-79.12,-79.12
34635,180,-0.1713,14.6988,-79.12,-79.12
34637,180,-0.1713,14.8432,-79.12,-79.12
34638,180,-0.1713,14.8432,-79.12,-79.12
34645,180,3.5974,14.8432,-79.12,-79.12
34646,180,3.5974,14.8432,-79.12,-79.12
34649,180,3.5974,14.4778,-79.12,-79.12
34649,180,3.5974,14.4778,-79.12,-79.12
34656,180,-0.7709,14.4778,-79.12,-79.12
34657,180,-0.7709,14.4778,-79.12,-79.12
34661,180,-0.7709,15.0282,-79.12,-79.12
34661,180,-0.7709,15.0282,-79.12,-79.12
34667,180,3.9400,15.0282,-79.12,-79.12
34668,180,3.9400,15.0282,-79.12,-79.12
34673,180,3.9400,14.4552,-79.12,-77.68
34673,180,3.9400,14.4552,-79.12,-79.12
34678,180,-4.1113,14.4552,-79.12,-79.12
34678,180,-4.1113,14.4552,-79.12,-79.12
34685,180,-4.1113,14.8252,-79.12,-79.12
34685,180,-4.1113,14.8252,-79.12,-79.12
34689,180,4.5396,14.8252,-79.12,-79.12
34689,180,4.5396,14.8252,-79.12,-79.12
34697,180,4.5396,14.8703,-79.12,-79.12
34697,180,4.5396,14.8703,-79.12,-79.12
34700,180,-3.9400,14.8703,-79.12,-79.12
34700,180,-3.9400,14.8703,-79.12,-79.12
34708,180,-3.9400,14.8748,-79.12,-79.12
34709,180,-3.9400,14.8748,-79.12,-79.12
34711,180,-2.8266,14.8748,-79.12,-79.12
34711,180,-2.8266,14.8748,-79.12,-79.12
34720,180,-2.8266,15.2267,-79.12,-79.12
34720,180,-2.8266,15.2267,-79.12,-79.12
34722,180,4.5396,15.2267,-79.12,-79.12
34722,180,4.5396,15.2267,-79.12,-79.12
34732,180,4.5396,15.0868,-79.12,-79.12
34732,180,4.5396,15.0868,-79.12,-79.12
34733,180,3.1692,15.0868,-79.12,-79.12
34733,180,3.1692,15.0868,-79.12,-79.12
34744,180,3.1692,15.3756,-79.12,-79.12
34744,180,3.1692,15.3756,-79.12,-79.12
34744,180,3.5974,15.3756,-79.12,-79.12
34744,180,3.5974,15.3756,-79.12,-79.12
34755,180,-2.3126,15.3756,-79.12,-79.12
34755,180,-2.3126,15.3756,-79.12,-79.12
34756,180,-2.3126,14.3379,-79.12,-79.12
34756,180,-2.3126,14.3379,-79.12,-79.12
34766,180,-1.7131,14.3379,-79.12,-79.12
34766,180,-1.7131,14.3379,-79.12,-79.12
34768,180,-1.7131,14.3154,-79.12,-79.12
34768,180,-1.7131,14.3154,-79.12,-79.12
34777,180,-3.2548,14.3154,-79.12,-79.12
34777,180,-3.2548,14.3154,-79.12,-79.12
34779,180,-3.2548,14.6222,-79.12,-79.12
34780,180,-3.2548,14.6222,-79.12,-79.12
34788,180,-2.1413,14.6222,-79.12,-79.12
34788,180,-2.1413,14.6222,-79.12,-79.12
34791,180,-2.1413,14.1620,-79.12,-79.12
34791,180,-2.1413,14.1620,-79.12,-79.12
34799,180,-9.9358,14.1620,-79.12,-79.12
34799,180,-9.9358,14.1620,-79.12,-77.68
34803,180,-9.9358,14.9560,-79.12,-79.12
34803,180,-9.9358,14.9560,-79.12,-79.12
34810,180,-12.0771,14.9560,-79.12,-79.12
34810,180,-12.0771,14.9560,-79.12,-79.12
34815,180,-12.0771,14.4282,-79.12,-79.12
34815,180,-12.0771,14.4282,-79.12,-79.12
34821,180,-13.9615,14.4282,-79.12,-79.12
34821,180,-13.9615,14.4282,-77.68,-79.12
34827,180,-13.9615,14.6582,-79.12,-79.12
34827,180,-13.9615,14.6582,-79.12,-79.12
34832,180,-5.6531,14.6582,-79.12,-79.12
34832,180,-5.6531,14.6582,-79.12,-79.12
34839,180,-5.6531,14.4958,-79.12,-79.12
34839,180,-5.6531,14.4958,-79.12,-79.12
34843,180,0.8565,14.4958,-79.12,-77.68
34843,180,0.8565,14.4958,-79.12,-79.12
34850,180,0.8565,14.2657,-79.12,-79.12
34851,180,0.8565,14.2657,-79.12,-79.12
34854,180,2.9122,14.2657,-79.12,-79.12
34854,180,2.9122,14.2657,-79.12,-79.12
34862,180,2.9122,14.7755,-79.12,-79.12
34862,180,2.9122,14.7755,-79.12,-79.12
34865,180,2.3983,14.7755,-79.12,-79.12
34865,180,2.3983,14.7755,-79.12,-79.12
34874,180,2.3983,14.2612,-79.12,-79.12
34874,180,2.3983,14.2612,-79.12,-79.12
34876,180,-8.8223,14.2612,-79.12,-77.68
34876,180,-8.8223,14.2612,-79.12,-79.12
34886,180,-8.8223,14.7755,-79.12,-79.12
34886,180,-8.8223,14.7755,-79.12,-79.12
34887,180,-0.3426,14.7755,-79.12,-79.12
34887,180,-0.3426,14.7755,-79.12,-79.12
34898,180,-0.3426,14.9335,-79.12,-79.12
34898,180,-0.3426,14.9335,-79.12,-79.12
34898,180,5.2248,14.9335,-79.12,-79.12
34898,180,5.2248,14.9335,-77.68,-79.12
34909,180,5.9957,14.9335,-79.12,-79.12
34909,180,5.9957,14.9335,-79.12,-79.12
34910,180,5.9957,14.7665,-79.12,-79.12
34910,180,5.9957,14.7665,-79.12,-79.12
34920,180,4.7966,14.7665,-79.12,-79.12
34920,180,4.7966,14.7665,-79.12,-79.12
34921,180,4.7966,15.3485,-79.12,-79.12
34922,180,4.7966,15.3485,-79.12,-77.68
34931,180,8.1370,15.3485,-79.12,-79.12
34931,180,8.1370,15.3485,-79.12,-79.12
34933,180,8.1370,14.6447,-79.12,-79.12
34933,180,8.1370,14.6447,-79.12,-79.12
34942,180,5.9957,14.6447,-79.12,-79.12
34942,180,5.9957,14.6447,-79.12,-79.12
34945,180,5.9957,15.0959,-79.12,-79.12
34945,180,5.9957,15.0959,-79.12,-79.12
34953,180,0.7709,15.0959,-79.12,-79.12
34953,180,0.7709,15.0959,-79.12,-79.12
34957,180,0.7709,14.8974,-79.12,-79.12
34957,180,0.7709,14.8974,-79.12,-79.12
34964,180,-2.9122,14.8974,-79.12,-79.12
34964,180,-2.9122,14.8974,-79.12,-79.12
34969,180,-2.9122,14.4913,-79.12,-79.12
34969,180,-2.9122,14.4913,-79.12,-79.12
34975,180,-5.2248,14.4913,-79.12,-79.12
34975,180,-5.2248,14.4913,-79.12,-79.12
34981,180,-5.2248,15.2763,-79.12,-79.12
34981,180,-5.2248,15.2763,-79.12,-79.12
34986,180,1.7131,15.2763,-79.12,-79.12
34986,180,1.7131,15.2763,-79.12,-79.12
34992,180,1.7131,14.4958,-79.12,-79.12
34993,180,1.7131,14.4958,-79.12,-79.12
34997,180,-7.8801,14.4958,-79.12,-79.12
34997,180,-7.8801,14.4958,-79.12,-79.12
35004,180,-7.8801,14.8387,-79.12,-79.12
35004,180,-7.8801,14.8387,-79.12,-79.12
35008,180,-2.3983,14.8387,-79.12,-79.12
35008,180,-2.3983,14.8387,-79.12,-79.12
35016,180,-2.3983,14.5861,-79.12,-79.12
35016,180,-2.3983,14.5861,-79.12,-79.12
35019,180,-3.8544,14.5861,-79.12,-79.12
35019,180,-3.8544,14.5861,-79.12,-79.12
35028,180,-3.8544,14.3334,-79.12,-79.12
35028,180,-3.8544,14.3334,-79.12,-79.12
35030,180,-0.5996,14.3334,-79.12,-79.12
35030,180,-0.5996,14.3334,-79.12,-79.12
35040,180,-0.5996,14.3921,-79.12,-79.12
35040,180,-0.5996,14.3921,-79.12,-79.12
35041,180,-10.1071,14.3921,-79.12,-79.12
35041,180,-10.1071,14.3921,-79.12,-79.12
35052,180,-8.1370,14.3921,-79.12,-79.12
35052,180,-8.1370,13.9860,-79.12,-79.12
35052,180,-8.1370,13.9860,-79.12,-79.12
35063,180,-2.6552,13.9860,-79.12,-79.12
35063,180,-2.6552,13.9860,-79.12,-79.12
35063,180,-2.6552,14.7214,-79.12,-79.12
35063,180,-2.6552,14.7214,-79.12,-79.12
35074,180,3.5118,14.7214,-79.12,-79.12
35074,180,3.5118,14.7214,-79.12,-79.12
35075,180,3.5118,14.2793,-79.12,-79.12
35075,180,3.5118,14.2793,-79.12,-79.12
35084,180,8.1370,14.2793,-77.68,-79.12
35085,180,8.1370,14.2793,-79.12,-79.12
35087,180,8.1370,14.3154,-79.12,-79.12
35087,180,8.1370,14.3154,-79.12,-79.12
35095,180,-5.7388,14.3154,-79.12,-79.12
35096,180,-5.7388,14.3154,-79.12,-79.12
35099,180,-5.7388,14.4056,-79.12,-79.12
35099,180,-5.7388,14.4056,-79.12,-79.12
35106,180,1.7131,14.4056,-79.12,-79.12
35107,180,1.7131,14.4056,-79.12,-77.68
35111,180,1.7131,14.2748,-79.12,-79.12
35111,180,1.7131,14.2748,-79.12,-79.12
35117,180,4.0257,14.2748,-79.12,-79.12
35117,180,4.0257,14.2748,-79.12,-79.12
35123,180,4.0257,14.8432,-79.12,-79.12
35123,180,4.0257,14.8432,-77.68,-79.12
35128,180,7.1092,14.8432,-79.12,-79.12
35128,180,7.1092,14.8432,-79.12,-79.12
35134,180,7.1092,14.4236,-79.12,-79.12
35134,180,7.1092,14.4236,-79.12,-79.12
35139,180,-2.6552,14.4236,-79.12,-79.12
35139,180,-2.6552,14.4236,-79.12,-79.12
35146,180,-2.6552,14.9199,-79.12,-79.12
35146,180,-2.6552,14.9199,-79.12,-79.12
35150,180,-0.4283,14.9199,-79.12,-79.12
35150,180,-0.4283,14.9199,-79.12,-79.12
35158,180,-0.4283,14.6898,-79.12,-79.12
35158,180,-0.4283,14.6898,-79.12,-79.12
35161,180,2.3983,14.6898,-79.12,-79.12
35161,180,2.3983,14.6898,-77.68,-79.12
35170,180,2.3983,14.1981,-79.12,-79.12
35170,180,2.3983,14.1981,-79.12,-79.12
35172,180,-7.4518,14.1981,-79.12,-79.12
35172,180,-7.4518,14.1981,-79.12,-79.12
35182,180,-7.4518,14.6898,-79.12,-79.12
35182,180,-7.4518,14.6898,-79.12,-79.12
35183,180,-6.0814,14.6898,-79.12,-79.12
35183,180,-6.0814,14.6898,-79.12,-79.12
35194,180,-6.0814,14.0853,-79.12,-79.12
35194,180,-6.0814,14.0853,-79.12,-79.12
35194,180,-10.9636,14.0853,-79.12,-79.12
35194,180,-10.9636,14.0853,-79.12,-79.12
35205,180,-6.7666,14.0853,-79.12,-79.12
35205,180,-6.7666,14.0853,-79.12,-79.12
35205,180,-6.7666,14.9289,-79.12,-79.12
35205,180,-6.7666,14.9289,-79.12,-79.12
35216,180,2.7409,14.9289,-79.12,-79.12
35216,180,2.7409,14.9289,-79.12,-79.12
35217,180,2.7409,15.3711,-79.12,-79.12
35217,180,2.7409,15.3711,-77.68,-79.12
35227,180,6.9379,15.3711,-79.12,-79.12
35227,180,6.9379,15.3711,-79.12,-77.68
35229,180,6.9379,15.1139,-79.12,-79.12
35229,180,6.9379,15.1139,-79.12,-79.12
35238,180,-8.1370,15.1139,-79.12,-79.12
35238,180,-8.1370,15.1139,-79.12,-79.12
35241,180,-8.1370,15.3440,-79.12,-79.12
35241,180,-8.1370,15.3440,-79.12,-79.12
35249,180,-3.3405,15.3440,-79.12,-79.12
35249,180,-3.3405,15.3440,-79.12,-79.12
35253,180,-3.3405,14.5455,-79.12,-79.12
35253,180,-3.3405,14.5455,-79.12,-79.12
35260,180,-2.8266,14.5455,-79.12,-79.12
35260,180,-2.8266,14.5455,-79.12,-79.12
35265,180,-2.8266,14.4913,-79.12,-79.12
35265,180,-2.8266,14.4913,-79.12,-79.12
35271,180,-6.6809,14.4913,-79.12,-79.12
35271,180,-6.6809,14.4913,-79.12,-79.12
35276,180,-6.6809,14.5049,-79.12,-79.12
35276,180,-6.6809,14.5049,-79.12,-79.12
35282,180,-6.6809,14.5049,-79.12,-79.12
35282,180,-6.6809,14.5049,-79.12,-79.12
35288,180,-6.6809,14.5770,-79.12,-79.12
35288,180,-6.6809,14.5770,-79.12,-79.12
35293,180,3.5118,14.5770,-79.12,-79.12
35293,180,3.5118,14.5770,-79.12,-79.12
35300,180,3.5118,14.7349,-79.12,-79.12
35300,180,3.5118,14.7349,-79.12,-79.12
35304,180,1.2848,14.7349,-79.12,-79.12
35304,180,1.2848,14.7349,-79.12,-79.12
35312,180,1.2848,14.3515,-79.12,-79.12
35312,180,1.2848,14.3515,-79.12,-79.12
35315,180,-4.6253,14.3515,-79.12,-79.12
35315,180,-4.6253,14.3515,-79.12,-79.12
35324,180,-4.6253,14.7530,-79.12,-79.12
35324,180,-4.6253,14.7530,-79.12,-79.12
35326,180,0.4283,14.7530,-79.12,-79.12
35326,180,0.4283,14.7530,-79.12,-79.12
35336,180,0.4283,14.2702,-79.12,-79.12
35336,180,0.4283,14.2702,-79.12,-79.12
35337,180,-7.9657,14.2702,-79.12,-79.12
35337,180,-7.9657,14.2702,-79.12,-79.12
35347,180,-7.9657,14.4552,-79.12,-79.12
35347,180,-7.9657,14.4552,-79.12,-79.12
35348,180,-4.2827,14.4552,-79.12,-79.12
35348,180,-4.2827,14.4552,-79.12,-79.12
35359,180,-3.8544,14.4552,-79.12,-79.12
35359,180,-3.8544,14.4552,-79.12,-79.12
35359,180,-3.8544,14.8116,-79.12,-79.12
35359,180,-3.8544,14.8116,-79.12,-79.12
35370,180,-1.3704,14.8116,-79.12,-79.12
35370,180,-1.3704,14.8116,-79.12,-79.12
35371,180,-1.3704,14.3875,-79.12,-79.12
35371,180,-1.3704,14.3875,-79.12,-79.12
35381,180,-5.2248,14.3875,-79.12,-77.68
35381,180,-5.2248,14.3875,-79.12,-79.12
35383,180,-5.2248,15.2312,-79.12,-77.68
35383,180,-5.2248,15.2312,-79.12,-79.12
35392,180,-2.8266,15.2312,-79.12,-79.12
35392,180,-2.8266,15.2312,-79.12,-79.12
35395,180,-2.8266,14.9380,-79.12,-79.12
35395,180,-2.8266,14.9380,-79.12,-79.12
35403,180,6.3383,14.9380,-79.12,-77.68
35403,180,6.3383,14.9380,-79.12,-79.12
35407,180,6.3383,14.8883,-79.12,-79.12
35407,180,6.3383,14.8883,-79.12,-79.12
35414,180,4.6253,14.8883,-79.12,-79.12
35414,180,4.6253,14.8883,-79.12,-79.12
35418,180,4.6253,15.1951,-79.12,-79.12
35418,180,4.6253,15.1951,-79.12,-79.12
35425,180,12.5910,15.1951,-79.12,-79.12
35425,180,12.5910,15.1951,-79.12,-79.12
35430,180,12.5910,14.9876,-79.12,-79.12
35430,180,12.5910,14.9876,-79.12,-79.12
35436,180,7.4518,14.9876,-79.12,-79.12
35436,180,7.4518,14.9876,-79.12,-79.12
35442,180,7.4518,15.6734,-79.12,-77.68
35442,180,7.4518,15.6734,-79.12,-79.12
35447,180,0.1713,15.6734,-79.12,-79.12
35447,180,0.1713,15.6734,-77.68,-79.12
35454,180,0.1713,14.9064,-79.12,-79.12
35454,180,0.1713,14.9064,-79.12,-79.12
35458,180,-10.0214,14.9064,-79.12,-79.12
35458,180,-10.0214,14.9064,-79.12,-79.12
35466,180,-10.0214,15.1545,-79.12,-79.12
35466,180,-10.0214,15.1545,-79.12,-79.12
35469,180,-0.2570,15.1545,-79.12,-79.12
35469,180,-0.2570,15.1545,-79.12,-77.68
35478,180,-0.2570,15.1410,-79.12,-79.12
35478,180,-0.2570,15.1410,-79.12,-79.12
35480,180,3.7687,15.1410,-79.12,-79.12
35480,180,3.7687,15.1410,-79.12,-79.12
35489,180,3.7687,14.8838,-79.12,-79.12
35489,180,3.7687,14.8838,-79.12,-79.12
35491,180,10.5353,14.8838,-79.12,-79.12
35491,180,10.5353,14.8838,-79.12,-79.12
35501,180,10.5353,14.8658,-79.12,-79.12
35501,180,10.5353,14.8658,-79.12,-79.12
35501,180,8.0514,14.8658,-79.12,-79.12
35502,180,8.0514,14.8658,-79.12,-79.12
35512,180,4.0257,14.8658,-79.12,-79.12
35513,180,4.0257,14.8658,-79.12,-79.12
35513,180,4.0257,14.2206,-79.12,-79.12
35513,180,4.0257,14.2206,-79.12,-79.12
35523,180,4.7966,14.2206,-79.12,-79.12
35524,180,4.7966,14.2206,-79.12,-79.12
35525,180,4.7966,14.7349,-79.12,-79.12
35525,180,4.7966,14.7349,-79.12,-79.12
35534,180,-7.2805,14.7349,-77.68,-79.12
35535,180,-7.2805,14.7349,-79.12,-79.12
35537,180,-7.2805,14.4688,-79.12,-79.12
35537,180,-7.2805,14.4688,-79.12,-79.12
35545,180,-4.5396,14.4688,-79.12,-79.12
35545,180,-4.5396,14.4688,-79.12,-79.12
35549,180,-4.5396,14.2071,-79.12,-79.12
35549,180,-4.5396,14.2071,-77.68,-79.12
35556,180,-1.7131,14.2071,-79.12,-79.12
35556,180,-1.7131,14.2071,-79.12,-79.12
35560,180,-1.7131,14.8342,-79.12,-77.68
35560,180,-1.7131,14.8342,-79.12,-79.12
35567,180,5.0535,14.8342,-79.12,-79.12
35567,180,5.0535,14.8342,-79.12,-79.12
35572,180,5.0535,14.6673,-79.12,-79.12
35572,180,5.0535,14.6673,-79.12,-79.12
35578,180,-0.6852,14.6673,-79.12,-79.12
35578,180,-0.6852,14.6673,-79.12,-79.12
35584,180,-0.6852,15.3350,-79.12,-79.12
35584,180,-0.6852,15.3350,-79.12,-79.12
35589,180,1.0278,15.3350,-79.12,-79.12
35589,180,1.0278,15.3350,-79.12,-79.12
35596,180,1.0278,14.8252,-79.12,-79.12
35596,180,1.0278,14.8252,-79.12,-79.12
35600,180,-1.7987,14.8252,-79.12,-79.12
35600,180,-1.7987,14.8252,-79.12,-79.12
35608,180,-1.7987,14.2026,-79.12,-79.12
35608,180,-1.7987,14.2026,-79.12,-79.12
35611,180,1.1135,14.2026,-79.12,-79.12
35611,180,1.1135,14.2026,-79.12,-79.12
35620,180,1.1135,14.6357,-79.12,-79.12
35620,180,1.1135,14.6357,-79.12,-79.12
35622,180,0.8565,14.6357,-79.12,-79.12
35622,180,0.8565,14.6357,-79.12,-79.12
35631,180,0.8565,14.2702,-79.12,-77.68
35631,180,0.8565,14.2702,-79.12,-79.12
35633,180,-1.6274,14.2702,-79.12,-79.12
35633,180,-1.6274,14.2702,-79.12,-79.12
35643,180,-1.6274,14.5545,-79.12,-79.12
35643,180,-1.6274,14.5545,-79.12,-79.12
35644,180,1.4561,14.5545,-79.12,-79.12
35644,180,1.4561,14.5545,-79.12,-79.12
35655,180,1.4561,14.1033,-79.12,-79.12
35655,180,1.4561,14.1033,-79.12,-79.12
35655,180,-8.8223,14.1033,-79.12,-79.12
35655,180,-8.8223,14.1033,-79.12,-79.12
35666,180,5.4818,14.1033,-79.12,-79.12
35666,180,5.4818,14.1033,-79.12,-79.12
35667,180,5.4818,14.7575,-79.12,-79.12
35667,180,5.4818,14.7575,-79.12,-79.12
35677,180,6.8522,14.7575,-79.12,-79.12
35677,180,6.8522,14.7575,-79.12,-79.12
35679,180,6.8522,15.1049,-79.12,-79.12
35679,180,6.8522,15.1049,-79.12,-79.12
35688,180,4.1113,15.1049,-79.12,-79.12
35688,180,4.1113,15.1049,-79.12,-79.12
35691,180,4.1113,14.3109,-79.12,-79.12
35691,180,4.1113,14.3109,-79.12,-79.12
35699,180,-4.7109,14.3109,-79.12,-79.12
35699,180,-4.7109,14.3109,-79.12,-79.12
35702,180,-4.7109,14.9064,-79.12,-79.12
35702,180,-4.7109,14.9064,-79.12,-79.12
35710,180,-1.1991,14.9064,-79.12,-79.12
35710,180,-1.1991,14.9064,-79.12,-79.12
35714,180,-1.1991,14.6402,-79.12,-79.12
35714,180,-1.1991,14.6402,-79.12,-79.12
35721,180,5.4818,14.6402,-79.12,-79.12
35721,180,5.4818,14.6402,-79.12,-79.12
35726,180,5.4818,14.4101,-79.12,-79.12
35726,180,5.4818,14.4101,-79.12,-79.12
35732,180,2.0557,14.4101,-79.12,-79.12
35732,180,2.0557,14.4101,-79.12,-79.12
35738,180,2.0557,14.8207,-79.12,-79.12
35738,180,2.0557,14.8207,-79.12,-79.12
35743,180,6.6809,14.8207,-79.12,-79.12
35743,180,6.6809,14.8207,-79.12,-79.12
35750,180,6.6809,14.9289,-79.12,-79.12
35750,180,6.6809,14.9289,-79.12,-79.12
35754,180,-0.6852,14.9289,-79.12,-79.12
35754,180,-0.6852,14.9289,-79.12,-79.12
35762,180,-0.6852,15.4027,-79.12,-79.12
35762,180,-0.6852,15.4027,-79.12,-79.12
35765,180,2.6552,15.4027,-79.12,-79.12
35765,180,2.6552,15.4027,-79.12,-79.12
35773,180,2.6552,14.3379,-79.12,-79.12
35773,180,2.6552,14.3379,-79.12,-79.12
35776,180,0.1713,14.3379,-79.12,-79.12
35776,180,0.1713,14.3379,-79.12,-79.12
35785,180,0.1713,14.6537,-79.12,-79.12
35785,180,0.1713,14.6537,-79.12,-79.12
35787,180,-2.3983,14.6537,-79.12,-79.12
35787,180,-2.3983,14.6537,-79.12,-79.12
35797,180,-2.3983,14.7620,-79.12,-79.12
35797,180,-2.3983,14.7620,-79.12,-79.12
35798,180,4.1113,14.7620,-79.12,-79.12
35798,180,4.1113,14.7620,-79.12,-79.12
35809,180,14.3041,14.7620,-79.12,-79.12
35809,180,14.3041,14.7936,-79.12,-79.12
35809,180,14.3041,14.7936,-79.12,-79.12
35820,180,0.7709,14.7936,-79.12,-79.12
35820,180,0.7709,14.7936,-79.12,-79.12
35821,180,0.7709,15.3215,-79.12,-79.12
35821,180,0.7709,15.3215,-79.12,-79.12
35831,180,-6.0814,15.3215,-79.12,-79.12
35831,180,-6.0814,15.3215,-79.12,-79.12
35832,180,-6.0814,14.1845,-79.12,-79.12
35833,180,-6.0814,14.1845,-79.12,-79.12
35842,180,-7.7944,14.1845,-79.12,-79.12
35842,180,-7.7944,14.1845,-79.12,-79.12
35844,180,-7.7944,14.8162,-79.12,-79.12
35844,180,-7.7944,14.8162,-79.12,-79.12
35853,180,-7.3662,14.8162,-79.12,-79.12
35853,180,-7.3662,14.8162,-79.12,-79.12
35856,180,-7.3662,14.9019,-79.12,-79.12
35856,180,-7.3662,14.9019,-79.12,-79.12
35864,180,-2.2270,14.9019,-79.12,-79.12
35864,180,-2.2270,14.9019,-79.12,-79.12
35868,180,-2.2270,14.7440,-79.12,-77.68
35868,180,-2.2270,14.7440,-79.12,-79.12
35875,180,-0.6852,14.7440,-79.12,-79.12
35875,180,-0.6852,14.7440,-79.12,-79.12
35880,180,-0.6852,15.4794,-79.12,-79.12
35880,180,-0.6852,15.4794,-77.68,-79.12
35886,180,4.3683,15.4794,-77.68,-79.12
35886,180,4.3683,15.4794,-77.68,-77.68
35892,180,4.3683,14.8883,-79.12,-79.12
35892,180,4.3683,14.8883,-79.12,-79.12
35897,180,-2.3983,14.8883,-79.12,-79.12
35897,180,-2.3983,14.8883,-79.12,-79.12
35903,180,-2.3983,15.0868,-79.12,-79.12
35904,180,-2.3983,15.0868,-79.12,-79.12
35908,180,-8.9079,15.0868,-79.12,-79.12
35908,180,-8.9079,15.0868,-79.12,-79.12
35915,180,-8.9079,14.5951,-79.12,-79.12
35915,180,-8.9079,14.5951,-79.12,-77.68
35919,180,-5.9101,14.5951,-79.12,-79.12
35919,180,-5.9101,14.5951,-79.12,-79.12
35927,180,-5.9101,14.5996,-79.12,-79.12
35927,180,-5.9101,14.5996,-79.12,-79.12
35929,180,1.3704,14.5996,-79.12,-79.12
35930,180,1.3704,14.5996,-79.12,-79.12
35939,180,1.3704,14.9425,-79.12,-79.12
35939,180,1.3704,14.9425,-79.12,-79.12
35940,180,2.7409,14.9425,-79.12,-79.12
35941,180,2.7409,14.9425,-79.12,-79.12
35951,180,2.7409,14.7124,-79.12,-79.12
35951,180,2.7409,14.7124,-79.12,-79.12
35951,180,5.3105,14.7124,-79.12,-79.12
35952,180,5.3105,14.7124,-79.12,-79.12
35962,180,1.0278,14.7124,-79.12,-79.12
35963,180,1.0278,14.7124,-79.12,-79.12
35963,180,1.0278,14.9019,-79.12,-79.12
35963,180,1.0278,14.9019,-79.12,-79.12
35973,180,-2.9122,14.9019,-79.12,-79.12
35973,180,-2.9122,14.9019,-79.12,-79.12
35974,180,-2.9122,14.4101,-79.12,-79.12
35975,180,-2.9122,14.4101,-79.12,-79.12
35984,180,0.5996,14.4101,-79.12,-79.12
35984,180,0.5996,14.4101,-79.12,-79.12
35986,180,0.5996,14.5545,-79.12,-79.12
35986,180,0.5996,14.5545,-79.12,-79.12
35995,180,-7.1949,14.5545,-79.12,-79.12
35995,180,-7.1949,14.5545,-79.12,-79.12
35998,180,-7.1949,14.6898,-79.12,-79.12
35998,180,-7.1949,14.6898,-79.12,-79.12
36006,180,-2.3983,14.6898,-79.12,-79.12
36006,180,-2.3983,14.6898,-77.68,-79.12
36010,180,-2.3983,14.1620,-79.12,-79.12
36010,180,-2.3983,14.1620,-79.12,-79.12
36017,180,-1.6274,14.1620,-79.12,-79.12
36017,180,-1.6274,14.1620,-79.12,-79.12
36022,180,-1.6274,14.5003,-79.12,-79.12
36022,180,-1.6274,14.5003,-79.12,-79.12
36028,180,-2.1413,14.5003,-79.12,-79.12
36028,180,-2.1413,14.5003,-79.12,-79.12
36034,180,-2.1413,14.3244,-79.12,-79.12
36034,180,-2.1413,14.3244,-79.12,-79.12
36039,180,-3.3405,14.3244,-79.12,-79.12
36039,180,-3.3405,14.3244,-79.12,-79.12
36045,180,-3.3405,14.9876,-79.12,-79.12
36046,180,-3.3405,14.9876,-79.12,-79.12
36050,180,-3.0835,14.9876,-79.12,-79.12
36050,180,-3.0835,14.9876,-79.12,-79.12
36057,180,-3.0835,15.3666,-79.12,-79.12
36057,180,-3.0835,15.3666,-79.12,-79.12
36061,180,-7.1092,15.3666,-79.12,-79.12
36061,180,-7.1092,15.3666,-79.12,-79.12
36069,180,-7.1092,15.0823,-79.12,-79.12
36069,180,-7.1092,15.0823,-79.12,-79.12
36072,180,-5.3961,15.0823,-79.12,-79.12
36072,180,-5.3961,15.0823,-79.12,-79.12
36081,180,-5.3961,15.2989,-79.12,-79.12
36081,180,-5.3961,15.2989,-79.12,-79.12
36083,180,7.7944,15.2989,-79.12,-79.12
36083,180,7.7944,15.2989,-79.12,-79.12
36093,180,7.7944,14.9650,-79.12,-79.12
36093,180,7.7944,14.9650,-79.12,-79.12
36094,180,3.7687,14.9650,-79.12,-79.12
36094,180,3.7687,14.9650,-79.12,-79.12
36105,180,3.7687,15.4207,-79.12,-79.12
36105,180,3.7687,15.4207,-79.12,-79.12
36105,180,-0.8565,15.4207,-79.12,-79.12
36105,180,-0.8565,15.4207,-79.12,-79.12
36116,180,-5.7388,15.4207,-79.12,-79.12
36116,180,-5.7388,15.4207,-79.12,-79.12
36116,180,-5.7388,14.7440,-79.12,-79.12
36117,180,-5.7388,14.7440,-79.12,-79.12
36127,180,2.3126,14.7440,-79.12,-79.12
36127,180,2.3126,14.7440,-79.12,-79.12
36128,180,2.3126,14.5049,-79.12,-79.12
36128,180,2.3126,14.5049,-79.12,-79.12
36138,180,3.2548,14.5049,-79.12,-79.12
36138,180,3.2548,14.5049,-79.12,-79.12
36140,180,3.2548,14.8793,-79.12,-79.12
36140,180,3.2548,14.8793,-79.12,-79.12
36149,180,11.3062,14.8793,-79.12,-79.12
36149,180,11.3062,14.8793,-79.12,-79.12
36152,180,11.3062,14.4958,-79.12,-79.12
36152,180,11.3062,14.4958,-79.12,-79.12
36160,180,3.6831,14.4958,-79.12,-79.12
36160,180,3.6831,14.4958,-79.12,-79.12
36164,180,3.6831,15.5561,-79.12,-79.12
36164,180,3.6831,15.5561,-79.12,-79.12
36171,180,1.5418,15.5561,-79.12,-79.12
36171,180,1.5418,15.5561,-79.12,-79.12
36176,180,1.5418,14.8838,-79.12,-79.12
36176,180,1.5418,14.8838,-79.12,-79.12
36182,180,-1.1135,14.8838,-79.12,-79.12
36182,180,-1.1135,14.8838,-79.12,-77.68
36188,180,-1.1135,14.8658,-79.12,-79.12
36188,180,-1.1135,14.8658,-79.12,-79.12
36193,180,2.9979,14.8658,-79.12,-79.12
36193,180,2.9979,14.8658,-79.12,-79.12
36199,180,2.9979,15.0327,-79.12,-79.12
36199,180,2.9979,15.0327,-79.12,-79.12
36204,180,-0.0857,15.0327,-79.12,-79.12
36204,180,-0.0857,15.0327,-79.12,-79.12
36211,180,-0.0857,14.4688,-79.12,-79.12
36211,180,-0.0857,14.4688,-79.12,-79.12
36215,180,1.9700,14.4688,-79.12,-79.12
36215,180,1.9700,14.4688,-79.12,-77.68
36223,180,1.9700,15.4478,-79.12,-79.12
36223,180,1.9700,15.4478,-79.12,-79.12
36226,180,4.5396,15.4478,-79.12,-79.12
36226,180,4.5396,15.4478,-79.12,-79.12
36235,180,4.5396,14.9741,-79.12,-79.12
36235,180,4.5396,14.9741,-79.12,-79.12
36237,180,0.0000,14.9741,-79.12,-79.12
36237,180,0.0000,14.9741,-79.12,-79.12
36247,180,0.0000,14.5139,-79.12,-79.12
36247,180,0.0000,14.5139,-79.12,-79.12
36248,180,7.5375,14.5139,-79.12,-79.12
36248,180,7.5375,14.5139,-79.12,-79.12
36259,180,7.5375,14.7755,-79.12,-79.12
36259,180,7.5375,14.7755,-79.12,-79.12
36259,180,7.3662,14.7755,-79.12,-79.12
36259,180,7.3662,14.7755,-79.12,-79.12
36270,180,2.8266,14.7755,-79.12,-79.12
36270,180,2.8266,14.7755,-79.12,-79.12
36270,180,2.8266,14.7936,-79.12,-79.12
36270,180,2.8266,14.7936,-79.12,-79.12
36281,180,4.0257,14.7936,-79.12,-79.12
36281,180,4.0257,14.7936,-77.68,-79.12
36282,180,4.0257,15.3846,-79.12,-79.12
36282,180,4.0257,15.3846,-79.12,-79.12
36292,180,7.1949,15.3846,-79.12,-79.12
36292,180,7.1949,15.3846,-77.68,-79.12
36294,180,7.1949,14.8116,-79.12,-79.12
36294,180,7.1949,14.8116,-79.12,-79.12
36303,180,2.3983,14.8116,-79.12,-79.12
36303,180,2.3983,14.8116,-79.12,-79.12
36306,180,2.3983,14.9425,-79.12,-79.12
36306,180,2.3983,14.9425,-79.12,-79.12
36314,180,0.9422,14.9425,-79.12,-79.12
36314,180,0.9422,14.9425,-79.12,-79.12
36318,180,0.9422,15.3260,-79.12,-79.12
36318,180,0.9422,15.3260,-79.12,-79.12
36325,180,-2.7409,15.3260,-79.12,-79.12
36325,180,-2.7409,15.3260,-79.12,-79.12
36330,180,-2.7409,15.0011,-79.12,-79.12
36330,180,-2.7409,15.0011,-79.12,-79.12
36336,180,-9.0792,15.0011,-79.12,-79.12
36336,180,-9.0792,15.0011,-79.12,-79.12
36341,180,-9.0792,15.3485,-79.12,-79.12
36341,180,-9.0792,15.3485,-79.12,-79.12
36347,180,3.0835,15.3485,-79.12,-79.12
36347,180,3.0835,15.3485,-79.12,-79.12
36353,180,3.0835,14.4146,-79.12,-79.12
36353,180,3.0835,14.4146,-79.12,-79.12
36357,180,5.0535,14.4146,-79.12,-79.12
36358,180,5.0535,14.4146,-79.12,-79.12
36365,180,5.0535,14.5094,-79.12,-79.12
36365,180,5.0535,14.5094,-79.12,-79.12
36368,180,-1.0278,14.5094,-79.12,-79.12
36369,180,-1.0278,14.5094,-77.68,-79.12
36377,180,-1.0278,14.7124,-79.12,-79.12
36377,180,-1.0278,14.7124,-79.12,-79.12
36379,180,-7.5375,14.7124,-79.12,-79.12
36380,180,-7.5375,14.7124,-79.12,-79.12
36389,180,-7.5375,14.2793,-79.12,-79.12
36389,180,-7.5375,14.2793,-79.12,-79.12
36390,180,-6.5096,14.2793,-79.12,-79.12
36390,180,-6.5096,14.2793,-79.12,-77.68
36401,180,-6.5096,15.0553,-79.12,-79.12
36401,180,-6.5096,15.0553,-79.12,-79.12
36401,180,1.6274,15.0553,-79.12,-79.12
36401,180,1.6274,15.0553,-79.12,-79.12
36412,180,1.6274,14.4733,-79.12,-79.12
36412,180,6.6809,14.4733,-79.12,-79.12
36412,180,6.6809,14.4733,-79.12,-79.12
36423,180,-2.3126,14.4733,-79.12,-79.12
36423,180,-2.3126,14.4733,-79.12,-79.12
36424,180,-2.3126,15.0327,-79.12,-79.12
36424,180,-2.3126,15.0327,-79.12,-79.12
36434,180,-6.3383,15.0327,-77.68,-79.12
36434,180,-6.3383,15.0327,-79.12,-79.12
36436,180,-6.3383,15.2267,-79.12,-79.12
36436,180,-6.3383,15.2267,-79.12,-79.12
36445,180,-0.8565,15.2267,-79.12,-79.12
36445,180,-0.8565,15.2267,-79.12,-79.12
36448,180,-0.8565,15.1365,-79.12,-79.12
36448,180,-0.8565,15.1365,-79.12,-79.12
36456,180,-9.1649,15.1365,-79.12,-79.12
36456,180,-9.1649,15.1365,-79.12,-79.12
36460,180,-9.1649,15.0372,-79.12,-79.12
36460,180,-9.1649,15.0372,-79.12,-79.12
36467,180,0.0857,15.0372,-79.12,-79.12
36467,180,0.0857,15.0372,-79.12,-79.12
36471,180,0.0857,14.5590,-79.12,-79.12
36472,180,0.0857,14.5590,-79.12,-79.12
36478,180,7.0236,14.5590,-79.12,-79.12
36478,180,7.0236,14.5590,-79.12,-79.12
36483,180,7.0236,15.1139,-79.12,-79.12
36483,180,7.0236,15.1139,-79.12,-79.12
36489,180,1.0278,15.1139,-79.12,-79.12
36489,180,1.0278,15.1139,-79.12,-79.12
36495,180,1.0278,14.8387,-79.12,-79.12
36495,180,1.0278,14.8387,-79.12,-79.12
36500,180,-7.1949,14.8387,-79.12,-79.12
36500,180,-7.1949,14.8387,-79.12,-79.12
36507,180,-7.1949,14.8252,-79.12,-79.12
36507,180,-7.1949,14.8252,-79.12,-79.12
36511,180,-0.6852,14.8252,-77.68,-79.12
36511,180,-0.6852,14.8252,-79.12,-79.12
36519,180,-0.6852,14.9154,-79.12,-79.12
36519,180,-0.6852,14.9154,-79.12,-79.12
36522,180,7.0236,14.9154,-79.12,-79.12
36522,180,7.0236,14.9154,-79.12,-79.12
36531,180,7.0236,14.3469,-79.12,-79.12
36531,180,7.0236,14.3469,-79.12,-79.12
36533,180,-2.3126,14.3469,-79.12,-79.12
36533,180,-2.3126,14.3469,-79.12,-79.12
36542,180,-2.3126,14.8748,-79.12,-79.12
36543,180,-2.3126,14.8748,-79.12,-79.12
36544,180,-5.6531,14.8748,-79.12,-79.12
36544,180,-5.6531,14.8748,-79.12,-79.12
36554,180,-5.6531,14.4236,-79.12,-79.12
36554,180,-5.6531,14.4236,-79.12,-79.12
36555,180,-3.0835,14.4236,-79.12,-79.12
36555,180,-3.0835,14.4236,-79.12,-79.12
36566,180,1.8844,14.4236,-79.12,-79.12
36566,180,1.8844,14.4236,-79.12,-79.12
36566,180,1.8844,14.7936,-79.12,-79.12
36566,180,1.8844,14.7936,-79.12,-79.12
36577,180,4.2827,14.7936,-79.12,-79.12
36577,180,4.2827,14.7936,-79.12,-79.12
36578,180,4.2827,14.7485,-79.12,-79.12
36578,180,4.2827,14.7485,-79.12,-79.12
36588,180,4.7966,14.7485,-79.12,-79.12
36588,180,4.7966,14.7485,-79.12,-77.68
36590,180,4.7966,14.4191,-79.12,-79.12
36590,180,4.7966,14.4191,-79.12,-79.12
36599,180,0.3426,14.4191,-79.12,-79.12
36599,180,0.3426,14.4191,-79.12,-79.12
36602,180,0.3426,14.8748,-79.12,-79.12
36602,180,0.3426,14.8748,-79.12,-79.12
36610,180,2.7409,14.8748,-79.12,-79.12
36610,180,2.7409,14.8748,-77.68,-79.12
36613,180,2.7409,14.1033,-79.12,-79.12
36614,180,2.7409,14.1033,-79.12,-79.12
36621,180,-0.3426,14.1033,-79.12,-79.12
36621,180,-0.3426,14.1033,-79.12,-79.12
36625,180,-0.3426,14.6988,-79.12,-79.12
36625,180,-0.3426,14.6988,-79.12,-79.12
36632,180,-2.3983,14.6988,-79.12,-79.12
36632,180,-2.3983,14.6988,-79.12,-79.12
36637,180,-2.3983,15.0011,-79.12,-79.12
36637,180,-2.3983,15.0011,-79.12,-79.12
36643,180,-2.8266,15.0011,-79.12,-79.12
36643,180,-2.8266,15.0011,-79.12,-79.12
36649,180,-2.8266,15.0147,-79.12,-79.12
36649,180,-2.8266,15.0147,-79.12,-77.68
36654,180,-1.1991,15.0147,-79.12,-79.12
36654,180,-1.1991,15.0147,-79.12,-79.12
36661,180,-1.1991,15.3034,-79.12,-79.12
36661,180,-1.1991,15.3034,-79.12,-79.12
36665,180,3.3405,15.3034,-79.12,-79.12
36665,180,3.3405,15.3034,-79.12,-79.12
36673,180,3.3405,14.4327,-79.12,-79.12
36673,180,3.3405,14.4327,-79.12,-79.12
36676,180,-0.9422,14.4327,-79.12,-79.12
36676,180,-0.9422,14.4327,-79.12,-79.12
36684,180,-0.9422,15.0011,-79.12,-79.12
36685,180,-0.9422,15.0011,-77.68,-79.12
36687,180,4.4540,15.0011,-79.12,-79.12
36687,180,4.4540,15.0011,-79.12,-79.12
36696,180,4.4540,14.9380,-79.12,-79.12
36696,180,4.4540,14.9380,-79.12,-79.12
36698,180,-4.6253,14.9380,-79.12,-79.12
36698,180,-4.6253,14.9380,-79.12,-79.12
36708,180,-4.6253,14.9154,-79.12,-79.12
36708,180,-4.6253,14.9154,-79.12,-79.12
36709,180,0.1713,14.9154,-79.12,-77.68
36709,180,0.1713,14.9154,-79.12,-79.12
36720,180,3.5974,14.9154,-79.12,-79.12
36720,180,3.5974,14.9154,-79.12,-79.12
36720,180,3.5974,15.0553,-79.12,-79.12
36720,180,3.5974,15.0553,-79.12,-79.12
36731,180,-2.3983,15.0553,-79.12,-79.12
36731,180,-2.3983,15.0553,-79.12,-79.12
36732,180,-2.3983,14.6808,-79.12,-79.12
36732,180,-2.3983,14.6808,-79.12,-79.12
36742,180,-2.9122,14.6808,-79.12,-79.12
36742,180,-2.9122,14.6808,-79.12,-79.12
36744,180,-2.9122,15.3530,-79.12,-79.12
36744,180,-2.9122,15.3530,-79.12,-79.12
36753,180,-3.2548,15.3530,-79.12,-79.12
36753,180,-3.2548,15.3530,-79.12,-79.12
36755,180,-3.2548,15.0327,-79.12,-79.12
36755,180,-3.2548,15.0327,-77.68,-79.12
36764,180,3.3405,15.0327,-79.12,-79.12
36764,180,3.3405,15.0327,-79.12,-79.12
36767,180,3.3405,14.7259,-79.12,-79.12
36767,180,3.3405,14.7259,-79.12,-79.12
36775,180,-2.7409,14.7259,-79.12,-79.12
36775,180,-2.7409,14.7259,-79.12,-79.12
36779,180,-2.7409,15.0462,-79.12,-79.12
36779,180,-2.7409,15.0462,-79.12,-79.12
36785,180,4.3683,15.0462,-79.12,-79.12
36786,180,4.3683,15.0462,-79.12,-77.68
36791,180,4.3683,14.8162,-79.12,-79.12
36791,180,4.3683,14.8162,-77.68,-79.12
36796,180,-3.0835,14.8162,-79.12,-79.12
36797,180,-3.0835,14.8162,-79.12,-79.12
36803,180,-3.0835,15.1184,-79.12,-79.12
36803,180,-3.0835,15.1184,-79.12,-79.12
36807,180,1.5418,15.1184,-79.12,-79.12
36808,180,1.5418,15.1184,-79.12,-79.12
36815,180,1.5418,14.4236,-79.12,-79.12
36815,180,1.5418,14.4236,-79.12,-79.12
36818,180,2.3983,14.4236,-79.12,-79.12
36818,180,2.3983,14.4236,-79.12,-79.12
36826,180,2.3983,14.4823,-79.12,-79.12
36826,180,2.3983,14.4823,-79.12,-79.12
36829,180,6.9379,14.4823,-79.12,-79.12
36829,180,6.9379,14.4823,-79.12,-79.12
36838,180,6.9379,14.6086,-79.12,-79.12
36838,180,6.9379,14.6086,-79.12,-79.12
36840,180,-2.5696,14.6086,-79.12,-79.12
36840,180,-2.5696,14.6086,-79.12,-79.12
36850,180,-2.5696,14.5094,-79.12,-79.12
36850,180,-2.5696,14.5094,-79.12,-79.12
36851,180,-7.8801,14.5094,-79.12,-77.68
36851,180,-7.8801,14.5094,-79.12,-77.68
36862,180,-7.8801,15.1049,-79.12,-79.12
36862,180,-7.8801,15.1049,-79.12,-79.12
36862,180,4.4540,15.1049,-79.12,-79.12
36862,180,4.4540,15.1049,-79.12,-79.12
36873,180,2.3983,15.1049,-79.12,-79.12
36873,180,2.3983,15.1049,-79.12,-79.12
36874,180,2.3983,14.2793,-79.12,-79.12
36874,180,2.3983,14.2793,-79.12,-79.12
36884,180,5.9957,14.2793,-79.12,-77.68
36884,180,5.9957,14.2793,-79.12,-79.12
36886,180,5.9957,15.1500,-79.12,-79.12
36886,180,5.9957,15.1500,-79.12,-79.12
36895,180,0.9422,15.1500,-79.12,-79.12
36895,180,0.9422,15.1500,-79.12,-79.12
36897,180,0.9422,15.4794,-79.12,-79.12
36897,180,0.9422,15.4794,-79.12,-79.12
36906,180,3.8544,15.4794,-79.12,-79.12
36906,180,3.8544,15.4794,-79.12,-79.12
36909,180,3.8544,14.7801,-79.12,-79.12
36909,180,3.8544,14.7801,-77.68,-79.12
36917,180,-4.3683,14.7801,-79.12,-79.12
36917,180,-4.3683,14.7801,-79.12,-79.12
36921,180,-4.3683,15.1410,-79.12,-79.12
36921,180,-4.3683,15.1410,-79.12,-79.12
36928,180,-1.2848,15.1410,-79.12,-79.12
36928,180,-1.2848,15.1410,-79.12,-79.12
36933,180,-1.2848,14.7214,-79.12,-79.12
36933,180,-1.2848,14.7214,-79.12,-79.12
36939,180,3.5118,14.7214,-79.12,-79.12
36939,180,3.5118,14.7214,-79.12,-79.12
36945,180,3.5118,15.0959,-79.12,-79.12
36945,180,3.5118,15.0959,-79.12,-79.12
36950,180,0.1713,15.0959,-79.12,-79.12
36950,180,0.1713,15.0959,-79.12,-79.12
36957,180,0.1713,15.1049,-79.12,-79.12
36957,180,0.1713,15.1049,-79.12,-79.12
36961,180,1.1991,15.1049,-79.12,-79.12
36961,180,1.1991,15.1049,-79.12,-79.12
36968,180,1.1991,14.6988,-79.12,-79.12
36968,180,1.1991,14.6988,-79.12,-77.68
36972,180,8.6510,14.6988,-79.12,-79.12
36972,180,8.6510,14.6988,-79.12,-79.12
36980,180,8.6510,14.5500,-79.12,-79.12
36980,180,8.6510,14.5500,-79.12,-79.12
36983,180,2.3126,14.5500,-79.12,-79.12
36983,180,2.3126,14.5500,-79.12,-79.12
36992,180,2.3126,14.1259,-79.12,-79.12
36992,180,2.3126,14.1259,-77.68,-79.12
36994,180,-7.6231,14.1259,-79.12,-79.12
36994,180,-7.6231,14.1259,-79.12,-77.68
37004,180,-7.6231,14.6628,-79.12,-79.12
37004,180,-7.6231,14.6628,-79.12,-79.12
37005,180,-2.9979,14.6628,-79.12,-79.12
37005,180,-2.9979,14.6628,-79.12,-79.12
37016,180,-2.9979,14.4688,-79.12,-77.68
37016,180,-2.9979,14.4688,-79.12,-79.12
37016,180,-4.5396,14.4688,-79.12,-79.12
37016,180,-4.5396,14.4688,-79.12,-79.12
37027,180,-1.7987,14.4688,-79.12,-79.12
37027,180,-1.7987,14.4688,-79.12,-79.12
37028,180,-1.7987,14.6222,-79.12,-79.12
37028,180,-1.7987,14.6222,-79.12,-79.12
37038,180,3.0835,14.6222,-79.12,-79.12
37038,180,3.0835,14.6222,-79.12,-79.12
37039,180,3.0835,15.1004,-79.12,-79.12
37039,180,3.0835,15.1004,-79.12,-79.12
37049,180,3.7687,15.1004,-79.12,-79.12
37049,180,3.7687,15.1004,-79.12,-79.12
37051,180,3.7687,14.6492,-79.12,-79.12
37051,180,3.7687,14.6492,-79.12,-79.12
37060,180,2.9122,14.6492,-79.12,-79.12
37060,180,2.9122,14.6492,-79.12,-79.12
37063,180,2.9122,15.1049,-79.12,-79.12
37063,180,2.9122,15.1049,-79.12,-79.12
37071,180,6.3383,15.1049,-79.12,-79.12
37071,180,6.3383,15.1049,-79.12,-79.12
37075,180,6.3383,14.5725,-77.68,-79.12
37075,180,6.3383,14.5725,-79.12,-79.12
37082,180,-2.3983,14.5725,-79.12,-79.12
37082,180,-2.3983,14.5725,-79.12,-79.12
37087,180,-2.3983,14.8207,-79.12,-79.12
37087,180,-2.3983,14.8207,-79.12,-79.12
37093,180,-6.4240,14.8207,-79.12,-79.12
37093,180,-6.4240,14.8207,-79.12,-79.12
37099,180,-6.4240,14.6402,-79.12,-79.12
37099,180,-6.4240,14.6402,-79.12,-79.12
37104,180,1.9700,14.6402,-79.12,-79.12
37104,180,1.9700,14.6402,-79.12,-79.12
37110,180,1.9700,14.1665,-79.12,-77.68
37110,180,1.9700,14.1665,-79.12,-79.12
37115,180,1.1135,14.1665,-79.12,-79.12
37115,180,1.1135,14.1665,-79.12,-79.12
37122,180,1.1135,15.1049,-79.12,-79.12
37122,180,1.1135,15.1049,-79.12,-79.12
37126,180,2.9122,15.1049,-79.12,-79.12
37126,180,2.9122,15.1049,-79.12,-79.12
37134,180,2.9122,15.0056,-79.12,-79.12
37134,180,2.9122,15.0056,-79.12,-79.12
37137,180,7.4518,15.0056,-79.12,-79.12
37137,180,7.4518,15.0056,-79.12,-79.12
37146,180,7.4518,15.2222,-79.12,-79.12
37146,180,7.4518,15.2222,-79.12,-79.12
37148,180,5.3961,15.2222,-79.12,-79.12
37148,180,5.3961,15.2222,-79.12,-79.12
37158,180,5.3961,14.9289,-79.12,-79.12
37158,180,5.3961,14.9289,-79.12,-79.12
37159,180,-2.5696,14.9289,-79.12,-79.12
37159,180,-2.5696,14.9289,-79.12,-79.12
37170,180,-2.5696,14.4101,-79.12,-79.12
37170,180,-2.5696,14.4101,-79.12,-79.12
37170,180,-2.5696,14.4101,-79.12,-79.12
37181,180,-0.1713,14.4101,-79.12,-79.12
37181,180,-0.1713,14.4101,-77.68,-79.12
37181,180,-0.1713,15.1410,-79.12,-79.12
37181,180,-0.1713,15.1410,-79.12,-79.12
37192,180,0.4283,15.1410,-79.12,-79.12
37192,180,0.4283,15.1410,-79.12,-79.12
37193,180,0.4283,14.3830,-79.12,-79.12
37193,180,0.4283,14.3830,-79.12,-79.12
37203,180,5.2248,14.3830,-79.12,-79.12
37203,180,5.2248,14.3830,-79.12,-79.12
37205,180,5.2248,14.5815,-79.12,-77.68
37205,180,5.2248,14.5815,-79.12,-79.12
37214,180,-0.9422,14.5815,-79.12,-79.12
37214,180,-0.9422,14.5815,-79.12,-79.12
37217,180,-0.9422,14.2883,-79.12,-79.12
37217,180,-0.9422,14.2883,-79.12,-79.12
37224,180,-2.3126,14.2883,-79.12,-79.12
37225,180,-2.3126,14.2883,-79.12,-79.12
37229,180,-2.3126,14.4146,-79.12,-79.12
37229,180,-2.3126,14.4146,-79.12,-79.12
37235,180,-4.0257,14.4146,-79.12,-79.12
37236,180,-4.0257,14.4146,-79.12,-79.12
37241,180,-4.0257,15.3305,-79.12,-79.12
37241,180,-4.0257,15.3305,-79.12,-79.12
37246,180,10.1927,15.3305,-79.12,-79.12
37247,180,10.1927,15.3305,-79.12,-79.12
37252,180,10.1927,14.3695,-79.12,-79.12
37252,180,10.1927,14.3695,-79.12,-79.12
37257,180,1.6274,14.3695,-79.12,-79.12
37257,180,1.6274,14.3695,-79.12,-79.12
37264,180,1.6274,14.6763,-79.12,-79.12
37264,180,1.6274,14.6763,-79.12,-79.12
37268,180,-7.2805,14.6763,-79.12,-79.12
37268,180,-7.2805,14.6763,-79.12,-79.12
37276,180,-7.2805,14.6537,-79.12,-79.12
37276,180,-7.2805,14.6537,-79.12,-79.12
37279,180,-8.8223,14.6537,-79.12,-79.12
37279,180,-8.8223,14.6537,-79.12,-79.12
37288,180,-8.8223,14.6718,-79.12,-79.12
37288,180,-8.8223,14.6718,-79.12,-79.12
37290,180,1.5418,14.6718,-79.12,-79.12
37290,180,1.5418,14.6718,-79.12,-79.12
37300,180,1.5418,14.9380,-79.12,-79.12
37300,180,1.5418,14.9380,-79.12,-79.12
37301,180,6.4240,14.9380,-79.12,-79.12
37301,180,6.4240,14.9380,-79.12,-79.12
37312,180,6.4240,14.4642,-79.12,-79.12
37312,180,6.4240,14.4642,-79.12,-79.12
37312,180,4.2827,14.4642,-79.12,-79.12
37312,180,4.2827,14.4642,-79.12,-79.12
37323,180,-0.6852,14.4642,-79.12,-79.12
37323,180,-0.6852,14.4642,-79.12,-79.12
37323,180,-0.6852,14.6898,-79.12,-79.12
37323,180,-0.6852,14.6898,-79.12,-79.12
37334,180,-1.2848,14.6898,-79.12,-79.12
37334,180,-1.2848,14.6898,-79.12,-79.12
37335,180,-1.2848,14.3289,-79.12,-79.12
37335,180,-1.2848,14.3289,-79.12,-79.12
37345,180,7.9657,14.3289,-79.12,-79.12
37345,180,7.9657,14.3289,-79.12,-79.12
37347,180,7.9657,14.5364,-79.12,-79.12
37347,180,7.9657,14.5364,-79.12,-79.12
37356,180,4.5396,14.5364,-79.12,-79.12
37356,180,4.5396,14.5364,-79.12,-79.12
37359,180,4.5396,14.6943,-79.12,-79.12
37359,180,4.5396,14.6943,-79.12,-79.12
37367,180,8.9936,14.6943,-79.12,-79.12
37367,180,8.9936,14.6943,-79.12,-79.12
37371,180,8.9936,14.3740,-79.12,-79.12
37371,180,8.9936,14.3740,-79.12,-79.12
37378,180,6.4240,14.3740,-79.12,-79.12
37378,180,6.4240,14.3740,-79.12,-79.12
37383,180,6.4240,15.1184,-79.12,-79.12
37383,180,6.4240,15.1184,-79.12,-77.68
37389,180,12.0771,15.1184,-79.12,-79.12
37389,180,12.0771,15.1184,-79.12,-79.12
37394,180,12.0771,14.5184,-79.12,-79.12
37394,180,12.0771,14.5184,-79.12,-79.12
37400,180,4.7109,14.5184,-79.12,-79.12
37400,180,4.7109,14.5184,-79.12,-79.12
37406,180,4.7109,14.4327,-79.12,-79.12
37406,180,4.7109,14.4327,-79.12,-79.12
37411,180,-2.3126,14.4327,-79.12,-79.12
37411,180,-2.3126,14.4327,-79.12,-79.12
37418,180,-2.3126,14.4958,-79.12,-79.12
37418,180,-2.3126,14.4958,-79.12,-79.12
37422,180,-4.0257,14.4958,-79.12,-79.12
37422,180,-4.0257,14.4958,-79.12,-79.12
37430,180,-4.0257,14.2071,-79.12,-79.12
37430,180,-4.0257,14.2071,-79.12,-79.12
37433,180,-3.1692,14.2071,-79.12,-79.12
37433,180,-3.1692,14.2071,-79.12,-79.12
37442,180,-3.1692,15.1229,-79.12,-79.12
37442,180,-3.1692,15.1229,-79.12,-79.12
37444,180,-5.8244,15.1229,-79.12,-79.12
37444,180,-5.8244,15.1229,-79.12,-79.12
37454,180,-5.8244,14.7079,-79.12,-79.12
37454,180,-5.8244,14.7079,-79.12,-79.12
37455,180,-0.4283,14.7079,-79.12,-79.12
37455,180,-0.4283,14.7079,-79.12,-79.12
37465,180,-0.4283,14.9335,-79.12,-79.12
37465,180,-0.4283,14.9335,-79.12,-79.12
37466,180,-0.9422,14.9335,-77.68,-79.12
37466,180,-0.9422,14.9335,-79.12,-79.12
37477,180,-3.9400,14.9335,-79.12,-79.12
37477,180,-3.9400,14.9335,-79.12,-79.12
37477,180,-3.9400,14.6402,-79.12,-79.12
37477,180,-3.9400,14.6402,-79.12,-79.12
37488,180,1.4561,14.6402,-79.12,-79.12
37488,180,1.4561,14.6402,-79.12,-79.12
37489,180,1.4561,14.2116,-79.12,-79.12
37489,180,1.4561,14.2116,-79.12,-79.12
37499,180,-1.1991,14.2116,-79.12,-79.12
37499,180,-1.1991,14.2116,-79.12,-79.12
37501,180,-1.1991,14.9425,-79.12,-77.68
37501,180,-1.1991,14.9425,-79.12,-79.12
37510,180,-9.3362,14.9425,-79.12,-79.12
37510,180,-9.3362,14.9425,-79.12,-79.12
37513,180,-9.3362,14.4642,-79.12,-79.12
37513,180,-9.3362,14.4642,-79.12,-77.68
37521,180,-9.3362,14.4642,-79.12,-79.12
37521,180,-9.3362,14.4642,-79.12,-79.12
37525,180,-9.3362,14.7349,-79.12,-79.12
37525,180,-9.3362,14.7349,-79.12,-79.12
37532,180,-1.7131,14.7349,-79.12,-79.12
37532,180,-1.7131,14.7349,-79.12,-79.12
37536,180,-1.7131,14.7259,-79.12,-79.12
37536,180,-1.7131,14.7259,-79.12,-79.12
37543,180,-4.0257,14.7259,-79.12,-79.12
37543,180,-4.0257,14.7259,-79.12,-79.12
37548,180,-4.0257,14.8207,-79.12,-79.12
37548,180,-4.0257,14.8207,-79.12,-79.12
37554,180,-0.5139,14.8207,-79.12,-79.12
37554,180,-0.5139,14.8207,-79.12,-79.12
37560,180,-0.5139,15.0823,-79.12,-79.12
37560,180,-0.5139,15.0823,-79.12,-77.68
37565,180,2.5696,15.0823,-79.12,-79.12
37565,180,2.5696,15.0823,-79.12,-79.12
37572,180,2.5696,14.2206,-79.12,-79.12
37572,180,2.5696,14.2206,-79.12,-79.12
37576,180,-6.8522,14.2206,-79.12,-79.12
37576,180,-6.8522,14.2206,-79.12,-79.12
37584,180,-6.8522,14.4868,-79.12,-79.12
37584,180,-6.8522,14.4868,-77.68,-79.12
37587,180,-5.5675,14.4868,-79.12,-79.12
37587,180,-5.5675,14.4868,-79.12,-79.12
37596,180,-5.5675,14.1710,-79.12,-79.12
37596,180,-5.5675,14.1710,-79.12,-79.12
37598,180,-9.0792,14.1710,-79.12,-79.12
37598,180,-9.0792,14.1710,-79.12,-79.12
37607,180,-9.0792,14.2342,-79.12,-79.12
37607,180,-9.0792,14.2342,-79.12,-79.12
37609,180,-3.7687,14.2342,-79.12,-79.12
37609,180,-3.7687,14.2342,-79.12,-79.12
37619,180,-3.7687,15.1590,-79.12,-79.12
37619,180,-3.7687,15.1590,-79.12,-79.12
37620,180,4.5396,15.1590,-79.12,-79.12
37620,180,4.5396,15.1590,-79.12,-79.12
37631,180,2.0557,15.1590,-79.12,-79.12
37631,180,2.0557,15.1590,-79.12,-79.12
37631,180,2.0557,14.6673,-79.12,-79.12
37631,180,2.0557,14.6673,-79.12,-77.68
37642,180,-2.2270,14.6673,-79.12,-79.12
37642,180,-2.2270,14.6673,-79.12,-79.12
37643,180,-2.2270,15.3666,-79.12,-79.12
37643,180,-2.2270,15.3666,-79.12,-79.12
37653,180,-3.5974,15.3666,-79.12,-79.12
37653,180,-3.5974,15.3666,-77.68,-79.12
37655,180,-3.5974,14.9876,-79.12,-79.12
37655,180,-3.5974,14.9876,-79.12,-79.12
37663,180,4.2827,14.9876,-79.12,-79.12
37664,180,4.2827,14.9876,-79.12,-79.12
37667,180,4.2827,14.8342,-79.12,-79.12
37667,180,4.2827,14.8342,-79.12,-79.12
37674,180,1.9700,14.8342,-79.12,-79.12
37675,180,1.9700,14.8342,-79.12,-79.12
37678,180,1.9700,15.0417,-79.12,-79.12
37678,180,1.9700,15.0417,-79.12,-79.12
37685,180,2.9122,15.0417,-79.12,-79.12
37686,180,2.9122,15.0417,-79.12,-79.12
37690,180,2.9122,14.5500,-79.12,-79.12
37690,180,2.9122,14.5500,-79.12,-79.12
37696,180,-1.2848,14.5500,-79.12,-79.12
37696,180,-1.2848,14.5500,-79.12,-79.12
37702,180,-1.2848,14.7755,-79.12,-79.12
37702,180,-1.2848,14.7755,-79.12,-79.12
37707,180,4.5396,14.7755,-79.12,-79.12
37707,180,4.5396,14.7755,-79.12,-79.12
37714,180,4.5396,14.3063,-79.12,-79.12
37714,180,4.5396,14.3063,-79.12,-79.12
37718,180,7.0236,14.3063,-79.12,-79.12
37718,180,7.0236,14.3063,-79.12,-79.12
37726,180,7.0236,14.5094,-79.12,-79.12
37726,180,7.0236,14.5094,-79.12,-79.12
37729,180,3.1692,14.5094,-79.12,-79.12
37729,180,3.1692,14.5094,-79.12,-79.12
37738,180,3.1692,14.7891,-79.12,-79.12
37738,180,3.1692,14.7891,-79.12,-79.12
37740,180,-9.8501,14.7891,-79.12,-79.12
37740,180,-9.8501,14.7891,-79.12,-79.12
37749,180,-9.8501,14.7034,-79.12,-79.12
37749,180,-9.8501,14.7034,-79.12,-79.12
37751,180,-10.9636,14.7034,-79.12,-79.12
37751,180,-10.9636,14.7034,-79.12,-79.12
37761,180,-10.9636,15.2402,-79.12,-79.12
37761,180,-10.9636,15.2402,-79.12,-79.12
37762,180,-2.3983,15.2402,-79.12,-79.12
37762,180,-2.3983,15.2402,-79.12,-79.12
37773,180,-2.3983,14.7349,-79.12,-79.12
37773,180,-2.3983,14.7349,-79.12,-79.12
37773,180,2.7409,14.7349,-79.12,-79.12
37773,180,2.7409,14.7349,-79.12,-79.12
37784,180,5.1392,14.7349,-79.12,-79.12
37784,180,5.1392,14.7349,-79.12,-79.12
37785,180,5.1392,15.1545,-79.12,-79.12
37785,180,5.1392,15.1545,-79.12,-79.12
37795,180,-2.1413,15.1545,-79.12,-79.12
37795,180,-2.1413,15.1545,-79.12,-79.12
37797,180,-2.1413,15.1906,-79.12,-79.12
37797,180,-2.1413,15.1906,-79.12,-79.12
37806,180,-0.5139,15.1906,-79.12,-79.12
37806,180,-0.5139,15.1906,-79.12,-79.12
37809,180,-0.5139,14.6131,-79.12,-77.68
37809,180,-0.5139,14.6131,-79.12,-79.12
37817,180,1.7987,14.6131,-79.12,-79.12
37817,180,1.7987,14.6131,-79.12,-79.12
37820,180,1.7987,14.8748,-79.12,-79.12
37820,180,1.7987,14.8748,-79.12,-79.12
37828,180,8.2227,14.8748,-79.12,-79.12
37828,180,8.2227,14.8748,-79.12,-79.12
37832,180,8.2227,14.4642,-79.12,-79.12
37832,180,8.2227,14.4642,-79.12,-79.12
37839,180,1.2848,14.4642,-79.12,-79.12
37839,180,1.2848,14.4642,-79.12,-79.12
37844,180,1.2848,15.1139,-79.12,-79.12
37844,180,1.2848,15.1139,-79.12,-79.12
37850,180,-9.3362,15.1139,-79.12,-79.12
37850,180,-9.3362,15.1139,-79.12,-79.12
37856,180,-9.3362,14.8793,-79.12,-79.12
37856,180,-9.3362,14.8793,-79.12,-79.12
37861,180,1.7131,14.8793,-79.12,-79.12
37861,180,1.7131,14.8793,-79.12,-79.12
37868,180,1.7131,14.5319,-79.12,-79.12
37868,180,1.7131,14.5319,-79.12,-79.12
37872,180,2.6552,14.5319,-79.12,-79.12
37872,180,2.6552,14.5319,-79.12,-79.12
37880,180,2.6552,15.1590,-79.12,-79.12
37880,180,2.6552,15.1590,-79.12,-79.12
37883,180,-0.8565,15.1590,-79.12,-79.12
37883,180,-0.8565,15.1590,-79.12,-79.12
37891,180,-0.8565,14.5094,-79.12,-79.12
37892,180,-0.8565,14.5094,-79.12,-79.12
37894,180,-8.0514,14.5094,-79.12,-79.12
37894,180,-8.0514,14.5094,-79.12,-79.12
37903,180,-8.0514,14.7440,-79.12,-79.12
37903,180,-8.0514,14.7440,-79.12,-79.12
37905,180,-2.1413,14.7440,-79.12,-79.12
37905,180,-2.1413,14.7440,-79.12,-79.12
37915,180,-2.1413,14.4191,-79.12,-79.12
37915,180,-2.1413,14.4191,-79.12,-79.12
37916,180,-10.5353,14.4191,-79.12,-79.12
37916,180,-10.5353,14.4191,-79.12,-79.12
37927,180,-4.8822,14.4191,-79.12,-79.12
37927,180,-4.8822,14.6492,-79.12,-79.12
37927,180,-4.8822,14.6492,-79.12,-79.12
37938,180,0.6852,14.6492,-79.12,-79.12
37938,180,0.6852,14.6492,-79.12,-79.12
37939,180,0.6852,15.1049,-79.12,-79.12
37939,180,0.6852,15.1049,-79.12,-79.12
37949,180,8.1370,15.1049,-79.12,-79.12
37949,180,8.1370,15.1049,-79.12,-79.12
37951,180,8.1370,14.6447,-79.12,-79.12
37951,180,8.1370,14.6447,-79.12,-77.68
37960,180,4.0257,14.6447,-79.12,-79.12
37960,180,4.0257,14.6447,-79.12,-79.12
37962,180,4.0257,15.2944,-79.12,-79.12
37963,180,4.0257,15.2944,-79.12,-79.12
37971,180,7.6231,15.2944,-79.12,-79.12
37971,180,7.6231,15.2944,-79.12,-79.12
37974,180,7.6231,14.8477,-79.12,-79.12
37974,180,7.6231,14.8477,-79.12,-79.12
37982,180,10.0214,14.8477,-79.12,-79.12
37982,180,10.0214,14.8477,-79.12,-79.12
37986,180,10.0214,14.4913,-79.12,-79.12
37986,180,10.0214,14.4913,-79.12,-79.12
37993,180,3.1692,14.4913,-79.12,-79.12
37993,180,3.1692,14.4913,-79.12,-79.12
37998,180,3.1692,14.8748,-79.12,-79.12
37998,180,3.1692,14.8748,-79.12,-79.12
38004,180,4.0257,14.8748,-79.12,-79.12
38004,180,4.0257,14.8748,-79.12,-79.12
38010,180,4.0257,14.4507,-79.12,-79.12
38010,180,4.0257,14.4507,-79.12,-79.12
38015,180,-1.0278,14.4507,-79.12,-79.12
38015,180,-1.0278,14.4507,-79.12,-79.12
38022,180,-1.0278,14.9876,-79.12,-79.12
38022,180,-1.0278,14.9876,-79.12,-79.12
38026,180,-0.8565,14.9876,-79.12,-79.12
38026,180,-0.8565,14.9876,-79.12,-79.12
38033,180,-0.8565,14.4507,-79.12,-79.12
38033,180,-0.8565,14.4507,-79.12,-79.12
38037,180,-5.7388,14.4507,-79.12,-79.12
38037,180,-5.7388,14.4507,-79.12,-79.12
38045,180,-5.7388,15.0733,-79.12,-79.12
38045,180,-5.7388,15.0733,-79.12,-79.12
38048,180,3.4261,15.0733,-79.12,-79.12
38048,180,3.4261,15.0733,-79.12,-79.12
38057,180,3.4261,14.8658,-79.12,-79.12
38057,180,3.4261,14.8658,-79.12,-79.12
38059,180,2.2270,14.8658,-79.12,-79.12
38059,180,2.2270,14.8658,-79.12,-79.12
38069,180,2.2270,14.3063,-79.12,-79.12
38069,180,2.2270,14.3063,-79.12,-79.12
38070,180,2.1413,14.3063,-79.12,-79.12
38070,180,2.1413,14.3063,-79.12,-79.12
38081,180,-2.3983,14.3063,-79.12,-79.12
38081,180,-2.3983,14.3063,-79.12,-79.12
38081,180,-2.3983,14.9064,-79.12,-79.12
38081,180,-2.3983,14.9064,-79.12,-79.12
38091,180,2.3983,14.9064,-79.12,-79.12
38092,180,2.3983,14.9064,-79.12,-79.12
38093,180,2.3983,14.4011,-79.12,-79.12
38093,180,2.3983,14.4011,-79.12,-79.12
38102,180,9.2505,14.4011,-79.12,-79.12
38103,180,9.2505,14.4011,-79.12,-79.12
38104,180,9.2505,14.6537,-79.12,-79.12
38104,180,9.2505,14.6537,-79.12,-79.12
38113,180,11.9914,14.6537,-79.12,-79.12
38114,180,11.9914,14.6537,-77.68,-79.12
38116,180,11.9914,14.4642,-79.12,-79.12
38116,180,11.9914,14.4642,-79.12,-79.12
38124,180,9.5075,14.4642,-79.12,-79.12
38124,180,9.5075,14.4642,-79.12,-79.12
38128,180,9.5075,14.6267,-79.12,-79.12
38128,180,9.5075,14.6267,-79.12,-79.12
38135,180,-6.6809,14.6267,-79.12,-79.12
38135,180,-6.6809,14.6267,-79.12,-79.12
38140,180,-6.6809,14.8613,-79.12,-79.12
38140,180,-6.6809,14.8613,-79.12,-79.12
38146,180,-6.7666,14.8613,-79.12,-79.12
38146,180,-6.7666,14.8613,-79.12,-79.12
38152,180,-6.7666,14.3424,-79.12,-79.12
38152,180,-6.7666,14.3424,-79.12,-79.12
38157,180,3.1692,14.3424,-79.12,-79.12
38157,180,3.1692,14.3424,-79.12,-79.12
38164,180,3.1692,15.1004,-79.12,-79.12
38164,180,3.1692,15.1004,-79.12,-79.12
38168,180,5.2248,15.1004,-79.12,-79.12
38168,180,5.2248,15.1004,-79.12,-79.12
38175,180,5.2248,14.6718,-79.12,-79.12
38175,180,5.2248,14.6718,-79.12,-79.12
38179,180,-4.5396,14.6718,-79.12,-79.12
38179,180,-4.5396,14.6718,-79.12,-79.12
38187,180,-4.5396,14.8071,-79.12,-79.12
38187,180,-4.5396,14.8071,-79.12,-79.12
38190,180,-0.8565,14.8071,-79.12,-79.12
38190,180,-0.8565,14.8071,-79.12,-79.12
38199,180,-0.8565,15.1951,-79.12,-79.12
38199,180,-0.8565,15.1951,-79.12,-79.12
38201,180,0.9422,15.1951,-79.12,-79.12
38201,180,0.9422,15.1951,-79.12,-79.12
38211,180,0.9422,14.3875,-79.12,-77.68
38211,180,0.9422,14.3875,-79.12,-79.12
38212,180,-3.5974,14.3875,-79.12,-79.12
38212,180,-3.5974,14.3875,-79.12,-79.12
38223,180,-3.5974,14.9064,-79.12,-79.12
38223,180,-3.5974,14.9064,-79.12,-79.12
38223,180,5.1392,14.9064,-79.12,-79.12
38223,180,5.1392,14.9064,-79.12,-77.68
38234,180,5.3961,14.9064,-79.12,-79.12
38234,180,5.3961,14.9064,-79.12,-77.68
38235,180,5.3961,14.6267,-79.12,-79.12
38235,180,5.3961,14.6267,-79.12,-79.12
38245,180,1.4561,14.6267,-79.12,-79.12
38245,180,1.4561,14.6267,-79.12,-79.12
38246,180,1.4561,14.7846,-79.12,-79.12
38246,180,1.4561,14.7846,-79.12,-79.12
38256,180,-8.7366,14.7846,-79.12,-79.12
38256,180,-8.7366,14.7846,-79.12,-79.12
38258,180,-8.7366,15.3756,-79.12,-79.12
38258,180,-8.7366,15.3756,-79.12,-79.12
38267,180,1.7987,15.3756,-79.12,-79.12
38267,180,1.7987,15.3756,-79.12,-79.12
38270,180,1.7987,14.9786,-79.12,-79.12
38270,180,1.7987,14.9786,-79.12,-79.12
38278,180,5.3105,14.9786,-79.12,-79.12
38278,180,5.3105,14.9786,-79.12,-79.12
38282,180,5.3105,15.1771,-79.12,-79.12
38282,180,5.3105,15.1771,-79.12,-79.12
38289,180,-0.5139,15.1771,-79.12,-79.12
38289,180,-0.5139,15.1771,-79.12,-79.12
38294,180,-0.5139,14.7395,-79.12,-79.12
38294,180,-0.5139,14.7395,-79.12,-79.12
38300,180,-4.4540,14.7395,-79.12,-79.12
38300,180,-4.4540,14.7395,-79.12,-79.12
38306,180,-4.4540,14.7349,-79.12,-79.12
38306,180,-4.4540,14.7349,-79.12,-79.12
38311,180,-5.6531,14.7349,-79.12,-79.12
38311,180,-5.6531,14.7349,-79.12,-79.12
38317,180,-5.6531,14.5409,-79.12,-79.12
38317,180,-5.6531,14.5409,-79.12,-79.12
38322,180,1.6274,14.5409,-79.12,-79.12
38322,180,1.6274,14.5409,-79.12,-79.12
38329,180,1.6274,14.1033,-79.12,-79.12
38329,180,1.6274,14.1033,-79.12,-77.68
38333,180,0.9422,14.1033,-79.12,-79.12
38333,180,0.9422,14.1033,-79.12,-79.12
38341,180,0.9422,14.9605,-79.12,-79.12
38341,180,0.9422,14.9605,-79.12,-79.12
38344,180,-2.0557,14.9605,-79.12,-79.12
38344,180,-2.0557,14.9605,-79.12,-79.12
38353,180,-2.0557,14.5364,-79.12,-79.12
38353,180,-2.0557,14.5364,-79.12,-79.12
38355,180,-8.2227,14.5364,-79.12,-79.12
38355,180,-8.2227,14.5364,-79.12,-79.12
38365,180,-8.2227,14.5996,-79.12,-79.12
38365,180,-8.2227,14.5996,-79.12,-79.12
38366,180,-5.5675,14.5996,-79.12,-77.68
38366,180,-5.5675,14.5996,-79.12,-79.12
