10637,180,-10.4497,18.8270,-79.12,-79.12
10643,180,-9.5931,18.8270,-77.68,-79.12
10649,180,-9.5931,19.1879,-79.12,-79.12
10654,180,0.8565,19.1879,-79.12,-79.12
10661,180,0.8565,18.9217,-79.12,-79.12
10665,180,0.1713,18.9217,-79.12,-79.12
10672,180,0.1713,18.4886,-79.12,-79.12
10676,180,-0.0857,18.4886,-79.12,-79.12
10684,180,-0.0857,18.5969,-79.12,-79.12
10687,180,-0.1713,18.5969,-79.12,-79.12
10696,180,-0.1713,18.8225,-79.12,-79.12
10698,180,-1.5418,18.8225,-79.12,-77.68
10708,180,-1.5418,18.7548,-79.12,-79.12
10709,180,1.1135,18.7548,-79.12,-79.12
10720,180,2.9979,18.7548,-79.12,-79.12
10720,180,2.9979,18.9307,-79.12,-79.12
10730,180,6.1670,18.9307,-79.12,-79.12
10732,180,6.1670,19.0661,-79.12,-79.12
10741,180,-3.2548,19.0661,-79.12,-79.12
10743,180,-3.2548,18.4615,-79.12,-79.12
10752,180,11.9058,18.4615,-79.12,-79.12
10755,180,11.9058,18.1954,-79.12,-79.12
10763,180,-1.5418,18.1954,-79.12,-79.12
10767,180,-1.5418,18.2044,-79.12,-79.12
10774,180,0.5996,18.2044,-79.12,-79.12
10779,180,0.5996,18.6420,-79.12,-79.12
10785,180,-1.2848,18.6420,-79.12,-79.12
10791,180,-1.2848,19.0751,-79.12,-79.12
10796,180,-8.3084,19.0751,-79.12,-79.12
10803,180,-8.3084,18.8360,-79.12,-79.12
10807,180,-6.2527,18.8360,-79.12,-79.12
10814,180,-6.2527,18.3713,-79.12,-79.12
10818,180,-2.9122,18.3713,-79.12,-79.12
10826,180,-2.9122,18.0600,-79.12,-79.12
10829,180,0.1713,18.0600,-79.12,-79.12
10838,180,0.1713,17.8254,-79.12,-79.12
10840,180,-13.1906,17.8254,-79.12,-79.12
10850,180,-13.1906,18.3803,-79.12,-79.12
10851,180,-2.9979,18.3803,-79.12,-79.12
10862,180,-2.9979,19.1789,-79.12,-79.12
10862,180,0.4283,19.1789,-79.12,-79.12
10873,180,1.3704,19.1789,-79.12,-79.12
10874,180,1.3704,18.5382,-79.12,-79.12
10884,180,-9.5931,18.5382,-79.12,-79.12
10885,180,-9.5931,18.6285,-79.12,-79.12
10895,180,-10.2784,18.6285,-79.12,-79.12
10897,180,-10.2784,18.6871,-79.12,-79.12
10906,180,-6.5953,18.6871,-77.68,-79.12
10909,180,-6.5953,19.0571,-79.12,-79.12
10917,180,-4.0257,19.0571,-79.12,-79.12
10921,180,-4.0257,18.7277,-79.12,-79.12
10928,180,0.0000,18.7277,-79.12,-79.12
10933,180,0.0000,18.5834,-79.12,-79.12
10939,180,0.3426,18.5834,-79.12,-79.12
10945,180,0.3426,18.3668,-79.12,-79.12
10950,180,-7.1949,18.3668,-79.12,-79.12
10956,180,-7.1949,18.4570,-79.12,-79.12
10961,180,-13.8758,18.4570,-79.12,-79.12
10968,180,-13.8758,18.7593,-79.12,-79.12
10972,180,-0.0857,18.7593,-79.12,-79.12
10980,180,-0.0857,18.7187,-79.12,-79.12
10983,180,-8.4797,18.7187,-79.12,-79.12
10992,180,-8.4797,18.7052,-79.12,-79.12
10994,180,-5.7388,18.7052,-79.12,-79.12
11004,180,-5.7388,18.3442,-79.12,-79.12
11005,180,-10.6210,18.3442,-79.12,-79.12
11015,180,-10.6210,17.9427,-79.12,-79.12
11016,180,-3.5974,17.9427,-79.12,-79.12
11027,180,-1.5418,17.9427,-79.12,-79.12
11027,180,-1.5418,18.4661,-79.12,-79.12
11038,180,-2.3126,18.4661,-79.12,-79.12
11039,180,-2.3126,18.5247,-79.12,-79.12
11049,180,0.5139,18.5247,-77.68,-79.12
11051,180,0.5139,18.1322,-79.12,-79.12
11060,180,1.6274,18.1322,-79.12,-79.12
11063,180,1.6274,18.1232,-79.12,-79.12
11071,180,7.1949,18.1232,-79.12,-79.12
11075,180,7.1949,18.2766,-79.12,-79.12
11082,180,-3.0835,18.2766,-79.12,-79.12
11086,180,-3.0835,18.7548,-79.12,-79.12
11092,180,1.9700,18.7548,-79.12,-79.12
11098,180,1.9700,18.3668,-79.12,-79.12
11103,180,-2.3983,18.3668,-79.12,-79.12
11110,180,-2.3983,18.4029,-79.12,-79.12
11114,180,2.9979,18.4029,-79.12,-79.12
11122,180,2.9979,18.5518,-79.12,-79.12
11125,180,-8.0514,18.5518,-79.12,-79.12
11134,180,-8.0514,18.6375,-79.12,-79.12
11136,180,-14.4754,18.6375,-79.12,-79.12
11146,180,-14.4754,18.9668,-79.12,-79.12
11147,180,-7.9657,18.9668,-79.12,-79.12
11157,180,-7.9657,19.2781,-79.12,-79.12
11158,180,-4.3683,19.2781,-79.12,-79.12
11169,180,-5.3105,19.1518,-79.12,-79.12
11180,180,-7.9657,19.1518,-79.12,-79.12
11181,180,-7.9657,18.3848,-79.12,-79.12
11191,180,-4.0257,18.3848,-79.12,-79.12
11193,180,-4.0257,18.4796,-79.12,-77.68
11202,180,-7.4518,18.4796,-79.12,-79.12
11213,180,0.9422,18.4796,-79.12,-79.12
11217,180,0.9422,17.8074,-79.12,-79.12
11224,180,-3.9400,17.8074,-79.12,-79.12
11228,180,-3.9400,18.1322,-79.12,-79.12
11235,180,0.9422,18.1322,-79.12,-79.12
11240,180,0.9422,18.4480,-79.12,-79.12
11246,180,1.6274,18.4480,-79.12,-79.12
11252,180,1.6274,18.4841,-79.12,-79.12
11257,180,-0.4283,18.4841,-79.12,-79.12
11264,180,-0.4283,18.4706,-79.12,-79.12
11268,180,-6.2527,18.4706,-79.12,-79.12
11276,180,-6.2527,18.0735,-79.12,-79.12
11288,180,-6.2527,17.8525,-79.12,-79.12
11290,180,3.4261,17.8525,-79.12,-79.12
11299,180,3.4261,18.2495,-79.12,-79.12
11301,180,-8.3084,18.2495,-79.12,-79.12
11311,180,-8.3084,19.1022,-79.12,-79.12
11312,180,-6.5953,19.1022,-79.12,-79.12
11323,180,-12.5910,19.1022,-79.12,-79.12
11323,180,-12.5910,18.8766,-79.12,-79.12
11334,180,-6.1670,18.8766,-79.12,-79.12
11335,180,-6.1670,18.5924,-79.12,-79.12
11345,180,-8.9079,18.5924,-79.12,-79.12
11347,180,-8.9079,18.8947,-79.12,-79.12
11356,180,-5.8244,18.8947,-79.12,-79.12
11359,180,-5.8244,18.5157,-79.12,-79.12
11367,180,-6.1670,18.5157,-79.12,-79.12
11370,180,-6.1670,18.3848,-79.12,-79.12
11378,180,0.1713,18.3848,-79.12,-79.12
11382,180,0.1713,18.0465,-79.12,-79.12
11389,180,0.2570,18.0465,-79.12,-79.12
11394,180,0.2570,18.0284,-79.12,-79.12
11400,180,-13.0193,18.0284,-79.12,-79.12
11406,180,-13.0193,18.7187,-77.68,-79.12
11411,180,-2.4839,18.7187,-79.12,-79.12
11418,180,-2.4839,18.9217,-79.12,-79.12
11422,180,2.8266,18.9217,-79.12,-79.12
11430,180,2.8266,18.7142,-79.12,-79.12
11433,180,4.7109,18.7142,-79.12,-77.68
11441,180,4.7109,18.5021,-79.12,-79.12
11444,180,-7.0236,18.5021,-79.12,-79.12
11453,180,-7.0236,18.6330,-79.12,-79.12
11454,180,2.6552,18.6330,-79.12,-79.12
11465,180,2.6552,18.3758,-79.12,-79.12
11465,180,-3.6831,18.3758,-79.12,-79.12
11476,180,-8.3940,18.3758,-79.12,-79.12
11477,180,-8.3940,18.3397,-79.12,-79.12
11487,180,-1.5418,18.3397,-79.12,-79.12
11489,180,-1.5418,18.4525,-79.12,-79.12
11498,180,-4.8822,18.4525,-79.12,-79.12
11501,180,-4.8822,18.3397,-79.12,-79.12
11509,180,0.1713,18.3397,-79.12,-79.12
11520,180,1.9700,18.3397,-79.12,-79.12
11524,180,1.9700,18.1908,-79.12,-79.12
11531,180,1.1991,18.1908,-79.12,-79.12
11536,180,1.1991,18.3578,-79.12,-79.12
11542,180,-7.7088,18.3578,-79.12,-79.12
11548,180,-7.7088,18.6059,-79.12,-79.12
11553,180,-2.9979,18.6059,-79.12,-79.12
11560,180,-2.9979,18.1818,-79.12,-77.68
11564,180,-5.9957,18.1818,-79.12,-79.12
11571,180,-5.9957,18.2675,-79.12,-79.12
11575,180,-1.6274,18.2675,-79.12,-79.12
11583,180,-1.6274,18.5518,-79.12,-79.12
11586,180,0.0857,18.5518,-79.12,-79.12
11595,180,0.0857,18.4254,-79.12,-77.68
11597,180,-5.9101,18.4254,-79.12,-79.12
11607,180,-5.9101,18.7142,-79.12,-79.12
11608,180,-11.3919,18.7142,-79.12,-79.12
11619,180,-11.3919,18.4390,-79.12,-79.12
11619,180,-16.1028,18.4390,-79.12,-79.12
11630,180,-2.9122,18.4390,-79.12,-79.12
11631,180,-2.9122,18.4480,-79.12,-79.12
11641,180,-7.9657,18.4480,-79.12,-79.12
11642,180,-7.9657,18.5879,-79.12,-79.12
11652,180,1.8844,18.5879,-79.12,-79.12
11654,180,1.8844,18.7097,-79.12,-79.12
11663,180,2.7409,18.7097,-79.12,-79.12
11666,180,2.7409,18.3397,-79.12,-79.12
11674,180,2.9122,18.3397,-79.12,-79.12
11678,180,2.9122,17.6991,-79.12,-79.12
11685,180,-10.1071,17.6991,-79.12,-79.12
11690,180,-10.1071,17.9923,-79.12,-79.12
11696,180,-9.9358,17.9923,-79.12,-79.12
11702,180,-9.9358,18.1908,-79.12,-79.12
11707,180,-9.8501,18.1908,-79.12,-79.12
11713,180,-9.8501,18.3939,-79.12,-79.12
11718,180,-4.0257,18.3939,-79.12,-79.12
11725,180,-4.0257,18.9759,-79.12,-79.12
11729,180,6.2527,18.9759,-79.12,-79.12
11737,180,6.2527,18.9172,-79.12,-79.12
11740,180,2.0557,18.9172,-79.12,-79.12
11749,180,2.0557,18.7187,-79.12,-79.12
11751,180,4.6253,18.7187,-79.12,-79.12
11761,180,4.6253,18.6510,-79.12,-79.12
11762,180,-2.6552,18.6510,-79.12,-79.12
11773,180,-2.6552,18.5924,-79.12,-79.12
11773,180,-2.1413,18.5924,-79.12,-79.12
11784,180,-9.5931,18.5924,-79.12,-79.12
11784,180,-9.5931,18.4796,-79.12,-79.12
11795,180,3.2548,18.4796,-79.12,-79.12
11796,180,3.2548,18.3352,-79.12,-79.12
11806,180,-2.5696,18.3352,-79.12,-79.12
11808,180,-2.5696,18.7864,-79.12,-79.12
11816,180,-6.2527,18.7864,-79.12,-79.12
11820,180,-6.2527,18.4661,-79.12,-79.12
11827,180,-4.3683,18.4661,-79.12,-79.12
11832,180,-4.3683,18.1141,-79.12,-79.12
11838,180,-8.6510,18.1141,-79.12,-79.12
11844,180,-8.6510,17.9292,-79.12,-79.12
11849,180,0.3426,17.9292,-79.12,-79.12
11855,180,0.3426,18.3262,-79.12,-79.12
11860,180,-2.4839,18.3262,-79.12,-79.12
11867,180,-2.4839,18.5879,-79.12,-79.12
11871,180,-7.7944,18.5879,-79.12,-79.12
11879,180,-7.7944,18.6285,-79.12,-79.12
11882,180,-4.0257,18.6285,-79.12,-79.12
11891,180,-4.0257,18.9353,-79.12,-79.12
11893,180,5.3105,18.9353,-79.12,-79.12
11903,180,5.3105,18.7683,-79.12,-79.12
11904,180,0.0857,18.7683,-79.12,-79.12
11915,180,0.0857,18.8134,-79.12,-79.12
11915,180,5.9957,18.8134,-79.12,-79.12
11926,180,-5.3961,18.8134,-79.12,-79.12
11926,180,-5.3961,18.9488,-79.12,-79.12
11937,180,-0.6852,18.9488,-79.12,-79.12
11938,180,-0.6852,18.4751,-79.12,-79.12
11948,180,1.6274,18.4751,-79.12,-79.12
11950,180,1.6274,18.1773,-79.12,-79.12
11959,180,3.5118,18.1773,-79.12,-79.12
11962,180,3.5118,18.4841,-79.12,-79.12
11970,180,11.1349,18.4841,-79.12,-79.12
11974,180,11.1349,19.0841,-79.12,-79.12
11981,180,-0.1713,19.0841,-79.12,-79.12
11986,180,-0.1713,19.1518,-79.12,-77.68
11992,180,-0.7709,19.1518,-79.12,-79.12
11997,180,-0.7709,18.7367,-79.12,-79.12
12003,180,-4.6253,18.7367,-79.12,-79.12
12009,180,-4.6253,18.6555,-79.12,-79.12
12014,180,2.9122,18.6555,-79.12,-79.12
12021,180,2.9122,19.0029,-79.12,-79.12
12025,180,-6.2527,19.0029,-79.12,-79.12
12033,180,-6.2527,19.0796,-79.12,-79.12
12036,180,-9.1649,19.0796,-79.12,-79.12
12045,180,-9.1649,18.5698,-79.12,-79.12
12047,180,-8.3940,18.5698,-79.12,-79.12
12057,180,-8.3940,18.0826,-79.12,-79.12
12058,180,-3.1692,18.0826,-79.12,-79.12
12068,180,-3.1692,18.3713,-79.12,-79.12
12069,180,-1.5418,18.3713,-79.12,-79.12
12080,180,-6.1670,18.3713,-79.12,-77.68
12080,180,-6.1670,18.6059,-79.12,-79.12
12091,180,1.1991,18.6059,-79.12,-79.12
12092,180,1.1991,18.7142,-79.12,-79.12
12102,180,-8.2227,18.7142,-79.12,-79.12
12104,180,-8.2227,18.4931,-79.12,-79.12
12113,180,-6.4240,18.4931,-79.12,-79.12
12116,180,-6.4240,18.4751,-79.12,-79.12
12124,180,-12.2484,18.4751,-79.12,-79.12
12127,180,-12.2484,18.6465,-79.12,-79.12
12135,180,0.7709,18.6465,-79.12,-79.12
12139,180,0.7709,18.8947,-79.12,-79.12
12146,180,1.7987,18.8947,-79.12,-79.12
12151,180,1.7987,19.0977,-79.12,-79.12
12157,180,1.1991,19.0977,-79.12,-79.12
12163,180,1.1991,18.4886,-79.12,-79.12
12167,180,1.4561,18.4886,-79.12,-79.12
12175,180,1.4561,17.9833,-79.12,-79.12
12178,180,-2.9979,17.9833,-79.12,-79.12
12187,180,-2.9979,18.2766,-79.12,-79.12
12189,180,-1.9700,18.2766,-79.12,-79.12
12198,180,-1.9700,18.3036,-79.12,-79.12
12200,180,-3.7687,18.3036,-79.12,-79.12
12210,180,-3.7687,18.3397,-79.12,-79.12
12211,180,3.0835,18.3397,-79.12,-79.12
12222,180,3.0835,18.4751,-79.12,-79.12
12222,180,-13.0193,18.4751,-79.12,-77.68
12233,180,-3.3405,18.4751,-79.12,-79.12
12234,180,-3.3405,18.5834,-79.12,-79.12
12244,180,-7.1092,18.5834,-79.12,-77.68
12246,180,-7.1092,18.4390,-79.12,-79.12
12255,180,-6.3383,18.4390,-79.12,-79.12
12258,180,-6.3383,18.1141,-79.12,-79.12
12266,180,-14.1328,18.1141,-79.12,-79.12
12269,180,-14.1328,17.8931,-79.12,-79.12
12277,180,-15.9315,17.8931,-79.12,-79.12
12281,180,-15.9315,18.0735,-79.12,-79.12
12288,180,-5.1392,18.0735,-79.12,-79.12
12293,180,-5.1392,18.2179,-79.12,-79.12
12299,180,-6.1670,18.2179,-79.12,-79.12
12305,180,-6.1670,18.3397,-79.12,-79.12
12310,180,-0.8565,18.3397,-79.12,-79.12
12317,180,-0.8565,18.0961,-79.12,-79.12
12321,180,-2.3126,18.0961,-79.12,-79.12
12329,180,-2.3126,18.2856,-79.12,-79.12
12332,180,3.5974,18.2856,-79.12,-79.12
12340,180,3.5974,18.1367,-79.12,-79.12
12343,180,-7.4518,18.1367,-79.12,-79.12
12352,180,-7.4518,18.4886,-79.12,-79.12
12354,180,-1.9700,18.4886,-79.12,-77.68
12364,180,-1.9700,18.6375,-79.12,-79.12
12365,180,-7.2805,18.6375,-79.12,-79.12
12376,180,-6.1670,18.6375,-79.12,-79.12
12376,180,-6.1670,18.3533,-79.12,-79.12
12387,180,-1.8844,18.3533,-79.12,-79.12
12388,180,-1.8844,18.2856,-79.12,-79.12
12398,180,-4.8822,18.2856,-79.12,-79.12
12400,180,-4.8822,17.9788,-79.12,-79.12
12409,180,-1.1135,17.9788,-79.12,-79.12
12411,180,-1.1135,17.7216,-79.12,-77.68
12420,180,-4.1970,17.7216,-79.12,-79.12
12423,180,-4.1970,18.0374,-79.12,-79.12
12431,180,-4.0257,18.0374,-79.12,-79.12
12435,180,-4.0257,18.2269,-79.12,-79.12
12442,180,-6.8522,18.2269,-79.12,-79.12
12447,180,-6.8522,18.4390,-79.12,-79.12
12453,180,5.1392,18.4390,-79.12,-79.12
12459,180,5.1392,18.4751,-79.12,-79.12
12464,180,-1.9700,18.4751,-79.12,-79.12
12471,180,-1.9700,18.2044,-79.12,-79.12
12475,180,-6.2527,18.2044,-79.12,-79.12
12482,180,-6.2527,18.0781,-79.12,-79.12
12486,180,-4.0257,18.0781,-79.12,-79.12
12494,180,-4.0257,18.1457,-79.12,-79.12
12497,180,0.9422,18.1457,-79.12,-79.12
12506,180,0.9422,18.2314,-79.12,-79.12
12508,180,3.6831,18.2314,-79.12,-79.12
12518,180,3.6831,17.9833,-79.12,-79.12
12519,180,-6.8522,17.9833,-79.12,-79.12
12529,180,1.1135,17.9833,-79.12,-79.12
12530,180,1.1135,18.5473,-79.12,-79.12
12540,180,1.0278,18.5473,-79.12,-79.12
12542,180,1.0278,18.3397,-79.12,-79.12
12551,180,6.2527,18.3397,-79.12,-79.12
12553,180,6.2527,18.2901,-79.12,-79.12
12562,180,-8.1370,18.2901,-79.12,-79.12
12565,180,-8.1370,18.2630,-79.12,-79.12
12573,180,-4.1113,18.2630,-79.12,-79.12
12577,180,-4.1113,18.0555,-79.12,-79.12
12584,180,-9.2505,18.0555,-79.12,-79.12
12589,180,-9.2505,18.0871,-79.12,-79.12
12595,180,-3.5118,18.0871,-79.12,-79.12
12601,180,-3.5118,18.1051,-79.12,-79.12
12606,180,-1.5418,18.1051,-79.12,-79.12
12613,180,-1.5418,18.4796,-79.12,-79.12
12617,180,-10.4497,18.4796,-79.12,-79.12
12624,180,-10.4497,18.2585,-79.12,-79.12
12628,180,-1.9700,18.2585,-79.12,-79.12
12636,180,-1.9700,18.0104,-79.12,-79.12
12639,180,-7.1949,18.0104,-79.12,-79.12
12648,180,-7.1949,18.1908,-79.12,-79.12
12650,180,-2.4839,18.1908,-79.12,-79.12
12660,180,-2.4839,18.4931,-79.12,-79.12
12661,180,-10.7066,18.4931,-77.68,-79.12
12672,180,-10.7066,18.7999,-79.12,-79.12
12672,180,0.6852,18.7999,-79.12,-79.12
12683,180,-7.7088,18.7999,-79.12,-79.12
12684,180,-7.7088,18.8044,-79.12,-79.12
12694,180,-1.2848,18.8044,-79.12,-79.12
12695,180,-1.2848,18.5473,-79.12,-79.12
12705,180,-11.2206,18.5473,-79.12,-79.12
12707,180,-11.2206,18.7593,-79.12,-79.12
12716,180,-12.7623,18.7593,-79.12,-79.12
12719,180,-12.7623,18.5698,-79.12,-79.12
12727,180,-7.8801,18.5698,-79.12,-79.12
12731,180,-7.8801,18.3442,-79.12,-79.12
12738,180,-14.0471,18.3442,-79.12,-79.12
12743,180,-14.0471,18.4345,-79.12,-79.12
12749,180,-13.1906,18.4345,-79.12,-79.12
12754,180,-13.1906,18.2495,-79.12,-79.12
12760,180,-7.4518,18.2495,-79.12,-79.12
12766,180,-7.4518,18.1187,-79.12,-79.12
12771,180,4.8822,18.1187,-79.12,-79.12
12778,180,4.8822,18.2585,-77.68,-79.12
12782,180,-8.9079,18.2585,-79.12,-79.12
12790,180,-8.9079,18.2450,-79.12,-79.12
12802,180,-8.9079,18.4164,-79.12,-79.12
12804,180,-11.5632,18.4164,-79.12,-79.12
12814,180,-11.5632,18.3758,-79.12,-79.12
12815,180,-9.3362,18.3758,-79.12,-79.12
12825,180,-9.3362,18.4435,-79.12,-79.12
12826,180,-5.5675,18.4435,-79.12,-79.12
12837,180,-8.0514,18.4435,-79.12,-79.12
12837,180,-8.0514,18.2405,-79.12,-79.12
12848,180,-5.4818,18.2405,-79.12,-79.12
12849,180,-5.4818,18.3939,-79.12,-79.12
12859,180,-2.9122,18.3939,-79.12,-79.12
12861,180,-2.9122,18.0735,-79.12,-79.12
12870,180,6.1670,18.0735,-79.12,-79.12
12873,180,6.1670,18.1187,-79.12,-79.12
12881,180,-3.4261,18.1187,-79.12,-79.12
12885,180,-3.4261,18.5788,-79.12,-79.12
12892,180,-2.9979,18.5788,-79.12,-79.12
12896,180,-2.9979,18.4886,-79.12,-79.12
12902,180,-12.2484,18.4886,-79.12,-79.12
12908,180,-12.2484,18.1502,-79.12,-79.12
12913,180,-3.0835,18.1502,-79.12,-79.12
12920,180,-3.0835,17.9923,-79.12,-79.12
12924,180,-0.2570,17.9923,-79.12,-79.12
12932,180,-0.2570,18.3984,-79.12,-79.12
12935,180,0.8565,18.3984,-79.12,-79.12
12944,180,0.8565,18.3081,-79.12,-79.12
12946,180,-0.5139,18.3081,-79.12,-79.12
12956,180,-0.5139,18.7187,-79.12,-79.12
12957,180,-4.1970,18.7187,-79.12,-79.12
12967,180,-4.1970,19.0480,-79.12,-79.12
12968,180,-2.8266,19.0480,-79.12,-79.12
12979,180,-2.8266,18.5743,-79.12,-79.12
12979,180,-8.5653,18.5743,-79.12,-79.12
12990,180,1.4561,18.5743,-79.12,-79.12
12991,180,1.4561,17.8841,-79.12,-79.12
13001,180,3.2548,17.8841,-79.12,-79.12
13003,180,3.2548,17.9156,-79.12,-79.12
13012,180,7.0236,17.9156,-79.12,-79.12
13015,180,7.0236,18.1638,-79.12,-79.12
13023,180,2.0557,18.1638,-79.12,-79.12
13027,180,2.0557,17.7758,-79.12,-79.12
13034,180,3.9400,17.7758,-79.12,-79.12
13038,180,3.9400,17.7126,-79.12,-79.12
13045,180,-2.1413,17.7126,-79.12,-79.12
13050,180,-2.1413,18.1773,-79.12,-79.12
13056,180,0.7709,18.1773,-79.12,-79.12
13062,180,0.7709,18.3307,-79.12,-79.12
13067,180,7.5375,18.3307,-79.12,-79.12
13074,180,7.5375,18.4119,-79.12,-79.12
13078,180,-6.5953,18.4119,-79.12,-79.12
13086,180,-6.5953,18.5834,-79.12,-79.12
13089,180,-6.9379,18.5834,-79.12,-79.12
13098,180,-6.9379,18.4435,-79.12,-79.12
13100,180,-1.3704,18.4435,-79.12,-79.12
13109,180,-1.3704,18.2856,-79.12,-79.12
13111,180,-0.7709,18.2856,-79.12,-79.12
13121,180,-0.7709,17.9698,-79.12,-79.12
13122,180,-12.7623,17.9698,-79.12,-79.12
13133,180,-6.7666,17.9698,-79.12,-79.12
13133,180,-6.7666,17.6901,-79.12,-79.12
13144,180,-2.2270,17.6901,-79.12,-79.12
13145,180,-2.2270,17.8434,-79.12,-79.12
13155,180,-0.7709,17.8434,-79.12,-79.12
13157,180,-0.7709,17.9788,-79.12,-79.12
13166,180,-8.1370,17.9788,-79.12,-79.12
13169,180,-8.1370,17.9743,-79.12,-79.12
13177,180,-9.5075,17.9743,-79.12,-79.12
13180,180,-9.5075,17.8119,-79.12,-79.12
13188,180,-7.2805,17.8119,-79.12,-79.12
13192,180,-7.2805,17.8841,-79.12,-79.12
13199,180,-7.5375,17.8841,-79.12,-79.12
13204,180,-7.5375,17.7487,-79.12,-79.12
13210,180,5.2248,17.7487,-79.12,-79.12
13216,180,5.2248,17.5096,-79.12,-79.12
13221,180,1.5418,17.5096,-79.12,-79.12
13228,180,1.5418,18.0690,-79.12,-79.12
13232,180,-1.3704,18.0690,-79.12,-79.12
13240,180,-1.3704,17.7758,-79.12,-79.12
13243,180,-11.5632,17.7758,-79.12,-79.12
13251,180,-11.5632,18.1863,-79.12,-79.12
13254,180,0.2570,18.1863,-79.12,-79.12
13263,180,0.2570,18.2630,-79.12,-79.12
13265,180,-6.5096,18.2630,-79.12,-77.68
13275,180,-6.5096,18.0690,-79.12,-79.12
13275,180,-3.5974,18.0690,-79.12,-79.12
13286,180,-0.6852,18.0690,-79.12,-79.12
13287,180,-0.6852,18.0645,-79.12,-79.12
13297,180,-7.9657,18.0645,-79.12,-77.68
13299,180,-7.9657,17.6765,-79.12,-79.12
13308,180,-6.5096,17.6765,-79.12,-79.12
13311,180,-6.5096,17.5321,-79.12,-79.12
13319,180,-14.7323,17.5321,-79.12,-79.12
13322,180,-14.7323,17.5818,-79.12,-79.12
13330,180,-6.2527,17.5818,-79.12,-79.12
13334,180,-6.2527,17.9021,-79.12,-79.12
13341,180,-1.1135,17.9021,-79.12,-79.12
13346,180,-1.1135,18.2269,-79.12,-79.12
13352,180,4.3683,18.2269,-79.12,-79.12
13358,180,4.3683,18.0374,-79.12,-79.12
13363,180,-9.0792,18.0374,-79.12,-79.12
13370,180,-9.0792,17.7442,-79.12,-79.12
13374,180,-3.5974,17.7442,-79.12,-79.12
13381,180,-3.5974,18.0600,-79.12,-79.12
13385,180,-9.9358,18.0600,-79.12,-79.12
13393,180,-9.9358,17.9968,-77.68,-79.12
13396,180,-10.2784,17.9968,-79.12,-79.12
13405,180,-10.2784,17.4915,-79.12,-79.12
13407,180,-0.9422,17.4915,-79.12,-79.12
13417,180,-0.9422,17.0990,-79.12,-79.12
13418,180,-7.6231,17.0990,-79.12,-79.12
13429,180,-7.6231,17.7352,-79.12,-79.12
13429,180,-5.7388,17.7352,-79.12,-79.12
13440,180,-10.4497,17.7352,-79.12,-79.12
13441,180,-10.4497,17.9066,-79.12,-79.12
13451,180,5.9101,17.9066,-79.12,-79.12
13452,180,5.9101,18.1096,-79.12,-79.12
13462,180,-1.2848,18.1096,-79.12,-79.12
13464,180,-1.2848,18.3036,-79.12,-79.12
13473,180,1.7987,18.3036,-79.12,-79.12
13476,180,1.7987,18.0600,-79.12,-79.12
13484,180,-1.8844,18.0600,-79.12,-79.12
13488,180,-1.8844,18.1954,-79.12,-79.12
13495,180,-5.6531,18.1954,-79.12,-79.12
13500,180,-5.6531,18.1502,-79.12,-79.12
13506,180,-7.8801,18.1502,-79.12,-79.12
13512,180,-7.8801,18.0420,-79.12,-79.12
13517,180,-6.5096,18.0420,-79.12,-77.68
13523,180,-6.5096,17.9517,-79.12,-79.12
13528,180,-0.5996,17.9517,-79.12,-77.68
13535,180,-0.5996,17.6765,-79.12,-79.12
13539,180,-2.3983,17.6765,-79.12,-79.12
13547,180,-2.3983,17.5412,-79.12,-79.12
13550,180,-2.3126,17.5412,-79.12,-79.12
13559,180,-2.3126,17.5547,-79.12,-79.12
13561,180,-9.6788,17.5547,-79.12,-79.12
13571,180,-9.6788,17.9788,-79.12,-79.12
13572,180,-0.7709,17.9788,-79.12,-79.12
13583,180,-0.7709,18.2179,-79.12,-79.12
13583,180,-8.3084,18.2179,-79.12,-79.12
13594,180,-0.4283,18.2179,-79.12,-79.12
13594,180,-0.4283,18.1322,-79.12,-77.68
13605,180,-6.6809,18.1322,-79.12,-79.12
13606,180,-6.6809,18.1773,-79.12,-79.12
13616,180,-0.7709,18.1773,-79.12,-79.12
13618,180,-0.7709,17.9562,-79.12,-79.12
13627,180,2.9122,17.9562,-79.12,-79.12
13630,180,2.9122,17.8299,-79.12,-79.12
13638,180,-0.0857,17.8299,-79.12,-79.12
13642,180,-0.0857,18.2089,-79.12,-79.12
13649,180,2.3126,18.2089,-79.12,-79.12
13654,180,2.3126,18.3307,-79.12,-79.12
13660,180,1.3704,18.3307,-79.12,-79.12
13665,180,1.3704,18.1187,-79.12,-79.12
13670,180,2.0557,18.1187,-79.12,-79.12
13677,180,2.0557,18.0555,-79.12,-79.12
13681,180,-8.1370,18.0555,-79.12,-79.12
13689,180,-8.1370,18.1457,-79.12,-79.12
13692,180,2.2270,18.1457,-79.12,-79.12
13701,180,2.2270,18.0645,-79.12,-79.12
13703,180,-2.5696,18.0645,-79.12,-79.12
13713,180,-2.5696,17.8434,-79.12,-79.12
13714,180,-0.5139,17.8434,-79.12,-79.12
13725,180,-0.5139,17.8209,-79.12,-79.12
13725,180,5.2248,17.8209,-79.12,-79.12
13736,180,1.9700,17.8209,-79.12,-79.12
13736,180,1.9700,17.8299,-79.12,-79.12
13747,180,4.2827,17.8299,-77.68,-79.12
13748,180,4.2827,17.9788,-79.12,-79.12
13758,180,-1.2848,17.9788,-77.68,-79.12
13760,180,-1.2848,18.1908,-79.12,-79.12
13769,180,1.5418,18.1908,-79.12,-79.12
13772,180,1.5418,18.3578,-79.12,-79.12
13780,180,-4.4540,18.3578,-79.12,-79.12
13784,180,-4.4540,17.9427,-79.12,-79.12
13791,180,8.1370,17.9427,-79.12,-79.12
13796,180,8.1370,17.7532,-79.12,-79.12
13802,180,-2.3126,17.7532,-79.12,-79.12
13807,180,-2.3126,17.7983,-79.12,-79.12
13813,180,-0.4283,17.7983,-79.12,-79.12
13819,180,-0.4283,17.6901,-79.12,-79.12
13824,180,-8.5653,17.6901,-79.12,-79.12
13831,180,-8.5653,18.1096,-79.12,-79.12
13835,180,-3.4261,18.1096,-79.12,-77.68
13843,180,-3.4261,17.9607,-79.12,-79.12
13846,180,-5.7388,17.9607,-79.12,-79.12
13855,180,-5.7388,17.9247,-79.12,-79.12
13857,180,-2.3126,17.9247,-79.12,-79.12
13867,180,-2.3126,17.8209,-79.12,-79.12
13868,180,4.5396,17.8209,-79.12,-79.12
13878,180,4.5396,17.6043,-79.12,-79.12
13879,180,-6.5953,17.6043,-79.12,-79.12
13890,180,-0.5139,17.6043,-79.12,-79.12
13890,180,-0.5139,17.5637,-79.12,-79.12
13901,180,-2.2270,17.5637,-79.12,-79.12
13902,180,-2.2270,17.7668,-79.12,-79.12
13912,180,0.2570,17.7668,-79.12,-79.12
13914,180,0.2570,17.4870,-79.12,-79.12
13923,180,-6.3383,17.4870,-79.12,-79.12
13926,180,-6.3383,17.7216,-79.12,-79.12
13934,180,-2.2270,17.7216,-79.12,-79.12
13937,180,-2.2270,18.1863,-79.12,-79.12
13945,180,-1.3704,18.1863,-79.12,-79.12
13949,180,-1.3704,18.0735,-79.12,-79.12
13956,180,-7.0236,18.0735,-79.12,-79.12
13961,180,-7.0236,17.9292,-79.12,-77.68
13967,180,-6.5953,17.9292,-79.12,-79.12
13973,180,-6.5953,17.8164,-79.12,-79.12
13978,180,-7.6231,17.8164,-79.12,-79.12
13985,180,-7.6231,17.8119,-79.12,-79.12
13989,180,2.9122,17.8119,-79.12,-79.12
13997,180,2.9122,17.8931,-79.12,-79.12
14000,180,2.3983,17.8931,-79.12,-79.12
14008,180,2.3983,18.3352,-79.12,-79.12
14011,180,0.5139,18.3352,-79.12,-79.12
14020,180,0.5139,17.9698,-79.12,-79.12
14022,180,-5.6531,17.9698,-79.12,-79.12
14032,180,-5.6531,17.7668,-79.12,-79.12
14032,180,-0.5139,17.7668,-79.12,-79.12
14043,180,-4.5396,17.7668,-79.12,-79.12
14044,180,-4.5396,17.7622,-79.12,-79.12
14054,180,0.7709,17.7622,-79.12,-77.68
14056,180,0.7709,17.5773,-79.12,-79.12
14065,180,0.6852,17.5773,-79.12,-79.12
14068,180,0.6852,17.6224,-79.12,-79.12
14076,180,2.0557,17.6224,-79.12,-79.12
14079,180,2.0557,17.7713,-79.12,-79.12
14087,180,5.2248,17.7713,-79.12,-79.12
14091,180,5.2248,18.0149,-79.12,-79.12
14098,180,7.1092,18.0149,-79.12,-79.12
14103,180,7.1092,18.4254,-79.12,-79.12
14109,180,1.0278,18.4254,-79.12,-79.12
14115,180,1.0278,18.4615,-79.12,-79.12
14120,180,-8.8223,18.4615,-79.12,-79.12
14127,180,-8.8223,18.3803,-79.12,-79.12
14131,180,-6.0814,18.3803,-79.12,-79.12
14139,180,-6.0814,18.1728,-79.12,-79.12
14142,180,-7.7088,18.1728,-79.12,-79.12
14150,180,-7.7088,18.1638,-79.12,-79.12
14153,180,0.6852,18.1638,-79.12,-79.12
14162,180,0.6852,18.7458,-79.12,-79.12
14164,180,-4.5396,18.7458,-79.12,-79.12
14174,180,-4.5396,18.5969,-79.12,-79.12
14175,180,-0.1713,18.5969,-79.12,-79.12
14186,180,-0.1713,18.3352,-79.12,-79.12
14186,180,-1.3704,18.3352,-79.12,-79.12
14197,180,-2.1413,18.3352,-79.12,-79.12
14198,180,-2.1413,18.0465,-79.12,-79.12
14208,180,-3.5118,18.0465,-79.12,-79.12
14210,180,-3.5118,17.5773,-79.12,-79.12
14219,180,-0.7709,17.5773,-79.12,-77.68
14221,180,-0.7709,17.7352,-79.12,-79.12
14230,180,2.0557,17.7352,-79.12,-79.12
14233,180,2.0557,17.5773,-79.12,-79.12
14241,180,-3.8544,17.5773,-79.12,-79.12
14245,180,-3.8544,17.4961,-79.12,-79.12
14252,180,-3.1692,17.4961,-79.12,-79.12
14257,180,-3.1692,17.8344,-79.12,-79.12
14263,180,-0.0857,17.8344,-79.12,-79.12
14269,180,-0.0857,18.0329,-79.12,-79.12
14274,180,1.3704,18.0329,-79.12,-79.12
14281,180,1.3704,17.4464,-79.12,-79.12
14285,180,-5.5675,17.4464,-79.12,-79.12
14292,180,-5.5675,17.2885,-79.12,-79.12
14296,180,-4.7966,17.2885,-79.12,-79.12
14304,180,-4.7966,17.9066,-79.12,-79.12
14307,180,4.1113,17.9066,-79.12,-79.12
14316,180,4.1113,18.0735,-79.12,-79.12
14318,180,3.1692,18.0735,-79.12,-79.12
14328,180,3.1692,18.2540,-79.12,-79.12
14329,180,5.2248,18.2540,-79.12,-79.12
14340,180,-5.7388,18.2540,-79.12,-79.12
14340,180,-5.7388,18.4390,-79.12,-79.12
14351,180,-6.8522,18.4390,-79.12,-79.12
14352,180,-6.8522,18.5382,-79.12,-79.12
14362,180,-18.3298,18.5382,-79.12,-79.12
14363,180,-18.3298,18.3578,-79.12,-79.12
14373,180,-3.5118,18.3578,-79.12,-79.12
14375,180,-3.5118,17.7487,-79.12,-79.12
14384,180,-0.3426,17.7487,-79.12,-79.12
14387,180,-0.3426,17.8028,-79.12,-79.12
14394,180,4.7109,17.8028,-79.12,-79.12
14399,180,4.7109,17.8841,-79.12,-79.12
14405,180,-0.6852,17.8841,-79.12,-79.12
14411,180,-0.6852,18.1818,-79.12,-79.12
14416,180,-7.7088,18.1818,-77.68,-79.12
14423,180,-7.7088,18.1502,-79.12,-79.12
14427,180,-4.0257,18.1502,-79.12,-79.12
14434,180,-4.0257,17.9833,-79.12,-79.12
14438,180,-11.9058,17.9833,-79.12,-79.12
14446,180,-11.9058,17.6494,-79.12,-79.12
14449,180,-4.6253,17.6494,-79.12,-79.12
14458,180,-4.6253,17.3336,-79.12,-79.12
14460,180,-5.8244,17.3336,-79.12,-79.12
14470,180,-5.8244,17.5998,-79.12,-79.12
14471,180,-4.1113,17.5998,-79.12,-79.12
14482,180,-4.1113,18.1322,-79.12,-79.12
14482,180,-7.9657,18.1322,-79.12,-79.12
14493,180,-5.1392,18.1322,-77.68,-79.12
14494,180,-5.1392,18.0690,-79.12,-79.12
14504,180,-13.2762,18.0690,-79.12,-79.12
14505,180,-13.2762,17.9607,-79.12,-79.12
14515,180,-2.7409,17.9607,-79.12,-77.68
14517,180,-2.7409,17.7938,-79.12,-79.12
14526,180,4.1113,17.7938,-79.12,-79.12
14529,180,4.1113,17.6765,-79.12,-79.12
14537,180,-0.4283,17.6765,-79.12,-79.12
14541,180,-0.4283,17.6946,-79.12,-77.68
14548,180,0.1713,17.6946,-79.12,-79.12
14553,180,0.1713,17.5637,-79.12,-79.12
14559,180,-9.4218,17.5637,-79.12,-79.12
14564,180,-9.4218,17.6088,-79.12,-79.12
14570,180,4.7966,17.6088,-79.12,-79.12
14576,180,4.7966,17.7126,-79.12,-79.12
14581,180,-1.9700,17.7126,-79.12,-79.12
14588,180,-1.9700,17.4645,-79.12,-79.12
14592,180,3.1692,17.4645,-79.12,-79.12
14600,180,3.1692,17.5728,-79.12,-79.12
14603,180,-4.0257,17.5728,-79.12,-79.12
14612,180,-4.0257,17.3923,-79.12,-79.12
14614,180,-4.5396,17.3923,-79.12,-79.12
14624,180,-4.5396,17.1441,-79.12,-79.12
14625,180,-8.2227,17.1441,-79.12,-79.12
14635,180,-8.2227,17.3833,-79.12,-79.12
14636,180,-5.8244,17.3833,-79.12,-79.12
14647,180,1.7131,17.3833,-79.12,-79.12
14647,180,1.7131,18.0600,-79.12,-79.12
14658,180,4.0257,18.0600,-79.12,-79.12
14659,180,4.0257,17.9472,-77.68,-79.12
14669,180,11.2206,17.9472,-79.12,-79.12
14671,180,11.2206,17.9111,-79.12,-79.12
14680,180,1.7131,17.9111,-79.12,-79.12
14683,180,1.7131,17.6991,-79.12,-79.12
14691,180,2.4839,17.6991,-79.12,-79.12
14695,180,2.4839,17.4870,-79.12,-79.12
14702,180,-10.3640,17.4870,-79.12,-79.12
14706,180,-10.3640,17.6314,-79.12,-77.68
14713,180,-1.4561,17.6314,-79.12,-79.12
14718,180,-1.4561,17.4825,-79.12,-79.12
14724,180,-2.4839,17.4825,-79.12,-79.12
14730,180,-2.4839,17.5412,-79.12,-79.12
14735,180,-0.8565,17.5412,-79.12,-79.12
14742,180,-0.8565,17.2885,-79.12,-79.12
14746,180,1.8844,17.2885,-79.12,-79.12
14754,180,1.8844,17.1396,-79.12,-79.12
14757,180,-7.3662,17.1396,-79.12,-79.12
14766,180,-7.3662,17.4690,-79.12,-79.12
14768,180,-5.3105,17.4690,-79.12,-79.12
14777,180,-5.3105,17.3788,-79.12,-79.12
14778,180,-6.2527,17.3788,-79.12,-79.12
14789,180,-6.2527,17.7758,-79.12,-79.12
14789,180,-1.1991,17.7758,-79.12,-79.12
14800,180,-9.8501,17.7758,-79.12,-79.12
14801,180,-9.8501,17.7668,-79.12,-79.12
14811,180,-5.7388,17.7668,-79.12,-79.12
14813,180,-5.7388,17.5367,-79.12,-79.12
14822,180,-15.0749,17.5367,-79.12,-79.12
14825,180,-15.0749,17.5682,-79.12,-79.12
14833,180,-5.9101,17.5682,-79.12,-79.12
14837,180,-5.9101,17.6449,-79.12,-79.12
14844,180,-1.5418,17.6449,-79.12,-79.12
14848,180,-1.5418,17.7487,-79.12,-79.12
14855,180,0.2570,17.7487,-79.12,-79.12
14860,180,0.2570,17.3517,-79.12,-79.12
14866,180,6.6809,17.3517,-79.12,-79.12
14872,180,6.6809,17.5953,-79.12,-79.12
14877,180,-4.4540,17.5953,-79.12,-79.12
14884,180,-4.4540,17.4464,-79.12,-79.12
14888,180,-5.8244,17.4464,-79.12,-79.12
14896,180,-5.8244,17.3742,-79.12,-79.12
14899,180,-1.1135,17.3742,-79.12,-79.12
14908,180,-1.1135,17.8299,-79.12,-79.12
14910,180,6.0814,17.8299,-79.12,-79.12
14919,180,6.0814,17.5186,-79.12,-79.12
14921,180,2.3983,17.5186,-79.12,-79.12
14931,180,2.3983,17.2569,-79.12,-79.12
14932,180,8.6510,17.2569,-79.12,-79.12
14943,180,8.6510,17.2389,-79.12,-79.12
14943,180,-2.3983,17.2389,-79.12,-79.12
14954,180,-5.9101,17.2389,-79.12,-79.12
14955,180,-5.9101,17.7668,-79.12,-79.12
14965,180,-6.4240,17.7668,-79.12,-79.12
14967,180,-6.4240,18.1999,-79.12,-79.12
14976,180,-7.5375,18.1999,-79.12,-79.12
14979,180,-7.5375,18.1638,-79.12,-79.12
14987,180,-1.5418,18.1638,-79.12,-79.12
14990,180,-1.5418,18.5202,-79.12,-79.12
14998,180,0.9422,18.5202,-79.12,-79.12
15002,180,0.9422,18.4345,-79.12,-79.12
15009,180,-1.5418,18.4345,-79.12,-79.12
15014,180,-1.5418,18.3984,-79.12,-79.12
15020,180,-5.9957,18.3984,-79.12,-79.12
15026,180,-5.9957,18.1367,-77.68,-79.12
15031,180,0.8565,18.1367,-79.12,-79.12
15038,180,0.8565,17.9156,-79.12,-79.12
15042,180,-6.2527,17.9156,-79.12,-79.12
15050,180,-6.2527,18.0510,-79.12,-79.12
15053,180,-0.8565,18.0510,-79.12,-79.12
15061,180,-0.8565,17.8119,-79.12,-79.12
15064,180,-9.9358,17.8119,-79.12,-79.12
15073,180,-9.9358,17.6449,-79.12,-79.12
15075,180,-9.6788,17.6449,-79.12,-79.12
15085,180,-9.6788,17.4961,-79.12,-79.12
15086,180,-2.6552,17.4961,-79.12,-79.12
15097,180,-3.5118,17.4961,-79.12,-79.12
15097,180,-3.5118,17.5998,-79.12,-79.12
15108,180,6.1670,17.5998,-79.12,-79.12
15109,180,6.1670,17.8795,-79.12,-79.12
15119,180,-0.6852,17.8795,-79.12,-79.12
15121,180,-0.6852,17.5367,-79.12,-79.12
15130,180,-4.8822,17.5367,-79.12,-79.12
15132,180,-4.8822,17.4239,-79.12,-79.12
15141,180,-0.3426,17.4239,-79.12,-79.12
15144,180,-0.3426,17.6269,-79.12,-79.12
15152,180,8.6510,17.6269,-79.12,-79.12
15156,180,8.6510,17.5051,-79.12,-79.12
15163,180,3.1692,17.5051,-79.12,-77.68
15168,180,3.1692,17.2524,-79.12,-79.12
15174,180,8.1370,17.2524,-79.12,-79.12
15180,180,8.1370,17.1035,-79.12,-77.68
15184,180,3.4261,17.1035,-79.12,-79.12
15192,180,3.4261,17.4915,-79.12,-79.12
15195,180,-5.7388,17.4915,-79.12,-79.12
15203,180,-5.7388,17.8164,-79.12,-79.12
15206,180,-11.2206,17.8164,-79.12,-79.12
15215,180,-11.2206,17.4554,-79.12,-79.12
15217,180,-5.1392,17.4554,-79.12,-79.12
15227,180,-5.1392,17.3066,-79.12,-79.12
15228,180,-2.5696,17.3066,-79.12,-79.12
15239,180,-2.5696,17.6675,-79.12,-79.12
15239,180,-10.3640,17.6675,-79.12,-79.12
15250,180,4.1970,17.6675,-79.12,-79.12
15251,180,4.1970,17.9111,-79.12,-79.12
15261,180,-4.0257,17.9111,-79.12,-79.12
15263,180,-4.0257,17.7938,-79.12,-79.12
15272,180,-5.4818,17.7938,-79.12,-77.68
15274,180,-5.4818,17.7713,-79.12,-79.12
15283,180,-7.6231,17.7713,-79.12,-79.12
15286,180,-7.6231,17.9021,-79.12,-79.12
15294,180,3.9400,17.9021,-79.12,-79.12
15298,180,3.9400,17.5186,-79.12,-79.12
15305,180,0.3426,17.5186,-79.12,-79.12
15310,180,0.3426,17.3968,-79.12,-79.12
15316,180,-6.1670,17.3968,-79.12,-79.12
15322,180,-6.1670,17.5728,-79.12,-79.12
15327,180,-4.7109,17.5728,-79.12,-79.12
15334,180,-4.7109,17.5818,-77.68,-79.12
15338,180,1.0278,17.5818,-79.12,-79.12
15345,180,1.0278,17.5321,-79.12,-79.12
15349,180,7.9657,17.5321,-79.12,-79.12
15357,180,7.9657,17.2795,-79.12,-79.12
15360,180,-2.7409,17.2795,-79.12,-79.12
15369,180,-2.7409,17.4509,-79.12,-79.12
15371,180,1.8844,17.4509,-79.12,-79.12
15381,180,1.8844,17.5367,-79.12,-79.12
15382,180,0.9422,17.5367,-79.12,-79.12
15393,180,0.9422,17.5096,-79.12,-79.12
15393,180,0.5139,17.5096,-79.12,-79.12
15404,180,-10.2784,17.5096,-79.12,-79.12
15405,180,-10.2784,17.3517,-79.12,-77.68
15415,180,-1.2848,17.3517,-79.12,-79.12
15416,180,-1.2848,17.4058,-79.12,-79.12
15426,180,4.9679,17.4058,-79.12,-79.12
15428,180,4.9679,17.4645,-79.12,-79.12
15437,180,-3.4261,17.4645,-79.12,-79.12
15440,180,-3.4261,17.4284,-79.12,-79.12
15448,180,-4.7109,17.4284,-79.12,-77.68
15452,180,-4.7109,17.9066,-79.12,-79.12
15459,180,-1.1135,17.9066,-79.12,-79.12
15464,180,-1.1135,17.7487,-79.12,-79.12
15470,180,1.4561,17.7487,-79.12,-79.12
15475,180,1.4561,17.4735,-79.12,-79.12
15481,180,-2.9122,17.4735,-79.12,-79.12
15487,180,-2.9122,18.1683,-79.12,-79.12
15492,180,9.5931,18.1683,-79.12,-79.12
15499,180,9.5931,17.9653,-79.12,-79.12
15503,180,1.1135,17.9653,-79.12,-79.12
15511,180,1.1135,17.5006,-79.12,-79.12
15514,180,-2.3983,17.5006,-79.12,-79.12
15523,180,-2.3983,17.0720,-79.12,-79.12
15525,180,-2.9122,17.0720,-79.12,-79.12
15535,180,-2.9122,17.2299,-79.12,-79.12
15536,180,6.5953,17.2299,-79.12,-79.12
15546,180,6.5953,17.3878,-79.12,-79.12
15547,180,7.4518,17.3878,-79.12,-79.12
15557,180,3.4261,17.3878,-79.12,-79.12
15558,180,3.4261,17.2208,-79.12,-79.12
15568,180,-0.7709,17.2208,-79.12,-79.12
15570,180,-0.7709,17.8389,-79.12,-79.12
15579,180,-14.7323,17.8389,-79.12,-79.12
15582,180,-14.7323,18.3081,-79.12,-79.12
15590,180,-3.8544,18.3081,-79.12,-79.12
15594,180,-3.8544,17.9337,-79.12,-79.12
15601,180,-7.0236,17.9337,-79.12,-79.12
15606,180,-7.0236,17.6946,-79.12,-79.12
15612,180,-1.1991,17.6946,-79.12,-79.12
15617,180,-1.1991,17.2434,-79.12,-79.12
15623,180,-4.1970,17.2434,-79.12,-79.12
15629,180,-4.1970,17.0810,-79.12,-79.12
15634,180,-9.3362,17.0810,-79.12,-79.12
15641,180,-9.3362,17.1441,-79.12,-79.12
15645,180,-1.3704,17.1441,-79.12,-79.12
15653,180,-1.3704,17.1667,-79.12,-79.12
15656,180,-1.1135,17.1667,-79.12,-79.12
15665,180,-1.1135,17.3833,-79.12,-79.12
15667,180,-7.8801,17.3833,-79.12,-79.12
15677,180,-7.8801,17.2524,-79.12,-79.12
15678,180,-4.1970,17.2524,-79.12,-79.12
15688,180,-4.1970,17.3968,-79.12,-79.12
15689,180,-1.1991,17.3968,-79.12,-79.12
15700,180,-16.3597,17.3968,-79.12,-79.12
15700,180,-16.3597,17.2073,-79.12,-79.12
15711,180,-9.0792,17.2073,-79.12,-79.12
15712,180,-9.0792,17.1848,-79.12,-79.12
15722,180,-11.3062,17.1848,-79.12,-79.12
15724,180,-11.3062,17.0674,-79.12,-79.12
15733,180,-3.2548,17.0674,-79.12,-79.12
15736,180,-3.2548,16.8419,-79.12,-79.12
15744,180,-4.1970,16.8419,-79.12,-79.12
15748,180,-4.1970,17.1306,-79.12,-77.68
15755,180,-0.6852,17.1306,-79.12,-79.12
15759,180,-0.6852,17.5096,-79.12,-79.12
15766,180,-7.1949,17.5096,-79.12,-79.12
15771,180,-7.1949,17.5637,-79.12,-79.12
15777,180,-15.5032,17.5637,-79.12,-79.12
15783,180,-15.5032,17.5908,-79.12,-79.12
15788,180,-11.5632,17.5908,-79.12,-79.12
15795,180,-11.5632,17.2885,-79.12,-79.12
15799,180,-11.8201,17.2885,-79.12,-79.12
15807,180,-11.8201,17.4194,-79.12,-79.12
15810,180,-9.5931,17.4194,-79.12,-79.12
15819,180,-9.5931,17.2524,-79.12,-77.68
15821,180,-8.6510,17.2524,-79.12,-79.12
15830,180,-8.6510,17.5773,-79.12,-79.12
15832,180,6.1670,17.5773,-79.12,-79.12
15842,180,6.1670,17.9472,-79.12,-79.12
15843,180,7.4518,17.9472,-79.12,-79.12
15854,180,8.2227,17.9472,-79.12,-77.68
15854,180,8.2227,17.5998,-79.12,-79.12
15865,180,0.0857,17.5998,-79.12,-79.12
15866,180,0.0857,17.3652,-79.12,-79.12
15876,180,-1.7131,17.3652,-79.12,-79.12
15878,180,-1.7131,16.8419,-79.12,-79.12
15887,180,-3.9400,16.8419,-79.12,-79.12
15890,180,-3.9400,16.9276,-79.12,-79.12
15898,180,-3.2548,16.9276,-79.12,-79.12
15901,180,-3.2548,17.4645,-79.12,-79.12
15909,180,7.3662,17.4645,-79.12,-79.12
15913,180,7.3662,17.3788,-79.12,-79.12
15920,180,-5.9101,17.3788,-79.12,-79.12
15925,180,-5.9101,16.8780,-79.12,-79.12
15930,180,-4.7109,16.8780,-79.12,-79.12
15941,180,-2.7409,16.8780,-79.12,-79.12
15949,180,-2.7409,17.3878,-79.12,-79.12
15952,180,7.5375,17.3878,-79.12,-79.12
15961,180,7.5375,17.5953,-79.12,-79.12
15963,180,-5.1392,17.5953,-79.12,-79.12
15972,180,-5.1392,17.6043,-79.12,-79.12
15974,180,-14.2184,17.6043,-79.12,-79.12
15984,180,-14.2184,17.8119,-79.12,-79.12
15985,180,0.7709,17.8119,-79.12,-79.12
15996,180,0.7709,17.2569,-79.12,-79.12
15996,180,-2.7409,17.2569,-79.12,-79.12
16007,180,-14.9036,17.2569,-79.12,-79.12
16008,180,-14.9036,17.2660,-79.12,-79.12
16018,180,-15.0749,17.2660,-79.12,-79.12
16020,180,-15.0749,17.7848,-79.12,-79.12
16029,180,-5.3961,17.7848,-79.12,-79.12
16032,180,-5.3961,17.6946,-79.12,-79.12
16040,180,-5.7388,17.6946,-79.12,-79.12
16043,180,-5.7388,17.3788,-79.12,-79.12
16051,180,4.3683,17.3788,-79.12,-79.12
16055,180,4.3683,17.5186,-79.12,-79.12
16062,180,-0.5139,17.5186,-77.68,-79.12
16067,180,-0.5139,17.5006,-79.12,-79.12
16073,180,0.0857,17.5006,-79.12,-79.12
16079,180,0.0857,17.3833,-79.12,-79.12
16084,180,-6.2527,17.3833,-79.12,-79.12
16091,180,-6.2527,17.7622,-79.12,-79.12
16095,180,-0.6852,17.7622,-79.12,-79.12
16103,180,-0.6852,17.3697,-79.12,-79.12
16106,180,1.7987,17.3697,-79.12,-79.12
16114,180,1.7987,16.9095,-79.12,-79.12
16117,180,-3.5974,16.9095,-79.12,-79.12
16126,180,-3.5974,17.0945,-79.12,-79.12
16128,180,-1.2848,17.0945,-79.12,-77.68
16138,180,-1.2848,17.4239,-79.12,-79.12
16139,180,-6.5953,17.4239,-79.12,-79.12
16150,180,-6.5953,17.4464,-79.12,-77.68
16150,180,7.8801,17.4464,-79.12,-79.12
16161,180,0.3426,17.4464,-79.12,-77.68
16162,180,0.3426,17.3742,-79.12,-79.12
16172,180,1.0278,17.3742,-79.12,-79.12
16174,180,1.0278,17.5637,-79.12,-79.12
16183,180,-3.5974,17.5637,-79.12,-79.12
16185,180,-3.5974,17.7216,-79.12,-79.12
16194,180,-2.7409,17.7216,-79.12,-79.12
16197,180,-2.7409,17.5412,-79.12,-79.12
16205,180,-4.1970,17.5412,-79.12,-79.12
16209,180,-4.1970,17.6991,-79.12,-79.12
16216,180,-3.4261,17.6991,-79.12,-79.12
16221,180,-3.4261,17.5998,-79.12,-79.12
16227,180,-0.6852,17.5998,-79.12,-79.12
16233,180,-0.6852,17.1802,-79.12,-79.12
16238,180,-6.7666,17.1802,-79.12,-77.68
16244,180,-6.7666,16.8825,-79.12,-79.12
16249,180,-3.7687,16.8825,-79.12,-79.12
16256,180,-3.7687,16.8870,-79.12,-79.12
16260,180,-14.3897,16.8870,-79.12,-79.12
16268,180,-14.3897,17.2118,-79.12,-79.12
16271,180,-6.1670,17.2118,-79.12,-79.12
16280,180,-6.1670,17.5592,-79.12,-79.12
16281,180,-5.2248,17.5592,-79.12,-79.12
16292,180,-5.2248,17.7487,-79.12,-79.12
16292,180,12.2484,17.7487,-79.12,-79.12
16303,180,5.0535,17.7487,-79.12,-79.12
16304,180,5.0535,17.2840,-79.12,-79.12
16314,180,-5.3105,17.2840,-79.12,-79.12
16315,180,-5.3105,17.2389,-79.12,-79.12
16325,180,-1.6274,17.2389,-79.12,-79.12
16327,180,-1.6274,17.2750,-79.12,-79.12
16336,180,-9.5931,17.2750,-79.12,-79.12
16339,180,-9.5931,17.4735,-79.12,-79.12
16347,180,-3.1692,17.4735,-79.12,-79.12
16351,180,-3.1692,17.5096,-79.12,-79.12
16358,180,-8.5653,17.5096,-79.12,-79.12
16363,180,-8.5653,17.0629,-79.12,-79.12
16369,180,-4.7966,17.0629,-79.12,-79.12
16375,180,-4.7966,17.0449,-79.12,-79.12
16380,180,-6.5096,17.0449,-79.12,-79.12
16386,180,-6.5096,17.3381,-77.68,-79.12
16391,180,-1.9700,17.3381,-79.12,-79.12
16398,180,-1.9700,17.3833,-79.12,-79.12
16402,180,3.7687,17.3833,-79.12,-79.12
16410,180,3.7687,17.3021,-79.12,-79.12
16413,180,9.5931,17.3021,-79.12,-79.12
16422,180,9.5931,17.4239,-79.12,-79.12
16424,180,-2.5696,17.4239,-79.12,-79.12
16434,180,-2.5696,17.1306,-79.12,-79.12
16435,180,-5.3961,17.1306,-79.12,-79.12
16446,180,-5.3961,17.1848,-79.12,-79.12
16446,180,-2.4839,17.1848,-79.12,-79.12
16457,180,-5.6531,17.1848,-79.12,-79.12
16457,180,-5.6531,17.3923,-79.12,-79.12
16468,180,-4.9679,17.3923,-79.12,-79.12
16469,180,-4.9679,17.2795,-79.12,-79.12
16479,180,-9.2505,17.2795,-79.12,-79.12
16481,180,-9.2505,16.9321,-79.12,-79.12
16490,180,0.7709,16.9321,-79.12,-79.12
16493,180,0.7709,17.0990,-79.12,-79.12
16501,180,-8.5653,17.0990,-79.12,-79.12
16505,180,-8.5653,17.1216,-79.12,-79.12
16512,180,-2.4839,17.1216,-79.12,-79.12
16517,180,-2.4839,16.7516,-79.12,-79.12
16523,180,-1.9700,16.7516,-79.12,-79.12
16528,180,-1.9700,16.9276,-79.12,-79.12
16534,180,1.3704,16.9276,-79.12,-79.12
16540,180,1.3704,16.7742,-79.12,-79.12
16545,180,-1.6274,16.7742,-79.12,-79.12
16552,180,-1.6274,17.3201,-79.12,-79.12
16556,180,-8.1370,17.3201,-79.12,-79.12
16564,180,-8.1370,17.7397,-79.12,-79.12
16567,180,5.8244,17.7397,-79.12,-79.12
16576,180,5.8244,17.5276,-79.12,-79.12
16578,180,6.4240,17.5276,-79.12,-79.12
16588,180,6.4240,17.7036,-79.12,-79.12
16589,180,5.2248,17.7036,-79.12,-79.12
16599,180,5.2248,17.7577,-79.12,-79.12
16600,180,-8.0514,17.7577,-79.12,-79.12
16611,180,4.1970,17.7577,-79.12,-79.12
16611,180,4.1970,17.5773,-79.12,-79.12
16622,180,3.7687,17.5773,-79.12,-79.12
16623,180,3.7687,17.1938,-79.12,-77.68
16632,180,-1.4561,17.1938,-79.12,-79.12
16635,180,-1.4561,16.6028,-79.12,-79.12
16643,180,-4.6253,16.6028,-79.12,-79.12
16647,180,-4.6253,17.0539,-79.12,-79.12
16654,180,-4.4540,17.0539,-79.12,-79.12
16659,180,-4.4540,17.4103,-79.12,-79.12
16665,180,-7.9657,17.4103,-79.12,-79.12
16670,180,-7.9657,17.7352,-79.12,-79.12
16676,180,-7.6231,17.7352,-79.12,-79.12
16682,180,-7.6231,17.7622,-77.68,-79.12
16687,180,1.2848,17.7622,-79.12,-79.12
16694,180,1.2848,17.1802,-79.12,-77.68
16698,180,-1.7987,17.1802,-79.12,-79.12
16706,180,-1.7987,17.0133,-79.12,-79.12
16709,180,-7.1949,17.0133,-79.12,-79.12
16718,180,-7.1949,17.2434,-79.12,-79.12
16720,180,-8.0514,17.2434,-79.12,-79.12
16730,180,-8.0514,17.3968,-79.12,-79.12
16731,180,-0.2570,17.3968,-79.12,-79.12
16741,180,-0.2570,17.6765,-79.12,-79.12
16742,180,-2.1413,17.6765,-79.12,-79.12
16753,180,-1.0278,17.6765,-79.12,-79.12
16753,180,-1.0278,17.7758,-79.12,-79.12
16764,180,-3.4261,17.7758,-79.12,-79.12
16765,180,-3.4261,17.4148,-79.12,-79.12
16775,180,4.8822,17.4148,-79.12,-79.12
16777,180,4.8822,17.3472,-79.12,-79.12
16786,180,7.0236,17.3472,-79.12,-79.12
16789,180,7.0236,17.3381,-79.12,-79.12
16797,180,-0.6852,17.3381,-79.12,-79.12
16801,180,-0.6852,17.0990,-79.12,-79.12
16808,180,2.2270,17.0990,-79.12,-79.12
16812,180,2.2270,17.0810,-79.12,-79.12
16819,180,-12.5054,17.0810,-79.12,-79.12
16824,180,-12.5054,17.4194,-79.12,-79.12
16830,180,-4.9679,17.4194,-79.12,-79.12
16836,180,-4.9679,17.2750,-79.12,-79.12
16841,180,-4.4540,17.2750,-79.12,-79.12
16848,180,-4.4540,16.9682,-79.12,-79.12
16852,180,-4.6253,16.9682,-79.12,-79.12
16860,180,-4.6253,16.6163,-79.12,-79.12
16863,180,-3.8544,16.6163,-79.12,-79.12
16872,180,-3.8544,16.8103,-79.12,-79.12
16874,180,0.4283,16.8103,-79.12,-79.12
16883,180,0.4283,17.2795,-79.12,-79.12
16885,180,-2.6552,17.2795,-79.12,-79.12
16895,180,-2.6552,17.3336,-79.12,-79.12
16896,180,0.5139,17.3336,-79.12,-79.12
16907,180,4.0257,17.3336,-79.12,-79.12
16907,180,4.0257,17.2795,-79.12,-79.12
16918,180,-3.8544,17.2795,-79.12,-79.12
16919,180,-3.8544,17.3246,-79.12,-79.12
16929,180,-5.1392,17.3246,-79.12,-79.12
16931,180,-5.1392,17.4374,-79.12,-79.12
16940,180,-6.4240,17.4374,-79.12,-79.12
16943,180,-6.4240,16.9366,-79.12,-79.12
16951,180,5.7388,16.9366,-79.12,-79.12
16954,180,5.7388,16.8960,-79.12,-79.12
16962,180,3.9400,16.8960,-79.12,-79.12
16966,180,3.9400,17.2750,-79.12,-79.12
16972,180,7.6231,17.2750,-79.12,-79.12
16978,180,7.6231,17.5141,-79.12,-79.12
16990,180,7.6231,17.8389,-79.12,-79.12
16994,180,4.1113,17.8389,-79.12,-79.12
17002,180,4.1113,17.8119,-79.12,-77.68
17005,180,6.0814,17.8119,-79.12,-79.12
17013,180,6.0814,18.0194,-79.12,-79.12
17016,180,-2.8266,18.0194,-79.12,-79.12
17025,180,-2.8266,18.1863,-79.12,-79.12
17027,180,-2.7409,18.1863,-79.12,-79.12
17037,180,-2.7409,17.3607,-79.12,-79.12
17038,180,4.6253,17.3607,-79.12,-79.12
17049,180,4.6253,17.3652,-79.12,-79.12
17049,180,1.9700,17.3652,-79.12,-79.12
17060,180,-4.9679,17.3652,-79.12,-79.12
17061,180,-4.9679,17.3788,-79.12,-79.12
17071,180,-0.2570,17.3788,-79.12,-79.12
17073,180,-0.2570,17.3562,-79.12,-79.12
17082,180,-0.5139,17.3562,-79.12,-79.12
17084,180,-0.5139,17.3381,-79.12,-79.12
17093,180,-1.2848,17.3381,-79.12,-79.12
17096,180,-1.2848,17.1802,-79.12,-79.12
17104,180,-8.4797,17.1802,-79.12,-77.68
17108,180,-8.4797,17.0900,-79.12,-79.12
17115,180,-5.1392,17.0900,-79.12,-79.12
17120,180,-5.1392,17.1396,-79.12,-79.12
17126,180,-0.2570,17.1396,-79.12,-79.12
17132,180,-0.2570,17.3291,-79.12,-79.12
17137,180,-4.4540,17.3291,-79.12,-79.12
17144,180,-4.4540,16.7652,-79.12,-79.12
17148,180,1.4561,16.7652,-79.12,-79.12
17155,180,1.4561,16.8915,-79.12,-79.12
17159,180,-0.9422,16.8915,-79.12,-79.12
17167,180,-0.9422,17.2208,-79.12,-79.12
17170,180,3.6831,17.2208,-79.12,-79.12
17179,180,3.6831,17.3742,-79.12,-79.12
17181,180,-9.2505,17.3742,-79.12,-79.12
17191,180,-9.2505,17.3517,-79.12,-79.12
17192,180,-3.5118,17.3517,-79.12,-79.12
17203,180,-3.5118,17.4058,-79.12,-79.12
17203,180,-3.0835,17.4058,-79.12,-79.12
17214,180,-1.1135,17.4058,-79.12,-79.12
17215,180,-1.1135,17.1216,-79.12,-77.68
17225,180,-2.9979,17.1216,-79.12,-79.12
17226,180,-2.9979,16.9547,-79.12,-79.12
17236,180,-6.0814,16.9547,-77.68,-79.12
17238,180,-6.0814,16.5576,-79.12,-79.12
17247,180,-6.8522,16.5576,-79.12,-79.12
17250,180,-6.8522,16.6253,-79.12,-79.12
17258,180,-5.3961,16.6253,-79.12,-79.12
17262,180,-5.3961,16.9095,-79.12,-79.12
17269,180,-0.0857,16.9095,-79.12,-79.12
17274,180,-0.0857,17.0855,-79.12,-79.12
17280,180,1.7987,17.0855,-79.12,-79.12
17286,180,1.7987,17.2795,-79.12,-79.12
17291,180,4.9679,17.2795,-79.12,-79.12
17297,180,4.9679,17.2885,-79.12,-79.12
17302,180,-8.2227,17.2885,-79.12,-79.12
17309,180,-8.2227,17.1035,-79.12,-79.12
17313,180,-1.1991,17.1035,-79.12,-77.68
17321,180,-1.1991,16.9366,-79.12,-79.12
17324,180,-6.5096,16.9366,-79.12,-79.12
17333,180,-6.5096,17.2344,-79.12,-79.12
17334,180,-6.5953,17.2344,-79.12,-79.12
17345,180,-6.5953,17.5412,-79.12,-79.12
17345,180,-7.1092,17.5412,-79.12,-79.12
17356,180,-12.3340,17.5412,-79.12,-79.12
17357,180,-12.3340,17.2344,-79.12,-79.12
17367,180,-9.5075,17.2344,-79.12,-79.12
17368,180,-9.5075,16.8644,-77.68,-79.12
17378,180,-8.0514,16.8644,-79.12,-79.12
17380,180,-8.0514,16.8870,-79.12,-79.12
17389,180,-6.8522,16.8870,-79.12,-79.12
17392,180,-6.8522,16.9817,-79.12,-79.12
17400,180,-13.4475,16.9817,-79.12,-77.68
17404,180,-13.4475,17.1577,-79.12,-79.12
17411,180,-4.8822,17.1577,-79.12,-79.12
17416,180,-4.8822,16.7155,-79.12,-79.12
17422,180,-7.0236,16.7155,-79.12,-77.68
17428,180,-7.0236,16.8870,-79.12,-79.12
17433,180,-1.4561,16.8870,-79.12,-79.12
17439,180,-1.4561,16.8464,-79.12,-79.12
17444,180,0.0857,16.8464,-79.12,-79.12
17451,180,0.0857,16.9908,-79.12,-79.12
17455,180,-0.6852,16.9908,-79.12,-79.12
17463,180,-0.6852,17.2028,-79.12,-79.12
17466,180,-6.4240,17.2028,-79.12,-79.12
17475,180,-6.4240,17.2479,-79.12,-79.12
17477,180,-11.2206,17.2479,-79.12,-79.12
17487,180,-11.2206,16.8283,-79.12,-79.12
17488,180,-6.2527,16.8283,-79.12,-79.12
17499,180,-6.2527,16.6208,-79.12,-79.12
17499,180,-17.9015,16.6208,-79.12,-79.12
17510,180,-3.9400,16.6208,-79.12,-79.12
17510,180,-3.9400,16.4855,-79.12,-79.12
17521,180,-3.7687,16.4855,-79.12,-79.12
17522,180,-3.7687,16.4223,-79.12,-79.12
17532,180,2.2270,16.4223,-79.12,-79.12
17534,180,2.2270,16.8599,-79.12,-79.12
17543,180,-2.3126,16.8599,-79.12,-79.12
17546,180,-2.3126,17.2930,-79.12,-79.12
17554,180,-5.8244,17.2930,-79.12,-79.12
17558,180,-5.8244,17.0449,-79.12,-79.12
17565,180,-4.7966,17.0449,-79.12,-79.12
17570,180,-4.7966,17.0945,-79.12,-79.12
17576,180,-4.7109,17.0945,-79.12,-79.12
17581,180,-4.7109,17.2389,-79.12,-79.12
17587,180,0.9422,17.2389,-79.12,-79.12
17593,180,0.9422,17.3066,-79.12,-79.12
17598,180,-7.1949,17.3066,-79.12,-79.12
17605,180,-7.1949,17.0449,-79.12,-79.12
17609,180,-2.1413,17.0449,-79.12,-77.68
17617,180,-2.1413,16.8148,-79.12,-79.12
17620,180,-1.0278,16.8148,-79.12,-79.12
17629,180,-1.0278,17.3697,-79.12,-79.12
17631,180,0.0000,17.3697,-79.12,-79.12
17641,180,0.0000,17.3652,-79.12,-79.12
17642,180,-14.9893,17.3652,-79.12,-79.12
17652,180,-14.9893,17.0314,-79.12,-79.12
17653,180,-3.7687,17.0314,-79.12,-79.12
17664,180,3.3405,17.0314,-79.12,-79.12
17664,180,3.3405,17.1487,-79.12,-79.12
17675,180,-2.0557,17.1487,-79.12,-79.12
17676,180,-2.0557,17.3607,-79.12,-79.12
17685,180,-3.2548,17.3607,-79.12,-79.12
17688,180,-3.2548,17.3156,-79.12,-79.12
17696,180,0.5996,17.3156,-79.12,-79.12
17700,180,0.5996,16.9998,-79.12,-79.12
17707,180,1.7987,16.9998,-79.12,-79.12
17712,180,1.7987,17.2028,-79.12,-79.12
17718,180,-8.1370,17.2028,-79.12,-79.12
17723,180,-8.1370,17.4780,-79.12,-79.12
17729,180,-8.0514,17.4780,-79.12,-77.68
17735,180,-8.0514,17.3201,-79.12,-79.12
17740,180,-5.2248,17.3201,-79.12,-79.12
17747,180,-5.2248,16.7020,-79.12,-79.12
17751,180,-2.9979,16.7020,-79.12,-79.12
17759,180,-2.9979,16.3546,-79.12,-79.12
17762,180,-8.7366,16.3546,-79.12,-79.12
17771,180,-8.7366,16.5982,-79.12,-79.12
17773,180,-0.4283,16.5982,-79.12,-79.12
17783,180,-0.4283,16.9682,-79.12,-79.12
17784,180,-4.5396,16.9682,-77.68,-79.12
17794,180,-4.5396,16.8554,-79.12,-79.12
17795,180,-2.4839,16.8554,-79.12,-79.12
17806,180,-1.8844,16.8554,-79.12,-79.12
17806,180,-1.8844,16.7877,-79.12,-79.12
17817,180,-11.3062,16.7877,-79.12,-79.12
17818,180,-11.3062,17.0088,-79.12,-79.12
17828,180,-2.9122,17.0088,-79.12,-79.12
17830,180,-2.9122,17.3156,-79.12,-79.12
17839,180,-0.8565,17.3156,-79.12,-79.12
17842,180,-0.8565,17.2073,-79.12,-79.12
17850,180,2.2270,17.2073,-79.12,-79.12
17853,180,2.2270,16.9005,-77.68,-79.12
17861,180,-7.2805,16.9005,-79.12,-79.12
17865,180,-7.2805,17.2750,-79.12,-79.12
17872,180,4.9679,17.2750,-79.12,-79.12
17877,180,4.9679,17.3291,-79.12,-79.12
17883,180,3.0835,17.3291,-79.12,-79.12
17889,180,3.0835,16.7832,-79.12,-79.12
17894,180,-0.3426,16.7832,-79.12,-79.12
17901,180,-0.3426,16.7065,-79.12,-79.12
17905,180,-0.0857,16.7065,-79.12,-79.12
17913,180,-0.0857,16.8058,-79.12,-79.12
17916,180,-0.9422,16.8058,-79.12,-79.12
17924,180,-0.9422,17.1351,-79.12,-79.12
17927,180,-0.1713,17.1351,-79.12,-79.12
17936,180,-0.1713,17.4148,-79.12,-79.12
17938,180,-4.1113,17.4148,-79.12,-79.12
17948,180,-4.1113,17.5186,-79.12,-79.12
17949,180,4.6253,17.5186,-79.12,-79.12
17960,180,-4.5396,17.5186,-79.12,-79.12
17960,180,-4.5396,17.3201,-79.12,-79.12
17971,180,-6.8522,17.3201,-79.12,-79.12
17972,180,-6.8522,17.2885,-79.12,-79.12
17982,180,-8.7366,17.2885,-79.12,-79.12
17984,180,-8.7366,17.0494,-79.12,-79.12
17993,180,2.2270,17.0494,-79.12,-79.12
17995,180,2.2270,16.9908,-79.12,-79.12
18004,180,2.5696,16.9908,-79.12,-79.12
18007,180,2.5696,17.2750,-79.12,-79.12
18015,180,0.1713,17.2750,-79.12,-79.12
18019,180,0.1713,16.9592,-79.12,-79.12
18026,180,-2.6552,16.9592,-79.12,-79.12
18031,180,-2.6552,16.7607,-79.12,-79.12
18037,180,-6.5953,16.7607,-79.12,-77.68
18043,180,-6.5953,16.9095,-79.12,-79.12
18048,180,5.3105,16.9095,-79.12,-79.12
18055,180,5.3105,17.1216,-79.12,-79.12
18058,180,-5.3961,17.1216,-79.12,-79.12
18066,180,-5.3961,17.2795,-79.12,-79.12
18069,180,-0.1713,17.2795,-79.12,-79.12
18078,180,-0.1713,16.7877,-79.12,-79.12
18080,180,2.1413,16.7877,-79.12,-79.12
18090,180,2.1413,16.9321,-79.12,-79.12
18091,180,4.0257,16.9321,-79.12,-79.12
18102,180,4.0257,17.4645,-79.12,-79.12
18102,180,1.7987,17.4645,-79.12,-79.12
18113,180,6.7666,17.4645,-79.12,-79.12
18114,180,6.7666,17.0584,-79.12,-79.12
18124,180,-1.7987,17.0584,-79.12,-79.12
18126,180,-1.7987,16.6388,-79.12,-79.12
18135,180,-4.6253,16.6388,-79.12,-79.12
18137,180,-4.6253,16.8870,-79.12,-79.12
18146,180,-3.5118,16.8870,-79.12,-79.12
18149,180,-3.5118,17.5412,-79.12,-79.12
18157,180,-7.0236,17.5412,-79.12,-79.12
18161,180,-7.0236,17.0584,-79.12,-79.12
18168,180,-0.9422,17.0584,-79.12,-79.12
18173,180,-0.9422,16.5215,-79.12,-79.12
18179,180,-4.5396,16.5215,-79.12,-77.68
18185,180,-4.5396,17.0765,-79.12,-79.12
18190,180,1.4561,17.0765,-79.12,-79.12
18197,180,1.4561,17.1126,-79.12,-79.12
18201,180,-12.6767,17.1126,-79.12,-79.12
18208,180,-12.6767,17.4194,-79.12,-79.12
18212,180,-2.6552,17.4194,-79.12,-79.12
18220,180,-2.6552,16.9953,-79.12,-77.68
18223,180,-5.3105,16.9953,-79.12,-79.12
18232,180,-5.3105,16.4674,-79.12,-79.12
18234,180,-3.3405,16.4674,-79.12,-79.12
18244,180,-3.3405,16.6569,-79.12,-79.12
18245,180,3.5974,16.6569,-79.12,-79.12
18256,180,3.5974,16.6885,-79.12,-79.12
18256,180,-2.5696,16.6885,-79.12,-79.12
18267,180,-2.4839,16.6885,-79.12,-79.12
18268,180,-2.4839,16.8328,-79.12,-79.12
18278,180,-6.2527,16.8328,-79.12,-79.12
18279,180,-6.2527,16.7652,-79.12,-79.12
18289,180,0.0000,16.7652,-79.12,-79.12
18291,180,0.0000,16.4584,-79.12,-79.12
18300,180,-9.5931,16.4584,-79.12,-79.12
18303,180,-9.5931,16.5035,-79.12,-79.12
18311,180,3.5974,16.5035,-79.12,-79.12
18315,180,3.5974,16.6569,-79.12,-79.12
18322,180,-0.1713,16.6569,-79.12,-79.12
18327,180,-0.1713,16.9366,-79.12,-79.12
18333,180,-4.8822,16.9366,-79.12,-79.12
18339,180,-4.8822,17.0088,-79.12,-77.68
18344,180,-4.3683,17.0088,-79.12,-79.12
18350,180,-4.3683,16.9862,-79.12,-77.68
18355,180,0.8565,16.9862,-79.12,-79.12
18362,180,0.8565,17.2118,-79.12,-79.12
18366,180,4.6253,17.2118,-79.12,-79.12
18374,180,4.6253,17.5502,-79.12,-79.12
18377,180,-0.3426,17.5502,-79.12,-79.12
18386,180,-0.3426,17.3652,-79.12,-79.12
18388,180,3.5974,17.3652,-79.12,-79.12
18398,180,3.5974,17.4329,-79.12,-79.12
18399,180,-8.2227,17.4329,-79.12,-77.68
18409,180,-8.2227,17.4645,-79.12,-79.12
18410,180,-6.5953,17.4645,-79.12,-79.12
18420,180,-7.9657,17.4645,-79.12,-79.12
18421,180,-7.9657,17.3291,-79.12,-79.12
18431,180,-2.8266,17.3291,-79.12,-79.12
18433,180,-2.8266,17.2614,-79.12,-79.12
18442,180,-1.7987,17.2614,-79.12,-79.12
18445,180,-1.7987,17.0720,-79.12,-79.12
18453,180,5.9957,17.0720,-79.12,-79.12
18457,180,5.9957,16.8915,-79.12,-79.12
18464,180,4.0257,16.8915,-79.12,-79.12
18469,180,4.0257,17.1893,-79.12,-79.12
18475,180,3.2548,17.1893,-79.12,-79.12
18480,180,3.2548,17.1126,-79.12,-79.12
18486,180,1.7131,17.1126,-79.12,-77.68
18492,180,1.7131,17.1081,-79.12,-77.68
18497,180,-5.9957,17.1081,-79.12,-79.12
18504,180,-5.9957,17.7036,-77.68,-79.12
18508,180,0.8565,17.7036,-79.12,-79.12
18516,180,0.8565,17.4329,-79.12,-79.12
18519,180,1.6274,17.4329,-79.12,-79.12
18528,180,1.6274,17.0674,-79.12,-79.12
18530,180,-1.4561,17.0674,-79.12,-79.12
18540,180,-1.4561,16.7155,-79.12,-79.12
18541,180,-12.3340,16.7155,-79.12,-79.12
18551,180,-12.3340,17.2073,-79.12,-79.12
18552,180,-3.3405,17.2073,-79.12,-77.68
18563,180,1.1991,17.2073,-79.12,-79.12
18563,180,1.1991,16.8734,-79.12,-79.12
18574,180,1.8844,16.8734,-79.12,-79.12
18575,180,1.8844,16.9637,-79.12,-79.12
18585,180,3.7687,16.9637,-79.12,-79.12
18587,180,3.7687,17.6359,-79.12,-79.12
18596,180,6.8522,17.6359,-79.12,-79.12
18599,180,6.8522,17.4825,-79.12,-79.12
18607,180,7.1949,17.4825,-79.12,-79.12
18611,180,7.1949,16.8103,-77.68,-79.12
18618,180,-7.1949,16.8103,-79.12,-79.12
18622,180,-7.1949,17.1667,-79.12,-79.12
18629,180,0.2570,17.1667,-79.12,-79.12
18634,180,0.2570,16.8915,-79.12,-77.68
18640,180,-1.7131,16.8915,-79.12,-79.12
18646,180,-1.7131,16.6343,-79.12,-79.12
18651,180,1.1135,16.6343,-79.12,-79.12
18658,180,1.1135,16.6795,-79.12,-79.12
18662,180,-4.7966,16.6795,-79.12,-79.12
18670,180,-4.7966,16.8103,-79.12,-79.12
18673,180,6.4240,16.8103,-79.12,-79.12
18682,180,6.4240,16.8509,-79.12,-79.12
18684,180,-2.3126,16.8509,-79.12,-79.12
18693,180,-2.3126,16.9862,-79.12,-79.12
18695,180,-3.2548,16.9862,-79.12,-79.12
18705,180,-3.2548,16.8464,-79.12,-79.12
18706,180,4.3683,16.8464,-79.12,-77.68
18717,180,-0.3426,16.8464,-79.12,-79.12
18717,180,-0.3426,16.5035,-79.12,-79.12
18728,180,0.2570,16.5035,-79.12,-79.12
18729,180,0.2570,16.2915,-79.12,-79.12
18739,180,-5.1392,16.2915,-79.12,-79.12
18741,180,-5.1392,16.5667,-79.12,-79.12
18750,180,3.2548,16.5667,-79.12,-79.12
18753,180,3.2548,16.8915,-79.12,-79.12
18761,180,-3.3405,16.8915,-79.12,-79.12
18764,180,-3.3405,16.7381,-79.12,-79.12
18771,180,1.1991,16.7381,-79.12,-79.12
18776,180,1.1991,16.6569,-79.12,-79.12
18782,180,1.6274,16.6569,-79.12,-79.12
18788,180,1.6274,16.8870,-79.12,-79.12
18793,180,3.8544,16.8870,-79.12,-77.68
18800,180,3.8544,17.0178,-79.12,-79.12
18804,180,-0.2570,17.0178,-79.12,-79.12
18812,180,-0.2570,16.9321,-79.12,-79.12
18815,180,-6.6809,16.9321,-79.12,-79.12
18824,180,-6.6809,16.7381,-79.12,-79.12
18826,180,-8.9079,16.7381,-79.12,-79.12
18835,180,-8.9079,16.4539,-79.12,-79.12
18837,180,-8.2227,16.4539,-79.12,-79.12
18847,180,-8.2227,16.7471,-79.12,-79.12
18848,180,6.5953,16.7471,-79.12,-79.12
18859,180,6.5953,17.2569,-79.12,-79.12
18859,180,5.3961,17.2569,-79.12,-79.12
18870,180,6.0814,17.2569,-79.12,-79.12
18871,180,6.0814,17.5006,-77.68,-79.12
18881,180,-1.3704,17.5006,-79.12,-79.12
18883,180,-1.3704,17.0855,-79.12,-79.12
18892,180,2.8266,17.0855,-79.12,-79.12
18895,180,2.8266,16.9366,-79.12,-79.12
18903,180,2.9122,16.9366,-79.12,-79.12
18906,180,2.9122,17.0945,-79.12,-77.68
18914,180,4.6253,17.0945,-79.12,-79.12
18918,180,4.6253,16.8374,-79.12,-79.12
18925,180,-0.3426,16.8374,-79.12,-79.12
18930,180,-0.3426,16.8825,-79.12,-79.12
18936,180,-7.1092,16.8825,-79.12,-79.12
18942,180,-7.1092,16.9321,-79.12,-79.12
18947,180,-2.4839,16.9321,-79.12,-79.12
18954,180,-2.4839,16.8689,-79.12,-79.12
18958,180,-1.7987,16.8689,-79.12,-79.12
18966,180,-1.7987,16.7291,-79.12,-79.12
18969,180,5.5675,16.7291,-79.12,-79.12
18977,180,5.5675,16.9637,-79.12,-79.12
18980,180,-9.8501,16.9637,-79.12,-79.12
18991,180,-0.7709,16.9637,-79.12,-79.12
19001,180,-0.7709,16.5667,-79.12,-79.12
19002,180,-2.3126,16.5667,-79.12,-79.12
19013,180,2.7409,16.5667,-79.12,-79.12
19013,180,2.7409,16.9817,-79.12,-79.12
19024,180,-2.7409,16.9817,-79.12,-79.12
19025,180,-2.7409,17.0765,-79.12,-79.12
19035,180,-3.6831,17.0765,-79.12,-79.12
19037,180,-3.6831,16.8870,-79.12,-79.12
19046,180,-1.9700,16.8870,-79.12,-79.12
19048,180,-1.9700,17.2840,-79.12,-79.12
19057,180,-3.0835,17.2840,-79.12,-79.12
19060,180,-3.0835,17.3156,-79.12,-79.12
19068,180,2.6552,17.3156,-79.12,-79.12
19072,180,2.6552,16.8464,-79.12,-79.12
19079,180,-2.1413,16.8464,-79.12,-79.12
19084,180,-2.1413,16.6659,-79.12,-79.12
19090,180,-2.7409,16.6659,-79.12,-79.12
19096,180,-2.7409,16.5261,-79.12,-77.68
19101,180,-14.2184,16.5261,-79.12,-77.68
19107,180,-14.2184,16.7922,-77.68,-79.12
19112,180,-8.3084,16.7922,-79.12,-79.12
19119,180,-8.3084,16.7652,-79.12,-79.12
19123,180,-1.7987,16.7652,-79.12,-79.12
19131,180,-1.7987,16.9095,-79.12,-79.12
19134,180,2.1413,16.9095,-79.12,-79.12
19143,180,2.1413,16.7471,-79.12,-79.12
19144,180,-5.0535,16.7471,-79.12,-79.12
19155,180,-5.0535,16.5576,-79.12,-79.12
19155,180,-6.0814,16.5576,-79.12,-79.12
19166,180,-5.1392,16.5576,-79.12,-79.12
19167,180,-5.1392,16.8374,-79.12,-79.12
19177,180,-10.0214,16.8374,-79.12,-79.12
19178,180,-10.0214,16.6479,-79.12,-79.12
19188,180,-0.5996,16.6479,-79.12,-79.12
19190,180,-0.5996,16.5621,-79.12,-79.12
19199,180,-1.6274,16.5621,-79.12,-79.12
19202,180,-1.6274,16.6704,-79.12,-79.12
19210,180,5.0535,16.6704,-79.12,-79.12
19214,180,5.0535,16.7742,-79.12,-79.12
19221,180,0.5996,16.7742,-79.12,-77.68
19226,180,0.5996,16.9727,-79.12,-79.12
19232,180,-0.8565,16.9727,-79.12,-79.12
19238,180,-0.8565,16.4358,-79.12,-79.12
19243,180,-1.1991,16.4358,-79.12,-79.12
19249,180,-1.1991,16.5215,-79.12,-79.12
19254,180,-4.8822,16.5215,-79.12,-79.12
19261,180,-4.8822,16.9772,-79.12,-79.12
19265,180,-4.7966,16.9772,-79.12,-79.12
19273,180,-4.7966,17.1802,-79.12,-79.12
19276,180,-2.7409,17.1802,-79.12,-79.12
19285,180,-2.7409,17.6134,-79.12,-79.12
19287,180,1.7987,17.6134,-79.12,-79.12
19297,180,1.7987,17.0314,-79.12,-79.12
19298,180,-4.6253,17.0314,-79.12,-79.12
19309,180,-4.6253,16.4042,-79.12,-79.12
19309,180,3.4261,16.4042,-79.12,-79.12
19320,180,2.1413,16.4042,-79.12,-79.12
19320,180,2.1413,16.8689,-79.12,-79.12
19331,180,8.6510,16.8689,-79.12,-79.12
19332,180,8.6510,16.7877,-79.12,-79.12
19342,180,4.5396,16.7877,-79.12,-79.12
19344,180,4.5396,16.5667,-79.12,-79.12
19353,180,4.7966,16.5667,-79.12,-79.12
19356,180,4.7966,16.1606,-79.12,-79.12
19364,180,0.5996,16.1606,-79.12,-79.12
19368,180,0.5996,16.6343,-79.12,-79.12
19375,180,0.6852,16.6343,-79.12,-79.12
19380,180,0.6852,16.7742,-79.12,-79.12
19386,180,1.2848,16.7742,-79.12,-79.12
19391,180,1.2848,16.7336,-79.12,-79.12
19397,180,-7.7088,16.7336,-79.12,-79.12
19403,180,-7.7088,16.8554,-79.12,-79.12
19408,180,-0.5139,16.8554,-79.12,-79.12
19415,180,-0.5139,16.8464,-79.12,-79.12
19419,180,-10.2784,16.8464,-79.12,-79.12
19427,180,-10.2784,16.9050,-79.12,-79.12
19430,180,-4.7109,16.9050,-79.12,-79.12
19439,180,-4.7109,16.6885,-79.12,-79.12
19441,180,-3.3405,16.6885,-79.12,-79.12
19451,180,-3.3405,16.4268,-79.12,-79.12
19452,180,3.7687,16.4268,-79.12,-79.12
19462,180,3.7687,16.6118,-79.12,-79.12
19463,180,-0.1713,16.6118,-79.12,-79.12
19474,180,-1.1991,16.6118,-79.12,-79.12
19474,180,-1.1991,16.5261,-79.12,-79.12
19485,180,-0.8565,16.5261,-79.12,-79.12
19486,180,-0.8565,16.8464,-79.12,-79.12
19496,180,-4.9679,16.8464,-79.12,-79.12
19498,180,-4.9679,16.5486,-79.12,-79.12
19506,180,-0.9422,16.5486,-79.12,-79.12
19510,180,-0.9422,16.8374,-79.12,-79.12
19517,180,-3.4261,16.8374,-79.12,-79.12
19522,180,-3.4261,17.0584,-79.12,-79.12
19528,180,-6.2527,17.0584,-79.12,-79.12
19533,180,-6.2527,17.1712,-79.12,-79.12
19539,180,-10.2784,17.1712,-79.12,-79.12
19545,180,-10.2784,17.3111,-79.12,-79.12
19550,180,5.3105,17.3111,-79.12,-79.12
19557,180,5.3105,17.0810,-79.12,-79.12
19561,180,1.9700,17.0810,-79.12,-79.12
19569,180,1.9700,16.6343,-79.12,-79.12
19572,180,1.0278,16.6343,-79.12,-79.12
19581,180,1.0278,16.4809,-79.12,-79.12
19583,180,-5.4818,16.4809,-79.12,-79.12
19593,180,-5.4818,16.4584,-79.12,-79.12
19594,180,-4.7966,16.4584,-79.12,-79.12
19604,180,-4.7966,16.7516,-79.12,-77.68
19605,180,-7.0236,16.7516,-79.12,-79.12
19616,180,-7.5375,16.7516,-79.12,-79.12
19616,180,-7.5375,16.8870,-79.12,-79.12
19627,180,-1.4561,16.8870,-79.12,-79.12
19628,180,-1.4561,17.0900,-79.12,-79.12
19638,180,-10.1927,17.0900,-79.12,-79.12
19640,180,-10.1927,17.0314,-79.12,-79.12
19649,180,0.0857,17.0314,-79.12,-79.12
19652,180,0.0857,16.6840,-79.12,-79.12
19660,180,-3.6831,16.6840,-79.12,-79.12
19664,180,-3.6831,16.5441,-79.12,-79.12
19671,180,7.0236,16.5441,-79.12,-79.12
19675,180,7.0236,16.5486,-79.12,-79.12
19682,180,-0.5139,16.5486,-79.12,-79.12
19687,180,-0.5139,16.7652,-79.12,-79.12
19693,180,3.6831,16.7652,-79.12,-79.12
19704,180,-1.3704,16.7652,-79.12,-79.12
19711,180,-1.3704,16.4900,-79.12,-79.12
19715,180,-5.9101,16.4900,-79.12,-77.68
19723,180,-5.9101,16.3275,-79.12,-79.12
19726,180,-1.7131,16.3275,-79.12,-79.12
19735,180,-1.7131,16.6388,-79.12,-77.68
19737,180,-1.1991,16.6388,-79.12,-79.12
19746,180,-1.1991,17.0404,-79.12,-79.12
19748,180,-4.1113,17.0404,-79.12,-79.12
19758,180,-4.1113,16.5757,-79.12,-79.12
19759,180,-8.6510,16.5757,-79.12,-79.12
19770,180,0.2570,16.5757,-79.12,-79.12
19770,180,0.2570,16.4178,-79.12,-79.12
19781,180,-8.3084,16.4178,-79.12,-79.12
19782,180,-8.3084,16.3456,-79.12,-79.12
19792,180,-8.4797,16.3456,-79.12,-79.12
19794,180,-8.4797,16.1065,-77.68,-79.12
19803,180,-14.5610,16.1065,-79.12,-79.12
19806,180,-14.5610,16.4629,-79.12,-79.12
19814,180,-5.4818,16.4629,-79.12,-79.12
19817,180,-5.4818,16.7742,-79.12,-79.12
19825,180,-4.1970,16.7742,-79.12,-79.12
19829,180,-4.1970,16.7561,-79.12,-79.12
19836,180,-2.3126,16.7561,-79.12,-77.68
19841,180,-2.3126,16.6524,-79.12,-79.12
19847,180,-1.9700,16.6524,-79.12,-79.12
19853,180,-1.9700,16.6614,-79.12,-79.12
19858,180,-8.7366,16.6614,-79.12,-79.12
19865,180,-8.7366,16.4674,-79.12,-79.12
19868,180,1.0278,16.4674,-79.12,-79.12
19876,180,1.0278,16.3997,-79.12,-79.12
19879,180,-7.6231,16.3997,-79.12,-79.12
19888,180,-7.6231,16.7877,-79.12,-79.12
19890,180,-1.9700,16.7877,-79.12,-79.12
19900,180,-1.9700,16.5621,-79.12,-79.12
19901,180,-4.4540,16.5621,-79.12,-79.12
19912,180,-4.4540,16.2463,-79.12,-79.12
19912,180,1.8844,16.2463,-79.12,-79.12
19923,180,2.1413,16.2463,-79.12,-79.12
19924,180,2.1413,16.0568,-79.12,-79.12
19934,180,0.3426,16.0568,-79.12,-79.12
19936,180,0.3426,16.0253,-79.12,-79.12
19945,180,2.0557,16.0253,-79.12,-79.12
19947,180,2.0557,16.9095,-79.12,-79.12
19956,180,1.4561,16.9095,-79.12,-79.12
19959,180,1.4561,16.7832,-77.68,-79.12
19967,180,3.4261,16.7832,-79.12,-79.12
19971,180,3.4261,16.4719,-79.12,-79.12
19978,180,-7.6231,16.4719,-79.12,-79.12
19983,180,-7.6231,16.7697,-79.12,-79.12
19989,180,1.7987,16.7697,-79.12,-79.12
19995,180,1.7987,16.7516,-79.12,-79.12
20000,180,-3.9400,16.7516,-79.12,-79.12
20007,180,-3.9400,16.5306,-79.12,-79.12
20011,180,-0.7709,16.5306,-79.12,-79.12
20018,180,-0.7709,16.8960,-79.12,-79.12
20022,180,-1.4561,16.8960,-79.12,-79.12
20030,180,-1.4561,16.5486,-79.12,-79.12
20033,180,1.7131,16.5486,-79.12,-79.12
20042,180,1.7131,16.3501,-79.12,-79.12
20044,180,-4.0257,16.3501,-79.12,-79.12
20054,180,-4.0257,16.2508,-79.12,-79.12
20055,180,-0.1713,16.2508,-79.12,-79.12
20066,180,-0.1713,16.1877,-79.12,-79.12
20066,180,4.7966,16.1877,-79.12,-79.12
20077,180,4.1113,16.1877,-79.12,-79.12
20088,180,7.1949,16.1877,-79.12,-79.12
20089,180,7.1949,16.4448,-79.12,-77.68
20099,180,-1.7987,16.4448,-79.12,-79.12
20101,180,-1.7987,16.5306,-79.12,-79.12
20110,180,2.8266,16.5306,-79.12,-79.12
20113,180,2.8266,16.6298,-79.12,-79.12
20121,180,-4.2827,16.6298,-79.12,-79.12
20125,180,-4.2827,16.9998,-79.12,-79.12
20132,180,10.4497,16.9998,-79.12,-79.12
20137,180,10.4497,16.6569,-79.12,-79.12
20143,180,3.0835,16.6569,-79.12,-79.12
20149,180,3.0835,16.2418,-79.12,-79.12
20154,180,-1.7131,16.2418,-79.12,-79.12
20160,180,-1.7131,16.0117,-79.12,-79.12
20165,180,-0.1713,16.0117,-79.12,-79.12
20172,180,-0.1713,16.5621,-79.12,-79.12
20176,180,-1.7987,16.5621,-79.12,-79.12
20184,180,-1.7987,16.6028,-79.12,-77.68
20187,180,2.1413,16.6028,-79.12,-79.12
20196,180,2.1413,16.4494,-79.12,-79.12
20198,180,-0.2570,16.4494,-79.12,-79.12
20208,180,-0.2570,16.6118,-79.12,-79.12
20209,180,-0.6852,16.6118,-79.12,-77.68
20219,180,-12.0771,16.6118,-79.12,-79.12
20220,180,-12.0771,16.8599,-79.12,-79.12
20230,180,-5.6531,16.8599,-79.12,-79.12
20231,180,-5.6531,16.7426,-79.12,-79.12
20241,180,-7.7944,16.7426,-79.12,-79.12
20243,180,-7.7944,16.3591,-79.12,-79.12
20252,180,-4.7109,16.3591,-79.12,-79.12
20255,180,-4.7109,16.1741,-79.12,-79.12
20263,180,1.7131,16.1741,-79.12,-79.12
20267,180,1.7131,16.7922,-79.12,-79.12
20274,180,2.8266,16.7922,-79.12,-79.12
20279,180,2.8266,16.7652,-79.12,-79.12
20285,180,5.3105,16.7652,-79.12,-79.12
20291,180,5.3105,16.5937,-79.12,-79.12
20296,180,-2.1413,16.5937,-79.12,-79.12
20302,180,-2.1413,16.7291,-79.12,-79.12
20307,180,1.1991,16.7291,-79.12,-79.12
20314,180,1.1991,16.5892,-79.12,-79.12
20318,180,-10.5353,16.5892,-79.12,-79.12
20326,180,-10.5353,16.6930,-79.12,-77.68
20329,180,-3.2548,16.6930,-79.12,-79.12
20338,180,-3.2548,16.4945,-79.12,-79.12
20340,180,-6.0814,16.4945,-79.12,-79.12
20350,180,-6.0814,16.4268,-79.12,-79.12
20351,180,5.9957,16.4268,-79.12,-79.12
20362,180,5.9957,16.3591,-79.12,-79.12
20362,180,-0.8565,16.3591,-79.12,-79.12
20373,180,2.3126,16.3591,-79.12,-77.68
20373,180,2.3126,16.3456,-77.68,-79.12
20384,180,5.6531,16.3456,-79.12,-79.12
20385,180,5.6531,16.2012,-79.12,-79.12
20395,180,-2.9122,16.2012,-79.12,-77.68
20397,180,-2.9122,16.2238,-79.12,-79.12
20406,180,0.5996,16.2238,-79.12,-79.12
20409,180,0.5996,16.8148,-79.12,-79.12
20417,180,-2.2270,16.8148,-79.12,-79.12
20421,180,-2.2270,16.7336,-79.12,-79.12
20428,180,-5.9101,16.7336,-79.12,-79.12
20433,180,-5.9101,16.6479,-77.68,-79.12
20439,180,-14.4754,16.6479,-79.12,-79.12
20444,180,-14.4754,16.4584,-79.12,-79.12
20450,180,-4.7966,16.4584,-79.12,-79.12
20456,180,-4.7966,16.4088,-79.12,-79.12
20461,180,-3.5974,16.4088,-79.12,-79.12
20468,180,-3.5974,16.3817,-79.12,-79.12
20472,180,-4.1113,16.3817,-79.12,-79.12
20480,180,-4.1113,16.3456,-79.12,-79.12
20483,180,-9.1649,16.3456,-79.12,-79.12
20492,180,-9.1649,16.3230,-79.12,-79.12
20494,180,-9.9358,16.3230,-79.12,-79.12
20504,180,-9.9358,16.4719,-79.12,-79.12
20505,180,-2.7409,16.4719,-79.12,-79.12
20515,180,-2.7409,16.2328,-79.12,-79.12
20516,180,-3.5118,16.2328,-79.12,-79.12
20527,180,-0.2570,16.2328,-79.12,-79.12
20527,180,-0.2570,16.3230,-79.12,-79.12
20538,180,-6.2527,16.3230,-79.12,-79.12
20539,180,-6.2527,16.6479,-79.12,-77.68
20549,180,0.5139,16.6479,-79.12,-79.12
20551,180,0.5139,16.7381,-79.12,-79.12
20560,180,-2.2270,16.7381,-79.12,-79.12
20563,180,-2.2270,16.8283,-79.12,-79.12
20571,180,-1.0278,16.8283,-79.12,-79.12
20574,180,-1.0278,16.7155,-79.12,-79.12
20582,180,-7.7088,16.7155,-79.12,-79.12
20586,180,-7.7088,16.7110,-79.12,-79.12
20592,180,-1.7131,16.7110,-79.12,-79.12
20598,180,-1.7131,16.8058,-79.12,-79.12
20603,180,-0.8565,16.8058,-79.12,-79.12
20610,180,-0.8565,17.0223,-79.12,-79.12
20614,180,-1.5418,17.0223,-79.12,-77.68
20622,180,-1.5418,16.9592,-79.12,-79.12
20625,180,0.1713,16.9592,-77.68,-79.12
20634,180,0.1713,16.4539,-79.12,-79.12
20636,180,0.7709,16.4539,-79.12,-79.12
20645,180,0.7709,16.5441,-79.12,-79.12
20647,180,7.1092,16.5441,-79.12,-79.12
20657,180,7.1092,16.4268,-79.12,-79.12
20658,180,1.4561,16.4268,-79.12,-79.12
20669,180,1.4561,16.2283,-79.12,-79.12
20669,180,-0.3426,16.2283,-79.12,-79.12
20680,180,-6.0814,16.2283,-79.12,-79.12
20681,180,-6.0814,16.3321,-79.12,-79.12
20691,180,-2.8266,16.3321,-79.12,-79.12
20693,180,-2.8266,16.4042,-79.12,-79.12
20702,180,-2.3126,16.4042,-79.12,-79.12
20705,180,-2.3126,16.6524,-79.12,-79.12
20713,180,-0.4283,16.6524,-79.12,-79.12
20716,180,-0.4283,16.3907,-79.12,-79.12
20724,180,-4.3683,16.3907,-79.12,-79.12
20728,180,-4.3683,16.5982,-79.12,-79.12
20735,180,-3.3405,16.5982,-79.12,-79.12
20740,180,-3.3405,16.3501,-79.12,-79.12
20746,180,1.1991,16.3501,-79.12,-79.12
20752,180,1.1991,16.2373,-79.12,-79.12
20757,180,-1.9700,16.2373,-79.12,-79.12
20764,180,-1.9700,16.8193,-79.12,-79.12
20768,180,7.4518,16.8193,-79.12,-79.12
20776,180,7.4518,16.8464,-79.12,-79.12
20779,180,-5.9101,16.8464,-79.12,-79.12
20787,180,-5.9101,16.5712,-79.12,-79.12
20790,180,-1.6274,16.5712,-79.12,-79.12
20799,180,-1.6274,16.4494,-79.12,-79.12
20801,180,-5.9101,16.4494,-79.12,-79.12
20811,180,-5.9101,16.3411,-79.12,-79.12
20812,180,0.5996,16.3411,-79.12,-79.12
20823,180,5.4818,16.3411,-79.12,-79.12
20823,180,5.4818,16.4133,-79.12,-79.12
20834,180,0.3426,16.4133,-79.12,-79.12
20835,180,0.3426,16.4855,-79.12,-79.12
20845,180,-9.5075,16.4855,-79.12,-79.12
20847,180,-9.5075,16.3997,-79.12,-79.12
20856,180,-11.6488,16.3997,-79.12,-79.12
20858,180,-11.6488,16.1065,-79.12,-79.12
20867,180,-4.2827,16.1065,-79.12,-79.12
20870,180,-4.2827,16.4448,-79.12,-79.12
20878,180,-5.4818,16.4448,-79.12,-79.12
20882,180,-5.4818,16.0975,-79.12,-79.12
20889,180,0.7709,16.0975,-79.12,-77.68
20894,180,0.7709,15.7455,-79.12,-79.12
20900,180,-0.7709,15.7455,-77.68,-79.12
20906,180,-0.7709,15.8493,-79.12,-79.12
20911,180,-0.9422,15.8493,-79.12,-79.12
20918,180,-0.9422,16.2960,-79.12,-79.12
20922,180,-10.8779,16.2960,-79.12,-79.12
20929,180,-10.8779,16.6795,-79.12,-79.12
20933,180,-4.3683,16.6795,-79.12,-79.12
20941,180,-4.3683,15.8403,-79.12,-79.12
20943,180,-0.9422,15.8403,-79.12,-79.12
20953,180,-0.9422,15.8042,-79.12,-79.12
20954,180,0.6852,15.8042,-79.12,-79.12
20965,180,0.6852,16.4900,-79.12,-79.12
20965,180,-0.7709,16.4900,-79.12,-79.12
20976,180,-12.7623,16.4900,-79.12,-79.12
20977,180,-12.7623,16.4584,-79.12,-79.12
20987,180,-4.6253,16.4584,-79.12,-79.12
20989,180,-4.6253,16.2418,-79.12,-79.12
20998,180,-2.3126,16.2418,-79.12,-79.12
21000,180,-2.3126,16.0388,-79.12,-77.68
21009,180,3.7687,16.0388,-79.12,-79.12
21012,180,3.7687,16.3456,-79.12,-79.12
21020,180,-1.9700,16.3456,-79.12,-79.12
21024,180,-1.9700,16.2779,-77.68,-77.68
21031,180,-7.3662,16.2779,-79.12,-79.12
21036,180,-7.3662,15.9801,-79.12,-79.12
21042,180,-8.3084,15.9801,-77.68,-79.12
21048,180,-8.3084,16.1245,-79.12,-79.12
21053,180,3.7687,16.1245,-79.12,-79.12
21060,180,3.7687,15.8854,-79.12,-79.12
21064,180,4.6253,15.8854,-79.12,-79.12
21071,180,4.6253,16.2148,-79.12,-79.12
21075,180,-5.6531,16.2148,-77.68,-79.12
21083,180,-5.6531,15.8448,-79.12,-79.12
21086,180,-0.9422,15.8448,-79.12,-79.12
21095,180,-0.9422,15.5606,-79.12,-79.12
21097,180,-1.6274,15.5606,-79.12,-79.12
21107,180,-1.6274,16.0839,-79.12,-79.12
21108,180,1.2848,16.0839,-79.12,-79.12
21119,180,1.2848,16.2012,-79.12,-79.12
21119,180,-8.9079,16.2012,-79.12,-79.12
21130,180,2.9122,16.2012,-79.12,-79.12
21131,180,2.9122,15.9080,-79.12,-79.12
21141,180,-10.9636,15.9080,-79.12,-79.12
21142,180,-10.9636,15.8222,-79.12,-79.12
21152,180,-0.5139,15.8222,-79.12,-79.12
21154,180,-0.5139,15.5470,-79.12,-79.12
21163,180,-2.3983,15.5470,-79.12,-79.12
21166,180,-2.3983,15.9260,-79.12,-79.12
21174,180,-4.1970,15.9260,-79.12,-79.12
21178,180,-4.1970,15.9035,-79.12,-79.12
21185,180,-10.1071,15.9035,-79.12,-77.68
21190,180,-10.1071,15.9666,-79.12,-79.12
21196,180,-8.6510,15.9666,-79.12,-79.12
21202,180,-8.6510,15.9215,-79.12,-79.12
21207,180,-4.1113,15.9215,-79.12,-79.12
21213,180,-4.1113,15.8358,-79.12,-79.12
21218,180,-8.5653,15.8358,-77.68,-79.12
21225,180,-8.5653,15.7185,-79.12,-79.12
21229,180,6.6809,15.7185,-79.12,-79.12
21237,180,6.6809,15.7275,-79.12,-79.12
21240,180,4.7966,15.7275,-79.12,-79.12
21249,180,4.7966,16.0568,-79.12,-79.12
21251,180,2.7409,16.0568,-79.12,-79.12
21261,180,2.7409,16.0478,-79.12,-79.12
21262,180,-7.7088,16.0478,-79.12,-79.12
21273,180,-6.4240,15.9666,-77.68,-79.12
21283,180,-12.9336,15.9666,-79.12,-77.68
21284,180,-12.9336,15.8899,-79.12,-79.12
21294,180,-11.8201,15.8899,-79.12,-79.12
21296,180,-11.8201,16.1877,-79.12,-79.12
21305,180,-7.7944,16.1877,-77.68,-79.12
21308,180,-7.7944,15.8403,-79.12,-79.12
21316,180,4.3683,15.8403,-79.12,-79.12
21320,180,4.3683,15.7861,-79.12,-79.12
21327,180,10.8779,15.7861,-79.12,-79.12
21332,180,10.8779,15.8448,-79.12,-79.12
21338,180,1.0278,15.8448,-79.12,-79.12
21344,180,1.0278,16.0253,-79.12,-79.12
21349,180,9.2505,16.0253,-79.12,-79.12
21355,180,9.2505,15.9621,-79.12,-79.12
21360,180,-1.0278,15.9621,-79.12,-79.12
21367,180,-1.0278,15.9892,-79.12,-79.12
21371,180,-3.2548,15.9892,-79.12,-79.12
21379,180,-3.2548,15.6914,-79.12,-79.12
21382,180,-1.5418,15.6914,-79.12,-79.12
21391,180,-1.5418,15.7907,-79.12,-79.12
21393,180,2.6552,15.7907,-77.68,-79.12
21403,180,2.6552,16.4313,-79.12,-79.12
21404,180,0.0857,16.4313,-79.12,-79.12
21415,180,0.0857,16.4584,-79.12,-79.12
21415,180,-3.7687,16.4584,-79.12,-79.12
21426,180,0.8565,16.4584,-79.12,-79.12
21426,180,0.8565,16.7155,-79.12,-79.12
21437,180,2.2270,16.7155,-79.12,-79.12
21438,180,2.2270,16.2599,-79.12,-79.12
21448,180,7.7088,16.2599,-79.12,-79.12
21450,180,7.7088,15.8042,-79.12,-79.12
21459,180,-1.2848,15.8042,-79.12,-79.12
21462,180,-1.2848,15.9035,-79.12,-79.12
21470,180,9.2505,15.9035,-79.12,-79.12
21474,180,9.2505,15.8268,-79.12,-79.12
21481,180,1.0278,15.8268,-79.12,-79.12
21486,180,1.0278,15.7275,-79.12,-79.12
21492,180,-3.7687,15.7275,-79.12,-79.12
21497,180,-3.7687,15.3350,-79.12,-79.12
21503,180,-10.1927,15.3350,-79.12,-79.12
21509,180,-10.1927,15.4974,-79.12,-79.12
21514,180,-9.6788,15.4974,-79.12,-79.12
21521,180,-9.6788,15.6688,-79.12,-79.12
21525,180,-12.1627,15.6688,-79.12,-79.12
21533,180,-12.1627,15.6643,-79.12,-79.12
21536,180,-4.6253,15.6643,-79.12,-79.12
21545,180,-4.6253,15.5967,-79.12,-79.12
21547,180,9.0792,15.5967,-79.12,-79.12
21557,180,9.0792,15.6598,-79.12,-79.12
21558,180,4.7109,15.6598,-79.12,-79.12
21568,180,4.7109,15.4794,-79.12,-79.12
21569,180,8.9936,15.4794,-79.12,-79.12
21580,180,-4.4540,15.4794,-79.12,-79.12
21580,180,-4.4540,14.8974,-79.12,-79.12
21591,180,-7.3662,14.8974,-79.12,-79.12
21592,180,-7.3662,15.0417,-79.12,-77.68
21602,180,-7.5375,15.0417,-79.12,-79.12
21604,180,-7.5375,15.3666,-79.12,-79.12
21613,180,-5.6531,15.3666,-79.12,-79.12
21616,180,-5.6531,15.2402,-79.12,-79.12
21623,180,1.7987,15.2402,-79.12,-79.12
21627,180,1.7987,15.1771,-79.12,-79.12
21634,180,1.1135,15.1771,-79.12,-79.12
21639,180,1.1135,15.4027,-79.12,-79.12
21645,180,4.6253,15.4027,-79.12,-79.12
21651,180,4.6253,15.5155,-79.12,-79.12
21656,180,0.4283,15.5155,-79.12,-79.12
21663,180,0.4283,15.4658,-79.12,-79.12
21667,180,-1.1991,15.4658,-79.12,-79.12
21675,180,-1.1991,15.1906,-79.12,-79.12
21678,180,-10.2784,15.1906,-79.12,-79.12
21687,180,-10.2784,15.1094,-79.12,-79.12
21689,180,-3.6831,15.1094,-79.12,-79.12
21698,180,-3.6831,15.0056,-79.12,-79.12
21700,180,-6.9379,15.0056,-79.12,-79.12
21710,180,-6.9379,15.3530,-79.12,-79.12
21711,180,8.8223,15.3530,-77.68,-79.12
21722,180,8.8223,15.3350,-79.12,-79.12
21722,180,4.2827,15.3350,-79.12,-79.12
21733,180,-4.5396,15.3350,-79.12,-79.12
21734,180,-4.5396,15.3936,-79.12,-79.12
21744,180,-2.3126,15.3936,-79.12,-79.12
21746,180,-2.3126,15.5922,-79.12,-79.12
21755,180,-4.7109,15.5922,-79.12,-79.12
21758,180,-4.7109,15.0914,-79.12,-79.12
21766,180,-8.7366,15.0914,-79.12,-79.12
21769,180,-8.7366,14.9605,-79.12,-79.12
21777,180,-6.6809,14.9605,-79.12,-79.12
21781,180,-6.6809,14.6988,-79.12,-79.12
21788,180,-0.3426,14.6988,-79.12,-79.12
21793,180,-0.3426,14.7034,-79.12,-79.12
21799,180,-9.8501,14.7034,-79.12,-77.68
21805,180,-9.8501,15.2177,-79.12,-79.12
21810,180,-9.5075,15.2177,-79.12,-79.12
21817,180,-9.5075,15.1410,-79.12,-79.12
21821,180,-6.2527,15.1410,-79.12,-79.12
21829,180,-6.2527,15.1320,-79.12,-79.12
21832,180,-1.6274,15.1320,-79.12,-79.12
21840,180,-1.6274,15.3530,-79.12,-79.12
21843,180,-5.3961,15.3530,-79.12,-79.12
21852,180,-5.3961,14.7530,-79.12,-79.12
21854,180,-1.9700,14.7530,-79.12,-79.12
21864,180,-1.9700,14.5319,-79.12,-79.12
21865,180,-7.2805,14.5319,-79.12,-79.12
21876,180,-11.3062,14.5319,-79.12,-79.12
21876,180,-11.3062,14.3334,-79.12,-79.12
21887,180,-3.9400,14.3334,-79.12,-79.12
21888,180,-3.9400,14.4236,-79.12,-79.12
21898,180,-2.8266,14.4236,-79.12,-79.12
21900,180,-2.8266,15.1184,-79.12,-79.12
21909,180,3.1692,15.1184,-79.12,-79.12
21911,180,3.1692,15.2899,-79.12,-79.12
21920,180,-4.9679,15.2899,-79.12,-79.12
21923,180,-4.9679,15.0056,-79.12,-79.12
21931,180,-3.1692,15.0056,-79.12,-79.12
21935,180,-3.1692,14.9786,-79.12,-79.12
21942,180,-4.1113,14.9786,-79.12,-79.12
21947,180,-4.1113,14.7169,-79.12,-79.12
21952,180,0.0857,14.7169,-79.12,-79.12
21959,180,0.0857,14.1214,-79.12,-79.12
21963,180,8.1370,14.1214,-79.12,-79.12
21971,180,8.1370,14.2387,-79.12,-79.12
21974,180,5.2248,14.2387,-79.12,-79.12
21982,180,5.2248,14.6582,-79.12,-79.12
21985,180,5.7388,14.6582,-79.12,-79.12
21994,180,5.7388,14.2432,-79.12,-79.12
21996,180,-6.7666,14.2432,-79.12,-79.12
22006,180,-6.7666,14.4327,-77.68,-77.68
22007,180,3.5974,14.4327,-79.12,-79.12
22018,180,3.5974,14.5049,-79.12,-79.12
22018,180,-0.5139,14.5049,-79.12,-79.12
22029,180,2.3126,14.5049,-79.12,-79.12
22030,180,2.3126,14.7304,-79.12,-79.12
22040,180,3.8544,14.7304,-79.12,-79.12
22042,180,3.8544,14.7846,-79.12,-79.12
22051,180,10.5353,14.7846,-79.12,-79.12
22053,180,10.5353,14.9335,-79.12,-79.12
22062,180,2.9979,14.9335,-79.12,-79.12
22065,180,2.9979,14.6853,-79.12,-79.12
22073,180,-1.6274,14.6853,-79.12,-77.68
22077,180,-1.6274,14.7169,-79.12,-79.12
22084,180,-7.6231,14.7169,-79.12,-79.12
22089,180,-7.6231,14.7395,-79.12,-79.12
22095,180,-13.3619,14.7395,-79.12,-79.12
22101,180,-13.3619,14.4823,-79.12,-79.12
22106,180,-9.5931,14.4823,-79.12,-79.12
22113,180,-9.5931,14.6402,-79.12,-79.12
22117,180,-3.7687,14.6402,-79.12,-79.12
22124,180,-3.7687,15.0417,-79.12,-79.12
22128,180,4.1970,15.0417,-79.12,-79.12
22136,180,4.1970,14.7801,-79.12,-79.12
22139,180,-5.2248,14.7801,-79.12,-79.12
22148,180,-5.2248,14.8026,-79.12,-79.12
22150,180,-0.9422,14.8026,-79.12,-79.12
22160,180,-0.9422,14.6898,-79.12,-79.12
22161,180,-5.4818,14.6898,-79.12,-79.12
22172,180,-5.4818,14.2883,-77.68,-79.12
22172,180,-0.5996,14.2883,-79.12,-79.12
22183,180,2.0557,14.2883,-79.12,-79.12
22184,180,2.0557,14.0582,-79.12,-79.12
22194,180,2.9122,14.0582,-79.12,-79.12
22195,180,2.9122,13.9635,-79.12,-79.12
22205,180,-2.8266,13.9635,-79.12,-79.12
22207,180,-2.8266,14.5996,-79.12,-79.12
22216,180,-5.0535,14.5996,-79.12,-77.68
22219,180,-5.0535,14.5725,-79.12,-79.12
22227,180,3.8544,14.5725,-79.12,-79.12
22231,180,3.8544,14.4597,-79.12,-79.12
22238,180,2.3983,14.4597,-79.12,-79.12
22243,180,2.3983,14.3966,-79.12,-79.12
22249,180,7.4518,14.3966,-79.12,-79.12
22255,180,7.4518,14.2928,-79.12,-79.12
22260,180,-1.0278,14.2928,-79.12,-79.12
22266,180,-1.0278,14.7079,-77.68,-79.12
22271,180,0.7709,14.7079,-79.12,-79.12
22278,180,0.7709,15.0282,-79.12,-79.12
22282,180,-2.2270,15.0282,-79.12,-79.12
22290,180,-2.2270,14.8974,-79.12,-77.68
22292,180,0.2570,14.8974,-77.68,-79.12
22302,180,0.2570,14.0898,-79.12,-79.12
22314,180,0.2570,14.1800,-79.12,-79.12
22314,180,-5.0535,14.1800,-79.12,-79.12
22325,180,-1.8844,14.1800,-79.12,-79.12
22326,180,-1.8844,14.7846,-79.12,-79.12
22336,180,-4.1970,14.7846,-79.12,-79.12
22337,180,-4.1970,15.0688,-79.12,-79.12
22347,180,2.4839,15.0688,-79.12,-77.68
22349,180,2.4839,14.7665,-79.12,-79.12
22358,180,-11.4775,14.7665,-79.12,-79.12
22369,180,-5.0535,14.7665,-79.12,-79.12
22373,180,-5.0535,14.7304,-79.12,-79.12
22380,180,-4.1113,14.7304,-79.12,-79.12
22385,180,-4.1113,14.5951,-79.12,-79.12
22391,180,0.7709,14.5951,-79.12,-79.12
22396,180,0.7709,14.3424,-79.12,-79.12
22402,180,-4.7109,14.3424,-79.12,-79.12
22408,180,-4.7109,14.8162,-79.12,-79.12
22413,180,0.0857,14.8162,-79.12,-79.12
22420,180,0.0857,14.7214,-77.68,-79.12
22424,180,5.3961,14.7214,-79.12,-79.12
22432,180,5.3961,14.5500,-79.12,-79.12
22435,180,-4.7109,14.5500,-79.12,-79.12
22444,180,-4.7109,15.2718,-79.12,-77.68
22446,180,-5.1392,15.2718,-79.12,-79.12
22456,180,-5.1392,15.3124,-79.12,-77.68
22457,180,-8.1370,15.3124,-79.12,-79.12
22467,180,-8.1370,15.1590,-79.12,-79.12
22468,180,-3.2548,15.1590,-79.12,-79.12
22479,180,-8.9936,15.1590,-79.12,-79.12
22479,180,-8.9936,15.1410,-79.12,-79.12
22490,180,-3.9400,15.1410,-79.12,-79.12
22491,180,-3.9400,15.3666,-79.12,-79.12
22501,180,-11.6488,15.3666,-79.12,-79.12
22503,180,-11.6488,15.2087,-79.12,-79.12
22512,180,-8.1370,15.2087,-79.12,-79.12
22515,180,-8.1370,14.5500,-79.12,-79.12
22523,180,-6.3383,14.5500,-79.12,-79.12
22527,180,-6.3383,14.7079,-79.12,-79.12
22534,180,-2.3983,14.7079,-79.12,-79.12
22538,180,-2.3983,15.1816,-79.12,-79.12
22545,180,0.9422,15.1816,-79.12,-79.12
22550,180,0.9422,15.0823,-79.12,-79.12
22556,180,-5.4818,15.0823,-79.12,-79.12
22562,180,-5.4818,15.0147,-79.12,-79.12
22567,180,7.1949,15.0147,-79.12,-79.12
22574,180,7.1949,15.2267,-79.12,-79.12
22578,180,3.2548,15.2267,-79.12,-79.12
22586,180,3.2548,15.1771,-79.12,-79.12
22589,180,6.9379,15.1771,-79.12,-79.12
22598,180,6.9379,14.9380,-79.12,-79.12
22600,180,3.3405,14.9380,-79.12,-79.12
22609,180,3.3405,15.0959,-79.12,-79.12
22611,180,1.5418,15.0959,-79.12,-79.12
22621,180,1.5418,14.7304,-79.12,-79.12
22622,180,-5.3105,14.7304,-79.12,-79.12
22633,180,-3.5118,14.7304,-79.12,-79.12
22633,180,-3.5118,14.7034,-79.12,-79.12
22643,180,-6.5096,14.7034,-79.12,-79.12
22645,180,-6.5096,15.2628,-79.12,-77.68
22654,180,-4.2827,15.2628,-79.12,-79.12
22657,180,-4.2827,15.0553,-79.12,-79.12
22665,180,3.2548,15.0553,-79.12,-79.12
22669,180,3.2548,14.8658,-79.12,-79.12
22676,180,-4.7109,14.8658,-79.12,-79.12
22680,180,-4.7109,14.7079,-79.12,-79.12
22687,180,-8.1370,14.7079,-79.12,-79.12
22692,180,-8.1370,14.8658,-79.12,-79.12
22698,180,-12.8480,14.8658,-79.12,-79.12
22704,180,-12.8480,14.9650,-79.12,-79.12
22709,180,6.7666,14.9650,-79.12,-79.12
22716,180,6.7666,14.7710,-79.12,-79.12
22720,180,0.8565,14.7710,-79.12,-79.12
22728,180,0.8565,14.8297,-79.12,-79.12
22731,180,-2.3983,14.8297,-79.12,-79.12
22740,180,-2.3983,14.9966,-77.68,-79.12
22742,180,-4.7109,14.9966,-79.12,-79.12
22751,180,-4.7109,15.2267,-79.12,-79.12
22753,180,7.8801,15.2267,-79.12,-79.12
22763,180,7.8801,15.4252,-79.12,-79.12
22764,180,9.4218,15.4252,-79.12,-79.12
22775,180,9.4218,15.2448,-79.12,-77.68
22775,180,-0.8565,15.2448,-79.12,-79.12
22786,180,-1.6274,15.2448,-79.12,-79.12
22787,180,-1.6274,14.9470,-79.12,-79.12
22797,180,-9.2505,14.9470,-79.12,-79.12
22799,180,-9.2505,14.8207,-79.12,-79.12
22808,180,2.1413,14.8207,-79.12,-79.12
22811,180,2.1413,15.2222,-79.12,-79.12
22819,180,0.1713,15.2222,-79.12,-79.12
22822,180,0.1713,15.0643,-79.12,-79.12
22830,180,2.3983,15.0643,-79.12,-79.12
22834,180,2.3983,14.4642,-79.12,-79.12
22841,180,-10.2784,14.4642,-79.12,-79.12
22846,180,-10.2784,14.4146,-79.12,-79.12
22852,180,-10.7066,14.4146,-79.12,-79.12
22858,180,-10.7066,14.5635,-77.68,-79.12
22863,180,-11.1349,14.5635,-79.12,-79.12
22870,180,-11.1349,14.8026,-79.12,-79.12
22874,180,-3.5118,14.8026,-79.12,-79.12
22882,180,-3.5118,14.6537,-79.12,-79.12
22885,180,-5.2248,14.6537,-79.12,-79.12
22893,180,-5.2248,14.3605,-79.12,-79.12
22896,180,-10.3640,14.3605,-79.12,-79.12
22905,180,-10.3640,14.2973,-79.12,-79.12
22907,180,-4.5396,14.2973,-79.12,-79.12
22918,180,-5.0535,14.2973,-79.12,-79.12
22929,180,-2.8266,14.2973,-79.12,-79.12
22929,180,-2.8266,14.5996,-79.12,-77.68
22940,180,-7.5375,14.5996,-79.12,-79.12
22941,180,-7.5375,14.5364,-79.12,-79.12
22951,180,2.9979,14.5364,-79.12,-79.12
22953,180,2.9979,14.7214,-79.12,-77.68
22962,180,-4.2827,14.7214,-79.12,-79.12
22964,180,-4.2827,14.7891,-79.12,-79.12
22973,180,-7.4518,14.7891,-79.12,-79.12
22976,180,-7.4518,14.8883,-79.12,-79.12
22984,180,-4.8822,14.8883,-79.12,-79.12
22988,180,-4.8822,14.9335,-79.12,-79.12
22995,180,-4.1113,14.9335,-79.12,-77.68
23000,180,-4.1113,15.0056,-79.12,-79.12
23005,180,4.7966,15.0056,-79.12,-79.12
23012,180,4.7966,15.0959,-79.12,-79.12
23016,180,-11.7345,15.0959,-79.12,-79.12
23024,180,-11.7345,15.3034,-79.12,-79.12
23027,180,-6.6809,15.3034,-79.12,-79.12
23035,180,-6.6809,15.2448,-79.12,-79.12
23038,180,-5.9101,15.2448,-79.12,-79.12
23047,180,-5.9101,15.4568,-79.12,-79.12
23049,180,11.5632,15.4568,-79.12,-79.12
23059,180,11.5632,15.1771,-79.12,-79.12
23060,180,13.2762,15.1771,-79.12,-79.12
23071,180,13.2762,15.0959,-79.12,-79.12
23071,180,8.9079,15.0959,-79.12,-79.12
23082,180,-2.3126,15.0959,-79.12,-79.12
23083,180,-2.3126,15.1500,-79.12,-79.12
23093,180,0.3426,15.1500,-79.12,-79.12
23094,180,0.3426,15.0192,-79.12,-79.12
23104,180,2.9122,15.0192,-79.12,-79.12
23106,180,2.9122,15.1455,-79.12,-79.12
23115,180,1.6274,15.1455,-79.12,-79.12
23118,180,1.6274,15.0643,-79.12,-79.12
23126,180,-1.7131,15.0643,-79.12,-79.12
23130,180,-1.7131,15.1816,-79.12,-79.12
23137,180,-2.9122,15.1816,-79.12,-79.12
23142,180,-2.9122,15.4884,-79.12,-79.12
23148,180,8.8223,15.4884,-79.12,-79.12
23154,180,8.8223,14.9199,-79.12,-79.12
23159,180,2.8266,14.9199,-79.12,-79.12
23165,180,2.8266,15.1906,-79.12,-79.12
23170,180,0.5996,15.1906,-79.12,-79.12
23177,180,0.5996,14.9380,-79.12,-79.12
23181,180,-5.5675,14.9380,-79.12,-79.12
23189,180,-5.5675,15.4342,-79.12,-79.12
23192,180,2.9979,15.4342,-79.12,-79.12
23201,180,2.9979,15.1049,-79.12,-79.12
23203,180,3.7687,15.1049,-79.12,-79.12
23213,180,3.7687,14.9515,-79.12,-79.12
23214,180,-2.3126,14.9515,-79.12,-79.12
23225,180,-2.3126,14.9109,-79.12,-79.12
23225,180,-3.1692,14.9109,-79.12,-79.12
23236,180,-8.5653,14.9109,-79.12,-79.12
23236,180,-8.5653,14.5409,-79.12,-79.12
23247,180,-4.1970,14.5409,-79.12,-79.12
23248,180,-4.1970,14.6492,-79.12,-79.12
23258,180,-6.6809,14.6492,-79.12,-79.12
23260,180,-6.6809,14.5996,-79.12,-79.12
23269,180,2.5696,14.5996,-79.12,-77.68
23272,180,2.5696,14.7259,-79.12,-79.12
23280,180,-0.4283,14.7259,-79.12,-79.12
23284,180,-0.4283,14.9470,-79.12,-79.12
23291,180,0.2570,14.9470,-79.12,-79.12
23296,180,0.2570,14.7575,-79.12,-79.12
23302,180,-6.3383,14.7575,-79.12,-79.12
23307,180,-6.3383,14.9921,-79.12,-79.12
23313,180,-1.9700,14.9921,-79.12,-79.12
23324,180,-2.9122,14.9921,-79.12,-79.12
23331,180,-2.9122,15.2718,-79.12,-79.12
23335,180,-7.6231,15.2718,-79.12,-79.12
23343,180,-7.6231,15.6418,-79.12,-79.12
23346,180,-3.6831,15.6418,-79.12,-79.12
23355,180,-3.6831,15.6734,-79.12,-79.12
23356,180,-4.3683,15.6734,-79.12,-79.12
23367,180,-4.3683,15.3124,-79.12,-79.12
23367,180,-2.0557,15.3124,-79.12,-79.12
23378,180,-8.9936,15.0643,-79.12,-79.12
23389,180,-3.7687,15.0643,-79.12,-77.68
23390,180,-3.7687,15.3395,-79.12,-79.12
23400,180,-15.1606,15.3395,-79.12,-79.12
23402,180,-15.1606,15.1275,-79.12,-79.12
23411,180,-1.1135,15.1275,-79.12,-79.12
23414,180,-1.1135,14.7169,-79.12,-79.12
23422,180,-0.2570,14.7169,-79.12,-79.12
23426,180,-0.2570,14.9741,-79.12,-79.12
23433,180,-4.1113,14.9741,-77.68,-79.12
23438,180,-4.1113,15.0823,-79.12,-79.12
23444,180,4.1970,15.0823,-79.12,-79.12
23449,180,4.1970,15.1139,-79.12,-79.12
23455,180,5.7388,15.1139,-79.12,-79.12
23461,180,5.7388,15.2493,-79.12,-79.12
23466,180,3.1692,15.2493,-79.12,-79.12
23473,180,3.1692,15.3124,-79.12,-79.12
23477,180,-10.8779,15.3124,-79.12,-79.12
23485,180,-10.8779,15.2763,-79.12,-79.12
23488,180,-3.0835,15.2763,-79.12,-79.12
23497,180,-3.0835,15.4072,-79.12,-79.12
23499,180,-4.1113,15.4072,-79.12,-79.12
23509,180,-4.1113,15.5155,-79.12,-79.12
23510,180,1.2848,15.5155,-79.12,-79.12
23520,180,1.2848,15.1004,-79.12,-79.12
23521,180,-4.0257,15.1004,-79.12,-79.12
23532,180,-6.5953,15.1004,-79.12,-79.12
23532,180,-6.5953,15.1275,-79.12,-79.12
23543,180,-9.8501,15.1275,-79.12,-79.12
23544,180,-9.8501,15.3801,-79.12,-79.12
23554,180,-1.1135,15.3801,-79.12,-79.12
23556,180,-1.1135,15.3621,-79.12,-79.12
23565,180,-0.2570,15.3621,-79.12,-79.12
23568,180,-0.2570,15.6959,-79.12,-79.12
23576,180,-0.4283,15.6959,-79.12,-79.12
23580,180,-0.4283,15.6282,-79.12,-77.68
23587,180,2.0557,15.6282,-79.12,-79.12
23591,180,2.0557,15.0914,-79.12,-79.12
23598,180,-2.7409,15.0914,-79.12,-79.12
23603,180,-2.7409,15.2402,-79.12,-79.12
23609,180,7.5375,15.2402,-79.12,-77.68
23615,180,7.5375,15.2222,-79.12,-79.12
23620,180,0.0000,15.2222,-79.12,-79.12
23627,180,0.0000,15.2357,-79.12,-79.12
23631,180,-2.3983,15.2357,-77.68,-79.12
23639,180,-2.3983,15.1816,-79.12,-79.12
23642,180,-4.7109,15.1816,-79.12,-79.12
23651,180,-4.7109,15.1635,-79.12,-79.12
23653,180,-5.1392,15.1635,-79.12,-79.12
23662,180,-5.1392,15.1275,-79.12,-79.12
23664,180,-8.3084,15.1275,-79.12,-79.12
23674,180,-8.3084,15.1771,-79.12,-79.12
23675,180,-4.9679,15.1771,-79.12,-79.12
23686,180,-3.0835,15.1771,-79.12,-79.12
23686,180,-3.0835,15.1320,-79.12,-79.12
23697,180,-10.0214,15.1320,-79.12,-79.12
23698,180,-10.0214,15.2177,-79.12,-79.12
23707,180,-1.5418,15.2177,-79.12,-79.12
23710,180,-1.5418,15.6914,-79.12,-79.12
23718,180,-7.5375,15.6914,-79.12,-79.12
23722,180,-7.5375,15.5786,-79.12,-79.12
23729,180,2.2270,15.5786,-79.12,-79.12
23733,180,2.2270,14.8342,-79.12,-79.12
23740,180,-4.7109,14.8342,-79.12,-79.12
23745,180,-4.7109,14.8793,-79.12,-79.12
23751,180,1.6274,14.8793,-79.12,-79.12
23757,180,1.6274,15.0508,-79.12,-79.12
23762,180,-6.4240,15.0508,-79.12,-79.12
23769,180,-6.4240,15.4433,-79.12,-79.12
23773,180,-2.1413,15.4433,-79.12,-79.12
23781,180,-2.1413,15.3215,-79.12,-79.12
23784,180,5.7388,15.3215,-79.12,-79.12
23792,180,5.7388,15.1635,-79.12,-79.12
23795,180,3.1692,15.1635,-79.12,-79.12
23804,180,3.1692,15.1229,-79.12,-79.12
23806,180,9.5931,15.1229,-79.12,-79.12
23816,180,9.5931,15.2448,-79.12,-79.12
23817,180,2.2270,15.2448,-79.12,-79.12
23828,180,2.2270,15.1816,-79.12,-77.68
23828,180,3.4261,15.1816,-79.12,-79.12
23839,180,-6.0814,15.1816,-79.12,-79.12
23840,180,-6.0814,14.7665,-79.12,-79.12
23850,180,-2.2270,14.7665,-79.12,-79.12
23852,180,-2.2270,14.6086,-77.68,-79.12
23861,180,-5.9101,14.6086,-79.12,-79.12
23863,180,-5.9101,15.4297,-79.12,-79.12
23872,180,0.3426,15.4297,-79.12,-79.12
23875,180,0.3426,15.5515,-79.12,-79.12
23883,180,-1.9700,15.5515,-79.12,-77.68
23887,180,-1.9700,15.2538,-79.12,-79.12
23894,180,-11.0493,15.2538,-79.12,-79.12
23899,180,-11.0493,15.1996,-79.12,-79.12
23905,180,-4.6253,15.1996,-79.12,-79.12
23911,180,-4.6253,15.3440,-79.12,-77.68
23916,180,-11.0493,15.3440,-79.12,-79.12
23923,180,-11.0493,15.4794,-79.12,-79.12
23927,180,-2.5696,15.4794,-79.12,-79.12
23934,180,-2.5696,15.7140,-79.12,-79.12
23938,180,-3.9400,15.7140,-79.12,-79.12
23946,180,-3.9400,15.7816,-79.12,-79.12
23949,180,1.8844,15.7816,-79.12,-79.12
23958,180,1.8844,15.3936,-79.12,-79.12
23960,180,-13.8758,15.3936,-79.12,-79.12
23970,180,-13.8758,15.2402,-79.12,-79.12
23971,180,-4.4540,15.2402,-79.12,-79.12
23982,180,4.1970,15.2402,-79.12,-79.12
23982,180,4.1970,15.1861,-79.12,-79.12
23993,180,0.1713,15.1861,-79.12,-79.12
23994,180,0.1713,15.1004,-77.68,-79.12
24004,180,-1.7987,15.1004,-79.12,-79.12
24005,180,-1.7987,15.2854,-79.12,-79.12
24015,180,0.4283,15.2854,-79.12,-79.12
24017,180,0.4283,15.1545,-79.12,-79.12
24026,180,4.3683,15.1545,-79.12,-79.12
24029,180,4.3683,15.2718,-79.12,-79.12
24037,180,-4.3683,15.2718,-79.12,-79.12
24041,180,-4.3683,15.5741,-79.12,-79.12
24047,180,0.5139,15.5741,-79.12,-79.12
24053,180,0.5139,15.7320,-79.12,-79.12
24058,180,0.9422,15.7320,-79.12,-79.12
24065,180,0.9422,15.9395,-79.12,-79.12
24069,180,4.0257,15.9395,-79.12,-79.12
24076,180,4.0257,15.6237,-79.12,-79.12
24080,180,-1.8844,15.6237,-79.12,-79.12
24088,180,-1.8844,15.1410,-79.12,-79.12
24091,180,1.5418,15.1410,-79.12,-79.12
24100,180,1.5418,15.2808,-79.12,-79.12
24102,180,0.5139,15.2808,-79.12,-79.12
24112,180,0.5139,15.1861,-79.12,-79.12
24113,180,-6.3383,15.1861,-79.12,-79.12
24124,180,-6.3383,14.9470,-79.12,-79.12
24124,180,-7.7944,14.9470,-79.12,-79.12
24135,180,-10.3640,14.9470,-79.12,-79.12
24136,180,-10.3640,14.7485,-79.12,-79.12
24146,180,-0.7709,14.7485,-79.12,-79.12
24147,180,-0.7709,14.8432,-79.12,-79.12
24157,180,3.3405,14.8432,-79.12,-79.12
24159,180,3.3405,15.1049,-79.12,-79.12
24168,180,2.4839,15.1049,-79.12,-79.12
24171,180,2.4839,15.3530,-79.12,-79.12
24179,180,-9.9358,15.3530,-79.12,-79.12
24183,180,-9.9358,15.1906,-79.12,-79.12
24190,180,-5.0535,15.1906,-79.12,-79.12
24195,180,-5.0535,14.8432,-77.68,-79.12
24201,180,-5.9101,14.8432,-79.12,-79.12
24207,180,-5.9101,14.7846,-79.12,-79.12
24212,180,-1.9700,14.7846,-79.12,-79.12
24218,180,-1.9700,14.9154,-79.12,-77.68
24223,180,-8.6510,14.9154,-79.12,-79.12
24230,180,-8.6510,15.5561,-79.12,-79.12
24234,180,-7.7088,15.5561,-79.12,-79.12
24242,180,-7.7088,15.4252,-79.12,-79.12
24245,180,-3.5118,15.4252,-79.12,-79.12
24254,180,-3.5118,15.1184,-79.12,-79.12
24256,180,-11.5632,15.1184,-79.12,-79.12
24266,180,-11.5632,15.0462,-79.12,-79.12
24267,180,-2.9979,15.0462,-79.12,-79.12
24278,180,-2.9979,14.9109,-77.68,-79.12
24278,180,-4.9679,14.9109,-79.12,-79.12
24289,180,6.2527,14.9109,-79.12,-79.12
24289,180,6.2527,14.8387,-79.12,-79.12
24300,180,3.7687,14.8387,-79.12,-79.12
24301,180,3.7687,14.7575,-79.12,-79.12
24311,180,0.5996,14.7575,-79.12,-79.12
24313,180,0.5996,14.3695,-79.12,-79.12
24322,180,-5.4818,14.3695,-79.12,-79.12
24325,180,-5.4818,14.6763,-79.12,-79.12
24333,180,-3.4261,14.6763,-79.12,-79.12
24337,180,-3.4261,14.6312,-79.12,-79.12
24344,180,3.6831,14.6312,-79.12,-79.12
24348,180,3.6831,14.9425,-79.12,-79.12
24355,180,-5.1392,14.9425,-79.12,-79.12
24360,180,-5.1392,15.4207,-79.12,-79.12
24366,180,-6.9379,15.4207,-79.12,-79.12
24372,180,-6.9379,14.9650,-79.12,-79.12
24377,180,-8.9936,14.9650,-79.12,-79.12
24384,180,-8.9936,14.7214,-79.12,-79.12
24388,180,3.5974,14.7214,-79.12,-79.12
24396,180,3.5974,14.5274,-79.12,-79.12
24398,180,0.9422,14.5274,-79.12,-79.12
24408,180,0.9422,14.5364,-79.12,-79.12
24409,180,10.7923,14.5364,-79.12,-79.12
24419,180,10.7923,14.7304,-79.12,-79.12
24420,180,-2.5696,14.7304,-79.12,-79.12
24431,180,-2.5696,14.9695,-79.12,-77.68
24431,180,2.4839,14.9695,-79.12,-79.12
24442,180,-0.6852,14.9695,-77.68,-79.12
24443,180,-0.6852,15.0282,-79.12,-79.12
24453,180,-6.0814,15.0282,-79.12,-79.12
24455,180,-6.0814,14.9605,-79.12,-79.12
24464,180,3.5974,14.9605,-79.12,-79.12
24467,180,3.5974,15.1049,-79.12,-79.12
24475,180,-3.3405,15.1049,-79.12,-79.12
24479,180,-3.3405,14.7124,-79.12,-79.12
24486,180,-4.2827,14.7124,-79.12,-79.12
24490,180,-4.2827,14.9786,-79.12,-79.12
24497,180,-4.6253,14.9786,-79.12,-79.12
24502,180,-4.6253,14.7034,-79.12,-79.12
24508,180,-2.0557,14.7034,-79.12,-79.12
24514,180,-2.0557,14.4597,-79.12,-79.12
24519,180,-2.1413,14.4597,-79.12,-77.68
24526,180,-2.1413,14.3921,-79.12,-79.12
24530,180,4.1113,14.3921,-79.12,-79.12
24538,180,4.1113,14.6131,-79.12,-77.68
24541,180,-5.3105,14.6131,-79.12,-79.12
24550,180,-5.3105,14.8928,-79.12,-79.12
24552,180,-2.0557,14.8928,-79.12,-79.12
24561,180,-2.0557,14.6943,-79.12,-79.12
24563,180,-4.3683,14.6943,-79.12,-79.12
24573,180,-4.3683,14.5725,-79.12,-79.12
24574,180,-1.8844,14.5725,-79.12,-79.12
24585,180,6.8522,14.5725,-79.12,-79.12
24585,180,6.8522,15.0598,-79.12,-79.12
24596,180,-3.1692,15.0598,-79.12,-79.12
24597,180,-3.1692,15.1004,-79.12,-79.12
24607,180,-2.6552,15.1004,-79.12,-79.12
24609,180,-2.6552,15.0643,-79.12,-79.12
24618,180,-7.1092,15.0643,-79.12,-79.12
24621,180,-7.1092,14.5861,-79.12,-79.12
24629,180,1.5418,14.5861,-79.12,-79.12
24632,180,1.5418,14.6312,-79.12,-79.12
24640,180,-10.3640,14.6312,-79.12,-79.12
24644,180,-10.3640,15.1094,-79.12,-79.12
24651,180,-4.1970,15.1094,-79.12,-79.12
24656,180,-4.1970,15.1996,-79.12,-79.12
24662,180,-0.6852,15.1996,-79.12,-79.12
24668,180,-0.6852,14.8703,-79.12,-79.12
24673,180,3.7687,14.8703,-79.12,-79.12
24680,180,3.7687,14.3469,-79.12,-79.12
24684,180,-1.3704,14.3469,-79.12,-79.12
24692,180,-1.3704,14.2973,-79.12,-79.12
24695,180,-9.9358,14.2973,-79.12,-79.12
24703,180,-9.9358,14.0041,-79.12,-79.12
24706,180,3.2548,14.0041,-79.12,-79.12
24715,180,3.2548,14.1259,-79.12,-77.68
24717,180,0.0857,14.1259,-79.12,-79.12
24727,180,0.0857,14.6041,-79.12,-79.12
24728,180,5.3105,14.6041,-79.12,-79.12
24738,180,5.1392,14.6041,-79.12,-79.12
24739,180,5.1392,14.6222,-79.12,-79.12
24749,180,4.0257,14.6222,-79.12,-79.12
24751,180,4.0257,14.5996,-79.12,-79.12
24760,180,-4.2827,14.5996,-79.12,-79.12
24763,180,-4.2827,14.6943,-79.12,-79.12
24771,180,-0.6852,14.6943,-79.12,-79.12
24774,180,-0.6852,14.7395,-79.12,-79.12
24782,180,-2.5696,14.7395,-79.12,-79.12
24786,180,-2.5696,14.2342,-79.12,-79.12
24793,180,-5.6531,14.2342,-79.12,-79.12
24798,180,-5.6531,14.3515,-79.12,-79.12
24804,180,-5.9957,14.3515,-79.12,-79.12
24810,180,-5.9957,14.6898,-79.12,-79.12
24815,180,-6.6809,14.6898,-79.12,-79.12
24822,180,-6.6809,14.2928,-79.12,-79.12
24826,180,-4.5396,14.2928,-79.12,-79.12
24834,180,-4.5396,13.9680,-79.12,-79.12
24837,180,-9.1649,13.9680,-79.12,-79.12
24845,180,-9.1649,14.4056,-79.12,-79.12
24848,180,-0.7709,14.4056,-79.12,-79.12
24857,180,-0.7709,14.4597,-79.12,-79.12
24859,180,-6.4240,14.4597,-79.12,-77.68
24869,180,-6.4240,14.0221,-79.12,-79.12
24870,180,-3.2548,14.0221,-79.12,-79.12
24881,180,-0.9422,14.0221,-79.12,-79.12
24892,180,-0.6852,14.0221,-79.12,-79.12
24893,180,-0.6852,14.3109,-79.12,-79.12
24903,180,-0.5996,14.3109,-79.12,-79.12
24905,180,-0.5996,14.0537,-79.12,-79.12
24914,180,-3.3405,14.0537,-79.12,-79.12
24916,180,-3.3405,14.1665,-79.12,-79.12
24925,180,-2.6552,14.1665,-79.12,-79.12
24928,180,-2.6552,14.3515,-79.12,-79.12
24936,180,-9.4218,14.3515,-79.12,-79.12
24940,180,-9.4218,14.7169,-79.12,-79.12
24947,180,-5.3105,14.7169,-79.12,-79.12
24952,180,-5.3105,14.9786,-79.12,-79.12
24958,180,-6.0814,14.9786,-79.12,-79.12
24964,180,-6.0814,14.7485,-79.12,-79.12
24969,180,2.6552,14.7485,-79.12,-79.12
24976,180,2.6552,14.4011,-79.12,-79.12
24980,180,-0.5996,14.4011,-79.12,-79.12
24987,180,-0.5996,14.7846,-79.12,-79.12
24991,180,3.7687,14.7846,-79.12,-79.12
24999,180,3.7687,14.7801,-79.12,-79.12
25002,180,3.0835,14.7801,-79.12,-79.12
25011,180,3.0835,14.7936,-79.12,-79.12
25013,180,-1.5418,14.7936,-79.12,-79.12
25023,180,-1.5418,14.7981,-79.12,-77.68
25024,180,-6.0814,14.7981,-79.12,-79.12
25035,180,-13.1049,14.7981,-79.12,-79.12
25035,180,-13.1049,14.5229,-79.12,-79.12
25046,180,-1.1135,14.5229,-79.12,-77.68
25047,180,-1.1135,14.8974,-79.12,-79.12
25057,180,-1.7131,14.8974,-79.12,-79.12
25058,180,-1.7131,14.8568,-79.12,-79.12
25068,180,5.1392,14.8568,-79.12,-79.12
25070,180,5.1392,14.2387,-79.12,-79.12
25079,180,-10.0214,14.2387,-79.12,-79.12
25082,180,-10.0214,14.1214,-79.12,-79.12
25089,180,-2.6552,14.1214,-79.12,-79.12
25094,180,-2.6552,13.8732,-79.12,-79.12
25100,180,-1.2848,13.8732,-79.12,-79.12
25106,180,-1.2848,13.9815,-79.12,-79.12
25111,180,-0.5996,13.9815,-79.12,-79.12
25118,180,-0.5996,14.0943,-79.12,-79.12
25122,180,-5.5675,14.0943,-79.12,-79.12
25129,180,-5.5675,14.6041,-79.12,-79.12
25133,180,-1.3704,14.6041,-79.12,-79.12
25141,180,-1.3704,15.0192,-79.12,-79.12
25144,180,-2.9979,15.0192,-79.12,-79.12
25153,180,-2.9979,14.4733,-79.12,-79.12
25155,180,-7.9657,14.4733,-79.12,-79.12
25165,180,-7.9657,14.6763,-79.12,-79.12
25166,180,-1.5418,14.6763,-79.12,-79.12
25177,180,-1.5418,14.7169,-79.12,-79.12
25177,180,-6.9379,14.7169,-79.12,-79.12
25188,180,-2.4839,14.7169,-79.12,-79.12
25189,180,-2.4839,14.6312,-79.12,-79.12
25199,180,-12.1627,14.6312,-79.12,-79.12
25200,180,-12.1627,15.0914,-79.12,-79.12
25210,180,-14.0471,15.0914,-79.12,-79.12
25212,180,-14.0471,15.1681,-79.12,-79.12
25221,180,-10.7923,15.1681,-79.12,-79.12
25224,180,-10.7923,15.1320,-79.12,-79.12
25232,180,-3.1692,15.1320,-79.12,-79.12
25236,180,-3.1692,14.2748,-79.12,-79.12
25243,180,-7.4518,14.2748,-79.12,-79.12
25248,180,-7.4518,14.4597,-79.12,-79.12
25254,180,-8.3940,14.4597,-79.12,-79.12
25260,180,-8.3940,15.1365,-79.12,-79.12
25265,180,-1.8844,15.1365,-79.12,-79.12
25271,180,-1.8844,15.1906,-79.12,-79.12
25276,180,-2.7409,15.1906,-79.12,-79.12
25283,180,-2.7409,15.0959,-79.12,-79.12
25287,180,1.5418,15.0959,-79.12,-79.12
25295,180,1.5418,15.2357,-79.12,-79.12
25298,180,-7.5375,15.2357,-79.12,-79.12
25307,180,-7.5375,15.6598,-79.12,-79.12
25309,180,5.7388,15.6598,-79.12,-79.12
25319,180,5.7388,15.5019,-79.12,-79.12
25320,180,-1.6274,15.5019,-79.12,-79.12
25331,180,-1.6274,15.1049,-77.68,-77.68
25331,180,-2.8266,15.1049,-79.12,-79.12
25342,180,-3.3405,15.1049,-79.12,-79.12
25342,180,-3.3405,14.8793,-79.12,-79.12
25353,180,-1.9700,14.8793,-79.12,-79.12
25354,180,-1.9700,15.1049,-79.12,-79.12
25364,180,-2.2270,15.1049,-79.12,-79.12
25366,180,-2.2270,15.5019,-79.12,-79.12
25375,180,3.6831,15.5019,-79.12,-79.12
25386,180,3.0835,15.5019,-79.12,-79.12
25390,180,3.0835,15.4207,-79.12,-79.12
25397,180,-6.6809,15.4207,-79.12,-79.12
25402,180,-6.6809,14.9560,-79.12,-79.12
25408,180,-4.0257,14.9560,-79.12,-79.12
25413,180,-4.0257,14.6131,-79.12,-77.68
25419,180,-0.5139,14.6131,-79.12,-79.12
25425,180,-0.5139,14.5409,-79.12,-79.12
25430,180,7.2805,14.5409,-79.12,-79.12
25437,180,7.2805,14.7079,-79.12,-79.12
25440,180,-4.7109,14.7079,-79.12,-79.12
25449,180,-4.7109,14.9605,-79.12,-79.12
25451,180,-5.9957,14.9605,-79.12,-79.12
25461,180,-5.9957,15.1906,-79.12,-79.12
25462,180,1.8844,15.1906,-79.12,-79.12
25473,180,1.8844,15.4162,-79.12,-79.12
25473,180,2.2270,15.4162,-79.12,-79.12
25484,180,3.0835,15.4162,-79.12,-79.12
25484,180,3.0835,15.6147,-79.12,-79.12
25495,180,-1.3704,15.6147,-79.12,-79.12
25496,180,-1.3704,15.1320,-79.12,-77.68
25506,180,12.5054,15.1320,-79.12,-79.12
25508,180,12.5054,14.6447,-79.12,-79.12
25517,180,1.1991,14.6447,-79.12,-77.68
25520,180,1.1991,14.8342,-77.68,-79.12
25528,180,-0.5996,14.8342,-79.12,-77.68
25532,180,-0.5996,15.0056,-79.12,-79.12
25539,180,-2.8266,15.0056,-79.12,-79.12
25544,180,-2.8266,14.9289,-79.12,-79.12
25550,180,3.1692,14.9289,-79.12,-79.12
25555,180,3.1692,15.0056,-79.12,-79.12
25561,180,-3.1692,15.0056,-79.12,-79.12
25567,180,-3.1692,15.2357,-79.12,-79.12
25572,180,7.7088,15.2357,-79.12,-79.12
25579,180,7.7088,14.9019,-79.12,-79.12
25583,180,3.7687,14.9019,-79.12,-79.12
25591,180,3.7687,15.3485,-79.12,-79.12
25594,180,-9.5931,15.3485,-79.12,-77.68
25603,180,-9.5931,15.6688,-79.12,-79.12
25605,180,-7.1949,15.6688,-79.12,-79.12
25615,180,-7.1949,15.3034,-79.12,-79.12
25616,180,-3.5974,15.3034,-79.12,-79.12
25626,180,-3.5974,15.2944,-79.12,-79.12
25627,180,6.6809,15.2944,-79.12,-79.12
25638,180,-3.7687,15.2944,-79.12,-79.12
25638,180,-3.7687,15.4703,-79.12,-79.12
25649,180,2.0557,15.4703,-79.12,-79.12
25650,180,2.0557,15.4658,-79.12,-79.12
25660,180,-0.1713,15.4658,-79.12,-79.12
25662,180,-0.1713,15.5922,-79.12,-79.12
25671,180,-9.2505,15.5922,-77.68,-79.12
25674,180,-9.2505,15.1635,-79.12,-79.12
25682,180,-4.9679,15.1635,-79.12,-79.12
25686,180,-4.9679,14.7485,-79.12,-79.12
25693,180,-0.8565,14.7485,-79.12,-79.12
25697,180,-0.8565,14.6718,-79.12,-79.12
25704,180,1.1991,14.6718,-79.12,-79.12
25709,180,1.1991,15.1455,-79.12,-79.12
25715,180,-2.6552,15.1455,-79.12,-79.12
25721,180,-2.6552,15.7004,-79.12,-79.12
25726,180,4.1970,15.7004,-79.12,-79.12
25733,180,4.1970,15.5561,-79.12,-79.12
25737,180,-3.1692,15.5561,-79.12,-79.12
25745,180,-3.1692,15.5831,-79.12,-79.12
25748,180,6.6809,15.5831,-79.12,-79.12
25759,180,-4.1113,15.5831,-79.12,-79.12
25768,180,-4.1113,15.7861,-79.12,-79.12
25770,180,-0.8565,15.7861,-79.12,-79.12
25780,180,-0.8565,15.8358,-79.12,-79.12
25780,180,1.0278,15.8358,-79.12,-77.68
25791,180,-0.5996,15.8358,-79.12,-79.12
25792,180,-0.5996,15.5831,-79.12,-79.12
25802,180,-6.3383,15.5831,-79.12,-79.12
25804,180,-6.3383,15.1320,-79.12,-79.12
25813,180,-4.7109,15.1320,-79.12,-79.12
25816,180,-4.7109,14.6402,-79.12,-79.12
25824,180,4.8822,14.6402,-79.12,-79.12
25828,180,4.8822,14.9154,-79.12,-79.12
25835,180,-5.0535,14.9154,-79.12,-79.12
25839,180,-5.0535,15.2448,-79.12,-77.68
25846,180,0.5996,15.2448,-79.12,-79.12
25851,180,0.5996,15.4342,-79.12,-79.12
25857,180,-9.4218,15.4342,-79.12,-79.12
25863,180,-9.4218,15.4433,-79.12,-79.12
25868,180,-1.5418,15.4433,-79.12,-79.12
25875,180,-1.5418,15.1590,-79.12,-79.12
25879,180,-3.2548,15.1590,-79.12,-79.12
25887,180,-3.2548,15.0056,-79.12,-79.12
25890,180,1.1991,15.0056,-79.12,-79.12
25899,180,1.1991,14.9199,-79.12,-79.12
25901,180,-3.6831,14.9199,-79.12,-79.12
25910,180,-3.6831,15.1500,-79.12,-79.12
25912,180,-1.1991,15.1500,-79.12,-79.12
25922,180,-1.1991,15.1410,-79.12,-79.12
25923,180,2.1413,15.1410,-79.12,-79.12
25934,180,-0.6852,15.1410,-79.12,-79.12
25934,180,-0.6852,14.8883,-79.12,-79.12
25945,180,-1.3704,14.8883,-79.12,-79.12
25946,180,-1.3704,15.0598,-79.12,-79.12
25956,180,-5.6531,15.0598,-79.12,-79.12
25958,180,-5.6531,15.5155,-79.12,-79.12
25967,180,2.8266,15.5155,-79.12,-79.12
25970,180,2.8266,15.8448,-79.12,-79.12
25978,180,-6.8522,15.8448,-79.12,-79.12
25981,180,-6.8522,15.7591,-79.12,-79.12
25989,180,2.3126,15.7591,-79.12,-79.12
25993,180,2.3126,15.3395,-79.12,-79.12
26000,180,-2.0557,15.3395,-79.12,-79.12
26005,180,-2.0557,15.5109,-79.12,-79.12
26011,180,-0.3426,15.5109,-79.12,-79.12
26017,180,-0.3426,15.4297,-79.12,-79.12
26022,180,-3.5974,15.4297,-79.12,-77.68
26029,180,-3.5974,15.1726,-79.12,-79.12
26033,180,-4.1113,15.1726,-79.12,-79.12
26041,180,-4.1113,15.3621,-79.12,-79.12
26052,180,-4.1113,15.8493,-79.12,-79.12
26055,180,-8.1370,15.8493,-79.12,-79.12
26064,180,-8.1370,16.0568,-79.12,-79.12
26066,180,5.3961,16.0568,-79.12,-79.12
26076,180,5.3961,15.7726,-79.12,-79.12
26077,180,-2.5696,15.7726,-79.12,-79.12
26088,180,-2.7409,15.7726,-79.12,-79.12
26088,180,-2.7409,15.8538,-79.12,-79.12
26099,180,-2.9979,15.8538,-79.12,-79.12
26100,180,-2.9979,15.7636,-79.12,-79.12
26110,180,6.7666,15.7636,-79.12,-79.12
26112,180,6.7666,15.7726,-79.12,-79.12
26121,180,1.3704,15.7726,-79.12,-79.12
26123,180,1.3704,15.6914,-79.12,-79.12
26131,180,2.3126,15.6914,-79.12,-79.12
26135,180,2.3126,14.9695,-79.12,-79.12
26142,180,-2.4839,14.9695,-79.12,-79.12
26147,180,-2.4839,14.7395,-79.12,-79.12
26153,180,1.4561,14.7395,-79.12,-79.12
26159,180,1.4561,14.9831,-79.12,-79.12
26164,180,1.1135,14.9831,-79.12,-79.12
26171,180,1.1135,15.4884,-79.12,-79.12
26175,180,0.5139,15.4884,-79.12,-79.12
26183,180,0.5139,15.8448,-79.12,-79.12
26186,180,7.8801,15.8448,-79.12,-79.12
26194,180,7.8801,15.6734,-79.12,-79.12
26197,180,-4.3683,15.6734,-79.12,-79.12
26206,180,-4.3683,15.8583,-79.12,-79.12
26208,180,4.3683,15.8583,-79.12,-79.12
26218,180,4.3683,15.5831,-79.12,-79.12
26219,180,-9.8501,15.5831,-79.12,-79.12
26230,180,-9.8501,15.1320,-79.12,-79.12
26230,180,-8.7366,15.1320,-79.12,-79.12
26241,180,-7.2805,15.1320,-79.12,-79.12
26242,180,-7.2805,15.1275,-79.12,-79.12
26252,180,-3.2548,15.1275,-79.12,-79.12
26254,180,-3.2548,15.3169,-79.12,-79.12
26263,180,-5.0535,15.3169,-79.12,-79.12
26265,180,-5.0535,15.4252,-79.12,-79.12
26274,180,-8.8223,15.4252,-79.12,-79.12
26277,180,-8.8223,15.3530,-79.12,-79.12
26285,180,-2.0557,15.3530,-79.12,-79.12
26289,180,-2.0557,15.5064,-79.12,-79.12
26296,180,-5.8244,15.5064,-79.12,-79.12
26301,180,-5.8244,15.6328,-79.12,-79.12
26307,180,2.0557,15.6328,-79.12,-79.12
26313,180,2.0557,15.6553,-79.12,-79.12
26318,180,4.7109,15.6553,-79.12,-79.12
26325,180,4.7109,15.0508,-79.12,-79.12
26329,180,7.0236,15.0508,-79.12,-79.12
26336,180,7.0236,14.7304,-79.12,-79.12
26340,180,-0.9422,14.7304,-79.12,-79.12
26348,180,-0.9422,15.0733,-79.12,-77.68
26351,180,2.0557,15.0733,-79.12,-79.12
26360,180,2.0557,15.0778,-79.12,-79.12
26362,180,2.5696,15.0778,-79.12,-79.12
26372,180,2.5696,15.4252,-79.12,-79.12
26373,180,2.9122,15.4252,-79.12,-79.12
26384,180,-0.3426,15.4252,-79.12,-79.12
26384,180,-0.3426,15.4794,-79.12,-79.12
26395,180,-3.5118,15.4794,-79.12,-77.68
26396,180,-3.5118,15.1861,-79.12,-79.12
26406,180,-7.6231,15.1861,-79.12,-79.12
26407,180,-7.6231,15.5290,-79.12,-79.12
26417,180,-12.6767,15.5290,-79.12,-77.68
26419,180,-12.6767,15.4974,-79.12,-79.12
26428,180,-5.9101,15.4974,-79.12,-79.12
26431,180,-5.9101,15.3982,-79.12,-79.12
26439,180,-14.8180,15.3982,-79.12,-79.12
26443,180,-14.8180,15.4523,-79.12,-79.12
26450,180,0.6852,15.4523,-79.12,-79.12
26455,180,0.6852,15.5109,-79.12,-79.12
26461,180,1.3704,15.5109,-79.12,-79.12
26467,180,1.3704,15.5606,-79.12,-79.12
26471,180,-1.4561,15.5606,-79.12,-79.12
26478,180,-1.4561,15.0462,-79.12,-79.12
26482,180,-1.7987,15.0462,-79.12,-79.12
26490,180,-1.7987,15.0372,-79.12,-79.12
26493,180,-6.8522,15.0372,-79.12,-79.12
26502,180,-6.8522,15.4072,-79.12,-79.12
26504,180,-6.5096,15.4072,-79.12,-79.12
26514,180,-6.5096,15.2132,-79.12,-79.12
26515,180,-2.3126,15.2132,-79.12,-79.12
26526,180,-2.3126,15.1229,-79.12,-79.12
26526,180,5.5675,15.1229,-79.12,-79.12
26537,180,-2.9979,15.1229,-79.12,-79.12
26538,180,-2.9979,15.0598,-79.12,-79.12
26548,180,-0.8565,15.0598,-79.12,-79.12
26549,180,-0.8565,15.3215,-79.12,-79.12
26559,180,-8.3084,15.3215,-79.12,-79.12
26561,180,-8.3084,15.6102,-79.12,-79.12
26570,180,-4.4540,15.6102,-79.12,-79.12
26573,180,-4.4540,15.4658,-77.68,-79.12
26581,180,-8.9936,15.4658,-79.12,-79.12
26585,180,-8.9936,15.5335,-79.12,-79.12
26592,180,2.8266,15.5335,-79.12,-79.12
26597,180,2.8266,15.7275,-79.12,-79.12
26603,180,8.3084,15.7275,-79.12,-79.12
26609,180,8.3084,16.0253,-79.12,-79.12
26614,180,-2.9979,16.0253,-79.12,-79.12
26620,180,-2.9979,15.8448,-79.12,-79.12
26625,180,-0.1713,15.8448,-79.12,-79.12
26632,180,-0.1713,15.8493,-79.12,-79.12
26636,180,-5.1392,15.8493,-79.12,-79.12
26644,180,-5.1392,15.7095,-79.12,-79.12
26647,180,1.1991,15.7095,-79.12,-79.12
26656,180,1.1991,15.4613,-79.12,-77.68
26658,180,-7.0236,15.4613,-79.12,-79.12
26668,180,-7.0236,15.3305,-79.12,-79.12
26669,180,-2.3983,15.3305,-79.12,-79.12
26680,180,-2.3983,15.5290,-79.12,-79.12
26680,180,-4.2827,15.5290,-79.12,-79.12
26691,180,-2.9122,15.5290,-79.12,-79.12
26691,180,-2.9122,15.6282,-79.12,-79.12
26702,180,-8.1370,15.6282,-79.12,-79.12
26703,180,-8.1370,15.7636,-79.12,-79.12
26713,180,-3.5974,15.7636,-79.12,-79.12
26715,180,-3.5974,15.4703,-79.12,-79.12
26724,180,-4.3683,15.4703,-79.12,-79.12
26727,180,-4.3683,14.8477,-79.12,-79.12
26735,180,-9.6788,14.8477,-79.12,-79.12
26739,180,-9.6788,15.1004,-79.12,-79.12
26746,180,-2.6552,15.1004,-79.12,-79.12
26751,180,-2.6552,15.4794,-77.68,-79.12
26757,180,-6.7666,15.4794,-79.12,-79.12
26762,180,-6.7666,15.5155,-79.12,-79.12
26768,180,7.3662,15.5155,-79.12,-79.12
26774,180,7.3662,15.4568,-79.12,-79.12
26779,180,1.8844,15.4568,-79.12,-79.12
26786,180,1.8844,15.8268,-79.12,-79.12
26790,180,-0.3426,15.8268,-79.12,-79.12
26798,180,-0.3426,15.9982,-79.12,-79.12
26801,180,1.4561,15.9982,-79.12,-79.12
26810,180,1.4561,15.7501,-79.12,-79.12
26811,180,1.1991,15.7501,-79.12,-79.12
26822,180,1.1991,15.1229,-79.12,-79.12
26822,180,-1.9700,15.1229,-79.12,-79.12
26833,180,-1.9700,14.8477,-79.12,-79.12
26834,180,-8.0514,14.8477,-79.12,-79.12
26844,180,2.0557,14.8477,-79.12,-79.12
26845,180,2.0557,15.1455,-79.12,-79.12
26855,180,-0.3426,15.1455,-79.12,-79.12
26857,180,-0.3426,15.0553,-79.12,-79.12
26866,180,2.9122,15.0553,-79.12,-79.12
26869,180,2.9122,15.2042,-79.12,-79.12
26877,180,2.0557,15.2042,-79.12,-79.12
26881,180,2.0557,15.3801,-77.68,-79.12
26888,180,-0.5139,15.3801,-79.12,-79.12
26893,180,-0.5139,15.3124,-79.12,-77.68
26899,180,-1.5418,15.3124,-79.12,-79.12
26904,180,-1.5418,15.4072,-79.12,-79.12
26910,180,3.5974,15.4072,-79.12,-79.12
26916,180,3.5974,15.4433,-79.12,-79.12
26921,180,-1.5418,15.4433,-79.12,-79.12
26928,180,-1.5418,15.3711,-79.12,-77.68
26932,180,-0.6852,15.3711,-79.12,-77.68
26940,180,-0.6852,14.7755,-79.12,-79.12
26943,180,-5.5675,14.7755,-79.12,-79.12
26952,180,-5.5675,14.7034,-79.12,-79.12
26954,180,-13.2762,14.7034,-79.12,-79.12
26964,180,-13.2762,15.3305,-79.12,-77.68
26965,180,-7.0236,15.3305,-79.12,-79.12
26975,180,-7.0236,15.4117,-79.12,-79.12
26976,180,2.3126,15.4117,-79.12,-79.12
26987,180,4.8822,15.4117,-79.12,-79.12
26987,180,4.8822,15.3711,-79.12,-79.12
26998,180,-0.2570,15.3711,-79.12,-79.12
26999,180,-0.2570,15.3621,-79.12,-79.12
27009,180,5.6531,15.3621,-79.12,-79.12
27011,180,5.6531,15.2763,-79.12,-79.12
27020,180,-6.7666,15.2763,-79.12,-79.12
27023,180,-6.7666,14.9605,-79.12,-79.12
27031,180,-12.3340,14.9605,-79.12,-79.12
27035,180,-12.3340,14.8162,-79.12,-79.12
27042,180,-6.9379,14.8162,-79.12,-79.12
27046,180,-6.9379,14.8116,-79.12,-79.12
27053,180,-5.8244,14.8116,-79.12,-79.12
27058,180,-5.8244,15.1545,-79.12,-79.12
27064,180,-9.2505,15.1545,-79.12,-79.12
27070,180,-9.2505,15.3485,-79.12,-79.12
27075,180,-8.5653,15.3485,-79.12,-79.12
27082,180,-8.5653,15.1771,-79.12,-79.12
27086,180,-0.0857,15.1771,-79.12,-79.12
27094,180,-0.0857,15.0914,-79.12,-79.12
27097,180,-2.4839,15.0914,-79.12,-79.12
27106,180,-2.4839,15.3215,-79.12,-79.12
27108,180,1.1991,15.3215,-79.12,-79.12
27117,180,1.1991,15.1726,-79.12,-79.12
27119,180,-9.5931,15.1726,-79.12,-79.12
27129,180,-9.5931,15.3575,-79.12,-79.12
27130,180,-5.0535,15.3575,-79.12,-79.12
27141,180,-10.3640,15.3575,-79.12,-79.12
27141,180,-10.3640,15.4162,-79.12,-79.12
27151,180,-1.0278,15.4162,-79.12,-79.12
27153,180,-1.0278,15.2538,-79.12,-79.12
27162,180,-3.4261,15.2538,-79.12,-79.12
27165,180,-3.4261,15.4433,-79.12,-79.12
27173,180,-6.0814,15.4433,-79.12,-79.12
27177,180,-6.0814,15.1681,-79.12,-79.12
27184,180,0.6852,15.1681,-79.12,-79.12
27188,180,0.6852,15.5064,-79.12,-79.12
27195,180,-5.9957,15.5064,-79.12,-79.12
27200,180,-5.9957,15.4568,-79.12,-79.12
27206,180,-4.5396,15.4568,-79.12,-79.12
27212,180,-4.5396,14.7349,-79.12,-79.12
27217,180,-4.8822,14.7349,-79.12,-79.12
27224,180,-4.8822,15.0237,-79.12,-79.12
27228,180,-3.6831,15.0237,-79.12,-79.12
27236,180,-3.6831,15.0688,-79.12,-79.12
27239,180,1.2848,15.0688,-79.12,-79.12
27248,180,1.2848,15.1184,-79.12,-79.12
27250,180,7.3662,15.1184,-79.12,-79.12
27259,180,7.3662,15.0598,-79.12,-79.12
27261,180,-4.3683,15.0598,-79.12,-79.12
27271,180,-4.3683,15.0643,-79.12,-77.68
27272,180,-8.4797,15.0643,-79.12,-79.12
27283,180,-8.4797,15.3485,-79.12,-79.12
27283,180,-4.3683,15.3485,-79.12,-79.12
27294,180,-2.9979,15.3485,-79.12,-79.12
27295,180,-2.9979,15.2673,-79.12,-79.12
27305,180,3.0835,15.2673,-79.12,-79.12
27307,180,3.0835,15.0914,-79.12,-79.12
27316,180,-7.4518,15.0914,-79.12,-79.12
27319,180,-7.4518,14.9876,-79.12,-79.12
27327,180,-6.4240,14.9876,-79.12,-79.12
27330,180,-6.4240,14.9831,-79.12,-79.12
27338,180,-11.3062,14.9831,-79.12,-79.12
27342,180,-11.3062,15.1996,-79.12,-79.12
27349,180,-1.0278,15.1996,-79.12,-79.12
27354,180,-1.0278,15.2854,-79.12,-79.12
27360,180,-10.6210,15.2854,-79.12,-79.12
27366,180,-10.6210,15.5786,-79.12,-79.12
27371,180,-10.0214,15.5786,-79.12,-79.12
27378,180,-10.0214,15.2628,-79.12,-79.12
27382,180,-12.6767,15.2628,-79.12,-79.12
27390,180,-12.6767,14.9425,-79.12,-79.12
27393,180,-16.1884,14.9425,-79.12,-79.12
27401,180,-16.1884,15.0823,-79.12,-79.12
27404,180,-11.4775,15.0823,-79.12,-79.12
27413,180,-11.4775,14.9695,-79.12,-79.12
27415,180,-5.9101,14.9695,-79.12,-79.12
27425,180,-5.9101,15.4072,-77.68,-79.12
27426,180,7.3662,15.4072,-79.12,-79.12
27437,180,-5.3961,15.4072,-79.12,-79.12
27437,180,-5.3961,15.4027,-79.12,-79.12
27448,180,-0.5996,15.4027,-79.12,-79.12
27449,180,-0.5996,15.3711,-79.12,-79.12
27459,180,-3.8544,15.3711,-79.12,-79.12
27461,180,-3.8544,15.2448,-79.12,-79.12
27470,180,-1.3704,15.2448,-79.12,-79.12
27472,180,-1.3704,15.4478,-79.12,-79.12
27481,180,-5.4818,15.4478,-79.12,-79.12
27484,180,-5.4818,15.7816,-79.12,-79.12
27491,180,-4.1970,15.7816,-79.12,-79.12
27496,180,-4.1970,15.9035,-79.12,-79.12
27502,180,-3.2548,15.9035,-79.12,-79.12
27508,180,-3.2548,15.6553,-79.12,-79.12
27513,180,-3.8544,15.6553,-79.12,-79.12
27520,180,-3.8544,15.1275,-79.12,-79.12
27524,180,1.8844,15.1275,-79.12,-79.12
27532,180,1.8844,15.2357,-79.12,-79.12
27535,180,-11.4775,15.2357,-77.68,-79.12
27543,180,-11.4775,15.0011,-79.12,-79.12
27546,180,-5.3105,15.0011,-79.12,-79.12
27555,180,-5.3105,14.9470,-79.12,-79.12
27557,180,1.4561,14.9470,-79.12,-79.12
27567,180,1.4561,15.2854,-79.12,-79.12
27568,180,2.6552,15.2854,-79.12,-79.12
27579,180,2.6552,15.4658,-77.68,-79.12
27579,180,-11.1349,15.4658,-79.12,-77.68
27590,180,-1.1135,15.4658,-79.12,-79.12
27591,180,-1.1135,15.4794,-79.12,-79.12
27601,180,-2.4839,15.4794,-79.12,-79.12
27603,180,-2.4839,15.4974,-79.12,-79.12
27612,180,-0.9422,15.4974,-79.12,-79.12
27614,180,-0.9422,14.9695,-79.12,-79.12
27623,180,-2.9122,14.9695,-79.12,-77.68
27626,180,-2.9122,15.0643,-79.12,-79.12
27634,180,0.5139,15.0643,-79.12,-79.12
27638,180,0.5139,14.9154,-79.12,-79.12
27645,180,3.1692,14.9154,-77.68,-79.12
27650,180,3.1692,15.1094,-79.12,-79.12
27656,180,-9.8501,15.1094,-79.12,-79.12
27662,180,-9.8501,15.2673,-79.12,-79.12
27667,180,-5.9957,15.2673,-79.12,-79.12
27674,180,-5.9957,15.0733,-79.12,-79.12
27678,180,-13.6188,15.0733,-79.12,-79.12
27685,180,-13.6188,15.3756,-79.12,-79.12
27689,180,-2.1413,15.3756,-79.12,-79.12
27697,180,-2.1413,15.0417,-79.12,-79.12
27700,180,-5.5675,15.0417,-79.12,-79.12
27709,180,-5.5675,15.2718,-79.12,-79.12
27711,180,-5.9101,15.2718,-79.12,-79.12
27721,180,-5.9101,14.8703,-79.12,-79.12
27722,180,-2.9122,14.8703,-79.12,-79.12
27733,180,-2.9122,14.7214,-79.12,-79.12
27733,180,-0.6852,14.7214,-79.12,-77.68
27744,180,-4.0257,14.7214,-79.12,-79.12
27745,180,-4.0257,15.0147,-79.12,-79.12
27755,180,-7.1092,15.0147,-79.12,-79.12
27766,180,-1.1135,15.0147,-79.12,-79.12
27768,180,-1.1135,15.4523,-79.12,-79.12
27777,180,-6.7666,15.4523,-79.12,-79.12
27780,180,-6.7666,15.0282,-79.12,-79.12
27788,180,0.4283,15.0282,-79.12,-79.12
27792,180,0.4283,14.6357,-79.12,-79.12
27799,180,-4.1970,14.6357,-79.12,-79.12
27804,180,-4.1970,14.9605,-79.12,-79.12
27810,180,-4.3683,14.9605,-79.12,-79.12
27815,180,-4.3683,14.7665,-79.12,-79.12
27821,180,-5.7388,14.7665,-79.12,-77.68
27827,180,-5.7388,14.9560,-79.12,-79.12
27832,180,2.0557,14.9560,-79.12,-79.12
27839,180,2.0557,15.4388,-79.12,-79.12
27842,180,-0.0857,15.4388,-79.12,-79.12
27851,180,-0.0857,15.3666,-79.12,-79.12
27853,180,-2.1413,15.3666,-79.12,-79.12
27863,180,-2.1413,15.3530,-79.12,-79.12
27864,180,-3.2548,15.3530,-79.12,-79.12
27875,180,-3.2548,15.4162,-79.12,-79.12
27875,180,-11.6488,15.4162,-79.12,-79.12
27886,180,-9.8501,15.4162,-79.12,-79.12
27886,180,-9.8501,14.7981,-79.12,-79.12
27897,180,-8.3940,14.7981,-79.12,-79.12
27898,180,-8.3940,14.5139,-79.12,-79.12
27908,180,-1.9700,14.5139,-79.12,-79.12
27910,180,-1.9700,14.7891,-79.12,-79.12
27919,180,-1.1135,14.7891,-79.12,-79.12
27922,180,-1.1135,15.1771,-79.12,-79.12
27930,180,1.1991,15.1771,-79.12,-79.12
27934,180,1.1991,14.8522,-79.12,-79.12
27941,180,3.0835,14.8522,-79.12,-79.12
27946,180,3.0835,14.9289,-79.12,-79.12
27952,180,1.1135,14.9289,-79.12,-79.12
27957,180,1.1135,15.0462,-79.12,-79.12
27963,180,2.2270,15.0462,-79.12,-79.12
27969,180,2.2270,15.2583,-79.12,-79.12
27974,180,-0.3426,15.2583,-79.12,-79.12
27981,180,-0.3426,14.7304,-79.12,-79.12
27985,180,3.5118,14.7304,-79.12,-79.12
27993,180,3.5118,14.5590,-79.12,-79.12
27996,180,-4.7966,14.5590,-79.12,-79.12
28005,180,-4.7966,15.1771,-79.12,-79.12
28007,180,2.1413,15.1771,-79.12,-79.12
28017,180,2.1413,14.9966,-79.12,-79.12
28018,180,0.2570,14.9966,-79.12,-77.68
28028,180,0.2570,15.1816,-79.12,-79.12
28029,180,-1.1991,15.1816,-79.12,-79.12
28040,180,-7.9657,15.1816,-79.12,-79.12
28040,180,-7.9657,15.4072,-79.12,-79.12
28051,180,2.3983,15.4072,-79.12,-79.12
28052,180,2.3983,14.9605,-79.12,-79.12
28062,180,0.7709,14.9605,-79.12,-79.12
28064,180,0.7709,14.9109,-79.12,-79.12
28073,180,-6.3383,14.9109,-79.12,-79.12
28076,180,-6.3383,15.0282,-79.12,-79.12
28084,180,-0.6852,15.0282,-79.12,-77.68
28088,180,-0.6852,15.1771,-79.12,-79.12
28095,180,-8.3940,15.1771,-79.12,-79.12
28099,180,-8.3940,14.8432,-79.12,-79.12
28106,180,-5.0535,14.8432,-79.12,-79.12
28111,180,-5.0535,14.7846,-79.12,-79.12
28117,180,-13.3619,14.7846,-79.12,-79.12
28123,180,-13.3619,14.7620,-79.12,-79.12
28128,180,-2.0557,14.7620,-79.12,-79.12
28135,180,-2.0557,15.0237,-79.12,-79.12
28139,180,-0.8565,15.0237,-79.12,-79.12
28147,180,-0.8565,15.0914,-79.12,-79.12
28150,180,9.9358,15.0914,-79.12,-79.12
28159,180,9.9358,15.1816,-79.12,-79.12
28161,180,2.3126,15.1816,-79.12,-79.12
28170,180,2.3126,15.1996,-79.12,-77.68
28172,180,1.7987,15.1996,-79.12,-79.12
28182,180,1.7987,15.1906,-79.12,-79.12
28183,180,-2.5696,15.1906,-79.12,-79.12
28193,180,-3.8544,15.1906,-79.12,-79.12
28194,180,-3.8544,14.9470,-79.12,-79.12
28204,180,0.9422,14.9470,-79.12,-79.12
28206,180,0.9422,15.0237,-79.12,-79.12
28215,180,-4.3683,15.0237,-79.12,-79.12
28218,180,-4.3683,14.5455,-79.12,-79.12
28226,180,0.9422,14.5455,-79.12,-79.12
28230,180,0.9422,14.4913,-79.12,-79.12
28237,180,-5.4818,14.4913,-79.12,-79.12
28241,180,-5.4818,14.4462,-79.12,-79.12
28248,180,-6.4240,14.4462,-79.12,-79.12
28253,180,-6.4240,14.1665,-79.12,-79.12
28259,180,-13.7045,14.1665,-79.12,-79.12
28265,180,-13.7045,14.5094,-79.12,-79.12
28270,180,-0.7709,14.5094,-79.12,-79.12
28277,180,-0.7709,14.6988,-79.12,-79.12
28281,180,2.5696,14.6988,-79.12,-79.12
28289,180,2.5696,14.4056,-79.12,-79.12
28292,180,-6.2527,14.4056,-79.12,-79.12
28301,180,-6.2527,14.6718,-79.12,-79.12
28303,180,-0.7709,14.6718,-79.12,-79.12
28312,180,-0.7709,14.9921,-79.12,-79.12
28314,180,2.3126,14.9921,-79.12,-79.12
28324,180,2.3126,15.0959,-79.12,-79.12
28325,180,-1.7131,15.0959,-79.12,-79.12
28336,180,-1.7131,14.7485,-79.12,-79.12
28336,180,-5.4818,14.7485,-79.12,-79.12
28347,180,0.8565,14.7485,-79.12,-79.12
28348,180,0.8565,14.4191,-79.12,-79.12
28358,180,-1.1991,14.4191,-79.12,-79.12
28360,180,-1.1991,14.7349,-79.12,-79.12
28369,180,-1.3704,14.7349,-79.12,-79.12
28372,180,-1.3704,15.2267,-79.12,-79.12
28380,180,-8.5653,15.2267,-79.12,-79.12
28383,180,-8.5653,15.2538,-79.12,-79.12
28391,180,-8.8223,15.2538,-79.12,-79.12
28395,180,-8.8223,15.2042,-79.12,-79.12
28402,180,-7.6231,15.2042,-79.12,-79.12
28407,180,-7.6231,15.3215,-79.12,-79.12
28413,180,-1.4561,15.3215,-79.12,-79.12
28419,180,-1.4561,14.9335,-79.12,-79.12
28424,180,7.5375,14.9335,-79.12,-79.12
28435,180,2.2270,14.9335,-79.12,-79.12
28443,180,2.2270,14.9019,-79.12,-79.12
28446,180,8.9079,14.9019,-79.12,-79.12
28454,180,8.9079,14.6357,-79.12,-79.12
28457,180,-0.5139,14.6357,-79.12,-79.12
28466,180,-0.5139,14.5996,-77.68,-79.12
28468,180,2.8266,14.5996,-79.12,-79.12
28478,180,2.8266,14.7034,-79.12,-79.12
28479,180,-7.1949,14.7034,-79.12,-79.12
28490,180,-0.2570,14.7034,-79.12,-79.12
28490,180,-0.2570,14.9289,-79.12,-79.12
28501,180,-2.3126,14.9289,-79.12,-79.12
28502,180,-2.3126,15.2357,-79.12,-79.12
28512,180,-1.6274,15.2357,-79.12,-79.12
28514,180,-1.6274,15.3260,-79.12,-79.12
28523,180,-2.9122,15.3260,-79.12,-79.12
28525,180,-2.9122,15.0282,-79.12,-79.12
28534,180,119.4861,15.0282,-79.12,-79.12
28537,180,119.4861,14.6176,-79.12,-77.68
28544,180,912.6339,14.6176,-79.12,-79.12
28549,180,912.6339,14.3650,-79.12,-79.12
28555,180,1401.0278,14.3650,-79.12,-79.12
28561,180,1401.0278,14.2116,-79.12,-79.12
28566,180,973.5332,14.2116,-79.12,-79.12
28573,180,973.5332,14.2702,-79.12,-79.12
28577,180,803.5118,14.2702,-79.12,-79.12
28584,180,803.5118,14.9064,-79.12,-79.12
28588,180,1032.2913,14.9064,-79.12,-79.12
28596,180,1032.2913,14.4327,-79.12,-79.12
28599,180,1264.7538,14.4327,-79.12,-79.12
28608,180,1264.7538,14.1755,-79.12,-79.12
28610,180,1437.6874,14.1755,-79.12,-79.12
28620,180,1437.6874,14.2838,-77.68,-79.12
28621,180,1477.6874,14.2838,-79.12,-79.12
28632,180,1477.6874,14.7395,-79.12,-79.12
28632,180,1522.3983,14.7395,-79.12,-79.12
28643,180,1609.3362,14.7395,-79.12,-79.12
28644,180,1609.3362,14.6673,-79.12,-79.12
28654,180,1640.4282,14.6673,-79.12,-79.12
28655,180,1640.4282,14.1349,-79.12,-79.12
28665,180,1654.9036,14.1349,-79.12,-79.12
28667,180,1654.9036,14.5094,-79.12,-79.12
28676,180,1734.4753,14.5094,-79.12,-79.12
28679,180,1734.4753,14.4146,-79.12,-79.12
28687,180,1843.6831,14.4146,-79.12,-79.12
28691,180,1843.6831,14.5590,-79.12,-79.12
28698,180,1875.7173,14.5590,-79.12,-79.12
28703,180,1875.7173,15.1816,-79.12,-79.12
28709,180,1880.6852,15.1816,-79.12,-77.68
28715,180,1880.6852,15.0778,-79.12,-79.12
28720,180,1914.6039,15.0778,-79.12,-79.12
28726,180,1914.6039,15.2538,-79.12,-79.12
28731,180,1992.5481,15.2538,-79.12,-79.12
28738,180,1992.5481,15.1139,-79.12,-79.12
28742,180,2083.4260,15.1139,-79.12,-79.12
28753,180,2171.3918,15.1139,-79.12,-79.12
28762,180,2171.3918,15.1455,-79.12,-79.12
28764,180,2245.3105,15.1455,-79.12,-79.12
28774,180,2245.3105,14.8297,-79.12,-79.12
28775,180,2299.8716,14.8297,-79.12,-79.12
28786,180,2299.8716,14.7169,-79.12,-79.12
28786,180,2342.0984,14.7169,-79.12,-79.12
28797,180,2364.8821,14.7169,-79.12,-79.12
28797,180,2364.8821,15.0508,-79.12,-79.12
28808,180,2413.1904,15.0508,-79.12,-79.12
28809,180,2413.1904,15.4072,-79.12,-77.68
28819,180,2448.3083,15.4072,-79.12,-79.12
28821,180,2448.3083,14.8793,-79.12,-79.12
28830,180,2480.4282,14.8793,-79.12,-79.12
28833,180,2480.4282,14.8477,-79.12,-79.12
28841,180,2519.9143,14.8477,-79.12,-79.12
28845,180,2519.9143,15.0959,-79.12,-79.12
28852,180,2578.3298,15.0959,-79.12,-79.12
28857,180,2578.3298,15.1771,-79.12,-79.12
28863,180,2638.4583,15.1771,-79.12,-79.12
28868,180,2638.4583,15.2673,-79.12,-79.12
28874,180,2685.4817,15.2673,-79.12,-79.12
28880,180,2685.4817,15.0417,-79.12,-79.12
28885,180,2719.4004,15.0417,-79.12,-79.12
28892,180,2719.4004,14.8116,-79.12,-79.12
28895,180,2745.3533,14.8116,-79.12,-79.12
28904,180,2745.3533,15.0237,-79.12,-79.12
28906,180,2779.8716,15.0237,-79.12,-79.12
28916,180,2779.8716,15.1951,-79.12,-79.12
28917,180,2811.4775,15.1951,-79.12,-79.12
28928,180,2811.4775,15.1545,-79.12,-79.12
28928,180,2850.1926,15.1545,-79.12,-79.12
28939,180,2883.5974,15.1545,-79.12,-79.12
28939,180,2883.5974,14.7349,-79.12,-79.12
28950,180,2929.5930,14.7349,-79.12,-77.68
28951,180,2929.5930,14.4868,-79.12,-79.12
28961,180,2980.4709,14.4868,-79.12,-77.68
28963,180,2980.4709,14.6718,-79.12,-79.12
28972,180,3027.9229,14.6718,-79.12,-79.12
28975,180,3027.9229,14.7214,-79.12,-77.68
28983,180,3075.4604,14.7214,-79.12,-79.12
28987,180,3075.4604,14.8116,-79.12,-79.12
28994,180,3125.3960,14.8116,-79.12,-79.12
28999,180,3125.3960,15.0147,-79.12,-79.12
29005,180,3186.4668,15.0147,-79.12,-79.12
29010,180,3186.4668,15.2763,-79.12,-79.12
29016,180,3222.2698,15.2763,-79.12,-79.12
29022,180,3222.2698,15.2042,-79.12,-79.12
29027,180,3251.1348,15.2042,-79.12,-79.12
29034,180,3251.1348,14.8207,-79.12,-79.12
29038,180,3261.6702,14.8207,-79.12,-79.12
29046,180,3261.6702,14.9154,-79.12,-79.12
29049,180,3264.4111,14.9154,-79.12,-79.12
29058,180,3264.4111,14.6222,-79.12,-79.12
29060,180,3265.4390,14.6222,-79.12,-79.12
29070,180,3265.4390,14.6628,-79.12,-79.12
29071,180,3285.3105,14.6628,-79.12,-79.12
29081,180,3285.3105,14.8252,-79.12,-79.12
29082,180,3308.4368,14.8252,-79.12,-79.12
29093,180,3336.4453,14.8252,-79.12,-79.12
29093,180,3336.4453,14.8297,-79.12,-79.12
29104,180,3372.9336,14.8297,-79.12,-79.12
29105,180,3372.9336,14.8703,-79.12,-79.12
29115,180,3392.9763,14.8703,-79.12,-79.12
29117,180,3392.9763,14.4417,-79.12,-79.12
29126,180,3398.8008,14.4417,-79.12,-79.12
29129,180,3398.8008,14.6943,-79.12,-79.12
29137,180,3398.2869,14.6943,-79.12,-79.12
29141,180,3398.2869,15.0327,-79.12,-79.12
29148,180,3413.0193,15.0327,-79.12,-79.12
29152,180,3413.0193,14.9064,-79.12,-79.12
29159,180,3428.0085,14.9064,-79.12,-79.12
29164,180,3428.0085,14.6673,-79.12,-79.12
29170,180,3450.6208,14.6673,-79.12,-79.12
29176,180,3450.6208,14.7395,-79.12,-79.12
29181,180,3464.1541,14.7395,-77.68,-79.12
29188,180,3464.1541,15.1951,-79.12,-79.12
29192,180,3489.7644,15.1951,-79.12,-79.12
29200,180,3489.7644,15.2087,-79.12,-79.12
29203,180,3496.7881,15.2087,-79.12,-79.12
29212,180,3496.7881,14.9244,-79.12,-79.12
29214,180,3499.5288,14.9244,-79.12,-79.12
29223,180,3499.5288,14.9560,-79.12,-79.12
29225,180,3542.0984,14.9560,-79.12,-79.12
29235,180,3542.0984,15.1906,-79.12,-79.12
29236,180,3591.4346,15.1906,-79.12,-77.68
29246,180,3646.5095,15.1906,-79.12,-79.12
29247,180,3646.5095,15.2087,-79.12,-79.12
29257,180,3692.5911,15.2087,-79.12,-79.12
29259,180,3692.5911,15.1229,-79.12,-79.12
29268,180,3749.8071,15.1229,-79.12,-79.12
29271,180,3749.8071,14.8838,-79.12,-79.12
29279,180,3785.6958,14.8838,-79.12,-79.12
29282,180,3785.6958,14.9786,-79.12,-77.68
29290,180,3831.8628,14.9786,-79.12,-79.12
29294,180,3831.8628,15.0056,-79.12,-79.12
29301,180,3877.0022,15.0056,-79.12,-79.12
29306,180,3877.0022,14.8568,-79.12,-79.12
29312,180,3891.7344,14.8568,-79.12,-79.12
29318,180,3891.7344,15.1726,-79.12,-79.12
29323,180,3923.4260,15.1726,-79.12,-79.12
29330,180,3923.4260,15.1094,-79.12,-79.12
29334,180,3973.0193,15.1094,-79.12,-77.68
29342,180,3973.0193,14.7710,-79.12,-79.12
29345,180,4028.6938,14.7710,-79.12,-79.12
29353,180,4028.6938,14.8748,-79.12,-79.12
29356,180,4079.4004,14.8748,-79.12,-79.12
29365,180,4079.4004,15.1996,-79.12,-79.12
29367,180,4125.3105,15.1996,-79.12,-79.12
29377,180,4125.3105,15.1229,-79.12,-79.12
29378,180,4145.4390,15.1229,-79.12,-79.12
29389,180,4145.4390,15.0417,-79.12,-79.12
29389,180,4174.3896,15.0417,-79.12,-79.12
29400,180,4220.1284,15.0417,-79.12,-79.12
29401,180,4220.1284,14.9695,-79.12,-79.12
29411,180,4271.9487,14.9695,-79.12,-79.12
29413,180,4271.9487,15.2538,-79.12,-79.12
29422,180,4306.7236,15.2538,-79.12,-79.12
29424,180,4306.7236,15.4839,-79.12,-79.12
29433,180,4332.8481,15.4839,-79.12,-79.12
29436,180,4332.8481,15.1049,-79.12,-79.12
29444,180,4342.0986,15.1049,-79.12,-79.12
29448,180,4342.0986,14.6763,-79.12,-79.12
29455,180,4346.6382,14.6763,-79.12,-79.12
29460,180,4346.6382,14.7891,-77.68,-79.12
29466,180,4359.9141,14.7891,-79.12,-79.12
29472,180,4359.9141,14.7395,-79.12,-79.12
29477,180,4363.3403,14.7395,-79.12,-79.12
29484,180,4363.3403,15.0192,-79.12,-79.12
29488,180,4388.0942,15.0192,-79.12,-79.12
29495,180,4388.0942,15.1229,-79.12,-79.12
29499,180,4379.8716,15.1229,-79.12,-79.12
29507,180,4379.8716,15.1996,-79.12,-79.12
29510,180,4373.1904,15.1996,-79.12,-79.12
29519,180,4373.1904,15.3260,-79.12,-79.12
29521,180,4364.1968,15.3260,-79.12,-79.12
29531,180,4364.1968,14.7891,-79.12,-77.68
29532,180,4370.0215,14.7891,-79.12,-79.12
29543,180,4392.3770,14.7891,-79.12,-79.12
29543,180,4392.3770,14.5725,-79.12,-79.12
29554,180,4428.3511,14.5725,-79.12,-79.12
29555,180,4428.3511,14.3740,-79.12,-79.12
29565,180,4491.0493,14.3740,-79.12,-79.12
29566,180,4491.0493,14.0221,-79.12,-79.12
29576,180,4537.0449,14.0221,-79.12,-79.12
29578,180,4537.0449,14.3560,-79.12,-79.12
29586,180,4587.7515,14.3560,-79.12,-77.68
29590,180,4587.7515,14.6988,-79.12,-79.12
29597,180,4634.2612,14.6988,-79.12,-79.12
29602,180,4634.2612,14.7891,-79.12,-79.12
29608,180,4680.4282,14.7891,-79.12,-79.12
29614,180,4680.4282,14.7304,-79.12,-79.12
29619,180,4701.2417,14.7304,-79.12,-79.12
29626,180,4701.2417,14.7575,-79.12,-79.12
29630,180,4736.7021,14.7575,-77.68,-79.12
29637,180,4736.7021,14.5455,-79.12,-79.12
29641,180,4800.6851,14.5455,-79.12,-79.12
29649,180,4800.6851,14.7214,-79.12,-79.12
29652,180,4886.2524,14.7214,-79.12,-79.12
29661,180,4886.2524,14.9244,-79.12,-79.12
29663,180,4986.2100,14.9244,-79.12,-79.12
29673,180,4986.2100,14.9154,-77.68,-79.12
29674,180,5083.0835,14.9154,-79.12,-77.68
29685,180,5083.0835,15.1545,-79.12,-79.12
29685,180,5195.4604,15.1545,-79.12,-79.12
29696,180,5273.0620,15.1545,-79.12,-79.12
29697,180,5273.0620,14.7530,-79.12,-79.12
29707,180,5329.6787,14.7530,-79.12,-79.12
29708,180,5329.6787,14.8658,-79.12,-77.68
29718,180,5363.5972,14.8658,-79.12,-79.12
29720,180,5363.5972,14.8297,-79.12,-79.12
29729,180,5393.0620,14.8297,-79.12,-79.12
29732,180,5393.0620,14.7620,-79.12,-79.12
29740,180,5435.5459,14.7620,-79.12,-79.12
29744,180,5435.5459,14.7304,-79.12,-79.12
29751,180,5478.9722,14.7304,-79.12,-77.68
29756,180,5478.9722,14.5364,-79.12,-79.12
29762,180,5506.5522,14.5364,-79.12,-79.12
29767,180,5506.5522,14.3966,-79.12,-79.12
29773,180,5527.3662,14.3966,-79.12,-77.68
29779,180,5527.3662,14.7981,-79.12,-79.12
29784,180,5558.9722,14.7981,-79.12,-79.12
29791,180,5558.9722,14.8071,-79.12,-79.12
29795,180,5601.8843,14.8071,-79.12,-79.12
29803,180,5601.8843,14.1710,-79.12,-79.12
29806,180,5648.1372,14.1710,-79.12,-79.12
29815,180,5648.1372,14.2657,-79.12,-79.12
29817,180,5678.4580,14.2657,-79.12,-79.12
29827,180,5678.4580,14.5815,-79.12,-79.12
29828,180,5732.5908,14.5815,-79.12,-79.12
29838,180,5732.5908,14.3560,-79.12,-79.12
29839,180,5815.1606,14.3560,-79.12,-79.12
29850,180,5905.6958,14.3560,-79.12,-79.12
29850,180,5905.6958,14.1890,-79.12,-79.12
29861,180,5951.6914,14.1890,-79.12,-79.12
29862,180,5951.6914,14.3740,-79.12,-79.12
29872,180,5984.4111,14.3740,-79.12,-79.12
29874,180,5984.4111,14.3921,-79.12,-79.12
29883,180,6033.1475,14.3921,-79.12,-79.12
29886,180,6033.1475,14.5094,-79.12,-79.12
29894,180,6081.8843,14.5094,-79.12,-79.12
29898,180,6081.8843,14.7575,-79.12,-79.12
29905,180,6167.6230,14.7575,-79.12,-79.12
29909,180,6167.6230,15.0417,-77.68,-79.12
29916,180,6281.1133,15.0417,-79.12,-79.12
29921,180,6281.1133,14.8568,-79.12,-79.12
29927,180,6403.7686,14.8568,-79.12,-79.12
29933,180,6403.7686,14.8974,-79.12,-79.12
29937,180,6473.1475,14.8974,-79.12,-79.12
29945,180,6473.1475,15.0056,-79.12,-79.12
29948,180,6497.3877,15.0056,-79.12,-79.12
29957,180,6497.3877,14.8387,-79.12,-79.12
29959,180,6536.7021,14.8387,-79.12,-79.12
29969,180,6536.7021,14.5500,-79.12,-79.12
29970,180,6645.1392,14.5500,-79.12,-79.12
29980,180,6645.1392,14.2748,-79.12,-79.12
29981,180,6763.7686,14.2748,-79.12,-79.12
29992,180,6763.7686,14.1890,-79.12,-79.12
29992,180,6839.1436,14.1890,-79.12,-79.12
30003,180,6886.2524,14.1890,-79.12,-79.12
30004,180,6886.2524,14.0311,-79.12,-79.12
30014,180,6956.9165,14.0311,-79.12,-79.12
30016,180,6956.9165,14.2657,-79.12,-79.12
30025,180,7091.6489,14.2657,-79.12,-79.12
30028,180,7091.6489,14.1710,-79.12,-79.12
30036,180,7220.2139,14.1710,-79.12,-79.12
30040,180,7220.2139,14.0311,-77.68,-79.12
30047,180,7321.1133,14.0311,-79.12,-79.12
30051,180,7321.1133,14.3199,-79.12,-79.12
30058,180,7396.8306,14.3199,-79.12,-79.12
30063,180,7396.8306,14.4236,-77.68,-79.12
30069,180,7486.5952,14.4236,-79.12,-79.12
30075,180,7486.5952,14.4146,-79.12,-79.12
30080,180,7601.1992,14.4146,-79.12,-79.12
30087,180,7601.1992,14.0943,-79.12,-79.12
30091,180,7720.6851,14.0943,-79.12,-79.12
30099,180,7720.6851,14.0402,-79.12,-79.12
30102,180,7835.8887,14.0402,-79.12,-79.12
30111,180,7835.8887,14.1033,-79.12,-79.12
30113,180,7940.3853,14.1033,-79.12,-79.12
30122,180,7940.3853,14.2748,-79.12,-79.12
30124,180,8032.8052,14.2748,-79.12,-79.12
30134,180,8032.8052,14.1665,-79.12,-79.12
30135,180,8084.8823,14.1665,-79.12,-79.12
30146,180,8221.5850,14.1665,-79.12,-79.12
30146,180,8221.5850,14.7485,-79.12,-79.12
30157,180,8445.6533,14.7485,-79.12,-79.12
30158,180,8445.6533,14.1349,-79.12,-79.12
30168,180,8668.4365,14.1349,-77.68,-79.12
30170,180,8668.4365,13.8822,-79.12,-79.12
30179,180,8790.2354,13.8822,-79.12,-79.12
30182,180,8790.2354,14.5590,-79.12,-79.12
30190,180,8866.5527,14.5590,-79.12,-79.12
30193,180,8866.5527,14.5545,-79.12,-79.12
30201,180,8994.1758,14.5545,-79.12,-79.12
30205,180,8994.1758,14.8974,-79.12,-79.12
30212,180,9255.2461,14.8974,-79.12,-79.12
30217,180,9255.2461,14.5725,-79.12,-79.12
30223,180,9587.4941,14.5725,-79.12,-79.12
30229,180,9587.4941,14.2612,-79.12,-79.12
30234,180,9906.8945,14.2612,-79.12,-79.12
30241,180,9906.8945,13.9815,-79.12,-79.12
30245,180,10176.7881,13.9815,-79.12,-79.12
30253,180,10176.7881,14.0853,-79.12,-79.12
30256,180,10368.3086,14.0853,-79.12,-79.12
30264,180,10368.3086,14.5455,-79.12,-79.12
30267,180,10551.0918,14.5455,-79.12,-79.12
30276,180,10551.0918,14.7124,-79.12,-79.12
30277,180,10761.6270,14.7124,-79.12,-79.12
30288,180,10761.6270,14.8838,-79.12,-79.12
30288,180,11008.7363,14.8838,-79.12,-79.12
30299,180,11244.8818,14.8838,-79.12,-79.12
30300,180,11244.8818,14.0808,-79.12,-79.12
30310,180,11426.6377,14.0808,-79.12,-79.12
30312,180,11426.6377,13.9138,-79.12,-79.12
30321,180,11521.0273,13.9138,-79.12,-79.12
30324,180,11521.0273,14.1033,-79.12,-79.12
30332,180,11594.3467,14.1033,-79.12,-79.12
30335,180,11594.3467,14.0356,-79.12,-79.12
30343,180,11704.4971,14.0356,-79.12,-79.12
30347,180,11704.4971,14.1529,-79.12,-79.12
30354,180,11840.6855,14.1529,-77.68,-79.12
30359,180,11840.6855,14.1981,-79.12,-79.12
30365,180,11981.4990,14.1981,-79.12,-79.12
30371,180,11981.4990,14.0853,-79.12,-79.12
30376,180,12082.3125,14.0853,-79.12,-79.12
30383,180,12082.3125,14.2071,-79.12,-79.12
30387,180,12153.7471,14.2071,-79.12,-79.12
30395,180,12153.7471,14.3289,-79.12,-79.12
30398,180,12209.4219,14.3289,-79.12,-79.12
30406,180,12209.4219,14.4507,-79.12,-79.12
30409,180,12236.8311,14.4507,-79.12,-79.12
30418,180,12236.8311,14.2026,-79.12,-79.12
30420,180,12247.7939,14.2026,-79.12,-77.68
30430,180,12247.7939,14.2748,-79.12,-79.12
30431,180,12250.5352,14.2748,-79.12,-79.12
30442,180,12250.5352,14.2702,-79.12,-79.12
30442,180,12227.9229,14.2702,-79.12,-79.12
30453,180,12219.3574,14.2702,-79.12,-79.12
30454,180,12219.3574,14.2251,-79.12,-79.12
30464,180,12223.2979,14.2251,-79.12,-79.12
30465,180,12223.2979,14.3785,-79.12,-79.12
30475,180,12194.4326,14.3785,-79.12,-79.12
30477,180,12194.4326,13.9589,-79.12,-79.12
30486,180,12051.3057,13.9589,-79.12,-79.12
30489,180,12051.3057,14.1033,-79.12,-79.12
30497,180,11848.9932,14.1033,-79.12,-79.12
30501,180,11848.9932,13.9138,-79.12,-79.12
30508,180,11720.0000,13.9138,-79.12,-79.12
30513,180,11720.0000,13.7785,-79.12,-79.12
30519,180,11644.0254,13.7785,-79.12,-79.12
30525,180,11644.0254,14.2071,-79.12,-79.12
30530,180,11586.3809,14.2071,-79.12,-79.12
30536,180,11586.3809,14.2477,-79.12,-79.12
30541,180,11352.0342,14.2477,-79.12,-79.12
30548,180,11352.0342,13.9635,-79.12,-79.12
30552,180,11001.2842,13.9635,-79.12,-79.12
30560,180,11001.2842,13.9589,-79.12,-79.12
30563,180,10698.4150,13.9589,-79.12,-79.12
30572,180,10698.4150,13.8958,-79.12,-79.12
30574,180,10432.7197,13.8958,-79.12,-79.12
30584,180,10432.7197,14.0176,-79.12,-79.12
30585,180,10192.0342,14.0176,-79.12,-79.12
30596,180,9894.4756,14.0176,-79.12,-79.12
30596,180,9894.4756,14.0943,-79.12,-79.12
30607,180,9530.9639,14.0943,-79.12,-79.12
30607,180,9530.9639,14.3244,-79.12,-79.12
30618,180,9134.8184,14.3244,-79.12,-79.12
30619,180,9134.8184,14.1575,-79.12,-79.12
30628,180,8715.0322,14.1575,-79.12,-79.12
30631,180,8715.0322,14.0898,-79.12,-79.12
30639,180,8264.8389,14.0898,-79.12,-79.12
30643,180,8264.8389,14.5003,-79.12,-79.12
30650,180,7793.2334,14.5003,-79.12,-77.68
30655,180,7793.2334,14.5635,-79.12,-79.12
30661,180,7280.2568,14.5635,-79.12,-79.12
30667,180,7280.2568,14.4597,-79.12,-79.12
30672,180,6742.3555,14.4597,-79.12,-77.68
30678,180,6742.3555,14.3379,-79.12,-79.12
30683,180,6240.0000,14.3379,-79.12,-79.12
30690,180,6240.0000,14.0853,-79.12,-79.12
30694,180,5867.9229,14.0853,-79.12,-79.12
30702,180,5867.9229,13.8868,-79.12,-79.12
30705,180,5537.9873,13.8868,-79.12,-79.12
30714,180,5537.9873,14.0086,-79.12,-79.12
30716,180,5100.8135,14.0086,-79.12,-79.12
30726,180,5100.8135,13.9454,-79.12,-79.12
30727,180,4631.6914,13.9454,-79.12,-79.12
30738,180,4631.6914,13.8101,-77.68,-79.12
30738,180,4108.2656,13.8101,-79.12,-79.12
30749,180,3560.9421,13.8101,-79.12,-79.12
30749,180,3560.9421,13.9635,-79.12,-79.12
30760,180,3010.7922,13.9635,-79.12,-79.12
30761,180,3010.7922,14.0266,-79.12,-79.12
30771,180,2537.1306,14.0266,-79.12,-79.12
30782,180,2175.4175,14.0266,-79.12,-79.12
30785,180,2175.4175,13.9093,-79.12,-77.68
30793,180,1900.2141,13.9093,-77.68,-79.12
30797,180,1900.2141,13.7289,-79.12,-79.12
30804,180,1684.8822,13.7289,-79.12,-79.12
30809,180,1684.8822,13.7920,-79.12,-79.12
30815,180,1483.3405,13.7920,-79.12,-79.12
30820,180,1483.3405,14.2387,-79.12,-79.12
30826,180,1327.9657,14.2387,-79.12,-79.12
30832,180,1327.9657,14.3921,-79.12,-79.12
30837,180,1168.3940,14.3921,-77.68,-79.12
30844,180,1168.3940,13.9229,-77.68,-79.12
30848,180,1003.3405,13.9229,-79.12,-79.12
30856,180,1003.3405,13.8552,-79.12,-79.12
30859,180,811.8201,13.8552,-79.12,-79.12
30868,180,811.8201,14.4417,-79.12,-79.12
30870,180,645.8244,14.4417,-79.12,-79.12
30880,180,645.8244,14.1620,-79.12,-79.12
30881,180,455.1606,14.1620,-79.12,-79.12
30891,180,455.1606,13.9860,-79.12,-79.12
30892,180,281.6274,13.9860,-79.12,-79.12
30903,180,193.1478,13.9860,-79.12,-79.12
30903,180,193.1478,13.6882,-79.12,-79.12
30914,180,122.8266,13.6882,-79.12,-79.12
30915,180,122.8266,13.8055,-79.12,-79.12
30925,180,87.1949,13.8055,-79.12,-79.12
30927,180,87.1949,14.1890,-79.12,-79.12
30936,180,59.5289,14.1890,-79.12,-79.12
30939,180,59.5289,14.2793,-79.12,-79.12
30947,180,57.9872,14.2793,-79.12,-79.12
30951,180,57.9872,14.0672,-79.12,-79.12
30958,180,46.5953,14.0672,-79.12,-79.12
30962,180,46.5953,13.8416,-79.12,-79.12
30969,180,49.5075,13.8416,-79.12,-79.12
30974,180,49.5075,14.0898,-79.12,-79.12
30980,180,37.1734,14.0898,-79.12,-79.12
30986,180,37.1734,14.6582,-79.12,-79.12
30990,180,40.0000,14.6582,-77.68,-79.12
30998,180,40.0000,14.4101,-79.12,-79.12
31001,180,47.0236,14.4101,-79.12,-79.12
31010,180,47.0236,14.4191,-79.12,-77.68
31012,180,40.2570,14.4191,-79.12,-79.12
31022,180,40.2570,14.4733,-79.12,-79.12
31023,180,39.4861,14.4733,-79.12,-79.12
31033,180,39.4861,14.1710,-79.12,-79.12
31034,180,38.8865,14.1710,-79.12,-79.12
31045,180,38.8865,14.0311,-79.12,-77.68
31045,180,44.1113,14.0311,-79.12,-79.12
31056,180,40.2570,14.0311,-79.12,-79.12
31057,180,40.2570,14.3695,-79.12,-79.12
31067,180,50.6210,14.3695,-79.12,-79.12
31069,180,50.6210,14.3605,-79.12,-79.12
31078,180,33.3191,14.3605,-79.12,-79.12
31081,180,33.3191,14.0943,-79.12,-79.12
31089,180,34.0043,14.0943,-79.12,-79.12
31093,180,34.0043,14.4101,-79.12,-79.12
31100,180,44.2827,14.4101,-79.12,-79.12
31104,180,44.2827,14.4372,-79.12,-79.12
31111,180,46.7666,14.4372,-79.12,-79.12
31116,180,46.7666,14.3334,-79.12,-79.12
31122,180,42.6552,14.3334,-79.12,-79.12
31128,180,42.6552,14.2748,-79.12,-79.12
31133,180,37.6874,14.2748,-79.12,-79.12
31140,180,37.6874,14.5049,-79.12,-79.12
31144,180,49.0792,14.5049,-79.12,-79.12
31152,180,49.0792,14.7620,-79.12,-79.12
31155,180,42.8266,14.7620,-79.12,-79.12
31163,180,42.8266,14.5590,-79.12,-79.12
31166,180,34.6895,14.5590,-79.12,-79.12
31175,180,34.6895,14.4101,-79.12,-79.12
31177,180,27.9229,14.4101,-79.12,-77.68
31187,180,27.9229,14.5003,-79.12,-79.12
31188,180,36.6595,14.5003,-79.12,-79.12
31199,180,36.6595,14.6898,-79.12,-79.12
31199,180,32.8051,14.6898,-79.12,-79.12
31210,180,37.4304,14.6898,-79.12,-79.12
31211,180,37.4304,14.5680,-79.12,-79.12
31221,180,46.3383,14.5680,-79.12,-79.12
31223,180,46.3383,14.8297,-79.12,-79.12
31232,180,46.1670,14.8297,-79.12,-79.12
31234,180,46.1670,14.8026,-79.12,-79.12
31243,180,39.4861,14.8026,-79.12,-79.12
31246,180,39.4861,14.7936,-79.12,-79.12
31254,180,36.6595,14.7936,-79.12,-79.12
31258,180,36.6595,14.1620,-79.12,-79.12
31265,180,36.4026,14.1620,-79.12,-79.12
31270,180,36.4026,14.1529,-79.12,-79.12
31276,180,29.1221,14.1529,-79.12,-79.12
31282,180,29.1221,14.8207,-79.12,-79.12
31287,180,39.0578,14.8207,-79.12,-79.12
31294,180,39.0578,14.5049,-79.12,-79.12
31298,180,29.4647,14.5049,-79.12,-79.12
31305,180,29.4647,14.3875,-79.12,-79.12
31309,180,34.6895,14.3875,-79.12,-79.12
31317,180,34.6895,14.0537,-79.12,-79.12
31320,180,35.8030,14.0537,-79.12,-79.12
31329,180,35.8030,14.5003,-79.12,-79.12
31331,180,30.5782,14.5003,-79.12,-79.12
31341,180,30.5782,14.7530,-79.12,-79.12
31342,180,30.9208,14.7530,-79.12,-79.12
31353,180,32.5482,14.7530,-79.12,-79.12
31353,180,32.5482,14.6041,-79.12,-79.12
31364,180,42.9122,14.6041,-79.12,-79.12
31365,180,42.9122,14.5455,-79.12,-79.12
31375,180,36.0600,14.5455,-79.12,-79.12
31376,180,36.0600,14.1078,-79.12,-79.12
31386,180,37.0021,14.1078,-79.12,-79.12
31388,180,37.0021,14.5364,-79.12,-79.12
31397,180,29.4647,14.5364,-79.12,-77.68
31400,180,29.4647,14.5861,-79.12,-79.12
31408,180,31.6060,14.5861,-79.12,-79.12
31412,180,31.6060,14.7169,-79.12,-79.12
31419,180,27.2377,14.7169,-79.12,-79.12
31424,180,27.2377,14.8928,-79.12,-79.12
31429,180,35.8030,14.8928,-79.12,-79.12
31436,180,35.8030,14.7665,-79.12,-79.12
31440,180,23.7259,14.7665,-79.12,-79.12
31447,180,23.7259,14.8883,-79.12,-79.12
31451,180,24.9251,14.8883,-79.12,-79.12
31459,180,24.9251,14.6853,-79.12,-79.12
31462,180,32.7195,14.6853,-79.12,-79.12
31471,180,32.7195,14.6267,-79.12,-79.12
31473,180,30.1499,14.6267,-79.12,-79.12
31483,180,30.1499,14.6718,-79.12,-79.12
31484,180,29.9786,14.6718,-79.12,-79.12
31495,180,29.9786,14.7846,-79.12,-79.12
31495,180,21.5846,14.7846,-79.12,-79.12
31506,180,32.8908,14.7846,-79.12,-79.12
31507,180,32.8908,14.9605,-79.12,-79.12
31517,180,31.9486,14.9605,-79.12,-79.12
31518,180,31.9486,14.9289,-79.12,-79.12
31528,180,33.0621,14.9289,-79.12,-77.68
31530,180,33.0621,14.7169,-79.12,-79.12
31539,180,33.4047,14.7169,-79.12,-79.12
31542,180,33.4047,14.5861,-79.12,-79.12
31550,180,39.6574,14.5861,-79.12,-79.12
31554,180,39.6574,14.7349,-79.12,-79.12
31561,180,34.6039,14.7349,-79.12,-79.12
31566,180,34.6039,14.8522,-79.12,-79.12
31572,180,33.7473,14.8522,-79.12,-77.68
31578,180,33.7473,14.6718,-79.12,-79.12
31583,180,42.9979,14.6718,-79.12,-79.12
31589,180,42.9979,14.6628,-79.12,-79.12
31594,180,264.2398,14.6628,-79.12,-79.12
31601,180,264.2398,14.4688,-79.12,-79.12
31605,180,932.5054,14.4688,-79.12,-79.12
31613,180,932.5054,13.9274,-79.12,-79.12
31616,180,1694.4753,13.9274,-79.12,-77.68
31625,180,1694.4753,14.2387,-79.12,-79.12
31627,180,1495.6746,14.2387,-79.12,-79.12
31637,180,1495.6746,14.7936,-79.12,-79.12
31638,180,1651.6488,14.7936,-79.12,-79.12
31649,180,1651.6488,14.8297,-79.12,-79.12
31649,180,2075.8887,14.8297,-79.12,-79.12
31660,180,2347.4946,14.8297,-79.12,-79.12
31660,180,2347.4946,14.4236,-79.12,-79.12
31671,180,2466.2097,14.4236,-79.12,-79.12
31672,180,2466.2097,14.4191,-79.12,-79.12
31682,180,2546.5525,14.4191,-79.12,-79.12
31684,180,2546.5525,14.3109,-79.12,-79.12
31693,180,2642.3125,14.3109,-77.68,-79.12
31696,180,2642.3125,14.1123,-79.12,-79.12
31704,180,2817.9871,14.1123,-79.12,-79.12
31708,180,2817.9871,14.4327,-79.12,-77.68
31715,180,2971.4775,14.4327,-79.12,-79.12
31720,180,2971.4775,14.7665,-79.12,-79.12
31726,180,3130.6208,14.7665,-79.12,-77.68
31731,180,3130.6208,14.8838,-79.12,-79.12
31737,180,3393.7473,14.8838,-79.12,-79.12
31743,180,3393.7473,15.0643,-79.12,-79.12
31748,180,3722.3125,15.0643,-79.12,-79.12
31755,180,3722.3125,14.8838,-79.12,-79.12
31759,180,3981.7559,14.8838,-79.12,-79.12
31767,180,3981.7559,15.0102,-79.12,-79.12
31770,180,4233.8330,15.0102,-79.12,-79.12
31779,180,4233.8330,14.9876,-79.12,-79.12
31781,180,4483.4263,14.9876,-79.12,-79.12
31791,180,4483.4263,14.8477,-79.12,-79.12
31792,180,4716.4023,14.8477,-79.12,-79.12
31802,180,4716.4023,14.8748,-79.12,-79.12
31803,180,4908.7793,14.8748,-79.12,-79.12
31814,180,5024.5825,14.8748,-79.12,-79.12
31814,180,5024.5825,14.5725,-79.12,-79.12
31825,180,5129.8501,14.5725,-79.12,-79.12
31826,180,5129.8501,14.5590,-79.12,-79.12
31836,180,5213.7900,14.5590,-79.12,-79.12
31838,180,5213.7900,14.7891,-79.12,-79.12
31847,180,5309.8071,14.7891,-79.12,-79.12
31850,180,5309.8071,14.9019,-79.12,-77.68
31858,180,5426.4668,14.9019,-79.12,-79.12
31862,180,5426.4668,14.4597,-79.12,-79.12
31868,180,5585.6104,14.4597,-79.12,-79.12
31873,180,5585.6104,14.7665,-79.12,-79.12
31879,180,5739.3574,14.7665,-79.12,-79.12
31885,180,5739.3574,14.9019,-79.12,-79.12
31890,180,5873.7471,14.9019,-79.12,-79.12
31897,180,5873.7471,14.9515,-79.12,-79.12
31901,180,5997.8584,14.9515,-79.12,-77.68
31909,180,5997.8584,15.1906,-79.12,-79.12
31912,180,6147.9229,15.1906,-79.12,-79.12
31921,180,6147.9229,15.0553,-79.12,-79.12
31923,180,6313.7471,15.0553,-79.12,-79.12
31932,180,6313.7471,14.9921,-79.12,-79.12
31934,180,6446.1670,14.9921,-79.12,-79.12
31944,180,6446.1670,15.2628,-79.12,-79.12
31945,180,6543.8115,15.2628,-79.12,-79.12
31956,180,6543.8115,15.5651,-79.12,-79.12
31956,180,6618.3296,15.5651,-79.12,-79.12
31967,180,6736.5308,15.5651,-79.12,-79.12
31968,180,6736.5308,15.5290,-79.12,-79.12
31978,180,6884.8823,15.5290,-79.12,-79.12
31980,180,6884.8823,14.9515,-79.12,-79.12
31989,180,7093.2764,14.9515,-79.12,-79.12
31992,180,7093.2764,14.9425,-79.12,-79.12
32000,180,7320.0854,14.9425,-79.12,-79.12
32003,180,7320.0854,15.0192,-79.12,-79.12
32011,180,7585.1821,15.0192,-79.12,-79.12
32015,180,7585.1821,14.6492,-79.12,-79.12
32022,180,7828.6079,14.6492,-79.12,-79.12
32027,180,7828.6079,14.3469,-79.12,-79.12
32033,180,8032.5479,14.3469,-79.12,-79.12
32039,180,8032.5479,14.5770,-79.12,-79.12
32044,180,8240.6855,14.5770,-79.12,-79.12
32051,180,8240.6855,14.9695,-79.12,-79.12
32055,180,8478.6299,14.9695,-79.12,-79.12
32063,180,8478.6299,15.3305,-79.12,-79.12
32066,180,8776.4453,15.3305,-79.12,-79.12
32074,180,8776.4453,15.3982,-79.12,-79.12
32077,180,9110.5781,15.3982,-79.12,-79.12
32086,180,9110.5781,15.7861,-79.12,-79.12
32088,180,9444.1973,15.7861,-79.12,-79.12
32098,180,9444.1973,15.5831,-79.12,-79.12
32099,180,9702.2695,15.5831,-79.12,-79.12
32110,180,9919.2285,15.5831,-79.12,-79.12
32110,180,9919.2285,15.3801,-79.12,-79.12
32121,180,10101.8418,15.3801,-79.12,-79.12
32122,180,10101.8418,15.4568,-79.12,-79.12
32132,180,10253.0195,15.4568,-79.12,-79.12
32134,180,10253.0195,15.2944,-79.12,-79.12
32143,180,10334.6465,15.2944,-79.12,-77.68
32145,180,10334.6465,15.4703,-79.12,-79.12
32154,180,10338.5010,15.4703,-79.12,-79.12
32157,180,10338.5010,15.1320,-79.12,-79.12
32165,180,10342.1836,15.1320,-79.12,-79.12
32169,180,10342.1836,15.2357,-79.12,-79.12
32176,180,10348.7793,15.2357,-79.12,-79.12
32181,180,10348.7793,15.7410,-79.12,-79.12
32187,180,10361.1133,15.7410,-79.12,-79.12
32193,180,10361.1133,15.9982,-79.12,-79.12
32198,180,10345.4385,15.9982,-79.12,-79.12
32205,180,10345.4385,15.9666,-79.12,-79.12
32209,180,10343.8975,15.9666,-79.12,-79.12
32216,180,10343.8975,15.5290,-79.12,-79.12
32220,180,10348.1797,15.5290,-79.12,-79.12
32228,180,10348.1797,15.4207,-79.12,-79.12
32231,180,10382.5264,15.4207,-79.12,-77.68
32240,180,10382.5264,15.4748,-79.12,-79.12
32242,180,10473.5762,15.4748,-79.12,-79.12
32252,180,10473.5762,15.5967,-79.12,-79.12
32253,180,10576.8730,15.5967,-79.12,-79.12
32264,180,10638.6299,15.5967,-79.12,-79.12
32264,180,10638.6299,15.9801,-79.12,-79.12
32275,180,10661.8418,15.9801,-79.12,-79.12
32276,180,10661.8418,15.8674,-79.12,-79.12
32286,180,10678.5439,15.8674,-79.12,-79.12
32287,180,10678.5439,15.7952,-79.12,-79.12
32296,180,10690.5352,15.7952,-79.12,-79.12
32299,180,10690.5352,16.1651,-79.12,-79.12
32307,180,10711.5205,16.1651,-79.12,-79.12
32311,180,10711.5205,16.1832,-79.12,-79.12
32318,180,10717.6875,16.1832,-79.12,-79.12
32323,180,10717.6875,16.1967,-79.12,-79.12
32329,180,10733.8760,16.1967,-79.12,-77.68
32335,180,10733.8760,16.2644,-79.12,-79.12
32340,180,10724.4541,16.2644,-79.12,-79.12
32347,180,10724.4541,16.2779,-79.12,-79.12
32351,180,10668.1797,16.2779,-79.12,-79.12
32358,180,10668.1797,16.7291,-79.12,-79.12
32362,180,10529.8496,16.7291,-79.12,-79.12
32370,180,10529.8496,16.8599,-77.68,-79.12
32373,180,10376.1025,16.8599,-79.12,-79.12
32382,180,10376.1025,16.8644,-79.12,-79.12
32384,180,10284.9678,16.8644,-79.12,-79.12
32394,180,10284.9678,16.8689,-79.12,-79.12
32395,180,10217.3877,16.8689,-79.12,-79.12
32406,180,10217.3877,17.1802,-79.12,-79.12
32406,180,10161.1133,17.1802,-79.12,-79.12
32417,180,10057.3877,17.1802,-79.12,-79.12
32418,180,10057.3877,17.0539,-79.12,-79.12
32428,180,9922.3125,17.0539,-79.12,-79.12
32429,180,9922.3125,17.0810,-79.12,-79.12
32439,180,9773.4473,17.0810,-79.12,-79.12
32441,180,9773.4473,17.5818,-79.12,-79.12
32450,180,9654.8174,17.5818,-79.12,-77.68
32453,180,9654.8174,17.6043,-79.12,-79.12
32461,180,9562.7412,17.6043,-79.12,-79.12
32465,180,9562.7412,17.7938,-79.12,-79.12
32472,180,9468.8652,17.7938,-79.12,-79.12
32477,180,9468.8652,17.7352,-79.12,-79.12
32483,180,9388.7793,17.7352,-79.12,-79.12
32488,180,9388.7793,17.5051,-79.12,-79.12
32494,180,9297.7305,17.5051,-79.12,-79.12
32500,180,9297.7305,17.6179,-79.12,-79.12
32505,180,9165.0537,17.6179,-79.12,-79.12
32512,180,9165.0537,17.9833,-79.12,-79.12
32516,180,9008.4795,17.9833,-79.12,-79.12
32524,180,9008.4795,17.9562,-79.12,-79.12
32527,180,8848.3086,17.9562,-79.12,-79.12
32536,180,8848.3086,18.1999,-79.12,-79.12
32538,180,8694.3896,18.1999,-79.12,-79.12
32548,180,8694.3896,18.2450,-79.12,-79.12
32549,180,8591.6055,18.2450,-79.12,-79.12
32559,180,8591.6055,17.8976,-79.12,-79.12
32560,180,8531.8203,17.8976,-79.12,-79.12
32571,180,8508.8652,17.8976,-79.12,-79.12
32571,180,8508.8652,17.7803,-79.12,-79.12
32582,180,8465.8672,17.7803,-79.12,-79.12
32583,180,8465.8672,18.0645,-79.12,-79.12
32593,180,8389.4648,18.0645,-79.12,-79.12
32595,180,8389.4648,17.9247,-79.12,-79.12
32604,180,8300.2998,17.9247,-79.12,-79.12
32607,180,8300.2998,17.7713,-79.12,-79.12
32615,180,8196.4883,17.7713,-79.12,-79.12
32619,180,8196.4883,17.3742,-79.12,-79.12
32626,180,8121.1992,17.3742,-79.12,-79.12
32630,180,8121.1992,17.1802,-79.12,-79.12
32637,180,8067.7515,17.1802,-79.12,-79.12
32642,180,8067.7515,17.5547,-79.12,-79.12
32648,180,8049.9355,17.5547,-79.12,-79.12
32654,180,8049.9355,17.8976,-79.12,-79.12
32659,180,8042.3979,17.8976,-79.12,-79.12
32666,180,8042.3979,17.9607,-79.12,-79.12
32670,180,8024.6680,17.9607,-79.12,-79.12
32678,180,8024.6680,17.8841,-79.12,-79.12
32681,180,7989.6357,17.8841,-79.12,-79.12
32690,180,7989.6357,17.5728,-79.12,-79.12
32692,180,7948.0942,17.5728,-79.12,-79.12
32701,180,7948.0942,18.2495,-79.12,-79.12
32703,180,7930.5352,18.2495,-79.12,-79.12
32713,180,7930.5352,19.0751,-79.12,-79.12
32713,180,7936.4453,19.0751,-79.12,-79.12
32724,180,7962.8267,19.0751,-79.12,-79.12
32725,180,7962.8267,18.8992,-79.12,-79.12
32735,180,7965.1392,18.8992,-79.12,-79.12
32737,180,7965.1392,18.8225,-79.12,-79.12
32746,180,7937.1304,18.8225,-79.12,-79.12
32749,180,7937.1304,19.0977,-79.12,-79.12
32757,180,7871.3491,19.0977,-79.12,-79.12
32761,180,7871.3491,18.8586,-79.12,-79.12
32768,180,7821.0708,18.8586,-79.12,-79.12
32772,180,7821.0708,18.3397,-79.12,-79.12
32779,180,7788.5225,18.3397,-79.12,-79.12
32784,180,7788.5225,18.6285,-79.12,-79.12
32790,180,7790.4067,18.6285,-79.12,-79.12
32796,180,7790.4067,19.0571,-79.12,-79.12
32801,180,7813.0190,19.0571,-79.12,-79.12
32808,180,7813.0190,19.2150,-79.12,-79.12
32812,180,7838.3726,19.2150,-79.12,-79.12
32820,180,7838.3726,19.3142,-79.12,-79.12
32823,180,7858.7578,19.3142,-79.12,-79.12
32832,180,7858.7578,19.5308,-79.12,-79.12
32834,180,7872.4624,19.5308,-79.12,-79.12
32843,180,7872.4624,19.5940,-79.12,-79.12
32845,180,7912.8052,19.5940,-79.12,-79.12
32855,180,7912.8052,19.1022,-79.12,-79.12
32856,180,7968.7363,19.1022,-79.12,-79.12
32867,180,7968.7363,19.3368,-79.12,-79.12
32867,180,8029.6357,19.3368,-79.12,-79.12
32878,180,8059.5288,19.3368,-79.12,-79.12
32879,180,8059.5288,19.3639,-79.12,-79.12
32889,180,8078.0298,19.3639,-79.12,-79.12
32891,180,8078.0298,19.1699,-79.12,-79.12
32900,180,8059.1860,19.1699,-79.12,-79.12
32903,180,8059.1860,18.7322,-79.12,-79.12
32911,180,8007.1948,18.7322,-79.12,-77.68
32914,180,8007.1948,18.6916,-79.12,-79.12
32922,180,7955.3745,18.6916,-79.12,-79.12
32926,180,7955.3745,19.2736,-79.12,-79.12
32933,180,7913.4048,19.2736,-79.12,-79.12
32938,180,7913.4048,19.7699,-79.12,-79.12
32944,180,7894.8179,19.7699,-79.12,-79.12
32950,180,7894.8179,19.8872,-79.12,-79.12
32955,180,7874.0044,19.8872,-79.12,-79.12
32962,180,7874.0044,19.5534,-79.12,-79.12
32966,180,7851.1348,19.5534,-79.12,-79.12
32974,180,7851.1348,19.0751,-79.12,-79.12
32977,180,7817.1304,19.0751,-79.12,-79.12
32985,180,7817.1304,19.1654,-79.12,-79.12
32988,180,7791.6060,19.1654,-79.12,-79.12
32997,180,7791.6060,19.7880,-79.12,-79.12
32999,180,7787.4946,19.7880,-79.12,-79.12
33009,180,7787.4946,20.5279,-79.12,-79.12
33010,180,7794.9463,20.5279,-79.12,-79.12
33021,180,7783.8115,20.5279,-79.12,-79.12
33021,180,7783.8115,20.4557,-79.12,-79.12
33032,180,7766.9380,20.4557,-79.12,-79.12
33033,180,7766.9380,20.6858,-79.12,-79.12
33043,180,7767.9658,20.6858,-79.12,-79.12
33045,180,7767.9658,21.1053,-79.12,-79.12
33054,180,7783.8970,21.1053,-79.12,-79.12
33056,180,7783.8970,21.6422,-79.12,-79.12
33065,180,7785.4390,21.6422,-79.12,-79.12
33068,180,7785.4390,22.0122,-79.12,-79.12
33076,180,7790.5781,22.0122,-79.12,-79.12
33080,180,7790.5781,21.8813,-79.12,-79.12
33087,180,7826.1240,21.8813,-79.12,-79.12
33092,180,7826.1240,21.9896,-79.12,-79.12
33098,180,7875.7173,21.9896,-79.12,-79.12
33104,180,7875.7173,22.4047,-79.12,-79.12
33109,180,7935.1606,22.4047,-79.12,-79.12
33116,180,7935.1606,22.5491,-79.12,-79.12
33120,180,7969.7642,22.5491,-79.12,-79.12
33127,180,7969.7642,22.7882,-79.12,-79.12
33131,180,7991.3491,22.7882,-79.12,-79.12
33139,180,7991.3491,23.2032,-79.12,-79.12
33142,180,8000.1714,23.2032,-79.12,-79.12
33151,180,8000.1714,23.2258,-79.12,-79.12
33152,180,8013.2764,23.2258,-79.12,-79.12
33163,180,8013.2764,23.2439,-79.12,-79.12
33163,180,8027.2378,23.2439,-79.12,-79.12
33174,180,8013.0190,23.2439,-79.12,-79.12
33175,180,8013.0190,23.1762,-79.12,-79.12
33185,180,7974.4751,23.1762,-79.12,-79.12
33186,180,7974.4751,23.0408,-79.12,-79.12
33196,180,7916.8306,23.0408,-79.12,-79.12
33198,180,7916.8306,23.3251,-79.12,-79.12
33207,180,7886.4238,23.3251,-79.12,-79.12
33210,180,7886.4238,23.0859,-79.12,-79.12
33218,180,7870.4067,23.0859,-79.12,-79.12
33222,180,7870.4067,22.7701,-79.12,-79.12
33229,180,7865.2676,22.7701,-79.12,-77.68
33234,180,7865.2676,22.6258,-77.68,-79.12
33240,180,7873.3188,22.6258,-79.12,-79.12
33246,180,7873.3188,22.6167,-79.12,-79.12
33251,180,7891.9912,22.6167,-79.12,-79.12
33257,180,7891.9912,22.4588,-79.12,-79.12
33262,180,7892.3340,22.4588,-79.12,-77.68
33269,180,7892.3340,21.8182,-79.12,-79.12
33273,180,7859.1860,21.8182,-79.12,-79.12
33281,180,7859.1860,21.7821,-79.12,-79.12
33284,180,7834.8608,21.7821,-79.12,-79.12
33293,180,7834.8608,21.8407,-79.12,-79.12
33295,180,7816.1025,21.8407,-79.12,-79.12
33305,180,7816.1025,21.8904,-79.12,-79.12
33306,180,7822.6123,21.8904,-79.12,-79.12
33317,180,7822.6123,21.6197,-79.12,-79.12
33317,180,7804.8823,21.6197,-79.12,-79.12
33328,180,7773.6187,21.6197,-79.12,-79.12
33328,180,7773.6187,21.3715,-79.12,-77.68
33339,180,7745.6958,21.3715,-79.12,-79.12
33340,180,7745.6958,21.2993,-79.12,-79.12
33350,180,7740.9849,21.2993,-79.12,-79.12
33352,180,7740.9849,21.2091,-79.12,-79.12
33361,180,7756.5737,21.2091,-77.68,-79.12
33364,180,7756.5737,20.6226,-79.12,-79.12
33372,180,7768.2227,20.6226,-79.12,-79.12
33376,180,7768.2227,20.1985,-79.12,-77.68
33383,180,7771.4775,20.1985,-79.12,-79.12
33388,180,7771.4775,20.2211,-79.12,-79.12
33394,180,7751.3491,20.2211,-79.12,-79.12
33399,180,7751.3491,20.1263,-79.12,-79.12
33405,180,7730.3638,20.1263,-79.12,-79.12
33411,180,7730.3638,20.0587,-79.12,-79.12
33416,180,7701.3276,20.0587,-79.12,-79.12
33423,180,7701.3276,20.3835,-79.12,-77.68
33427,180,7698.2441,20.3835,-79.12,-79.12
33435,180,7698.2441,20.5820,-79.12,-79.12
33438,180,7713.0620,20.5820,-79.12,-79.12
33447,180,7713.0620,20.4873,-79.12,-79.12
33449,180,7758.1157,20.4873,-79.12,-79.12
33459,180,7758.1157,20.2346,-79.12,-79.12
33460,180,7764.2827,20.2346,-79.12,-79.12
33470,180,7764.2827,19.7383,-79.12,-79.12
33471,180,7743.6401,19.7383,-79.12,-79.12
33482,180,7727.6230,19.7383,-79.12,-79.12
33482,180,7727.6230,19.5173,-79.12,-79.12
33493,180,7720.2568,19.5173,-79.12,-79.12
33494,180,7720.2568,19.4360,-79.12,-79.12
33504,180,7733.6187,19.4360,-79.12,-79.12
33506,180,7733.6187,19.2827,-79.12,-79.12
33515,180,7741.6699,19.2827,-79.12,-79.12
33518,180,7741.6699,19.3233,-79.12,-79.12
33526,180,7752.2056,19.3233,-79.12,-79.12
33530,180,7752.2056,18.8089,-79.12,-79.12
33537,180,7742.0986,18.8089,-79.12,-79.12
33541,180,7742.0986,18.0059,-79.12,-79.12
33548,180,7724.6250,18.0059,-79.12,-79.12
33553,180,7724.6250,17.1802,-79.12,-79.12
33559,180,7700.6421,17.1802,-79.12,-79.12
33565,180,7700.6421,16.7607,-79.12,-79.12
33569,180,7697.3877,16.7607,-79.12,-79.12
33577,180,7697.3877,16.2779,-79.12,-79.12
33589,180,7697.3877,15.7455,-79.12,-79.12
33591,180,7714.0044,15.7455,-79.12,-79.12
33601,180,7714.0044,15.8132,-79.12,-79.12
33602,180,7723.7686,15.8132,-79.12,-79.12
33612,180,7723.7686,15.6869,-79.12,-79.12
33613,180,7696.7021,15.6869,-79.12,-79.12
33624,180,7696.7021,15.2718,-79.12,-79.12
33624,180,7665.7812,15.2718,-79.12,-79.12
33635,180,7651.9058,15.2718,-79.12,-79.12
33636,180,7651.9058,14.9380,-79.12,-79.12
33646,180,7700.9849,14.9380,-79.12,-79.12
33648,180,7700.9849,14.6808,-79.12,-77.68
33657,180,7737.4731,14.6808,-79.12,-79.12
33660,180,7737.4731,14.9741,-79.12,-79.12
33668,180,7766.9380,14.9741,-79.12,-79.12
33672,180,7766.9380,15.4342,-79.12,-79.12
33679,180,7773.1050,15.4342,-79.12,-79.12
33683,180,7773.1050,15.6734,-79.12,-79.12
33690,180,7763.1689,15.6734,-79.12,-79.12
33695,180,7763.1689,15.9305,-79.12,-79.12
33701,180,7754.8608,15.9305,-79.12,-79.12
33707,180,7754.8608,15.6643,-79.12,-79.12
33712,180,7744.4966,15.6643,-79.12,-79.12
33719,180,7744.4966,15.5606,-79.12,-79.12
33723,180,7760.2568,15.5606,-79.12,-79.12
33731,180,7760.2568,15.5335,-79.12,-79.12
33734,180,7789.8071,15.5335,-79.12,-79.12
33743,180,7789.8071,15.5786,-79.12,-79.12
33745,180,7820.8135,15.5786,-79.12,-79.12
33754,180,7820.8135,15.4478,-79.12,-79.12
33756,180,7830.5781,15.4478,-79.12,-79.12
33766,180,7830.5781,15.5876,-79.12,-79.12
33767,180,7865.0107,15.5876,-79.12,-79.12
33778,180,7915.5459,15.5876,-79.12,-79.12
33778,180,7915.5459,15.3982,-79.12,-79.12
33789,180,7974.3042,15.3982,-79.12,-79.12
33790,180,7974.3042,15.7004,-79.12,-79.12
33800,180,8025.6958,15.7004,-79.12,-79.12
33802,180,8025.6958,15.4433,-79.12,-79.12
33811,180,8083.8545,15.4433,-79.12,-79.12
33814,180,8083.8545,14.8793,-79.12,-79.12
33822,180,8123.5117,14.8793,-79.12,-79.12
33825,180,8123.5117,15.0102,-79.12,-79.12
33833,180,8140.6421,15.0102,-79.12,-79.12
33837,180,8140.6421,15.3034,-79.12,-79.12
33844,180,8183.0405,15.3034,-79.12,-79.12
33849,180,8183.0405,15.4297,-79.12,-79.12
33855,180,8214.2188,15.4297,-79.12,-79.12
33861,180,8214.2188,15.3982,-79.12,-79.12
33866,180,8253.8760,15.3982,-79.12,-79.12
33873,180,8253.8760,15.1996,-79.12,-79.12
33877,180,8250.8779,15.1996,-79.12,-79.12
33885,180,8250.8779,15.4478,-79.12,-79.12
33888,180,8219.5283,15.4478,-79.12,-79.12
33896,180,8219.5283,15.0372,-79.12,-79.12
33899,180,8164.9678,15.0372,-79.12,-79.12
33908,180,8164.9678,15.1500,-79.12,-79.12
33910,180,8101.0708,15.1500,-79.12,-79.12
33920,180,8101.0708,15.2854,-79.12,-79.12
33921,180,8049.5073,15.2854,-79.12,-79.12
33932,180,8018.6724,15.2854,-79.12,-79.12
33932,180,8018.6724,15.0733,-79.12,-77.68
33943,180,7938.1582,15.0733,-79.12,-79.12
33944,180,7938.1582,14.8477,-79.12,-79.12
33954,180,7783.7256,14.8477,-79.12,-79.12
33956,180,7783.7256,15.4027,-79.12,-79.12
33965,180,7626.8950,15.4027,-79.12,-79.12
33967,180,7626.8950,15.8403,-79.12,-79.12
33976,180,7486.9380,15.8403,-79.12,-79.12
33979,180,7486.9380,15.3485,-79.12,-79.12
33987,180,7409.4219,15.3485,-79.12,-79.12
33991,180,7409.4219,15.5155,-79.12,-79.12
33998,180,7329.8501,15.5155,-79.12,-79.12
34003,180,7329.8501,15.7365,-79.12,-79.12
34008,180,7219.6143,15.7365,-79.12,-79.12
34015,180,7219.6143,15.3575,-79.12,-79.12
34019,180,7045.3105,15.3575,-79.12,-79.12
34027,180,7045.3105,15.2628,-79.12,-79.12
34030,180,6835.8887,15.2628,-79.12,-79.12
34038,180,6835.8887,15.1500,-79.12,-79.12
34041,180,6597.4302,15.1500,-79.12,-79.12
34050,180,6597.4302,15.2673,-79.12,-79.12
34052,180,6375.9316,15.2673,-79.12,-79.12
34062,180,6375.9316,15.3215,-79.12,-79.12
34063,180,6157.8584,15.3215,-79.12,-79.12
34074,180,6157.8584,15.5380,-79.12,-79.12
34074,180,5912.8906,15.5380,-79.12,-79.12
34085,180,5655.1606,15.5380,-79.12,-79.12
34086,180,5655.1606,15.6688,-79.12,-79.12
34096,180,5371.1348,15.6688,-79.12,-79.12
34098,180,5371.1348,15.3350,-79.12,-79.12
34107,180,5081.2847,15.3350,-79.12,-79.12
34109,180,5081.2847,15.4613,-79.12,-79.12
34118,180,4716.9165,15.4613,-79.12,-79.12
34121,180,4716.9165,15.0237,-79.12,-79.12
34129,180,4266.5522,15.0237,-79.12,-79.12
34133,180,4266.5522,14.5049,-79.12,-79.12
34140,180,3761.1992,14.5049,-79.12,-79.12
34145,180,3761.1992,14.9876,-79.12,-79.12
34151,180,3262.0984,14.9876,-79.12,-79.12
34157,180,3262.0984,15.3079,-79.12,-79.12
34162,180,2793.8330,15.3079,-79.12,-79.12
34169,180,2793.8330,15.2854,-79.12,-79.12
34173,180,2362.9978,15.2854,-79.12,-79.12
34180,180,2362.9978,15.2448,-79.12,-79.12
34184,180,1994.0900,15.2448,-79.12,-77.68
34192,180,1994.0900,15.3169,-79.12,-79.12
34195,180,1619.8715,15.3169,-79.12,-79.12
34204,180,1619.8715,15.4748,-79.12,-77.68
34206,180,1230.1499,15.4748,-79.12,-79.12
34216,180,1230.1499,15.2267,-79.12,-79.12
34217,180,823.8972,15.2267,-79.12,-77.68
34228,180,823.8972,15.4117,-79.12,-79.12
34228,180,439.5717,15.4117,-79.12,-79.12
34239,180,132.3340,15.4117,-79.12,-79.12
34240,180,132.3340,15.5335,-79.12,-79.12
34250,180,42.0557,15.5335,-79.12,-79.12
34251,180,42.0557,15.3575,-79.12,-79.12
34261,180,47.3662,15.3575,-79.12,-79.12
34263,180,47.3662,15.5155,-79.12,-79.12
34272,180,49.7645,15.5155,-79.12,-79.12
34275,180,49.7645,15.9621,-79.12,-79.12
34283,180,50.2784,15.9621,-79.12,-79.12
34287,180,50.2784,15.8493,-77.68,-79.12
34294,180,46.9379,15.8493,-79.12,-79.12
34299,180,46.9379,15.3530,-79.12,-79.12
34305,180,52.5054,15.3530,-79.12,-79.12
34311,180,52.5054,15.2583,-79.12,-79.12
34316,180,44.5396,15.2583,-79.12,-79.12
34322,180,44.5396,15.5651,-79.12,-77.68
34327,180,45.3105,15.5651,-79.12,-79.12
34334,180,45.3105,15.4794,-79.12,-77.68
34338,180,38.4582,15.4794,-79.12,-79.12
34346,180,38.4582,15.5200,-79.12,-79.12
34349,180,42.8266,15.5200,-79.12,-79.12
34358,180,42.8266,15.6508,-79.12,-79.12
34360,180,35.6317,15.6508,-79.12,-79.12
34370,180,35.6317,15.6237,-79.12,-79.12
34371,180,44.1113,15.6237,-79.12,-79.12
34382,180,50.3640,15.6237,-79.12,-79.12
34382,180,50.3640,15.4974,-79.12,-79.12
34393,180,40.0857,15.4974,-79.12,-79.12
34393,180,40.0857,15.3936,-79.12,-79.12
34404,180,41.7987,15.3936,-79.12,-79.12
34405,180,41.7987,15.4297,-79.12,-79.12
34415,180,38.8865,15.4297,-79.12,-79.12
34417,180,38.8865,15.4929,-79.12,-79.12
34426,180,46.7666,15.4929,-79.12,-79.12
34429,180,46.7666,15.8854,-79.12,-79.12
34436,180,38.7152,15.8854,-79.12,-77.68
34441,180,38.7152,15.7771,-79.12,-79.12
34447,180,39.5717,15.7771,-79.12,-79.12
34453,180,39.5717,15.8674,-79.12,-79.12
34458,180,30.6638,15.8674,-79.12,-79.12
34464,180,30.6638,16.0975,-79.12,-79.12
34469,180,32.1199,16.0975,-79.12,-79.12
34476,180,32.1199,15.7004,-79.12,-79.12
34480,180,31.8630,15.7004,-79.12,-79.12
34488,180,31.8630,15.1726,-79.12,-79.12
34491,180,37.8587,15.1726,-79.12,-79.12
34500,180,37.8587,15.3891,-79.12,-77.68
34502,180,39.7430,15.3891,-79.12,-79.12
34512,180,39.7430,15.5064,-79.12,-79.12
34513,180,33.2334,15.5064,-79.12,-79.12
34524,180,33.2334,15.4974,-79.12,-79.12
34524,180,41.1135,15.4974,-79.12,-79.12
34535,180,30.1499,15.4974,-79.12,-79.12
34535,180,30.1499,15.4929,-79.12,-79.12
34546,180,31.3490,15.4929,-79.12,-79.12
34547,180,31.3490,15.5696,-77.68,-79.12
34557,180,29.6360,15.5696,-79.12,-79.12
34559,180,29.6360,15.5470,-79.12,-79.12
34568,180,40.0857,15.5470,-79.12,-79.12
34571,180,40.0857,15.7140,-79.12,-79.12
34579,180,34.0899,15.7140,-79.12,-79.12
34583,180,34.0899,15.8809,-79.12,-79.12
34590,180,35.9743,15.8809,-79.12,-79.12
34595,180,35.9743,15.8628,-79.12,-79.12
34601,180,41.8844,15.8628,-79.12,-79.12
34606,180,41.8844,16.1110,-79.12,-79.12
34612,180,44.7109,16.1110,-79.12,-79.12
34618,180,44.7109,15.9035,-79.12,-79.12
34623,180,47.5375,15.9035,-79.12,-79.12
34630,180,47.5375,15.8042,-79.12,-79.12
34634,180,28.7794,15.8042,-79.12,-79.12
34642,180,28.7794,16.0072,-79.12,-79.12
34645,180,30.7495,16.0072,-79.12,-79.12
34654,180,30.7495,16.1651,-79.12,-79.12
34656,180,33.3191,16.1651,-79.12,-79.12
34666,180,33.3191,16.2599,-79.12,-79.12
34667,180,39.5717,16.2599,-79.12,-79.12
34677,180,39.5717,16.3185,-79.12,-79.12
34678,180,33.2334,16.3185,-79.12,-79.12
34689,180,35.2034,16.3185,-79.12,-79.12
34689,180,35.2034,16.3907,-79.12,-79.12
34700,180,37.4304,16.3907,-79.12,-79.12
34701,180,37.4304,15.8448,-79.12,-79.12
34711,180,42.7409,15.8448,-79.12,-79.12
34713,180,42.7409,15.9666,-79.12,-79.12
34722,180,39.6574,15.9666,-79.12,-79.12
34725,180,39.6574,15.7997,-79.12,-79.12
34733,180,39.5717,15.7997,-79.12,-79.12
34737,180,39.5717,15.4027,-79.12,-79.12
34744,180,38.9722,15.4027,-79.12,-79.12
34748,180,38.9722,15.7636,-79.12,-79.12
34755,180,23.8116,15.7636,-79.12,-79.12
34760,180,23.8116,16.2418,-79.12,-79.12
34766,180,25.9529,16.2418,-77.68,-79.12
34772,180,25.9529,16.0614,-79.12,-79.12
34777,180,20.7281,16.0614,-79.12,-79.12
34784,180,20.7281,15.9847,-79.12,-79.12
34788,180,32.8051,15.9847,-79.12,-79.12
34796,180,32.8051,15.6688,-79.12,-79.12
34799,180,32.6338,15.6688,-79.12,-79.12
34808,180,32.6338,15.8854,-79.12,-79.12
34810,180,34.5182,15.8854,-79.12,-79.12
34819,180,34.5182,15.7365,-79.12,-79.12
34821,180,31.0064,15.7365,-79.12,-79.12
34831,180,31.0064,15.4748,-79.12,-79.12
34832,180,28.8651,15.4748,-79.12,-79.12
34843,180,30.9208,15.4748,-79.12,-79.12
34843,180,30.9208,15.4072,-79.12,-79.12
34854,180,13.9615,15.4072,-79.12,-79.12
34855,180,13.9615,15.4027,-79.12,-79.12
34865,180,33.2334,15.4027,-79.12,-79.12
34867,180,33.2334,15.5606,-79.12,-79.12
34876,180,34.3469,15.5606,-79.12,-79.12
34879,180,34.3469,15.2718,-79.12,-79.12
34886,180,36.4882,15.2718,-79.12,-79.12
34890,180,36.4882,15.4658,-79.12,-79.12
34897,180,22.3555,15.4658,-79.12,-79.12
34902,180,22.3555,15.6147,-79.12,-79.12
34908,180,29.2934,15.6147,-79.12,-79.12
34914,180,29.2934,15.4839,-79.12,-77.68
34919,180,31.6060,15.4839,-79.12,-79.12
34926,180,31.6060,15.9305,-79.12,-79.12
34930,180,36.1456,15.9305,-79.12,-79.12
34938,180,36.1456,16.0388,-79.12,-79.12
34941,180,38.8865,16.0388,-79.12,-79.12
34950,180,38.8865,15.5606,-79.12,-79.12
34952,180,28.1799,15.5606,-79.12,-79.12
34961,180,28.1799,15.1951,-79.12,-79.12
34963,180,26.0385,15.1951,-79.12,-79.12
34973,180,26.0385,15.4523,-79.12,-79.12
34974,180,25.4390,15.4523,-79.12,-79.12
34985,180,25.4390,15.8268,-79.12,-79.12
34985,180,32.8051,15.8268,-79.12,-79.12
34996,180,31.4347,15.8268,-79.12,-79.12
34997,180,31.4347,15.7140,-79.12,-79.12
35007,180,35.7173,15.7140,-79.12,-79.12
35009,180,35.7173,15.6282,-79.12,-79.12
35018,180,28.0086,15.6282,-79.12,-79.12
35021,180,28.0086,15.4252,-79.12,-79.12
35029,180,25.6959,15.4252,-79.12,-79.12
35032,180,25.6959,15.2312,-79.12,-79.12
35040,180,29.8073,15.2312,-79.12,-79.12
35044,180,29.8073,15.6192,-79.12,-79.12
35051,180,31.0921,15.6192,-79.12,-79.12
35056,180,31.0921,15.5200,-79.12,-79.12
35062,180,26.7238,15.5200,-79.12,-79.12
35068,180,26.7238,15.9666,-79.12,-79.12
35073,180,23.8972,15.9666,-79.12,-79.12
35080,180,23.8972,15.7907,-79.12,-79.12
35084,180,33.0621,15.7907,-79.12,-79.12
35092,180,33.0621,15.3215,-79.12,-79.12
35095,180,29.2934,15.3215,-79.12,-79.12
35103,180,29.2934,15.2583,-79.12,-79.12
35106,180,37.5161,15.2583,-79.12,-79.12
35115,180,37.5161,15.3530,-79.12,-79.12
35117,180,24.7537,15.3530,-79.12,-79.12
35127,180,24.7537,15.4613,-79.12,-79.12
35128,180,28.0086,15.4613,-79.12,-79.12
35139,180,25.1820,15.4613,-79.12,-79.12
35139,180,25.1820,15.6102,-79.12,-79.12
35150,180,20.8994,15.6102,-79.12,-79.12
35151,180,20.8994,15.7681,-79.12,-79.12
35161,180,19.3576,15.7681,-79.12,-79.12
35163,180,19.3576,15.4839,-79.12,-79.12
35172,180,25.0107,15.4839,-79.12,-79.12
35174,180,25.0107,15.1996,-79.12,-79.12
35183,180,35.3747,15.1996,-79.12,-79.12
35186,180,35.3747,15.1906,-79.12,-79.12
35194,180,32.3769,15.1906,-79.12,-77.68
35198,180,32.3769,14.9695,-79.12,-79.12
35205,180,40.3426,14.9695,-79.12,-79.12
35210,180,40.3426,15.4027,-79.12,-79.12
35216,180,33.1478,15.4027,-79.12,-79.12
35222,180,33.1478,15.4929,-79.12,-79.12
35227,180,28.5225,15.4929,-79.12,-79.12
35234,180,28.5225,15.5515,-79.12,-79.12
35238,180,29.1221,15.5515,-79.12,-79.12
35245,180,29.1221,15.8944,-79.12,-79.12
35249,180,35.8886,15.8944,-79.12,-79.12
35257,180,35.8886,15.7049,-79.12,-79.12
35260,180,27.8373,15.7049,-79.12,-79.12
35269,180,27.8373,15.4297,-79.12,-77.68
35271,180,30.6638,15.4297,-79.12,-79.12
35281,180,30.6638,15.2583,-79.12,-79.12
35282,180,34.4325,15.2583,-79.12,-79.12
35293,180,38.3726,15.2583,-79.12,-79.12
35293,180,38.3726,15.1004,-79.12,-79.12
35304,180,36.4882,15.1004,-77.68,-79.12
35305,180,36.4882,15.4072,-79.12,-79.12
35315,180,27.9229,15.4072,-79.12,-79.12
35316,180,27.9229,15.7681,-79.12,-79.12
35325,180,37.4304,15.7681,-79.12,-79.12
35328,180,37.4304,15.6418,-79.12,-79.12
35336,180,28.0942,15.6418,-79.12,-79.12
35340,180,28.0942,15.3891,-79.12,-79.12
35347,180,34.0043,15.3891,-79.12,-79.12
35352,180,34.0043,15.1004,-79.12,-79.12
35358,180,29.1221,15.1004,-79.12,-79.12
35364,180,29.1221,15.0011,-79.12,-79.12
35369,180,32.7195,15.0011,-79.12,-79.12
35376,180,32.7195,15.1545,-79.12,-79.12
35380,180,35.4604,15.1545,-79.12,-79.12
35387,180,35.4604,15.1455,-79.12,-77.68
35391,180,32.9764,15.1455,-79.12,-79.12
35399,180,32.9764,15.3621,-79.12,-79.12
35402,180,35.2034,15.3621,-79.12,-79.12
35411,180,35.2034,15.6779,-79.12,-79.12
35413,180,25.6103,15.6779,-79.12,-79.12
35423,180,25.6103,15.8403,-79.12,-79.12
35424,180,26.2099,15.8403,-79.12,-79.12
35435,180,26.2099,15.9035,-79.12,-79.12
35435,180,16.0171,15.9035,-79.12,-79.12
35446,180,25.0107,15.9035,-79.12,-79.12
35447,180,25.0107,15.2538,-79.12,-79.12
35457,180,22.0128,15.2538,-79.12,-77.68
35458,180,22.0128,14.9109,-79.12,-79.12
35468,180,30.4925,14.9109,-79.12,-79.12
35470,180,30.4925,15.2042,-79.12,-79.12
35479,180,23.9829,15.2042,-79.12,-79.12
35482,180,23.9829,15.5922,-79.12,-79.12
35490,180,30.2355,15.5922,-79.12,-79.12
35494,180,30.2355,15.5155,-79.12,-79.12
35501,180,33.8330,15.5155,-79.12,-79.12
35506,180,33.8330,15.3621,-79.12,-79.12
35512,180,31.1777,15.3621,-79.12,-79.12
35518,180,31.1777,15.1635,-79.12,-79.12
35523,180,29.8929,15.1635,-79.12,-79.12
35529,180,29.8929,15.3350,-79.12,-79.12
35534,180,20.2998,15.3350,-79.12,-79.12
35541,180,20.2998,15.1004,-79.12,-79.12
35545,180,23.9829,15.1004,-79.12,-79.12
35553,180,23.9829,14.8477,-79.12,-79.12
35556,180,19.7002,14.8477,-79.12,-79.12
35565,180,19.7002,15.2899,-79.12,-79.12
35567,180,29.9786,15.2899,-79.12,-79.12
35577,180,29.9786,15.5425,-79.12,-79.12
35578,180,23.9829,15.5425,-79.12,-79.12
35589,180,23.9829,15.1590,-79.12,-79.12
35589,180,36.3169,15.1590,-79.12,-79.12
35600,180,31.9486,15.1590,-79.12,-79.12
35600,180,31.9486,15.2944,-79.12,-79.12
35611,180,19.6146,15.2944,-79.12,-79.12
35612,180,19.6146,15.2042,-79.12,-79.12
35622,180,24.0685,15.2042,-79.12,-79.12
35624,180,24.0685,14.9109,-79.12,-79.12
35633,180,20.7281,14.9109,-79.12,-79.12
35636,180,20.7281,15.2087,-79.12,-79.12
35644,180,26.6381,15.2087,-79.12,-79.12
35648,180,26.6381,15.6328,-79.12,-79.12
35655,180,26.0385,15.6328,-79.12,-79.12
35660,180,26.0385,15.2763,-79.12,-79.12
35666,180,33.1478,15.2763,-77.68,-79.12
35671,180,33.1478,15.1094,-79.12,-79.12
35677,180,25.0107,15.1094,-79.12,-79.12
35683,180,25.0107,14.6492,-79.12,-79.12
35688,180,31.7773,14.6492,-79.12,-79.12
35695,180,31.7773,14.8793,-79.12,-79.12
35699,180,20.3854,14.8793,-79.12,-79.12
35707,180,20.3854,15.1410,-79.12,-77.68
35710,180,20.2998,15.1410,-79.12,-79.12
35719,180,20.2998,14.5094,-79.12,-79.12
35721,180,17.7302,14.5094,-77.68,-79.12
35731,180,17.7302,14.7079,-79.12,-79.12
35732,180,16.3597,14.7079,-79.12,-79.12
35742,180,16.3597,15.6508,-79.12,-79.12
35743,180,28.2655,15.6508,-79.12,-79.12
35753,180,29.8929,15.6508,-79.12,-79.12
35754,180,29.8929,15.8899,-79.12,-79.12
35764,180,35.3747,15.8899,-79.12,-79.12
35766,180,35.3747,15.7861,-79.12,-79.12
35775,180,25.6959,15.7861,-79.12,-79.12
35778,180,25.6959,15.5786,-79.12,-79.12
35786,180,26.3812,15.5786,-79.12,-79.12
35790,180,26.3812,15.2854,-79.12,-79.12
35797,180,11.4775,15.2854,-79.12,-79.12
35802,180,11.4775,15.3621,-79.12,-79.12
35808,180,21.1563,15.3621,-79.12,-79.12
35813,180,21.1563,15.5064,-79.12,-79.12
35819,180,19.7002,15.5064,-79.12,-79.12
35825,180,19.7002,15.5245,-79.12,-79.12
35830,180,25.2677,15.5245,-79.12,-79.12
35837,180,25.2677,15.6012,-79.12,-79.12
35841,180,29.6360,15.6012,-79.12,-77.68
35849,180,29.6360,15.6102,-77.68,-79.12
35852,180,29.2077,15.6102,-79.12,-79.12
35863,180,33.5760,15.6102,-79.12,-79.12
35873,180,33.5760,15.1771,-79.12,-79.12
35874,180,20.5567,15.1771,-79.12,-79.12
35884,180,20.5567,15.5155,-79.12,-79.12
35885,180,26.4668,15.5155,-79.12,-79.12
35896,180,15.2463,15.5155,-79.12,-79.12
35896,180,15.2463,16.2734,-79.12,-79.12
35907,180,20.9850,16.2734,-79.12,-79.12
35908,180,20.9850,15.8403,-79.12,-79.12
35918,180,18.6724,15.8403,-79.12,-79.12
35920,180,18.6724,14.9109,-79.12,-79.12
35929,180,16.9593,14.9109,-79.12,-79.12
35932,180,16.9593,14.7485,-79.12,-79.12
35940,180,21.0707,14.7485,-79.12,-79.12
35944,180,21.0707,15.4433,-79.12,-79.12
35951,180,26.9807,15.4433,-79.12,-79.12
35955,180,26.9807,15.8268,-79.12,-79.12
35962,180,25.5246,15.8268,-79.12,-77.68
35967,180,25.5246,15.9260,-79.12,-79.12
35973,180,20.8994,15.9260,-79.12,-79.12
35979,180,20.8994,15.6282,-79.12,-79.12
35984,180,33.2334,15.6282,-79.12,-79.12
35991,180,33.2334,15.6057,-79.12,-79.12
35995,180,26.2099,15.6057,-79.12,-79.12
36003,180,26.2099,15.8538,-79.12,-79.12
36006,180,27.2377,15.8538,-79.12,-77.68
36015,180,27.2377,15.6688,-79.12,-79.12
36017,180,17.2163,15.6688,-79.12,-79.12
36026,180,17.2163,15.8222,-79.12,-79.12
36028,180,23.5546,15.8222,-79.12,-79.12
36038,180,23.5546,15.9125,-79.12,-79.12
36039,180,27.0664,15.9125,-79.12,-79.12
36050,180,33.4904,15.9125,-79.12,-79.12
36050,180,33.4904,15.6734,-79.12,-79.12
36061,180,22.9550,15.6734,-79.12,-79.12
36062,180,22.9550,15.6779,-79.12,-79.12
36072,180,16.9593,15.6779,-79.12,-79.12
36074,180,16.9593,16.0659,-79.12,-79.12
36083,180,20.0428,16.0659,-79.12,-79.12
36086,180,20.0428,16.3185,-79.12,-79.12
36094,180,19.9572,16.3185,-77.68,-79.12
36097,180,19.9572,16.2824,-79.12,-79.12
36105,180,23.6403,16.2824,-79.12,-79.12
36109,180,23.6403,15.8087,-79.12,-79.12
36116,180,20.7281,15.8087,-79.12,-79.12
36121,180,20.7281,15.6779,-79.12,-79.12
36127,180,23.4690,15.6779,-79.12,-79.12
36133,180,23.4690,15.3260,-79.12,-77.68
36138,180,15.2463,15.3260,-79.12,-79.12
36145,180,15.2463,15.3079,-79.12,-79.12
36149,180,22.6981,15.3079,-79.12,-79.12
36157,180,22.6981,15.6869,-79.12,-79.12
36160,180,23.2976,15.6869,-79.12,-79.12
36168,180,23.2976,15.7771,-79.12,-79.12
36171,180,17.9872,15.7771,-79.12,-79.12
36180,180,17.9872,15.3305,-79.12,-79.12
36182,180,24.6681,15.3305,-79.12,-79.12
36192,180,24.6681,15.2222,-79.12,-79.12
36193,180,23.2120,15.2222,-79.12,-79.12
36203,180,25.9529,15.2222,-79.12,-79.12
36204,180,25.9529,15.7771,-79.12,-79.12
36214,180,20.7281,15.7771,-79.12,-79.12
36216,180,20.7281,15.5786,-79.12,-79.12
36225,180,30.1499,15.5786,-79.12,-77.68
36228,180,30.1499,15.1861,-79.12,-79.12
36236,180,18.4154,15.1861,-79.12,-79.12
36239,180,18.4154,15.7410,-79.12,-79.12
36247,180,27.6660,15.7410,-79.12,-79.12
36251,180,27.6660,16.6298,-79.12,-79.12
36258,180,20.9850,16.6298,-79.12,-79.12
36263,180,20.9850,16.6704,-79.12,-79.12
36269,180,23.8972,16.6704,-79.12,-79.12
36275,180,23.8972,16.2418,-79.12,-79.12
36280,180,30.0642,16.2418,-79.12,-79.12
36287,180,30.0642,15.9666,-79.12,-79.12
36291,180,30.7495,15.9666,-79.12,-79.12
36299,180,30.7495,15.4568,-79.12,-79.12
36302,180,32.2056,15.4568,-79.12,-79.12
36310,180,32.2056,15.3079,-79.12,-79.12
36313,180,24.9251,15.3079,-79.12,-79.12
36322,180,24.9251,16.1381,-79.12,-79.12
36324,180,32.7195,16.1381,-79.12,-77.68
36334,180,32.7195,16.2057,-79.12,-79.12
36335,180,24.3255,16.2057,-79.12,-79.12
36346,180,24.3255,15.7952,-79.12,-79.12
36346,180,30.3212,15.7952,-79.12,-79.12
36357,180,20.9850,15.7952,-79.12,-79.12
36358,180,20.9850,15.8087,-79.12,-79.12
36368,180,32.9764,15.8087,-79.12,-79.12
36370,180,32.9764,15.7095,-79.12,-79.12
36379,180,17.3019,15.7095,-79.12,-79.12
36381,180,17.3019,15.9305,-79.12,-79.12
36390,180,15.6745,15.9305,-79.12,-77.68
36393,180,15.6745,15.6508,-79.12,-79.12
36401,180,19.3576,15.6508,-79.12,-79.12
36405,180,19.3576,15.7185,-79.12,-79.12
36412,180,18.4154,15.7185,-79.12,-79.12
36417,180,18.4154,15.9486,-79.12,-79.12
36423,180,21.6702,15.9486,-79.12,-79.12
36429,180,21.6702,16.6704,-79.12,-79.12
36434,180,19.7859,16.6704,-79.12,-79.12
36441,180,19.7859,18.2856,-79.12,-79.12
36445,180,29.9786,18.2856,-79.12,-79.12
36452,180,29.9786,17.5953,-79.12,-79.12
36456,180,20.6424,17.5953,-79.12,-79.12
36464,180,20.6424,16.6118,-79.12,-79.12
36467,180,24.2398,16.6118,-79.12,-79.12
36476,180,24.2398,15.7907,-79.12,-79.12
36478,180,16.7024,15.7907,-77.68,-79.12
36488,180,16.7024,15.4342,-79.12,-79.12
36489,180,25.7816,15.4342,-79.12,-79.12
36500,180,25.7816,16.1020,-79.12,-79.12
36500,180,26.5525,16.1020,-79.12,-79.12
36511,180,23.8116,16.1020,-79.12,-79.12
36512,180,23.8116,16.2508,-79.12,-79.12
36522,180,20.2998,16.2508,-79.12,-79.12
36523,180,20.2998,15.9621,-79.12,-77.68
36533,180,25.5246,15.9621,-79.12,-79.12
36535,180,25.5246,15.5967,-79.12,-79.12
36544,180,29.9786,15.5967,-79.12,-79.12
36547,180,29.9786,15.3621,-79.12,-79.12
36555,180,16.6167,15.3621,-79.12,-79.12
36559,180,16.6167,15.2087,-79.12,-79.12
36566,180,28.5225,15.2087,-79.12,-79.12
36571,180,28.5225,14.9335,-79.12,-79.12
36577,180,18.3298,14.9335,-79.12,-79.12
36583,180,18.3298,15.4342,-79.12,-77.68
36588,180,25.9529,15.4342,-79.12,-79.12
36594,180,25.9529,15.6282,-79.12,-79.12
36599,180,20.2998,15.6282,-79.12,-77.68
36606,180,20.2998,15.6057,-79.12,-79.12
36610,180,28.9507,15.6057,-79.12,-79.12
36618,180,28.9507,15.5200,-79.12,-79.12
36620,180,17.3876,15.5200,-79.12,-79.12
36630,180,17.3876,15.1590,-79.12,-79.12
36631,180,15.7602,15.1590,-79.12,-79.12
36642,180,15.7602,15.4388,-79.12,-79.12
36642,180,14.7323,15.4388,-79.12,-79.12
36653,180,14.6467,15.4388,-79.12,-79.12
36654,180,14.6467,15.3666,-79.12,-77.68
36664,180,30.1499,15.3666,-79.12,-79.12
36665,180,30.1499,15.2087,-79.12,-79.12
36675,180,20.4711,15.2087,-77.68,-79.12
36677,180,20.4711,15.6508,-79.12,-79.12
36686,180,27.4090,15.6508,-79.12,-79.12
36689,180,27.4090,16.0478,-79.12,-79.12
36697,180,17.1306,16.0478,-79.12,-79.12
36701,180,17.1306,15.9215,-79.12,-79.12
36708,180,21.4989,15.9215,-79.12,-79.12
36713,180,21.4989,15.6824,-79.12,-79.12
36719,180,22.1842,15.6824,-79.12,-79.12
36724,180,22.1842,16.6524,-79.12,-79.12
36730,180,22.9550,16.6524,-79.12,-79.12
36736,180,22.9550,16.9050,-79.12,-79.12
36741,180,21.6702,16.9050,-79.12,-79.12
36748,180,21.6702,16.3456,-79.12,-79.12
36760,180,21.6702,16.0568,-79.12,-79.12
36763,180,28.7794,16.0568,-79.12,-79.12
36772,180,28.7794,15.8944,-79.12,-79.12
36774,180,25.5246,15.8944,-79.12,-79.12
36784,180,25.5246,16.7877,-79.12,-79.12
36785,180,32.2056,16.7877,-79.12,-79.12
36795,180,32.2056,16.5982,-79.12,-79.12
36796,180,25.6103,16.5982,-79.12,-79.12
36807,180,18.5867,16.5982,-79.12,-79.12
36807,180,18.5867,15.8493,-79.12,-79.12
36818,180,14.9036,15.8493,-79.12,-79.12
36819,180,14.9036,15.6192,-79.12,-79.12
36829,180,19.4433,15.6192,-79.12,-79.12
36831,180,19.4433,15.9892,-79.12,-79.12
36840,180,19.3576,15.9892,-79.12,-79.12
36843,180,19.3576,16.6975,-79.12,-79.12
36851,180,25.4390,16.6975,-79.12,-79.12
36855,180,25.4390,17.8254,-79.12,-79.12
36862,180,22.4411,17.8254,-79.12,-79.12
36873,180,8.3084,17.8254,-79.12,-79.12
36878,180,8.3084,16.8328,-79.12,-79.12
36884,180,17.9015,16.8328,-79.12,-79.12
36890,180,17.9015,15.9801,-79.12,-79.12
36895,180,23.2120,15.9801,-79.12,-79.12
36902,180,23.2120,14.7079,-79.12,-79.12
36906,180,23.0407,14.7079,-79.12,-79.12
36914,180,23.0407,15.3079,-79.12,-79.12
36917,180,14.3897,15.3079,-79.12,-79.12
36926,180,14.3897,17.4419,-79.12,-79.12
36928,180,22.2698,17.4419,-79.12,-79.12
36937,180,22.2698,17.8841,-79.12,-79.12
36939,180,19.6146,17.8841,-79.12,-79.12
36949,180,19.6146,16.7381,-79.12,-79.12
36950,180,31.7773,16.7381,-79.12,-79.12
36961,180,24.4968,16.7381,-79.12,-79.12
36961,180,24.4968,15.5200,-79.12,-79.12
36972,180,24.9251,15.5200,-79.12,-79.12
36973,180,24.9251,15.1996,-79.12,-79.12
36983,180,31.6060,15.1996,-79.12,-79.12
36985,180,31.6060,15.6553,-79.12,-77.68
36994,180,17.0450,15.6553,-79.12,-79.12
36997,180,17.0450,15.5425,-79.12,-79.12
37005,180,20.0428,15.5425,-79.12,-79.12
37008,180,20.0428,15.1635,-79.12,-79.12
37016,180,12.9336,15.1635,-79.12,-79.12
37020,180,12.9336,15.3079,-79.12,-79.12
37027,180,16.5310,15.3079,-79.12,-79.12
37032,180,16.5310,15.5380,-79.12,-79.12
37038,180,17.3876,15.5380,-79.12,-79.12
37044,180,17.3876,15.1545,-77.68,-79.12
37048,180,30.2355,15.1545,-79.12,-79.12
37056,180,30.2355,14.6267,-79.12,-79.12
37059,180,26.2955,14.6267,-79.12,-79.12
37068,180,26.2955,15.0282,-79.12,-79.12
37070,180,32.4625,15.0282,-79.12,-79.12
37079,180,32.4625,15.2854,-79.12,-79.12
37081,180,26.4668,15.2854,-79.12,-79.12
37091,180,26.4668,16.0072,-79.12,-79.12
37092,180,18.4154,16.0072,-79.12,-79.12
37103,180,18.4154,16.3546,-79.12,-79.12
37103,180,22.9550,16.3546,-79.12,-79.12
37114,180,22.7837,16.3546,-79.12,-77.68
37115,180,22.7837,14.9921,-79.12,-79.12
37125,180,27.1520,14.9921,-79.12,-79.12
37127,180,27.1520,13.9093,-79.12,-79.12
37136,180,19.7859,13.9093,-79.12,-79.12
37139,180,19.7859,14.1845,-79.12,-79.12
37147,180,31.0921,14.1845,-79.12,-79.12
37150,180,31.0921,15.5470,-79.12,-79.12
37158,180,25.4390,15.5470,-79.12,-79.12
37162,180,25.4390,16.3591,-79.12,-79.12
37169,180,14.6467,16.3591,-79.12,-79.12
37174,180,14.6467,15.6959,-79.12,-79.12
37180,180,19.2719,15.6959,-79.12,-79.12
37186,180,19.2719,14.8162,-79.12,-79.12
37191,180,25.0964,14.8162,-79.12,-79.12
37198,180,25.0964,14.0447,-79.12,-79.12
37202,180,26.1242,14.0447,-79.12,-79.12
37210,180,26.1242,14.1439,-79.12,-79.12
37213,180,23.6403,14.1439,-79.12,-79.12
37221,180,23.6403,14.8793,-79.12,-77.68
37224,180,26.8094,14.8793,-79.12,-79.12
37233,180,26.8094,15.7591,-79.12,-79.12
37235,180,16.7024,15.7591,-79.12,-79.12
37245,180,16.7024,16.0794,-79.12,-79.12
37246,180,18.7580,16.0794,-79.12,-79.12
37257,180,18.7580,15.8222,-79.12,-79.12
37257,180,18.0728,15.8222,-79.12,-79.12
37268,180,26.3812,15.8222,-79.12,-79.12
37269,180,26.3812,15.6508,-79.12,-79.12
37279,180,25.6103,15.6508,-79.12,-79.12
37281,180,25.6103,14.9109,-79.12,-79.12
37290,180,19.0150,14.9109,-79.12,-79.12
37292,180,19.0150,15.2628,-79.12,-79.12
37301,180,11.9058,15.2628,-79.12,-79.12
37304,180,11.9058,15.9170,-79.12,-79.12
37312,180,13.2762,15.9170,-79.12,-79.12
37316,180,13.2762,15.7636,-79.12,-79.12
37323,180,21.5846,15.7636,-79.12,-79.12
37328,180,21.5846,15.2132,-79.12,-79.12
37334,180,22.0128,15.2132,-79.12,-79.12
37340,180,22.0128,15.2718,-79.12,-79.12
37345,180,31.6916,15.2718,-79.12,-79.12
37352,180,31.6916,15.2628,-79.12,-79.12
37356,180,26.1242,15.2628,-79.12,-79.12
37363,180,26.1242,15.2673,-79.12,-79.12
37367,180,33.3191,15.2673,-79.12,-79.12
37375,180,33.3191,15.5696,-79.12,-79.12
37378,180,15.2463,15.5696,-79.12,-79.12
37387,180,15.2463,15.8764,-79.12,-79.12
37389,180,11.1349,15.8764,-79.12,-79.12
37399,180,11.1349,15.8358,-79.12,-79.12
37400,180,8.4797,15.8358,-79.12,-79.12
37411,180,20.2141,15.8358,-79.12,-79.12
37411,180,20.2141,15.6237,-79.12,-79.12
37422,180,28.0086,15.6237,-79.12,-79.12
37423,180,28.0086,15.1500,-79.12,-79.12
37433,180,27.0664,15.1500,-79.12,-79.12
37434,180,27.0664,15.1590,-79.12,-79.12
37444,180,29.5503,15.1590,-79.12,-79.12
37446,180,29.5503,15.0688,-79.12,-79.12
37455,180,25.9529,15.0688,-79.12,-79.12
37458,180,25.9529,15.1049,-79.12,-79.12
37465,180,17.1306,15.1049,-79.12,-79.12
37470,180,17.1306,15.6824,-79.12,-79.12
37476,180,12.7623,15.6824,-79.12,-79.12
37482,180,12.7623,15.8358,-79.12,-79.12
37487,180,23.6403,15.8358,-79.12,-79.12
37494,180,23.6403,15.7591,-79.12,-77.68
37498,180,13.7901,15.7591,-79.12,-79.12
37505,180,13.7901,15.7004,-79.12,-79.12
37509,180,17.6445,15.7004,-79.12,-79.12
37517,180,17.6445,15.2808,-79.12,-79.12
37520,180,23.4690,15.2808,-79.12,-79.12
37529,180,23.4690,15.4748,-79.12,-79.12
37531,180,27.0664,15.4748,-79.12,-79.12
37541,180,27.0664,15.5876,-79.12,-79.12
37542,180,23.2976,15.5876,-79.12,-79.12
37553,180,23.2976,15.5831,-79.12,-79.12
37553,180,19.3576,15.5831,-79.12,-79.12
37564,180,23.8116,15.5831,-79.12,-79.12
37565,180,23.8116,15.5109,-79.12,-79.12
37575,180,12.5054,15.5109,-79.12,-79.12
37576,180,12.5054,14.9650,-79.12,-79.12
37586,180,22.0985,14.9650,-79.12,-77.68
37588,180,22.0985,15.1771,-79.12,-79.12
37597,180,22.9550,15.1771,-79.12,-79.12
37600,180,22.9550,15.6463,-79.12,-79.12
37608,180,21.1563,15.6463,-79.12,-79.12
37612,180,21.1563,15.6373,-79.12,-79.12
37619,180,17.1306,15.6373,-79.12,-77.68
37624,180,17.1306,15.8899,-79.12,-79.12
37630,180,22.0128,15.8899,-79.12,-79.12
37636,180,22.0128,15.8448,-79.12,-79.12
37641,180,20.0428,15.8448,-79.12,-79.12
37647,180,20.0428,15.3034,-79.12,-79.12
37652,180,17.6445,15.3034,-79.12,-79.12
37659,180,17.6445,15.2808,-77.68,-79.12
37663,180,24.9251,15.2808,-79.12,-79.12
37671,180,24.9251,15.5109,-79.12,-79.12
37674,180,26.1242,15.5109,-79.12,-79.12
37683,180,26.1242,15.5380,-79.12,-79.12
37685,180,26.6381,15.5380,-79.12,-79.12
37695,180,26.6381,15.6598,-79.12,-79.12
37696,180,20.8994,15.6598,-79.12,-79.12
37706,180,20.8994,15.8674,-79.12,-79.12
37707,180,20.5567,15.8674,-79.12,-79.12
37718,180,20.5567,15.7455,-79.12,-79.12
37729,180,21.7559,15.7455,-79.12,-79.12
37730,180,21.7559,15.3846,-79.12,-79.12
37740,180,15.5032,15.3846,-79.12,-79.12
37742,180,15.5032,15.3756,-79.12,-79.12
37751,180,15.1606,15.3756,-79.12,-79.12
37754,180,15.1606,15.4568,-79.12,-79.12
37762,180,25.6959,15.4568,-79.12,-79.12
37766,180,25.6959,15.4523,-79.12,-79.12
37773,180,28.2655,15.4523,-79.12,-79.12
37777,180,28.2655,15.5245,-79.12,-79.12
37784,180,27.6660,15.5245,-79.12,-79.12
37789,180,27.6660,15.9847,-79.12,-79.12
37795,180,12.5910,15.9847,-77.68,-77.68
37801,180,12.5910,16.2193,-79.12,-79.12
37806,180,29.2077,16.2193,-79.12,-79.12
37813,180,29.2077,16.2418,-79.12,-79.12
37817,180,24.4968,16.2418,-79.12,-79.12
37825,180,24.4968,15.5967,-79.12,-79.12
37828,180,25.5246,15.5967,-77.68,-79.12
37837,180,25.5246,15.3801,-79.12,-79.12
37839,180,19.3576,15.3801,-79.12,-79.12
37848,180,19.3576,15.8087,-79.12,-79.12
37850,180,16.7024,15.8087,-79.12,-79.12
37860,180,16.7024,15.9486,-79.12,-79.12
37861,180,15.2463,15.9486,-79.12,-79.12
37872,180,14.9036,15.9486,-79.12,-79.12
37872,180,14.9036,16.0929,-79.12,-79.12
37883,180,27.6660,16.0929,-79.12,-79.12
37884,180,27.6660,15.9756,-79.12,-79.12
37893,180,18.5011,15.9756,-79.12,-79.12
37896,180,18.5011,15.6328,-79.12,-77.68
37904,180,14.1328,15.6328,-79.12,-79.12
37908,180,14.1328,15.5019,-79.12,-79.12
37915,180,6.1670,15.5019,-79.12,-77.68
37919,180,6.1670,15.7455,-79.12,-79.12
37926,180,19.3576,15.7455,-79.12,-79.12
37931,180,19.3576,15.7365,-79.12,-77.68
37937,180,15.2463,15.7365,-79.12,-79.12
37943,180,15.2463,15.6734,-79.12,-79.12
37948,180,24.9251,15.6734,-79.12,-79.12
37955,180,24.9251,15.8764,-79.12,-79.12
37959,180,15.9315,15.8764,-79.12,-79.12
37967,180,15.9315,15.9125,-79.12,-79.12
37970,180,14.9036,15.9125,-79.12,-79.12
37979,180,14.9036,15.8674,-79.12,-79.12
37981,180,21.6702,15.8674,-79.12,-79.12
37990,180,21.6702,15.5831,-79.12,-79.12
37992,180,18.9293,15.5831,-79.12,-79.12
38002,180,18.9293,15.6373,-79.12,-79.12
38003,180,28.2655,15.6373,-79.12,-79.12
38014,180,28.2655,15.6508,-79.12,-79.12
38014,180,25.5246,15.6508,-79.12,-79.12
38025,180,16.8737,15.6508,-79.12,-79.12
38026,180,16.8737,15.3305,-79.12,-79.12
38036,180,13.9615,15.3305,-79.12,-79.12
38038,180,13.9615,15.6282,-79.12,-79.12
38047,180,11.8201,15.6282,-79.12,-79.12
38050,180,11.8201,15.8448,-79.12,-79.12
38058,180,7.0236,15.8448,-79.12,-79.12
38061,180,7.0236,15.9892,-79.12,-79.12
38069,180,21.9272,15.9892,-79.12,-79.12
38073,180,21.9272,16.3366,-79.12,-79.12
38080,180,14.7323,16.3366,-79.12,-79.12
38085,180,14.7323,16.0162,-79.12,-79.12
38091,180,14.0471,16.0162,-79.12,-79.12
38097,180,14.0471,15.7816,-79.12,-79.12
38102,180,25.2677,15.7816,-79.12,-79.12
38109,180,25.2677,15.8222,-79.12,-79.12
38113,180,25.5246,15.8222,-79.12,-79.12
38121,180,25.5246,15.9531,-79.12,-79.12
38124,180,20.4711,15.9531,-79.12,-79.12
38132,180,20.4711,15.7275,-79.12,-79.12
38135,180,19.0150,15.7275,-79.12,-79.12
38144,180,19.0150,15.6598,-79.12,-79.12
38146,180,19.9572,15.6598,-79.12,-79.12
38156,180,19.9572,15.3756,-79.12,-79.12
38157,180,15.0749,15.3756,-79.12,-79.12
38168,180,27.7516,15.3756,-79.12,-79.12
38168,180,27.7516,15.1365,-79.12,-79.12
38179,180,22.3555,15.1365,-79.12,-79.12
38180,180,22.3555,15.2493,-79.12,-79.12
38190,180,26.3812,15.2493,-79.12,-79.12
38192,180,26.3812,15.6508,-79.12,-79.12
38201,180,15.8458,15.6508,-79.12,-79.12
38203,180,15.8458,15.9260,-79.12,-79.12
38212,180,13.4475,15.9260,-79.12,-77.68
38215,180,13.4475,15.7771,-77.68,-79.12
38223,180,21.5846,15.7771,-79.12,-79.12
38227,180,21.5846,15.4342,-79.12,-79.12
38234,180,21.2420,15.4342,-79.12,-79.12
38239,180,21.2420,15.1500,-79.12,-79.12
38245,180,25.6959,15.1500,-79.12,-79.12
38251,180,25.6959,15.5245,-79.12,-79.12
38256,180,17.7302,15.5245,-79.12,-79.12
38267,180,25.0107,15.5245,-79.12,-79.12
38274,180,25.0107,15.2177,-79.12,-79.12
38278,180,16.4454,15.2177,-77.68,-79.12
38286,180,16.4454,14.9650,-79.12,-79.12
38289,180,24.3255,14.9650,-77.68,-79.12
38298,180,24.3255,15.0147,-79.12,-79.12
38300,180,28.0086,15.0147,-79.12,-79.12
38310,180,28.0086,15.4748,-79.12,-79.12
38310,180,27.3233,15.4748,-79.12,-79.12
38321,180,27.5803,15.4748,-79.12,-79.12
38322,180,27.5803,15.8448,-79.12,-79.12
38332,180,22.6981,15.8448,-79.12,-79.12
38334,180,22.6981,15.9170,-79.12,-79.12
38343,180,24.3255,15.9170,-79.12,-79.12
38345,180,24.3255,15.3801,-79.12,-79.12
38354,180,12.5910,15.3801,-79.12,-79.12
38357,180,12.5910,15.1861,-79.12,-79.12
38365,180,22.3555,15.1861,-79.12,-79.12
38369,180,22.3555,15.1275,-79.12,-79.12
38376,180,18.1585,15.1275,-79.12,-79.12
38381,180,18.1585,14.9470,-79.12,-79.12
38387,180,19.4433,14.9470,-79.12,-79.12
38393,180,19.4433,14.6176,-79.12,-79.12
38398,180,10.6210,14.6176,-77.68,-79.12
38405,180,10.6210,14.9560,-79.12,-79.12
38409,180,16.1028,14.9560,-79.12,-79.12
38416,180,16.1028,15.2899,-79.12,-79.12
38420,180,16.7024,15.2899,-79.12,-79.12
38428,180,16.7024,15.4433,-79.12,-79.12
38431,180,19.1863,15.4433,-79.12,-79.12
38440,180,19.1863,15.0372,-79.12,-79.12
38442,180,18.4154,15.0372,-79.12,-79.12
38452,180,18.4154,14.9019,-79.12,-79.12
38453,180,17.0450,14.9019,-79.12,-79.12
38464,180,17.0450,15.1455,-79.12,-79.12
38464,180,17.8158,15.1455,-79.12,-79.12
38475,180,13.9615,15.1455,-79.12,-77.68
38476,180,13.9615,14.7665,-79.12,-79.12
38486,180,26.3812,14.7665,-79.12,-79.12
38487,180,26.3812,14.6176,-79.12,-79.12
38497,180,22.9550,14.6176,-79.12,-79.12
38499,180,22.9550,14.7936,-79.12,-79.12
38508,180,20.4711,14.7936,-79.12,-79.12
38511,180,20.4711,15.2222,-79.12,-79.12
38519,180,14.8180,15.2222,-79.12,-79.12
38523,180,14.8180,15.0147,-79.12,-79.12
38530,180,20.0428,15.0147,-79.12,-79.12
38535,180,20.0428,15.0508,-79.12,-79.12
38541,180,21.3276,15.0508,-79.12,-79.12
38547,180,21.3276,15.6192,-79.12,-79.12
38552,180,24.2398,15.6192,-79.12,-79.12
38558,180,24.2398,15.4478,-79.12,-79.12
38563,180,26.2099,15.4478,-79.12,-79.12
38570,180,26.2099,14.8613,-79.12,-79.12
38574,180,12.5910,14.8613,-79.12,-79.12
38582,180,12.5910,14.6943,-79.12,-79.12
38585,180,23.8972,14.6943,-79.12,-77.68
38594,180,23.8972,14.7169,-79.12,-79.12
38596,180,22.2698,14.7169,-79.12,-79.12
38606,180,22.2698,14.7395,-79.12,-79.12
38607,180,29.5503,14.7395,-79.12,-79.12
38618,180,29.5503,14.8071,-79.12,-79.12
38618,180,19.2719,14.8071,-79.12,-79.12
38629,180,19.2719,14.8522,-79.12,-79.12
38640,180,14.1328,14.8522,-79.12,-79.12
38641,180,14.1328,14.8297,-79.12,-79.12
38651,180,22.0128,14.8297,-79.12,-79.12
38653,180,22.0128,14.7304,-79.12,-79.12
38662,180,21.4989,14.7304,-79.12,-79.12
38665,180,21.4989,14.9605,-79.12,-79.12
38673,180,15.8458,14.9605,-79.12,-79.12
38677,180,15.8458,14.9741,-79.12,-79.12
38684,180,18.4154,14.9741,-79.12,-79.12
38689,180,18.4154,14.5680,-79.12,-79.12
38695,180,17.0450,14.5680,-79.12,-79.12
38700,180,17.0450,14.3515,-77.68,-79.12
38706,180,19.3576,14.3515,-79.12,-79.12
38712,180,19.3576,14.5770,-79.12,-79.12
38717,180,17.1306,14.5770,-79.12,-79.12
38724,180,17.1306,14.9380,-79.12,-79.12
38728,180,21.0707,14.9380,-79.12,-79.12
38736,180,21.0707,14.5409,-79.12,-79.12
38738,180,12.5910,14.5409,-79.12,-79.12
38748,180,12.5910,14.9335,-79.12,-79.12
38749,180,24.5824,14.9335,-79.12,-79.12
38760,180,24.5824,14.8477,-79.12,-79.12
38760,180,22.4411,14.8477,-79.12,-79.12
38771,180,22.4411,14.7304,-79.12,-79.12
38771,180,16.2741,14.7304,-79.12,-79.12
38782,180,17.3876,14.7304,-79.12,-79.12
38783,180,17.3876,14.4958,-79.12,-79.12
38793,180,14.1328,14.4958,-79.12,-79.12
38795,180,14.1328,14.5003,-79.12,-79.12
38804,180,16.8737,14.5003,-79.12,-79.12
38807,180,16.8737,14.5635,-79.12,-79.12
38815,180,13.3619,14.5635,-79.12,-79.12
38819,180,13.3619,14.5455,-79.12,-79.12
38826,180,23.0407,14.5455,-79.12,-79.12
38831,180,23.0407,15.0643,-79.12,-79.12
38837,180,11.9914,15.0643,-79.12,-79.12
38842,180,11.9914,14.8342,-79.12,-79.12
38848,180,24.0685,14.8342,-79.12,-79.12
38854,180,24.0685,14.3289,-79.12,-79.12
38859,180,17.2163,14.3289,-79.12,-79.12
38866,180,17.2163,14.5500,-79.12,-79.12
38870,180,11.3919,14.5500,-79.12,-79.12
38878,180,11.3919,14.5094,-79.12,-79.12
38881,180,11.1349,14.5094,-79.12,-79.12
38890,180,11.1349,14.0717,-79.12,-79.12
38892,180,18.5867,14.0717,-79.12,-79.12
38902,180,18.5867,14.2251,-79.12,-79.12
38903,180,21.1563,14.2251,-79.12,-79.12
38913,180,21.1563,14.1304,-79.12,-79.12
38914,180,15.2463,14.1304,-79.12,-79.12
38925,180,22.2698,14.1304,-79.12,-79.12
38925,180,22.2698,14.2432,-79.12,-79.12
38936,180,17.7302,14.2432,-79.12,-79.12
38937,180,17.7302,14.2612,-79.12,-79.12
38947,180,24.4968,14.2612,-79.12,-79.12
38949,180,24.4968,14.6988,-79.12,-79.12
38958,180,14.1328,14.6988,-79.12,-79.12
38961,180,14.1328,14.8974,-79.12,-77.68
38969,180,17.2163,14.8974,-79.12,-79.12
38972,180,17.2163,14.5094,-79.12,-79.12
38980,180,15.9315,14.5094,-79.12,-79.12
38984,180,15.9315,14.5906,-79.12,-79.12
38991,180,16.8737,14.5906,-79.12,-79.12
38996,180,16.8737,14.3966,-79.12,-77.68
39002,180,21.4133,14.3966,-79.12,-79.12
39008,180,21.4133,14.5770,-79.12,-79.12
39013,180,22.5268,14.5770,-79.12,-79.12
39020,180,22.5268,14.5861,-79.12,-79.12
39024,180,22.1842,14.5861,-79.12,-79.12
39032,180,22.1842,14.2387,-79.12,-79.12
39035,180,16.6167,14.2387,-79.12,-79.12
39043,180,16.6167,14.0898,-79.12,-79.12
39046,180,21.9272,14.0898,-79.12,-79.12
39055,180,21.9272,14.3875,-77.68,-79.12
39057,180,17.0450,14.3875,-79.12,-79.12
39067,180,17.0450,14.5590,-79.12,-79.12
39068,180,17.6445,14.5590,-79.12,-79.12
39079,180,7.7944,14.5590,-79.12,-79.12
39079,180,7.7944,14.3695,-79.12,-79.12
39090,180,17.1306,14.3695,-79.12,-79.12
39091,180,17.1306,14.6898,-79.12,-79.12
39101,180,21.1563,14.6898,-79.12,-79.12
39103,180,21.1563,14.8974,-79.12,-79.12
39112,180,19.4433,14.8974,-79.12,-79.12
39114,180,19.4433,14.6853,-79.12,-79.12
39123,180,21.9272,14.6853,-79.12,-79.12
39126,180,21.9272,14.4597,-79.12,-79.12
39134,180,20.6424,14.4597,-79.12,-77.68
39138,180,20.6424,14.7485,-79.12,-79.12
39145,180,23.2120,14.7485,-79.12,-79.12
39150,180,23.2120,14.6808,-79.12,-79.12
39155,180,25.4390,14.6808,-79.12,-79.12
39162,180,25.4390,14.5319,-79.12,-79.12
39166,180,29.5503,14.5319,-79.12,-77.68
39174,180,29.5503,14.6176,-79.12,-79.12
39177,180,19.2719,14.6176,-79.12,-79.12
39185,180,19.2719,14.4868,-79.12,-77.68
39188,180,15.7602,14.4868,-79.12,-79.12
39197,180,15.7602,14.5680,-79.12,-79.12
39199,180,11.9058,14.5680,-79.12,-79.12
39209,180,11.9058,14.1484,-79.12,-79.12
39210,180,19.0150,14.1484,-79.12,-79.12
39221,180,19.0150,14.2296,-79.12,-79.12
39221,180,27.6660,14.2296,-79.12,-79.12
39232,180,22.3555,14.2296,-79.12,-79.12
39233,180,22.3555,14.4101,-79.12,-79.12
39243,180,20.0428,14.4101,-79.12,-79.12
39245,180,20.0428,14.2567,-79.12,-79.12
39254,180,13.6188,14.2567,-79.12,-79.12
39256,180,13.6188,14.3921,-79.12,-79.12
39265,180,16.7880,14.3921,-79.12,-79.12
39268,180,16.7880,14.5003,-79.12,-79.12
39276,180,12.5054,14.5003,-79.12,-79.12
39280,180,12.5054,14.2883,-79.12,-79.12
39287,180,21.4133,14.2883,-79.12,-79.12
39292,180,21.4133,14.2251,-79.12,-79.12
39298,180,11.9058,14.2251,-79.12,-79.12
39304,180,11.9058,14.1169,-79.12,-79.12
39309,180,14.3897,14.1169,-79.12,-79.12
39316,180,14.3897,14.2296,-79.12,-79.12
39320,180,19.5289,14.2296,-79.12,-79.12
39327,180,19.5289,14.3785,-79.12,-79.12
39331,180,12.4197,14.3785,-79.12,-79.12
39339,180,12.4197,14.2296,-79.12,-79.12
39342,180,13.7045,14.2296,-79.12,-79.12
39351,180,13.7045,14.4327,-79.12,-79.12
39353,180,18.5011,14.4327,-79.12,-79.12
39363,180,18.5011,14.8613,-79.12,-79.12
39364,180,34.1756,14.8613,-79.12,-79.12
39375,180,34.1756,14.4146,-79.12,-79.12
39375,180,23.2976,14.4146,-79.12,-79.12
39386,180,29.2077,14.4146,-79.12,-79.12
39387,180,29.2077,14.2296,-79.12,-79.12
39397,180,25.3533,14.2296,-79.12,-79.12
39398,180,25.3533,14.4011,-79.12,-79.12
39408,180,26.2099,14.4011,-79.12,-79.12
39410,180,26.2099,14.4688,-79.12,-79.12
39419,180,15.6745,14.4688,-79.12,-79.12
39430,180,16.6167,14.4688,-79.12,-79.12
39434,180,16.6167,14.5274,-79.12,-79.12
39441,180,11.4775,14.5274,-79.12,-79.12
39446,180,11.4775,14.2342,-79.12,-79.12
39452,180,14.0471,14.2342,-79.12,-79.12
39457,180,14.0471,13.9003,-79.12,-79.12
39463,180,14.9036,13.9003,-79.12,-79.12
39469,180,14.9036,13.7063,-79.12,-79.12
39474,180,10.1927,13.7063,-79.12,-79.12
39481,180,10.1927,13.8732,-79.12,-79.12
39485,180,20.0428,13.8732,-79.12,-79.12
39493,180,20.0428,14.2657,-79.12,-79.12
39496,180,14.1328,14.2657,-79.12,-79.12
39505,180,14.1328,14.2296,-79.12,-79.12
39507,180,17.7302,14.2296,-79.12,-79.12
39517,180,17.7302,14.0762,-79.12,-79.12
39518,180,10.2784,14.0762,-79.12,-79.12
39528,180,10.2784,13.9860,-79.12,-79.12
39529,180,14.0471,13.9860,-79.12,-79.12
39540,180,12.6767,13.9860,-79.12,-79.12
39540,180,12.6767,13.5664,-79.12,-79.12
39551,180,20.0428,13.5664,-79.12,-79.12
39552,180,20.0428,13.7649,-79.12,-79.12
39562,180,21.3276,13.7649,-79.12,-79.12
39564,180,21.3276,13.7289,-79.12,-79.12
39572,180,19.5289,13.7289,-79.12,-79.12
39576,180,19.5289,13.4672,-79.12,-79.12
39583,180,19.9572,13.4672,-79.12,-79.12
39588,180,19.9572,12.9935,-79.12,-79.12
39594,180,16.3597,12.9935,-79.12,-79.12
39599,180,16.3597,13.3138,-79.12,-79.12
39605,180,14.0471,13.3138,-79.12,-79.12
39611,180,14.0471,13.6522,-79.12,-79.12
39616,180,13.9615,13.6522,-79.12,-79.12
39623,180,13.9615,13.4807,-79.12,-79.12
39627,180,25.4390,13.4807,-79.12,-79.12
39635,180,25.4390,13.2506,-79.12,-79.12
39638,180,14.7323,13.2506,-79.12,-79.12
39647,180,14.7323,13.5619,-79.12,-79.12
39649,180,16.7024,13.5619,-79.12,-79.12
39659,180,16.7024,13.4266,-79.12,-79.12
39660,180,23.6403,13.4266,-79.12,-79.12
39670,180,23.6403,13.7289,-79.12,-79.12
39671,180,23.8116,13.7289,-79.12,-79.12
39682,180,22.0985,13.7289,-79.12,-79.12
39682,180,22.0985,13.6025,-79.12,-79.12
39693,180,19.1006,13.6025,-79.12,-79.12
39694,180,19.1006,13.3093,-79.12,-79.12
39704,180,24.0685,13.3093,-79.12,-79.12
39706,180,24.0685,13.4672,-79.12,-79.12
39715,180,14.9036,13.4672,-79.12,-77.68
39718,180,14.9036,13.7920,-79.12,-79.12
39726,180,18.5867,13.7920,-79.12,-79.12
39730,180,18.5867,13.6928,-79.12,-79.12
39737,180,11.2206,13.6928,-79.12,-79.12
39741,180,11.2206,13.6837,-79.12,-79.12
39748,180,17.4732,13.6837,-79.12,-79.12
39753,180,17.4732,13.5529,-79.12,-79.12
39759,180,9.9358,13.5529,-79.12,-79.12
39765,180,9.9358,13.3499,-79.12,-79.12
39770,180,16.9593,13.3499,-79.12,-79.12
39777,180,16.9593,13.6431,-79.12,-79.12
39781,180,16.1884,13.6431,-79.12,-79.12
39789,180,16.1884,14.2161,-79.12,-79.12
39792,180,13.3619,14.2161,-79.12,-79.12
39801,180,13.3619,14.3063,-79.12,-79.12
39803,180,18.7580,14.3063,-79.12,-79.12
39812,180,18.7580,14.0492,-79.12,-79.12
39824,180,18.7580,14.2522,-79.12,-79.12
39825,180,19.1006,14.2522,-79.12,-79.12
39836,180,13.9615,14.2522,-79.12,-79.12
39836,180,13.9615,14.5364,-79.12,-79.12
39847,180,23.3833,14.5364,-79.12,-79.12
39848,180,23.3833,14.3515,-79.12,-77.68
39858,180,16.9593,14.3515,-79.12,-79.12
39860,180,16.9593,14.0402,-79.12,-79.12
39869,180,26.3812,14.0402,-79.12,-79.12
39872,180,26.3812,13.9183,-79.12,-79.12
39880,180,21.2420,13.9183,-79.12,-79.12
39883,180,21.2420,14.1800,-79.12,-79.12
39891,180,23.5546,14.1800,-79.12,-79.12
39895,180,23.5546,14.4056,-79.12,-79.12
39902,180,20.8137,14.4056,-79.12,-79.12
39907,180,20.8137,14.2206,-79.12,-79.12
39913,180,13.6188,14.2206,-79.12,-79.12
39919,180,13.6188,14.1620,-79.12,-79.12
39924,180,14.3897,14.1620,-79.12,-79.12
39931,180,14.3897,14.2387,-79.12,-79.12
39935,180,18.8437,14.2387,-79.12,-79.12
39942,180,18.8437,14.1484,-77.68,-79.12
39946,180,26.8951,14.1484,-79.12,-79.12
39954,180,26.8951,13.9544,-79.12,-79.12
39957,180,18.3298,13.9544,-79.12,-79.12
39966,180,18.3298,13.4627,-79.12,-79.12
39968,180,22.9550,13.4627,-79.12,-79.12
39978,180,22.9550,13.2867,-79.12,-79.12
39979,180,15.4176,13.2867,-79.12,-79.12
39990,180,18.4154,13.2867,-79.12,-79.12
39990,180,18.4154,13.6792,-79.12,-79.12
40001,180,18.5867,13.6792,-79.12,-79.12
40002,180,18.5867,13.9454,-79.12,-79.12
40011,180,16.1884,13.9454,-79.12,-79.12
40013,180,16.1884,14.1033,-79.12,-79.12
40022,180,13.7901,14.1033,-79.12,-79.12
40025,180,13.7901,14.2657,-79.12,-79.12
40033,180,12.5054,14.2657,-79.12,-79.12
40037,180,12.5054,14.4191,-79.12,-79.12
40044,180,18.9293,14.4191,-79.12,-79.12
40049,180,18.9293,14.2387,-79.12,-79.12
40055,180,16.2741,14.2387,-79.12,-79.12
40061,180,16.2741,14.3018,-79.12,-79.12
40066,180,22.0128,14.3018,-79.12,-79.12
40073,180,22.0128,14.0131,-79.12,-79.12
40084,180,22.0128,14.0176,-79.12,-77.68
40088,180,13.2762,14.0176,-79.12,-79.12
40096,180,13.2762,14.0402,-79.12,-79.12
40099,180,7.2805,14.0402,-79.12,-79.12
40108,180,7.2805,13.9950,-79.12,-79.12
40110,180,17.1306,13.9950,-79.12,-79.12
40120,180,17.1306,14.3199,-79.12,-79.12
40121,180,17.9015,14.3199,-79.12,-79.12
40132,180,17.9015,14.4056,-79.12,-79.12
40132,180,17.9872,14.4056,-79.12,-79.12
40143,180,14.2184,14.4056,-79.12,-79.12
40144,180,14.2184,13.7604,-79.12,-79.12
40154,180,15.1606,13.7604,-79.12,-79.12
40155,180,15.1606,13.9680,-79.12,-79.12
40165,180,26.6381,13.9680,-79.12,-79.12
40167,180,26.6381,14.0086,-79.12,-79.12
40176,180,16.5310,14.0086,-79.12,-79.12
40179,180,16.5310,14.2206,-79.12,-79.12
40187,180,17.7302,14.2206,-79.12,-79.12
40191,180,17.7302,14.2342,-79.12,-79.12
40198,180,18.5011,14.2342,-79.12,-79.12
40203,180,18.5011,14.0853,-79.12,-79.12
40209,180,17.3876,14.0853,-79.12,-79.12
40215,180,17.3876,13.9815,-79.12,-79.12
40220,180,14.1328,13.9815,-79.12,-79.12
40226,180,14.1328,13.8236,-79.12,-79.12
40231,180,23.0407,13.8236,-79.12,-79.12
40238,180,23.0407,13.6657,-79.12,-79.12
40242,180,16.0171,13.6657,-79.12,-79.12
40250,180,16.0171,13.7379,-79.12,-79.12
40253,180,14.6467,13.7379,-79.12,-79.12
40262,180,14.6467,13.7695,-79.12,-79.12
40264,180,14.5610,13.7695,-79.12,-79.12
40274,180,14.5610,14.0086,-79.12,-79.12
40275,180,9.7645,14.0086,-79.12,-79.12
40286,180,9.7645,14.0176,-79.12,-79.12
40286,180,24.4111,14.0176,-79.12,-79.12
40297,180,15.9315,14.0176,-79.12,-79.12
40297,180,15.9315,13.9093,-79.12,-79.12
40308,180,20.9850,13.9093,-79.12,-79.12
40309,180,20.9850,14.0086,-79.12,-79.12
40319,180,13.0193,14.0086,-79.12,-79.12
40321,180,13.0193,14.1349,-79.12,-79.12
40330,180,22.2698,14.1349,-79.12,-79.12
40341,180,24.9251,14.1349,-79.12,-79.12
40345,180,24.9251,14.0402,-79.12,-79.12
40352,180,20.6424,14.0402,-79.12,-79.12
40357,180,20.6424,13.6522,-79.12,-79.12
40363,180,23.8972,13.6522,-79.12,-79.12
40368,180,23.8972,13.6612,-79.12,-79.12
40374,180,21.5846,13.6612,-79.12,-79.12
40380,180,21.5846,13.7920,-79.12,-79.12
40385,180,26.2099,13.7920,-79.12,-79.12
40392,180,26.2099,13.8462,-79.12,-79.12
40396,180,19.1863,13.8462,-79.12,-79.12
40404,180,19.1863,14.2387,-79.12,-79.12
40407,180,22.4411,14.2387,-79.12,-79.12
40416,180,22.4411,13.9274,-79.12,-79.12
40418,180,11.6488,13.9274,-79.12,-79.12
40427,180,11.6488,14.3785,-79.12,-79.12
40429,180,19.4433,14.3785,-79.12,-79.12
40439,180,19.4433,14.6041,-79.12,-79.12
40440,180,15.5889,14.6041,-79.12,-79.12
40450,180,23.4690,14.6041,-79.12,-79.12
40451,180,23.4690,14.2973,-79.12,-79.12
40461,180,21.8415,14.2973,-79.12,-79.12
40463,180,21.8415,14.0537,-79.12,-79.12
40472,180,14.9893,14.0537,-79.12,-79.12
40475,180,14.9893,13.6657,-79.12,-79.12
40483,180,15.5032,13.6657,-79.12,-79.12
40487,180,15.5032,13.9093,-79.12,-79.12
40494,180,11.2206,13.9093,-79.12,-79.12
40498,180,11.2206,13.8822,-79.12,-79.12
40505,180,16.5310,13.8822,-79.12,-79.12
40510,180,16.5310,14.1935,-79.12,-79.12
40516,180,13.2762,14.1935,-79.12,-79.12
40522,180,13.2762,14.2838,-79.12,-79.12
40527,180,15.3319,14.2838,-79.12,-79.12
40534,180,15.3319,14.1304,-79.12,-79.12
40538,180,9.2505,14.1304,-79.12,-79.12
40546,180,9.2505,14.0447,-79.12,-79.12
40549,180,23.0407,14.0447,-79.12,-79.12
40558,180,23.0407,14.0356,-79.12,-79.12
40560,180,27.2377,14.0356,-79.12,-79.12
40569,180,27.2377,14.0176,-79.12,-79.12
40571,180,25.6103,14.0176,-79.12,-79.12
40581,180,25.6103,14.0221,-79.12,-79.12
40582,180,24.8394,14.0221,-79.12,-79.12
40593,180,24.8394,14.3469,-79.12,-79.12
40593,180,17.1306,14.3469,-79.12,-79.12
40604,180,12.3340,14.3469,-79.12,-79.12
40605,180,12.3340,14.0943,-79.12,-79.12
40615,180,13.2762,14.0943,-79.12,-79.12
40617,180,13.2762,13.8732,-79.12,-79.12
40626,180,20.3854,13.8732,-79.12,-79.12
40629,180,20.3854,14.3334,-79.12,-79.12
40637,180,21.3276,14.3334,-79.12,-79.12
40640,180,21.3276,14.6718,-79.12,-79.12
40648,180,28.6938,14.6718,-79.12,-79.12
40652,180,28.6938,14.4733,-79.12,-79.12
40659,180,17.7302,14.4733,-79.12,-79.12
40664,180,17.7302,14.1800,-79.12,-79.12
40670,180,20.0428,14.1800,-79.12,-79.12
40676,180,20.0428,14.0672,-79.12,-79.12
40681,180,24.4968,14.0672,-79.12,-79.12
40688,180,24.4968,13.7695,-79.12,-79.12
40692,180,15.4176,13.7695,-79.12,-79.12
40700,180,15.4176,13.7785,-79.12,-79.12
40711,180,15.4176,13.6837,-79.12,-79.12
40714,180,16.1028,13.6837,-79.12,-79.12
40723,180,16.1028,13.8822,-79.12,-79.12
40725,180,20.1285,13.8822,-79.12,-79.12
40735,180,20.1285,13.8371,-79.12,-79.12
40736,180,18.1585,13.8371,-79.12,-79.12
40747,180,31.1777,13.8371,-79.12,-79.12
40758,180,14.9036,13.8371,-79.12,-79.12
40759,180,14.9036,13.4897,-79.12,-79.12
40769,180,19.2719,13.4897,-79.12,-79.12
40771,180,19.2719,13.3093,-79.12,-79.12
40780,180,17.4732,13.3093,-79.12,-79.12
40782,180,17.4732,13.5935,-79.12,-79.12
40791,180,17.7302,13.5935,-79.12,-79.12
40794,180,17.7302,13.8913,-79.12,-79.12
40802,180,15.4176,13.8913,-79.12,-79.12
40806,180,15.4176,13.8507,-79.12,-79.12
40813,180,15.3319,13.8507,-79.12,-79.12
40818,180,15.3319,13.6251,-79.12,-79.12
40824,180,20.2998,13.6251,-79.12,-79.12
40830,180,20.2998,13.7063,-79.12,-79.12
40835,180,14.7323,13.7063,-79.12,-79.12
40842,180,14.7323,13.6025,-79.12,-79.12
40846,180,22.2698,13.6025,-79.12,-79.12
40853,180,22.2698,13.8462,-79.12,-79.12
40857,180,18.1585,13.8462,-79.12,-79.12
40865,180,18.1585,13.4942,-79.12,-77.68
40868,180,17.8158,13.4942,-79.12,-79.12
40877,180,17.8158,13.5349,-79.12,-79.12
40878,180,3.2548,13.5349,-79.12,-79.12
40889,180,3.2548,13.8462,-79.12,-79.12
40889,180,11.4775,13.8462,-79.12,-79.12
40900,180,25.6103,13.8462,-79.12,-79.12
40901,180,25.6103,13.7424,-79.12,-79.12
40911,180,25.0964,13.7424,-79.12,-79.12
40912,180,25.0964,13.9544,-79.12,-79.12
40922,180,16.0171,13.9544,-79.12,-77.68
40924,180,16.0171,13.8010,-79.12,-79.12
40933,180,10.0214,13.8010,-79.12,-79.12
40936,180,10.0214,13.1965,-79.12,-79.12
40944,180,19.9572,13.1965,-79.12,-79.12
40948,180,19.9572,13.2642,-79.12,-79.12
40955,180,29.4647,13.2642,-79.12,-79.12
40960,180,29.4647,13.5303,-79.12,-79.12
40966,180,26.8951,13.5303,-79.12,-77.68
40972,180,26.8951,13.9364,-79.12,-79.12
40977,180,4.0257,13.9364,-79.12,-79.12
40983,180,4.0257,14.1845,-79.12,-79.12
40988,180,8.9936,14.1845,-79.12,-79.12
40995,180,8.9936,13.9183,-79.12,-79.12
40999,180,8.8223,13.9183,-79.12,-79.12
41007,180,8.8223,13.9364,-79.12,-79.12
41010,180,14.9036,13.9364,-79.12,-79.12
41019,180,14.9036,13.9093,-79.12,-79.12
41021,180,14.1328,13.9093,-79.12,-79.12
41031,180,14.1328,13.7289,-79.12,-79.12
41032,180,16.9593,13.7289,-79.12,-79.12
41043,180,16.9593,13.8777,-79.12,-79.12
41043,180,19.9572,13.8777,-79.12,-79.12
41054,180,11.6488,13.8777,-79.12,-79.12
41054,180,11.6488,13.8958,-79.12,-79.12
41065,180,18.5867,13.8958,-79.12,-77.68
41066,180,18.5867,14.2657,-79.12,-79.12
41076,180,16.1884,14.2657,-79.12,-79.12
41078,180,16.1884,14.2342,-79.12,-79.12
41087,180,21.4989,14.2342,-79.12,-79.12
41090,180,21.4989,14.2296,-79.12,-77.68
41098,180,21.8415,14.2296,-79.12,-79.12
41102,180,21.8415,14.2161,-79.12,-79.12
41109,180,22.9550,14.2161,-79.12,-79.12
41114,180,22.9550,13.8958,-79.12,-79.12
41120,180,15.8458,13.8958,-79.12,-79.12
41125,180,15.8458,14.1981,-79.12,-79.12
41131,180,16.5310,14.1981,-79.12,-79.12
41137,180,16.5310,14.0898,-79.12,-79.12
41142,180,17.9872,14.0898,-79.12,-79.12
41149,180,17.9872,14.0176,-79.12,-79.12
41153,180,16.6167,14.0176,-79.12,-79.12
41161,180,16.6167,13.9229,-79.12,-79.12
41164,180,28.2655,13.9229,-79.12,-79.12
41173,180,28.2655,13.7830,-79.12,-77.68
41175,180,19.0150,13.7830,-79.12,-79.12
41185,180,19.0150,13.5529,-79.12,-79.12
41186,180,19.3576,13.5529,-79.12,-79.12
41196,180,19.3576,13.3093,-79.12,-79.12
41197,180,8.5653,13.3093,-79.12,-77.68
41208,180,23.2120,13.3093,-79.12,-79.12
41208,180,23.2120,13.5484,-79.12,-79.12
41219,180,18.4154,13.5484,-79.12,-79.12
41220,180,18.4154,14.1755,-79.12,-79.12
41230,180,14.3897,14.1755,-79.12,-79.12
41232,180,14.3897,13.9409,-79.12,-79.12
41241,180,12.3340,13.9409,-79.12,-79.12
41244,180,12.3340,13.6116,-79.12,-79.12
41252,180,11.5632,13.6116,-79.12,-79.12
41256,180,11.5632,13.3454,-79.12,-79.12
41263,180,18.6724,13.3454,-79.12,-79.12
41267,180,18.6724,13.3589,-79.12,-79.12
41274,180,17.8158,13.3589,-79.12,-79.12
41279,180,17.8158,13.0882,-79.12,-79.12
41285,180,20.1285,13.0882,-79.12,-79.12
41291,180,20.1285,13.3860,-79.12,-77.68
41296,180,22.1842,13.3860,-79.12,-79.12
41303,180,22.1842,13.6296,-79.12,-77.68
41306,180,26.7238,13.6296,-79.12,-79.12
41315,180,26.7238,13.4897,-79.12,-79.12
41317,180,24.7537,13.4897,-79.12,-79.12
41327,180,24.7537,13.6025,-79.12,-79.12
41328,180,21.6702,13.6025,-79.12,-79.12
41338,180,21.6702,14.1484,-79.12,-79.12
41339,180,16.2741,14.1484,-79.12,-79.12
41350,180,16.2741,14.1349,-79.12,-79.12
41350,180,20.7281,14.1349,-79.12,-79.12
41361,180,13.3619,14.1349,-79.12,-79.12
41362,180,13.3619,13.7920,-79.12,-79.12
41372,180,13.1906,13.7920,-79.12,-79.12
41374,180,13.1906,13.2416,-79.12,-79.12
41383,180,22.3555,13.2416,-79.12,-79.12
41386,180,22.3555,13.4130,-79.12,-79.12
41394,180,14.3041,13.4130,-79.12,-79.12
41397,180,14.3041,13.7965,-79.12,-79.12
41405,180,19.2719,13.7965,-79.12,-79.12
41409,180,19.2719,13.6341,-77.68,-79.12
41416,180,11.1349,13.6341,-79.12,-79.12
41421,180,11.1349,13.6431,-79.12,-79.12
41427,180,19.5289,13.6431,-79.12,-79.12
41433,180,19.5289,13.7830,-79.12,-79.12
41438,180,12.7623,13.7830,-79.12,-79.12
41445,180,12.7623,13.7198,-79.12,-79.12
41449,180,22.4411,13.7198,-79.12,-79.12
41457,180,22.4411,13.5078,-79.12,-79.12
41460,180,16.4454,13.5078,-79.12,-79.12
41468,180,16.4454,13.7018,-79.12,-79.12
41471,180,26.5525,13.7018,-79.12,-79.12
41480,180,26.5525,13.8055,-79.12,-79.12
41482,180,20.8994,13.8055,-79.12,-79.12
41492,180,20.8994,13.6567,-79.12,-79.12
41493,180,15.4176,13.6567,-79.12,-79.12
41504,180,15.4176,13.6070,-79.12,-79.12
41504,180,23.8972,13.6070,-79.12,-79.12
41515,180,14.7323,13.6070,-79.12,-79.12
41516,180,14.7323,13.5394,-79.12,-79.12
41526,180,18.2441,13.5394,-79.12,-79.12
41528,180,18.2441,14.0808,-79.12,-79.12
41537,180,15.5032,14.0808,-79.12,-79.12
41539,180,15.5032,14.2928,-79.12,-79.12
41548,180,14.3897,14.2928,-79.12,-79.12
41551,180,14.3897,14.4327,-79.12,-79.12
41559,180,7.3662,14.4327,-79.12,-79.12
41563,180,7.3662,14.0943,-79.12,-79.12
41570,180,14.0471,14.0943,-79.12,-79.12
41575,180,14.0471,13.9138,-79.12,-79.12
41581,180,16.4454,13.9138,-79.12,-79.12
41587,180,16.4454,13.8010,-79.12,-79.12
41592,180,17.9015,13.8010,-79.12,-79.12
41599,180,17.9015,14.0672,-79.12,-79.12
41603,180,18.9293,14.0672,-79.12,-77.68
41610,180,18.9293,14.2883,-79.12,-79.12
41614,180,14.1328,14.2883,-79.12,-79.12
41622,180,14.1328,14.0356,-79.12,-79.12
41625,180,12.7623,14.0356,-79.12,-79.12
41634,180,12.7623,14.0041,-79.12,-79.12
41636,180,20.9850,14.0041,-79.12,-79.12
41646,180,20.9850,14.3154,-79.12,-79.12
41647,180,25.0964,14.3154,-79.12,-79.12
41658,180,10.9636,14.3154,-79.12,-79.12
41658,180,10.9636,14.2838,-79.12,-79.12
41669,180,16.6167,14.2838,-79.12,-79.12
41670,180,16.6167,13.8958,-77.68,-79.12
41680,180,15.9315,13.8958,-79.12,-79.12
41681,180,15.9315,13.9274,-79.12,-79.12
41691,180,18.7580,13.9274,-79.12,-79.12
41693,180,18.7580,13.7379,-79.12,-79.12
41702,180,28.0086,13.7379,-79.12,-79.12
41705,180,28.0086,13.8507,-79.12,-79.12
41713,180,21.8415,13.8507,-79.12,-79.12
41717,180,21.8415,13.8010,-79.12,-79.12
41724,180,15.9315,13.8010,-79.12,-79.12
41729,180,15.9315,14.1439,-79.12,-79.12
41735,180,13.5332,14.1439,-79.12,-79.12
41741,180,13.5332,14.1575,-79.12,-79.12
41745,180,16.8737,14.1575,-79.12,-79.12
41752,180,16.8737,14.3560,-79.12,-79.12
41756,180,9.5931,14.3560,-79.12,-79.12
41764,180,9.5931,14.2206,-79.12,-79.12
41767,180,19.9572,14.2206,-79.12,-79.12
41776,180,19.9572,13.6882,-79.12,-79.12
41778,180,15.5032,13.6882,-79.12,-79.12
41788,180,15.5032,13.7334,-79.12,-79.12
41789,180,16.6167,13.7334,-79.12,-79.12
41800,180,16.6167,14.0447,-79.12,-79.12
41800,180,16.4454,14.0447,-79.12,-79.12
41811,180,14.3041,14.0447,-79.12,-79.12
41812,180,14.3041,14.1484,-79.12,-79.12
41822,180,18.6724,14.1484,-79.12,-79.12
41823,180,18.6724,14.4642,-79.12,-79.12
41833,180,16.0171,14.4642,-79.12,-79.12
41835,180,16.0171,14.2387,-79.12,-79.12
41844,180,16.1028,14.2387,-79.12,-79.12
41847,180,16.1028,13.6837,-79.12,-79.12
41855,180,8.3084,13.6837,-79.12,-79.12
41859,180,8.3084,13.0792,-79.12,-79.12
41866,180,14.8180,13.0792,-79.12,-79.12
41871,180,14.8180,13.2912,-79.12,-79.12
41877,180,14.2184,13.2912,-79.12,-79.12
41883,180,14.2184,13.8868,-79.12,-79.12
41888,180,22.7837,13.8868,-79.12,-79.12
41894,180,22.7837,13.9725,-79.12,-79.12
41899,180,17.3876,13.9725,-79.12,-79.12
41906,180,17.3876,14.3063,-79.12,-79.12
41910,180,20.7281,14.3063,-79.12,-79.12
41918,180,20.7281,14.2387,-79.12,-79.12
41921,180,16.3597,14.2387,-79.12,-79.12
41930,180,16.3597,14.2748,-79.12,-79.12
41932,180,19.5289,14.2748,-77.68,-77.68
41942,180,19.5289,14.5861,-79.12,-79.12
41943,180,15.8458,14.5861,-79.12,-79.12
41953,180,15.8458,14.0447,-79.12,-79.12
41954,180,12.6767,14.0447,-79.12,-79.12
41965,180,14.8180,14.0447,-79.12,-79.12
41965,180,14.8180,14.1575,-79.12,-79.12
41976,180,17.2163,14.1575,-79.12,-79.12
41977,180,17.2163,14.3785,-79.12,-79.12
41987,180,21.1563,14.3785,-79.12,-79.12
41989,180,21.1563,14.2612,-79.12,-79.12
41998,180,19.7859,14.2612,-79.12,-79.12
42001,180,19.7859,14.2973,-79.12,-79.12
42009,180,25.6959,14.2973,-79.12,-79.12
42013,180,25.6959,14.2702,-79.12,-77.68
42020,180,19.2719,14.2702,-79.12,-79.12
42024,180,19.2719,14.5229,-79.12,-79.12
42031,180,20.0428,14.5229,-77.68,-79.12
42036,180,20.0428,14.7620,-79.12,-79.12
42042,180,24.4111,14.7620,-79.12,-79.12
42048,180,24.4111,14.8207,-79.12,-77.68
42053,180,10.4497,14.8207,-79.12,-79.12
42060,180,10.4497,14.6176,-79.12,-79.12
42064,180,19.1006,14.6176,-79.12,-79.12
42072,180,19.1006,14.4011,-79.12,-79.12
42075,180,8.0514,14.4011,-79.12,-79.12
42084,180,8.0514,14.3560,-79.12,-79.12
42086,180,18.3298,14.3560,-79.12,-79.12
42095,180,18.3298,14.2657,-79.12,-79.12
42097,180,18.9293,14.2657,-79.12,-79.12
42107,180,18.9293,14.4282,-79.12,-79.12
42108,180,7.1092,14.4282,-79.12,-79.12
42119,180,11.0493,14.4282,-79.12,-79.12
42119,180,11.0493,14.2793,-79.12,-79.12
42130,180,24.9251,14.2793,-79.12,-79.12
42131,180,24.9251,14.3018,-79.12,-79.12
42141,180,7.6231,14.3018,-79.12,-79.12
42143,180,7.6231,14.7575,-79.12,-79.12
42152,180,9.1649,14.7575,-79.12,-79.12
42155,180,9.1649,14.4597,-77.68,-79.12
42163,180,14.4754,14.4597,-79.12,-79.12
42166,180,14.4754,14.2973,-79.12,-79.12
42173,180,10.7066,14.2973,-79.12,-79.12
42178,180,10.7066,14.4868,-79.12,-79.12
42184,180,19.2719,14.4868,-79.12,-79.12
42190,180,19.2719,14.1169,-79.12,-79.12
42195,180,6.5953,14.1169,-79.12,-79.12
42202,180,6.5953,14.0402,-79.12,-79.12
42206,180,13.6188,14.0402,-79.12,-79.12
42214,180,13.6188,14.2612,-79.12,-79.12
42217,180,13.9615,14.2612,-79.12,-79.12
42226,180,13.9615,14.3109,-79.12,-79.12
42228,180,18.2441,14.3109,-79.12,-79.12
42237,180,18.2441,14.5364,-79.12,-79.12
42239,180,14.9893,14.5364,-79.12,-79.12
42249,180,14.9893,14.7801,-79.12,-79.12
42250,180,23.1263,14.7801,-79.12,-79.12
42261,180,23.1263,14.6628,-79.12,-79.12
42261,180,15.9315,14.6628,-79.12,-79.12
42272,180,19.6146,14.6628,-79.12,-79.12
42273,180,19.6146,15.0643,-79.12,-79.12
42283,180,9.9358,15.0643,-79.12,-79.12
42285,180,9.9358,14.9109,-79.12,-79.12
42294,180,9.5931,14.9109,-79.12,-79.12
42297,180,9.5931,14.5049,-79.12,-79.12
42305,180,16.0171,14.5049,-79.12,-79.12
42308,180,16.0171,14.5094,-79.12,-79.12
42316,180,14.4754,14.5094,-79.12,-79.12
42320,180,14.4754,14.9741,-79.12,-79.12
42327,180,23.4690,14.9741,-79.12,-79.12
42332,180,23.4690,14.9921,-79.12,-79.12
42338,180,18.3298,14.9921,-79.12,-79.12
42344,180,18.3298,14.7349,-79.12,-79.12
42349,180,19.5289,14.7349,-79.12,-79.12
42356,180,19.5289,14.6853,-79.12,-79.12
42360,180,7.9657,14.6853,-79.12,-79.12
42368,180,7.9657,14.4597,-79.12,-79.12
42371,180,10.6210,14.4597,-79.12,-79.12
42379,180,10.6210,14.5049,-79.12,-79.12
42382,180,12.3340,14.5049,-79.12,-79.12
42391,180,12.3340,14.7124,-79.12,-79.12
42393,180,17.6445,14.7124,-79.12,-79.12
42403,180,17.6445,14.6402,-79.12,-79.12
42404,180,19.8715,14.6402,-79.12,-79.12
42415,180,19.8715,14.8658,-79.12,-79.12
42415,180,8.0514,14.8658,-79.12,-79.12
42426,180,14.9893,14.8658,-79.12,-79.12
42427,180,14.9893,14.9064,-79.12,-79.12
42437,180,13.5332,14.9064,-79.12,-79.12
42439,180,13.5332,14.6086,-79.12,-79.12
42448,180,19.6146,14.6086,-79.12,-79.12
42450,180,19.6146,14.3740,-79.12,-77.68
42459,180,17.8158,14.3740,-79.12,-79.12
42462,180,17.8158,14.1439,-79.12,-79.12
42470,180,16.3597,14.1439,-79.12,-79.12
42474,180,16.3597,14.3966,-79.12,-79.12
42481,180,20.2998,14.3966,-79.12,-79.12
42486,180,20.2998,14.4101,-79.12,-79.12
42492,180,22.5268,14.4101,-79.12,-77.68
42498,180,22.5268,13.6116,-79.12,-79.12
42503,180,19.1863,13.6116,-79.12,-79.12
42509,180,19.1863,13.8191,-79.12,-79.12
42514,180,9.9358,13.8191,-79.12,-79.12
42521,180,9.9358,14.3109,-79.12,-79.12
42525,180,12.8480,14.3109,-79.12,-79.12
42533,180,12.8480,14.3515,-79.12,-79.12
42536,180,22.6981,14.3515,-79.12,-79.12
42545,180,22.6981,14.4462,-79.12,-79.12
42547,180,25.4390,14.4462,-79.12,-79.12
42557,180,25.4390,14.3018,-79.12,-79.12
42558,180,15.2463,14.3018,-79.12,-79.12
42569,180,23.8972,14.3018,-79.12,-79.12
42569,180,23.8972,14.1169,-79.12,-79.12
42580,180,19.7859,14.1169,-79.12,-79.12
42580,180,19.7859,14.0988,-79.12,-79.12
42590,180,13.1049,14.0988,-79.12,-79.12
42592,180,13.1049,14.2522,-77.68,-79.12
42601,180,9.1649,14.2522,-79.12,-79.12
42604,180,9.1649,14.2342,-79.12,-79.12
42612,180,6.9379,14.2342,-79.12,-79.12
42616,180,6.9379,14.2206,-79.12,-79.12
42623,180,8.4797,14.2206,-79.12,-79.12
42628,180,8.4797,14.6718,-79.12,-79.12
42634,180,10.4497,14.6718,-79.12,-79.12
42640,180,10.4497,14.3785,-79.12,-79.12
42645,180,15.8458,14.3785,-79.12,-79.12
42651,180,15.8458,14.4778,-79.12,-79.12
42656,180,8.3084,14.4778,-79.12,-79.12
42663,180,8.3084,14.3921,-79.12,-79.12
42667,180,18.7580,14.3921,-79.12,-79.12
42675,180,18.7580,14.2116,-79.12,-79.12
42678,180,16.4454,14.2116,-79.12,-79.12
42687,180,16.4454,14.5590,-79.12,-79.12
42689,180,15.6745,14.5590,-79.12,-79.12
42699,180,15.6745,14.2928,-79.12,-79.12
42700,180,15.0749,14.2928,-79.12,-79.12
42711,180,15.0749,14.4236,-79.12,-77.68
42711,180,14.7323,14.4236,-79.12,-79.12
42722,180,19.7002,14.4236,-79.12,-79.12
42722,180,19.7002,14.8116,-79.12,-79.12
42733,180,27.4090,14.8116,-79.12,-79.12
42734,180,27.4090,14.6582,-79.12,-79.12
42744,180,23.2976,14.6582,-79.12,-79.12
42746,180,23.2976,14.0311,-79.12,-79.12
42755,180,14.9036,14.0311,-79.12,-79.12
42758,180,14.9036,13.7469,-79.12,-79.12
42766,180,18.3298,13.7469,-79.12,-79.12
42770,180,18.3298,14.0311,-79.12,-79.12
42777,180,10.1071,14.0311,-79.12,-79.12
42782,180,10.1071,14.1935,-79.12,-79.12
42788,180,14.9893,14.1935,-79.12,-79.12
42793,180,14.9893,14.1665,-79.12,-79.12
42799,180,8.9079,14.1665,-79.12,-79.12
42805,180,8.9079,14.2522,-79.12,-79.12
42810,180,21.4133,14.2522,-79.12,-79.12
42817,180,21.4133,14.2296,-79.12,-79.12
42821,180,15.5032,14.2296,-79.12,-79.12
42829,180,15.5032,14.2387,-79.12,-79.12
42832,180,12.1627,14.2387,-79.12,-79.12
42841,180,12.1627,14.3785,-79.12,-79.12
42843,180,13.5332,14.3785,-79.12,-79.12
42853,180,13.5332,14.5184,-79.12,-79.12
42854,180,16.4454,14.5184,-79.12,-79.12
42864,180,16.4454,14.3515,-77.68,-79.12
42865,180,21.9272,14.3515,-79.12,-79.12
42876,180,19.4433,14.3515,-79.12,-79.12
42876,180,19.4433,14.1484,-79.12,-79.12
42887,180,25.5246,14.1484,-79.12,-79.12
42888,180,25.5246,14.9470,-79.12,-79.12
42898,180,14.5610,14.9470,-79.12,-79.12
42900,180,14.5610,15.1184,-79.12,-79.12
42909,180,11.1349,15.1184,-79.12,-79.12
42912,180,11.1349,14.6176,-79.12,-79.12
42920,180,17.7302,14.6176,-79.12,-79.12
42924,180,17.7302,14.5500,-79.12,-79.12
42931,180,23.5546,14.5500,-79.12,-79.12
42935,180,23.5546,14.7755,-79.12,-79.12
42942,180,17.7302,14.7755,-79.12,-77.68
42947,180,17.7302,14.8342,-79.12,-79.12
42953,180,12.5910,14.8342,-79.12,-79.12
42959,180,12.5910,14.7169,-79.12,-79.12
42964,180,13.6188,14.7169,-79.12,-79.12
42971,180,13.6188,14.5725,-79.12,-79.12
42975,180,18.0728,14.5725,-79.12,-77.68
42983,180,18.0728,14.2161,-79.12,-79.12
42986,180,23.2120,14.2161,-79.12,-79.12
42995,180,23.2120,13.8552,-79.12,-79.12
42997,180,16.0171,13.8552,-79.12,-79.12
43006,180,16.0171,13.9138,-79.12,-79.12
43018,180,16.0171,13.8101,-79.12,-79.12
43019,180,11.9058,13.8101,-79.12,-79.12
43029,180,17.5589,13.8101,-79.12,-79.12
43030,180,17.5589,14.2522,-79.12,-79.12
43040,180,1.2848,14.2522,-79.12,-79.12
43042,180,1.2848,14.4282,-79.12,-79.12
43051,180,6.1670,14.4282,-79.12,-79.12
43054,180,6.1670,14.5635,-79.12,-79.12
43062,180,17.6445,14.5635,-79.12,-79.12
43066,180,17.6445,14.2657,-79.12,-79.12
43073,180,16.7024,14.2657,-79.12,-79.12
43077,180,16.7024,13.9183,-79.12,-79.12
43084,180,23.0407,13.9183,-79.12,-79.12
43089,180,23.0407,14.0131,-79.12,-79.12
43095,180,20.0428,14.0131,-79.12,-79.12
43101,180,20.0428,14.1169,-79.12,-79.12
43106,180,27.0664,14.1169,-79.12,-79.12
43113,180,27.0664,13.7243,-79.12,-79.12
43117,180,20.8994,13.7243,-79.12,-79.12
43125,180,20.8994,13.7649,-79.12,-79.12
43128,180,12.3340,13.7649,-79.12,-79.12
43137,180,12.3340,14.0221,-79.12,-79.12
43139,180,3.6831,14.0221,-79.12,-79.12
43148,180,3.6831,13.8552,-79.12,-79.12
43150,180,18.6724,13.8552,-79.12,-79.12
43160,180,18.6724,14.1033,-79.12,-79.12
43161,180,11.0493,14.1033,-79.12,-79.12
43172,180,11.0493,13.9950,-79.12,-79.12
43172,180,18.2441,13.9950,-79.12,-79.12
43183,180,22.2698,13.9950,-79.12,-79.12
43184,180,22.2698,14.2567,-79.12,-79.12
43194,180,17.7302,14.2567,-79.12,-79.12
43196,180,17.7302,14.4191,-79.12,-79.12
43205,180,25.5246,14.4191,-79.12,-79.12
43208,180,25.5246,14.2612,-79.12,-79.12
43216,180,14.0471,14.2612,-79.12,-79.12
43219,180,14.0471,14.5364,-79.12,-79.12
43227,180,17.3019,14.5364,-79.12,-79.12
43231,180,17.3019,14.8477,-79.12,-79.12
43238,180,11.9058,14.8477,-79.12,-79.12
43243,180,11.9058,14.5094,-79.12,-79.12
43249,180,14.1328,14.5094,-77.68,-79.12
43255,180,14.1328,14.6041,-79.12,-79.12
43260,180,13.1049,14.6041,-79.12,-79.12
43267,180,13.1049,14.5635,-79.12,-79.12
43271,180,17.8158,14.5635,-79.12,-79.12
43278,180,17.8158,13.9454,-79.12,-79.12
43282,180,17.4732,13.9454,-79.12,-79.12
43290,180,17.4732,13.8732,-79.12,-79.12
43293,180,22.0985,13.8732,-79.12,-79.12
43302,180,22.0985,13.9589,-79.12,-79.12
43304,180,18.2441,13.9589,-79.12,-79.12
43314,180,18.2441,13.9274,-79.12,-79.12
43315,180,18.5867,13.9274,-79.12,-79.12
43326,180,24.6681,13.9274,-79.12,-79.12
43326,180,24.6681,14.0762,-79.12,-79.12
43337,180,12.3340,14.0762,-79.12,-79.12
43338,180,12.3340,14.2296,-79.12,-79.12
43348,180,10.8779,14.2296,-79.12,-79.12
43349,180,10.8779,14.1394,-79.12,-79.12
43359,180,10.7923,14.1394,-79.12,-79.12
43361,180,10.7923,14.1981,-79.12,-79.12
43370,180,20.0428,14.1981,-79.12,-79.12
43373,180,20.0428,14.1710,-79.12,-79.12
43381,180,18.9293,14.1710,-79.12,-79.12
43385,180,18.9293,14.4372,-79.12,-79.12
43392,180,22.1842,14.4372,-79.12,-79.12
43397,180,22.1842,14.4733,-79.12,-79.12
43403,180,22.4411,14.4733,-79.12,-79.12
43409,180,22.4411,14.1033,-79.12,-79.12
43414,180,13.7901,14.1033,-79.12,-79.12
43420,180,13.7901,14.0808,-79.12,-79.12
43425,180,13.1906,14.0808,-79.12,-79.12
43432,180,13.1906,14.5049,-79.12,-79.12
43436,180,11.6488,14.5049,-79.12,-79.12
43444,180,11.6488,14.5319,-79.12,-79.12
43447,180,15.1606,14.5319,-79.12,-79.12
43456,180,15.1606,14.3334,-79.12,-79.12
43457,180,17.1306,14.3334,-79.12,-79.12
43468,180,17.1306,14.2206,-79.12,-79.12
43468,180,25.0964,14.2206,-79.12,-79.12
43479,180,21.0707,14.2206,-79.12,-79.12
43480,180,21.0707,14.2522,-79.12,-79.12
43490,180,21.9272,14.2522,-79.12,-79.12
43491,180,21.9272,14.6267,-79.12,-79.12
43501,180,15.5032,14.6267,-79.12,-79.12
43503,180,15.5032,14.5139,-79.12,-79.12
43512,180,14.8180,14.5139,-79.12,-79.12
43515,180,14.8180,14.3199,-79.12,-79.12
43523,180,21.4989,14.3199,-79.12,-79.12
43527,180,21.4989,13.7469,-79.12,-79.12
43534,180,19.1863,13.7469,-79.12,-79.12
43539,180,19.1863,13.6747,-79.12,-79.12
43545,180,16.8737,13.6747,-79.12,-79.12
43551,180,16.8737,13.9093,-79.12,-79.12
43556,180,11.0493,13.9093,-79.12,-79.12
43562,180,11.0493,13.9725,-79.12,-79.12
43567,180,13.6188,13.9725,-79.12,-79.12
43574,180,13.6188,13.9003,-79.12,-79.12
43578,180,8.5653,13.9003,-79.12,-79.12
43586,180,8.5653,14.1033,-79.12,-77.68
43589,180,15.1606,14.1033,-79.12,-79.12
43598,180,15.1606,13.9544,-79.12,-79.12
43600,180,7.1949,13.9544,-79.12,-79.12
43610,180,7.1949,13.8191,-79.12,-79.12
43611,180,11.4775,13.8191,-79.12,-79.12
43622,180,11.4775,13.8913,-79.12,-79.12
43622,180,16.1028,13.8913,-79.12,-79.12
43633,180,21.6702,13.8913,-79.12,-79.12
43633,180,21.6702,13.8236,-79.12,-79.12
43644,180,19.2719,13.8236,-79.12,-79.12
43645,180,19.2719,14.2883,-79.12,-79.12
43655,180,14.2184,14.2883,-79.12,-79.12
43657,180,14.2184,14.2748,-79.12,-79.12
43666,180,21.5846,14.2748,-79.12,-79.12
43669,180,21.5846,14.0627,-79.12,-79.12
43677,180,20.3854,14.0627,-79.12,-79.12
43681,180,20.3854,13.7424,-79.12,-79.12
43688,180,15.4176,13.7424,-79.12,-79.12
43693,180,15.4176,13.9725,-79.12,-79.12
43699,180,11.7345,13.9725,-79.12,-79.12
43704,180,11.7345,13.8236,-79.12,-77.68
43710,180,21.7559,13.8236,-79.12,-79.12
43716,180,21.7559,14.0131,-79.12,-79.12
43721,180,13.7045,14.0131,-79.12,-79.12
43728,180,13.7045,14.0943,-79.12,-79.12
43732,180,15.9315,14.0943,-79.12,-79.12
43740,180,15.9315,13.7830,-79.12,-79.12
43743,180,18.4154,13.7830,-79.12,-79.12
43752,180,18.4154,13.7289,-79.12,-79.12
43754,180,14.1328,13.7289,-79.12,-79.12
43764,180,14.1328,14.0176,-79.12,-79.12
43765,180,17.1306,14.0176,-79.12,-79.12
43775,180,17.1306,13.5664,-77.68,-79.12
43776,180,11.9914,13.5664,-79.12,-79.12
43787,180,6.8522,13.5664,-79.12,-79.12
43787,180,6.8522,13.5033,-79.12,-79.12
43798,180,1.7131,13.5033,-79.12,-79.12
43799,180,1.7131,13.6612,-79.12,-79.12
43809,180,21.9272,13.6612,-79.12,-79.12
43811,180,21.9272,13.7785,-79.12,-79.12
43820,180,12.1627,13.7785,-79.12,-79.12
43823,180,12.1627,13.9635,-79.12,-77.68
43831,180,11.3062,13.9635,-79.12,-79.12
43835,180,11.3062,14.0537,-79.12,-79.12
43842,180,14.2184,14.0537,-79.12,-79.12
43846,180,14.2184,14.3199,-79.12,-79.12
43853,180,14.4754,14.3199,-79.12,-79.12
43858,180,14.4754,14.5725,-79.12,-79.12
43864,180,12.2484,14.5725,-79.12,-79.12
43870,180,12.2484,14.1394,-79.12,-79.12
43875,180,11.5632,14.1394,-79.12,-79.12
43882,180,11.5632,14.0717,-79.12,-79.12
43885,180,19.5289,14.0717,-79.12,-79.12
43894,180,19.5289,13.7695,-79.12,-79.12
43896,180,11.7345,13.7695,-79.12,-79.12
43906,180,11.7345,13.6296,-79.12,-79.12
43907,180,17.6445,13.6296,-79.12,-79.12
43917,180,17.6445,13.8146,-79.12,-79.12
43918,180,6.1670,13.8146,-79.12,-79.12
43929,180,6.1670,13.9319,-79.12,-79.12
43929,180,13.7045,13.9319,-79.12,-79.12
43940,180,13.9615,13.9319,-79.12,-79.12
43941,180,13.9615,13.7695,-79.12,-79.12
43951,180,17.3019,13.7695,-79.12,-79.12
43953,180,17.3019,13.6567,-79.12,-79.12
43962,180,7.1092,13.6567,-79.12,-79.12
43965,180,7.1092,13.7334,-79.12,-79.12
43973,180,11.4775,13.7334,-79.12,-79.12
43977,180,11.4775,13.6070,-79.12,-79.12
43984,180,22.6124,13.6070,-79.12,-79.12
43988,180,22.6124,13.5078,-79.12,-79.12
43995,180,11.9914,13.5078,-79.12,-79.12
44000,180,11.9914,13.7604,-79.12,-79.12
44006,180,18.2441,13.7604,-79.12,-79.12
44012,180,18.2441,13.9680,-79.12,-79.12
44017,180,16.1028,13.9680,-79.12,-79.12
44024,180,16.1028,13.5800,-79.12,-79.12
44028,180,22.3555,13.5800,-79.12,-79.12
44036,180,22.3555,13.7153,-79.12,-79.12
44039,180,9.6788,13.7153,-79.12,-79.12
44047,180,9.6788,13.7830,-79.12,-79.12
44050,180,13.2762,13.7830,-79.12,-79.12
44059,180,13.2762,13.8822,-79.12,-79.12
44061,180,21.5846,13.8822,-79.12,-79.12
44071,180,21.5846,13.9635,-79.12,-79.12
44072,180,23.2120,13.9635,-79.12,-79.12
44083,180,23.2120,13.7740,-79.12,-79.12
44083,180,20.5567,13.7740,-79.12,-79.12
44094,180,19.1006,13.7740,-79.12,-79.12
44095,180,19.1006,13.7604,-79.12,-79.12
44105,180,13.5332,13.7604,-79.12,-79.12
44107,180,13.5332,13.4807,-79.12,-79.12
44116,180,5.8244,13.4807,-79.12,-79.12
44118,180,5.8244,12.9077,-79.12,-79.12
44127,180,14.6467,12.9077,-79.12,-79.12
44130,180,14.6467,13.1062,-79.12,-79.12
44138,180,15.5889,13.1062,-79.12,-79.12
44142,180,15.5889,13.4176,-79.12,-79.12
44149,180,23.6403,13.4176,-79.12,-79.12
44154,180,23.6403,13.9048,-79.12,-79.12
44160,180,11.8201,13.9048,-79.12,-79.12
44166,180,11.8201,13.9454,-79.12,-79.12
44171,180,16.1028,13.9454,-79.12,-79.12
44178,180,16.1028,13.6070,-79.12,-79.12
44182,180,16.4454,13.6070,-79.12,-79.12
44189,180,16.4454,13.5709,-79.12,-79.12
44193,180,21.2420,13.5709,-79.12,-79.12
44201,180,21.2420,13.7108,-79.12,-79.12
44204,180,15.2463,13.7108,-79.12,-79.12
44213,180,15.2463,13.7695,-79.12,-79.12
44215,180,2.2270,13.7695,-79.12,-77.68
44225,180,2.2270,13.7379,-79.12,-79.12
44226,180,17.7302,13.7379,-79.12,-79.12
44237,180,12.4197,13.7379,-79.12,-79.12
44237,180,12.4197,14.0356,-79.12,-79.12
44248,180,18.5011,14.0356,-77.68,-79.12
44249,180,18.5011,14.2838,-79.12,-79.12
44259,180,20.4711,14.2838,-79.12,-79.12
44260,180,20.4711,14.0988,-77.68,-79.12
44270,180,23.4690,14.0988,-79.12,-79.12
44272,180,23.4690,13.6070,-79.12,-79.12
44281,180,13.3619,13.6070,-79.12,-79.12
44284,180,13.3619,13.4401,-79.12,-79.12
44292,180,9.7645,13.4401,-79.12,-79.12
44296,180,9.7645,12.9799,-79.12,-79.12
44303,180,13.3619,12.9799,-79.12,-79.12
44308,180,13.3619,13.3273,-79.12,-79.12
44314,180,15.4176,13.3273,-79.12,-79.12
44320,180,15.4176,13.5574,-79.12,-79.12
44324,180,18.7580,13.5574,-79.12,-79.12
44331,180,18.7580,13.6161,-79.12,-79.12
44335,180,15.5032,13.6161,-79.12,-79.12
44343,180,15.5032,13.5484,-79.12,-79.12
44346,180,11.5632,13.5484,-79.12,-79.12
44355,180,11.5632,13.8822,-79.12,-79.12
44357,180,8.2227,13.8822,-79.12,-79.12
44367,180,8.2227,14.0041,-79.12,-79.12
44368,180,24.5824,14.0041,-79.12,-79.12
44379,180,24.5824,13.3995,-79.12,-79.12
44379,180,12.5054,13.3995,-79.12,-79.12
44390,180,12.8480,13.3995,-79.12,-79.12
44391,180,12.8480,13.3544,-79.12,-79.12
44401,180,11.2206,13.3544,-79.12,-79.12
44402,180,11.2206,13.5349,-79.12,-79.12
44412,180,12.3340,13.5349,-79.12,-79.12
44414,180,12.3340,13.4266,-79.12,-79.12
44423,180,14.2184,13.4266,-79.12,-79.12
44426,180,14.2184,13.7108,-79.12,-79.12
44434,180,16.1884,13.7108,-79.12,-79.12
44438,180,16.1884,13.8281,-79.12,-79.12
44445,180,19.6146,13.8281,-79.12,-79.12
44450,180,19.6146,14.2973,-79.12,-79.12
44456,180,16.2741,14.2973,-79.12,-79.12
44462,180,16.2741,14.0988,-79.12,-79.12
44467,180,20.1285,14.0988,-79.12,-79.12
44473,180,20.1285,13.9003,-79.12,-79.12
44478,180,13.6188,13.9003,-79.12,-79.12
44485,180,13.6188,13.9905,-79.12,-79.12
44489,180,14.7323,13.9905,-79.12,-79.12
44497,180,14.7323,13.9499,-79.12,-79.12
44500,180,15.5032,13.9499,-79.12,-79.12
44509,180,15.5032,13.8507,-79.12,-79.12
44511,180,22.2698,13.8507,-79.12,-79.12
44521,180,22.2698,13.7334,-79.12,-79.12
44522,180,23.1263,13.7334,-79.12,-79.12
44533,180,23.1263,13.9589,-79.12,-79.12
44533,180,19.8715,13.9589,-79.12,-79.12
44544,180,19.7002,13.9589,-79.12,-77.68
44544,180,19.7002,14.0672,-79.12,-79.12
44555,180,19.6146,14.0672,-79.12,-79.12
44556,180,19.6146,13.6612,-79.12,-79.12
44566,180,16.8737,13.6612,-79.12,-79.12
44568,180,16.8737,13.5709,-79.12,-77.68
44577,180,11.9058,13.5709,-79.12,-79.12
44580,180,11.9058,13.7018,-79.12,-79.12
44588,180,21.2420,13.7018,-79.12,-79.12
44592,180,21.2420,14.2116,-79.12,-79.12
44599,180,14.3041,14.2116,-79.12,-79.12
44604,180,14.3041,13.8687,-79.12,-79.12
44610,180,17.9872,13.8687,-79.12,-79.12
44615,180,17.9872,13.5349,-79.12,-79.12
44621,180,14.7323,13.5349,-79.12,-79.12
44627,180,14.7323,13.3318,-79.12,-79.12
44632,180,18.2441,13.3318,-79.12,-79.12
44639,180,18.2441,13.7379,-79.12,-79.12
44643,180,8.5653,13.7379,-79.12,-79.12
44651,180,8.5653,13.8010,-79.12,-79.12
44654,180,16.7024,13.8010,-79.12,-79.12
44663,180,16.7024,13.9499,-79.12,-79.12
44665,180,21.7559,13.9499,-79.12,-79.12
44675,180,21.7559,14.2026,-79.12,-79.12
44676,180,14.5610,14.2026,-79.12,-79.12
44686,180,14.5610,14.0762,-79.12,-79.12
44687,180,22.5268,14.0762,-79.12,-79.12
44698,180,11.9058,14.0762,-79.12,-79.12
44698,180,11.9058,13.5258,-79.12,-79.12
44709,180,14.7323,13.5258,-79.12,-79.12
44710,180,14.7323,13.8326,-79.12,-79.12
44720,180,13.1049,13.8326,-79.12,-79.12
44722,180,13.1049,13.3995,-79.12,-79.12
44731,180,16.1884,13.3995,-79.12,-79.12
44734,180,16.1884,13.4582,-79.12,-79.12
44746,180,16.1884,13.7695,-79.12,-79.12
44753,180,21.3276,13.7695,-79.12,-79.12
44758,180,21.3276,13.6251,-79.12,-79.12
44764,180,15.8458,13.6251,-79.12,-79.12
44769,180,15.8458,13.7018,-79.12,-79.12
44774,180,12.2484,13.7018,-79.12,-79.12
44781,180,12.2484,13.8416,-79.12,-79.12
44785,180,19.1006,13.8416,-79.12,-79.12
44793,180,19.1006,13.8642,-79.12,-79.12
44796,180,12.9336,13.8642,-79.12,-79.12
44805,180,12.9336,14.1575,-79.12,-79.12
44807,180,18.4154,14.1575,-79.12,-79.12
44817,180,18.4154,13.6657,-79.12,-79.12
44818,180,14.6467,13.6657,-79.12,-79.12
44829,180,14.6467,13.3138,-79.12,-79.12
44829,180,20.6424,13.3138,-79.12,-79.12
44840,180,14.7323,13.3138,-79.12,-79.12
44840,180,14.7323,13.5033,-79.12,-79.12
44851,180,14.6467,13.5033,-79.12,-79.12
44852,180,14.6467,13.7243,-79.12,-79.12
44862,180,11.8201,13.7243,-77.68,-79.12
44864,180,11.8201,14.1304,-79.12,-79.12
44873,180,19.4433,14.1304,-79.12,-79.12
44876,180,19.4433,13.9319,-79.12,-79.12
44884,180,15.9315,13.9319,-79.12,-79.12
44888,180,15.9315,13.5935,-79.12,-79.12
44895,180,11.6488,13.5935,-79.12,-79.12
44900,180,11.6488,13.6206,-79.12,-79.12
44906,180,16.3597,13.6206,-79.12,-79.12
44911,180,16.3597,13.7108,-79.12,-79.12
44917,180,12.9336,13.7108,-79.12,-79.12
44923,180,12.9336,13.8732,-79.12,-79.12
44928,180,21.7559,13.8732,-79.12,-79.12
44935,180,21.7559,13.4717,-79.12,-79.12
44939,180,16.1884,13.4717,-79.12,-77.68
44947,180,16.1884,13.3950,-79.12,-79.12
44950,180,14.9893,13.3950,-79.12,-79.12
44959,180,14.9893,13.4627,-79.12,-79.12
44961,180,8.3940,13.4627,-79.12,-79.12
44971,180,8.3940,13.3860,-79.12,-77.68
44972,180,14.9036,13.3860,-79.12,-79.12
44982,180,14.9036,13.2371,-79.12,-79.12
44983,180,24.5824,13.2371,-79.12,-79.12
44994,180,23.6403,13.2371,-79.12,-79.12
44994,180,23.6403,13.6070,-79.12,-79.12
45005,180,14.0471,13.6070,-79.12,-77.68
45006,180,14.0471,13.9229,-79.12,-79.12
45016,180,3.4261,13.9229,-79.12,-79.12
45018,180,3.4261,13.5619,-79.12,-79.12
45027,180,14.1328,13.5619,-79.12,-79.12
45030,180,14.1328,13.8687,-79.12,-79.12
45038,180,11.3919,13.8687,-79.12,-79.12
45042,180,11.3919,14.1755,-79.12,-79.12
45049,180,25.9529,14.1755,-79.12,-79.12
45053,180,25.9529,13.8010,-79.12,-79.12
45060,180,15.1606,13.8010,-79.12,-79.12
45065,180,15.1606,13.6837,-77.68,-79.12
45071,180,13.7045,13.6837,-79.12,-79.12
45077,180,13.7045,13.9229,-79.12,-79.12
45082,180,9.4218,13.9229,-79.12,-79.12
45089,180,9.4218,13.7830,-79.12,-79.12
45093,180,12.6767,13.7830,-79.12,-79.12
45101,180,12.6767,13.3318,-79.12,-79.12
45113,180,12.6767,13.2957,-79.12,-79.12
45115,180,14.9893,13.2957,-79.12,-79.12
45124,180,14.9893,13.5980,-79.12,-79.12
45126,180,20.9850,13.5980,-79.12,-79.12
45136,180,20.9850,13.6116,-79.12,-79.12
45137,180,20.8994,13.6116,-79.12,-79.12
45148,180,20.7281,13.6116,-79.12,-79.12
45148,180,20.7281,13.5664,-79.12,-79.12
45159,180,11.6488,13.5664,-79.12,-79.12
45160,180,11.6488,13.7514,-79.12,-79.12
45170,180,9.5931,13.7514,-79.12,-79.12
45172,180,9.5931,13.7469,-79.12,-79.12
45181,180,6.2527,13.7469,-79.12,-79.12
45184,180,6.2527,13.7018,-79.12,-79.12
45192,180,9.7645,13.7018,-79.12,-79.12
45195,180,9.7645,13.2190,-79.12,-79.12
45202,180,9.2505,13.2190,-79.12,-79.12
45207,180,9.2505,13.1694,-79.12,-79.12
45219,180,9.2505,13.6837,-79.12,-79.12
45224,180,8.4797,13.6837,-79.12,-79.12
45231,180,8.4797,13.8642,-79.12,-79.12
45235,180,12.5910,13.8642,-79.12,-79.12
45243,180,12.5910,13.6251,-79.12,-77.68
45246,180,22.3555,13.6251,-79.12,-79.12
45255,180,22.3555,13.4401,-79.12,-79.12
45257,180,15.9315,13.4401,-79.12,-79.12
45266,180,15.9315,14.0131,-79.12,-79.12
45268,180,17.6445,14.0131,-79.12,-79.12
45278,180,17.6445,13.7063,-79.12,-79.12
45279,180,18.0728,13.7063,-79.12,-79.12
45290,180,18.0728,13.5033,-79.12,-79.12
45290,180,21.2420,13.5033,-79.12,-79.12
45301,180,15.8458,13.5033,-79.12,-77.68
45302,180,15.8458,13.6025,-79.12,-79.12
45312,180,10.6210,13.6025,-79.12,-79.12
45314,180,10.6210,13.5349,-79.12,-79.12
45323,180,11.2206,13.5349,-79.12,-79.12
45326,180,11.2206,13.6161,-79.12,-79.12
45334,180,23.2120,13.6161,-79.12,-79.12
45337,180,23.2120,13.9003,-79.12,-79.12
45345,180,14.9893,13.9003,-79.12,-79.12
45349,180,14.9893,14.1935,-79.12,-79.12
45356,180,8.9936,14.1935,-79.12,-79.12
45361,180,8.9936,14.0762,-79.12,-79.12
45367,180,8.9079,14.0762,-79.12,-79.12
45373,180,8.9079,14.1123,-79.12,-79.12
45378,180,5.6531,14.1123,-79.12,-79.12
45385,180,5.6531,13.9815,-79.12,-79.12
45389,180,20.2998,13.9815,-79.12,-79.12
45397,180,20.2998,13.7379,-79.12,-79.12
45400,180,19.7002,13.7379,-79.12,-79.12
45408,180,19.7002,13.9003,-79.12,-79.12
45411,180,19.5289,13.9003,-79.12,-79.12
45420,180,19.5289,13.7785,-79.12,-79.12
45422,180,20.2998,13.7785,-79.12,-79.12
45432,180,20.2998,13.8101,-79.12,-79.12
45433,180,13.8758,13.8101,-79.12,-79.12
45444,180,15.7602,13.8101,-79.12,-79.12
45444,180,15.7602,13.5709,-79.12,-79.12
45455,180,9.8501,13.5709,-79.12,-79.12
45456,180,9.8501,13.3950,-79.12,-79.12
45466,180,11.1349,13.3950,-79.12,-79.12
45468,180,11.1349,13.5258,-79.12,-77.68
45477,180,16.8737,13.5258,-79.12,-79.12
45479,180,16.8737,13.8507,-79.12,-79.12
45488,180,19.7002,13.8507,-79.12,-79.12
45491,180,19.7002,14.0131,-79.12,-79.12
45499,180,8.1370,14.0131,-79.12,-79.12
45503,180,8.1370,13.8371,-79.12,-79.12
45510,180,18.7580,13.8371,-79.12,-79.12
45515,180,18.7580,13.5755,-79.12,-79.12
45521,180,18.8437,13.5755,-79.12,-79.12
45527,180,18.8437,13.4266,-79.12,-79.12
45532,180,17.6445,13.4266,-79.12,-79.12
45539,180,17.6445,13.8868,-79.12,-79.12
45543,180,14.7323,13.8868,-79.12,-79.12
45550,180,14.7323,14.0943,-79.12,-79.12
45554,180,13.7045,14.0943,-79.12,-79.12
45562,180,13.7045,14.0311,-79.12,-79.12
45565,180,14.8180,14.0311,-79.12,-79.12
45574,180,14.8180,13.4627,-79.12,-77.68
45576,180,18.5867,13.4627,-79.12,-79.12
45586,180,18.5867,13.3228,-79.12,-79.12
45598,180,16.0171,13.3228,-79.12,-79.12
45598,180,16.0171,13.4717,-79.12,-79.12
45609,180,24.0685,13.4717,-79.12,-79.12
45610,180,24.0685,14.0176,-79.12,-79.12
45620,180,15.0749,14.0176,-79.12,-79.12
45621,180,15.0749,13.6070,-79.12,-79.12
45631,180,15.6745,13.6070,-79.12,-79.12
45633,180,15.6745,13.3363,-79.12,-79.12
45642,180,9.7645,13.3363,-79.12,-79.12
45645,180,9.7645,13.5890,-79.12,-79.12
45652,180,13.9615,13.5890,-79.12,-79.12
45657,180,13.9615,13.4446,-79.12,-79.12
45663,180,10.4497,13.4446,-79.12,-79.12
45669,180,10.4497,13.4627,-79.12,-79.12
45674,180,11.5632,13.4627,-79.12,-79.12
45681,180,11.5632,13.4491,-79.12,-79.12
45685,180,14.0471,13.4491,-79.12,-79.12
45692,180,14.0471,13.6070,-79.12,-79.12
45696,180,17.6445,13.6070,-79.12,-79.12
45704,180,17.6445,13.4717,-79.12,-79.12
45707,180,26.1242,13.4717,-79.12,-79.12
45716,180,26.1242,13.3544,-79.12,-79.12
45718,180,21.5846,13.3544,-79.12,-79.12
45728,180,21.5846,13.5303,-79.12,-77.68
45729,180,27.4946,13.5303,-79.12,-79.12
45740,180,27.4946,13.9995,-79.12,-79.12
45740,180,11.3919,13.9995,-79.12,-79.12
45751,180,11.5632,13.9995,-79.12,-79.12
45752,180,11.5632,13.8822,-79.12,-79.12
45762,180,16.8737,13.8822,-79.12,-77.68
45763,180,16.8737,13.5033,-79.12,-79.12
45773,180,29.4647,13.5033,-79.12,-79.12
45775,180,29.4647,13.4762,-77.68,-79.12
45784,180,22.9550,13.4762,-79.12,-79.12
45787,180,22.9550,13.8507,-79.12,-79.12
45795,180,14.3041,13.8507,-79.12,-79.12
45806,180,20.0428,13.8507,-79.12,-79.12
45811,180,20.0428,13.9319,-79.12,-79.12
45817,180,18.8437,13.9319,-79.12,-79.12
45823,180,18.8437,13.7063,-79.12,-79.12
45828,180,20.7281,13.7063,-79.12,-79.12
45834,180,20.7281,13.5755,-79.12,-79.12
45839,180,9.5931,13.5755,-79.12,-79.12
45846,180,9.5931,14.0131,-79.12,-79.12
45850,180,14.2184,14.0131,-79.12,-79.12
45858,180,14.2184,14.2251,-79.12,-79.12
45861,180,12.5910,14.2251,-79.12,-79.12
45870,180,12.5910,13.6702,-79.12,-79.12
45872,180,17.4732,13.6702,-79.12,-79.12
45882,180,17.4732,13.4762,-79.12,-79.12
45883,180,8.0514,13.4762,-79.12,-79.12
45894,180,8.0514,13.3860,-79.12,-79.12
45894,180,17.5589,13.3860,-79.12,-79.12
45905,180,16.9593,13.3860,-79.12,-79.12
45905,180,16.9593,13.3318,-79.12,-79.12
45916,180,13.4475,13.3318,-79.12,-79.12
45917,180,13.4475,13.0566,-79.12,-77.68
45927,180,20.2998,13.0566,-79.12,-79.12
45929,180,20.2998,13.4446,-79.12,-79.12
45938,180,18.8437,13.4446,-77.68,-79.12
45941,180,18.8437,13.5394,-79.12,-79.12
45949,180,14.1328,13.5394,-79.12,-79.12
45953,180,14.1328,13.3318,-79.12,-79.12
45960,180,12.7623,13.3318,-79.12,-79.12
45965,180,12.7623,13.5664,-79.12,-79.12
45971,180,26.6381,13.5664,-79.12,-79.12
45977,180,26.6381,14.0898,-79.12,-79.12
45982,180,22.0128,14.0898,-79.12,-79.12
45988,180,22.0128,14.3830,-79.12,-79.12
45993,180,22.2698,14.3830,-79.12,-79.12
46000,180,22.2698,14.0131,-79.12,-79.12
46004,180,12.2484,14.0131,-79.12,-79.12
46012,180,12.2484,13.6386,-79.12,-79.12
46015,180,17.7302,13.6386,-79.12,-79.12
46024,180,17.7302,13.5709,-79.12,-79.12
46026,180,20.0428,13.5709,-79.12,-79.12
46036,180,20.0428,13.2371,-79.12,-79.12
46037,180,7.3662,13.2371,-79.12,-79.12
46048,180,7.3662,13.8642,-79.12,-79.12
46048,180,15.4176,13.8642,-79.12,-79.12
46059,180,7.3662,13.8642,-79.12,-79.12
46059,180,7.3662,14.0176,-79.12,-79.12
46070,180,9.3362,14.0176,-79.12,-79.12
46071,180,9.3362,13.7740,-79.12,-79.12
46080,180,17.3019,13.7740,-79.12,-79.12
46083,180,17.3019,13.2642,-79.12,-79.12
46091,180,16.1028,13.2642,-79.12,-79.12
46095,180,16.1028,13.2957,-79.12,-79.12
46102,180,10.1071,13.2957,-79.12,-79.12
46107,180,10.1071,13.7514,-79.12,-79.12
46113,180,17.5589,13.7514,-79.12,-79.12
46119,180,17.5589,13.9860,-79.12,-79.12
46124,180,18.8437,13.9860,-79.12,-79.12
46130,180,18.8437,14.0041,-79.12,-79.12
46135,180,21.8415,14.0041,-79.12,-79.12
46142,180,21.8415,14.0176,-79.12,-79.12
46146,180,19.7859,14.0176,-79.12,-79.12
46154,180,19.7859,13.6251,-79.12,-79.12
46157,180,6.0814,13.6251,-79.12,-79.12
46166,180,6.0814,13.5303,-79.12,-79.12
46168,180,17.1306,13.5303,-79.12,-79.12
46178,180,17.1306,13.8101,-79.12,-79.12
46179,180,11.7345,13.8101,-79.12,-79.12
46190,180,11.7345,13.7920,-79.12,-79.12
46190,180,12.5054,13.7920,-79.12,-79.12
46201,180,11.9914,13.7920,-79.12,-79.12
46201,180,11.9914,13.6522,-79.12,-79.12
46212,180,9.5075,13.6522,-79.12,-79.12
46213,180,9.5075,13.8010,-79.12,-79.12
46223,180,9.4218,13.8010,-79.12,-79.12
46225,180,9.4218,13.8416,-79.12,-79.12
46234,180,8.3940,13.8416,-79.12,-79.12
46237,180,8.3940,13.5439,-77.68,-79.12
46245,180,6.2527,13.5439,-79.12,-79.12
46249,180,6.2527,13.6476,-79.12,-79.12
46256,180,16.9593,13.6476,-79.12,-79.12
46260,180,16.9593,13.3724,-79.12,-79.12
46267,180,14.3897,13.3724,-79.12,-79.12
46272,180,14.3897,13.7243,-79.12,-79.12
46278,180,7.1949,13.7243,-79.12,-79.12
46284,180,7.1949,14.0898,-79.12,-79.12
46289,180,17.3019,14.0898,-79.12,-79.12
46296,180,17.3019,14.0402,-79.12,-79.12
46300,180,9.5075,14.0402,-79.12,-79.12
46308,180,9.5075,13.6657,-79.12,-79.12
46311,180,19.5289,13.6657,-79.12,-79.12
46320,180,19.5289,13.5213,-79.12,-79.12
46322,180,17.7302,13.5213,-79.12,-77.68
46331,180,17.7302,13.4988,-79.12,-79.12
46333,180,14.0471,13.4988,-79.12,-79.12
46343,180,14.0471,13.4807,-79.12,-79.12
46344,180,18.7580,13.4807,-79.12,-79.12
46355,180,13.4475,13.4807,-79.12,-79.12
46355,180,13.4475,13.4176,-79.12,-79.12
46366,180,7.1092,13.4176,-79.12,-79.12
46367,180,7.1092,13.8281,-79.12,-79.12
46377,180,9.8501,13.8281,-79.12,-79.12
46379,180,9.8501,13.6070,-79.12,-79.12
46388,180,13.0193,13.6070,-79.12,-79.12
46391,180,13.0193,13.6567,-79.12,-79.12
46399,180,14.2184,13.6567,-79.12,-79.12
46402,180,14.2184,13.9183,-79.12,-79.12
46410,180,19.7002,13.9183,-79.12,-79.12
46414,180,19.7002,13.4536,-79.12,-79.12
46421,180,13.1906,13.4536,-79.12,-79.12
46426,180,13.1906,13.5619,-79.12,-79.12
46432,180,15.0749,13.5619,-79.12,-79.12
46438,180,15.0749,13.9680,-79.12,-79.12
46443,180,8.6510,13.9680,-79.12,-79.12
46450,180,8.6510,13.6567,-79.12,-79.12
46454,180,14.0471,13.6567,-79.12,-79.12
46462,180,14.0471,13.5890,-79.12,-79.12
46465,180,17.1306,13.5890,-79.12,-79.12
46473,180,17.1306,14.0853,-79.12,-79.12
46476,180,4.9679,14.0853,-79.12,-79.12
46485,180,4.9679,14.4507,-79.12,-79.12
46487,180,7.6231,14.4507,-79.12,-79.12
46497,180,7.6231,14.1078,-79.12,-79.12
46497,180,10.8779,14.1078,-79.12,-79.12
46508,180,9.5075,14.1078,-79.12,-79.12
46509,180,9.5075,13.8146,-79.12,-79.12
46519,180,10.3640,13.8146,-79.12,-79.12
46521,180,10.3640,13.6206,-79.12,-79.12
46530,180,14.9893,13.6206,-79.12,-77.68
46533,180,14.9893,13.4536,-79.12,-79.12
46541,180,9.7645,13.4536,-79.12,-79.12
46544,180,9.7645,13.6928,-79.12,-79.12
46552,180,23.9829,13.6928,-79.12,-79.12
46556,180,23.9829,14.0762,-79.12,-79.12
46563,180,21.9272,14.0762,-79.12,-79.12
46568,180,21.9272,13.7198,-79.12,-79.12
46574,180,18.2441,13.7198,-79.12,-79.12
46580,180,18.2441,13.4446,-79.12,-79.12
46585,180,22.8694,13.4446,-79.12,-79.12
46592,180,22.8694,13.3724,-79.12,-79.12
46596,180,13.3619,13.3724,-79.12,-79.12
46604,180,13.3619,13.8055,-79.12,-79.12
46607,180,18.8437,13.8055,-79.12,-79.12
46615,180,18.8437,13.4582,-79.12,-79.12
46618,180,10.4497,13.4582,-79.12,-79.12
46627,180,10.4497,13.1604,-79.12,-79.12
46629,180,14.8180,13.1604,-79.12,-79.12
46639,180,14.8180,12.8401,-79.12,-79.12
46640,180,12.5054,12.8401,-79.12,-79.12
46651,180,12.5054,12.9889,-79.12,-79.12
46651,180,13.1906,12.9889,-79.12,-79.12
46662,180,12.4197,12.9889,-79.12,-79.12
46663,180,12.4197,13.4807,-79.12,-79.12
46673,180,10.7923,13.4807,-79.12,-79.12
46675,180,10.7923,13.7063,-79.12,-79.12
46684,180,4.4540,13.7063,-79.12,-79.12
46686,180,4.4540,13.7604,-79.12,-79.12
46695,180,6.2527,13.7604,-79.12,-79.12
46698,180,6.2527,13.4988,-79.12,-79.12
46706,180,12.7623,13.4988,-79.12,-79.12
46710,180,12.7623,13.3499,-79.12,-79.12
46717,180,14.3897,13.3499,-79.12,-79.12
46722,180,14.3897,13.5755,-79.12,-79.12
46728,180,20.8137,13.5755,-79.12,-79.12
46734,180,20.8137,13.6386,-79.12,-79.12
46739,180,6.1670,13.6386,-79.12,-79.12
46746,180,6.1670,14.0086,-79.12,-79.12
46750,180,10.1927,14.0086,-77.68,-79.12
46757,180,10.1927,13.8326,-79.12,-79.12
46761,180,16.2741,13.8326,-79.12,-79.12
46769,180,16.2741,13.5890,-79.12,-79.12
46772,180,22.6124,13.5890,-79.12,-79.12
46781,180,22.6124,13.5980,-79.12,-79.12
46783,180,15.1606,13.5980,-79.12,-79.12
46793,180,15.1606,13.7018,-79.12,-79.12
46794,180,17.3019,13.7018,-79.12,-79.12
46805,180,17.3019,13.4762,-79.12,-79.12
46805,180,22.9550,13.4762,-79.12,-79.12
46816,180,16.1884,13.4762,-79.12,-79.12
46817,180,16.1884,13.6792,-79.12,-79.12
46827,180,16.8737,13.6792,-79.12,-79.12
46828,180,16.8737,13.8416,-79.12,-79.12
46838,180,11.8201,13.8416,-79.12,-79.12
46840,180,11.8201,13.8101,-79.12,-79.12
46849,180,19.0150,13.8101,-79.12,-79.12
46852,180,19.0150,13.4852,-79.12,-79.12
46860,180,20.3854,13.4852,-79.12,-79.12
46871,180,20.5567,13.4852,-79.12,-79.12
46876,180,20.5567,13.6702,-79.12,-79.12
46882,180,14.3897,13.6702,-79.12,-79.12
46888,180,14.3897,13.7965,-79.12,-79.12
46893,180,17.3019,13.7965,-79.12,-79.12
46899,180,17.3019,13.8101,-79.12,-79.12
46904,180,13.5332,13.8101,-79.12,-79.12
46911,180,13.5332,13.8687,-79.12,-79.12
46914,180,16.1884,13.8687,-79.12,-79.12
46923,180,16.1884,13.9138,-79.12,-79.12
46925,180,21.5846,13.9138,-79.12,-79.12
46935,180,21.5846,13.8281,-79.12,-79.12
46936,180,16.5310,13.8281,-79.12,-79.12
46947,180,16.5310,13.6522,-79.12,-79.12
46947,180,18.3298,13.6522,-79.12,-79.12
46958,180,16.1884,13.6522,-79.12,-79.12
46959,180,16.1884,13.6928,-79.12,-79.12
46969,180,20.3854,13.6928,-79.12,-79.12
46970,180,20.3854,13.9815,-79.12,-79.12
46980,180,13.9615,13.9815,-79.12,-79.12
46982,180,13.9615,14.0176,-79.12,-79.12
46991,180,19.0150,14.0176,-79.12,-79.12
46994,180,19.0150,13.7830,-79.12,-77.68
47002,180,16.5310,13.7830,-79.12,-79.12
47006,180,16.5310,13.5168,-79.12,-79.12
47013,180,13.2762,13.5168,-79.12,-79.12
47018,180,13.2762,13.3002,-79.12,-79.12
47024,180,7.2805,13.3002,-79.12,-79.12
47030,180,7.2805,13.6431,-79.12,-79.12
47035,180,19.3576,13.6431,-79.12,-79.12
47041,180,19.3576,13.5619,-79.12,-79.12
47046,180,15.5032,13.5619,-79.12,-79.12
47053,180,15.5032,14.0672,-79.12,-79.12
47057,180,1.9700,14.0672,-79.12,-79.12
47065,180,1.9700,13.7830,-79.12,-79.12
47068,180,10.6210,13.7830,-79.12,-79.12
47077,180,10.6210,13.6341,-79.12,-79.12
47079,180,8.9936,13.6341,-79.12,-79.12
47089,180,8.9936,14.2432,-79.12,-79.12
47090,180,20.1285,14.2432,-79.12,-79.12
47101,180,20.1285,14.0086,-79.12,-79.12
47101,180,15.2463,14.0086,-79.12,-79.12
47112,180,12.2484,14.0086,-79.12,-79.12
47112,180,12.2484,13.9680,-79.12,-79.12
47123,180,10.9636,13.9680,-79.12,-79.12
47124,180,10.9636,13.8732,-79.12,-79.12
47134,180,14.6467,13.8732,-79.12,-79.12
47136,180,14.6467,13.7334,-79.12,-79.12
47145,180,16.0171,13.7334,-79.12,-79.12
47148,180,16.0171,13.6567,-79.12,-79.12
47156,180,6.8522,13.6567,-79.12,-79.12
47160,180,6.8522,13.6161,-79.12,-79.12
47167,180,15.6745,13.6161,-79.12,-79.12
47172,180,15.6745,13.5935,-79.12,-79.12
47178,180,14.5610,13.5935,-79.12,-79.12
47183,180,14.5610,13.4582,-79.12,-79.12
47189,180,20.4711,13.4582,-79.12,-79.12
47195,180,20.4711,12.8807,-79.12,-79.12
47200,180,17.4732,12.8807,-79.12,-79.12
47207,180,17.4732,12.9935,-79.12,-79.12
47211,180,18.9293,12.9935,-79.12,-79.12
47219,180,18.9293,13.1198,-79.12,-79.12
47222,180,11.2206,13.1198,-79.12,-79.12
47231,180,11.2206,13.8146,-79.12,-79.12
47233,180,12.4197,13.8146,-79.12,-79.12
47243,180,12.4197,14.0853,-79.12,-79.12
47244,180,14.2184,14.0853,-79.12,-79.12
47254,180,14.2184,13.8913,-79.12,-79.12
47255,180,11.6488,13.8913,-79.12,-79.12
47266,180,14.7323,13.8913,-79.12,-79.12
47266,180,14.7323,13.9770,-79.12,-79.12
47277,180,6.7666,13.9770,-79.12,-77.68
47278,180,6.7666,13.5529,-79.12,-79.12
47288,180,20.8994,13.5529,-79.12,-79.12
47290,180,20.8994,13.5664,-79.12,-79.12
47299,180,13.8758,13.5664,-79.12,-79.12
47302,180,13.8758,13.7424,-79.12,-79.12
47310,180,14.3041,13.7424,-79.12,-79.12
47314,180,14.3041,14.1529,-79.12,-79.12
47321,180,8.3940,14.1529,-79.12,-79.12
47325,180,8.3940,14.1169,-79.12,-79.12
47332,180,13.7901,14.1169,-79.12,-79.12
47337,180,13.7901,13.6476,-79.12,-77.68
47343,180,12.2484,13.6476,-79.12,-79.12
47349,180,12.2484,13.6567,-79.12,-79.12
47353,180,15.9315,13.6567,-79.12,-79.12
47361,180,15.9315,13.5168,-79.12,-79.12
47364,180,15.6745,13.5168,-79.12,-79.12
47373,180,15.6745,13.4356,-79.12,-79.12
47375,180,18.0728,13.4356,-79.12,-79.12
47384,180,18.0728,13.8101,-79.12,-79.12
47386,180,25.1820,13.8101,-79.12,-79.12
47396,180,25.1820,13.8868,-79.12,-79.12
47397,180,20.9850,13.8868,-79.12,-79.12
47408,180,20.9850,13.6747,-79.12,-79.12
47408,180,21.4989,13.6747,-79.12,-79.12
47419,180,14.7323,13.6747,-79.12,-77.68
47420,180,14.7323,13.4627,-79.12,-79.12
47430,180,14.5610,13.4627,-79.12,-79.12
47432,180,14.5610,13.9680,-79.12,-79.12
47441,180,5.3961,13.9680,-79.12,-79.12
47444,180,5.3961,13.8642,-79.12,-79.12
47452,180,7.7088,13.8642,-79.12,-79.12
47455,180,7.7088,13.4536,-79.12,-79.12
47463,180,11.2206,13.4536,-79.12,-79.12
47467,180,11.2206,13.5664,-79.12,-79.12
47474,180,19.7002,13.5664,-79.12,-79.12
47479,180,19.7002,13.3995,-79.12,-77.68
47485,180,17.4732,13.3995,-79.12,-79.12
47491,180,17.4732,13.6792,-77.68,-79.12
47496,180,8.5653,13.6792,-79.12,-79.12
47503,180,8.5653,13.6702,-79.12,-79.12
47507,180,12.6767,13.6702,-79.12,-79.12
47515,180,12.6767,13.7875,-79.12,-79.12
47518,180,12.9336,13.7875,-79.12,-79.12
47526,180,12.9336,13.7063,-79.12,-79.12
47529,180,24.8394,13.7063,-79.12,-79.12
47538,180,24.8394,13.3138,-79.12,-79.12
47540,180,17.1306,13.3138,-79.12,-79.12
47550,180,17.1306,13.5168,-79.12,-79.12
47551,180,20.2141,13.5168,-79.12,-79.12
47562,180,20.2141,13.6116,-79.12,-79.12
47562,180,18.4154,13.6116,-79.12,-79.12
47573,180,15.6745,13.6116,-79.12,-79.12
47574,180,15.6745,13.5890,-79.12,-79.12
47584,180,9.5931,13.5890,-79.12,-79.12
47586,180,9.5931,13.4491,-79.12,-79.12
47595,180,10.8779,13.4491,-79.12,-79.12
47597,180,10.8779,13.4446,-79.12,-79.12
47606,180,15.0749,13.4446,-79.12,-79.12
47609,180,15.0749,13.6837,-79.12,-79.12
47617,180,8.3940,13.6837,-79.12,-79.12
47621,180,8.3940,13.3138,-79.12,-79.12
47628,180,17.3019,13.3138,-79.12,-79.12
47633,180,17.3019,13.4582,-77.68,-79.12
47639,180,20.0428,13.4582,-77.68,-79.12
47645,180,20.0428,13.5574,-79.12,-79.12
47650,180,22.5268,13.5574,-79.12,-79.12
47657,180,22.5268,13.5484,-79.12,-79.12
47661,180,10.9636,13.5484,-79.12,-79.12
47668,180,10.9636,13.7063,-79.12,-79.12
47672,180,13.9615,13.7063,-79.12,-79.12
47683,180,15.9315,13.7063,-79.12,-79.12
47692,180,15.9315,13.4085,-79.12,-79.12
47694,180,23.7259,13.4085,-79.12,-79.12
47704,180,23.7259,13.0566,-79.12,-79.12
47705,180,25.9529,13.0566,-79.12,-79.12
47716,180,15.1606,13.0566,-79.12,-79.12
47716,180,15.1606,13.1108,-79.12,-77.68
47727,180,15.5032,13.1108,-79.12,-79.12
47728,180,15.5032,13.6882,-79.12,-79.12
47738,180,10.6210,13.6882,-79.12,-79.12
47739,180,10.6210,13.6476,-79.12,-79.12
47749,180,15.6745,13.6476,-79.12,-79.12
47751,180,15.6745,13.4266,-79.12,-79.12
47760,180,12.1627,13.4266,-79.12,-79.12
47763,180,12.1627,13.6657,-79.12,-79.12
47771,180,18.5011,13.6657,-79.12,-79.12
47775,180,18.5011,13.8732,-79.12,-79.12
47782,180,11.9914,13.8732,-79.12,-79.12
47787,180,11.9914,13.5213,-79.12,-79.12
47792,180,15.8458,13.5213,-79.12,-79.12
47799,180,15.8458,13.3950,-79.12,-79.12
47803,180,14.6467,13.3950,-79.12,-79.12
47810,180,14.6467,13.3454,-79.12,-79.12
47822,180,14.6467,13.3138,-79.12,-79.12
47825,180,16.6167,13.3138,-77.68,-79.12
47834,180,16.6167,13.4762,-79.12,-79.12
47836,180,2.9122,13.4762,-79.12,-79.12
47846,180,2.9122,13.4040,-79.12,-79.12
47847,180,10.3640,13.4040,-79.12,-79.12
47858,180,10.3640,13.5845,-79.12,-79.12
47858,180,16.3597,13.5845,-79.12,-79.12
47869,180,21.7559,13.5845,-79.12,-79.12
47870,180,21.7559,13.6702,-79.12,-79.12
47880,180,14.2184,13.6702,-79.12,-79.12
47881,180,14.2184,13.4266,-79.12,-79.12
47891,180,15.6745,13.4266,-79.12,-77.68
47893,180,15.6745,13.4717,-79.12,-79.12
47902,180,11.2206,13.4717,-79.12,-77.68
47905,180,11.2206,13.3183,-79.12,-79.12
47913,180,10.5353,13.3183,-79.12,-79.12
47917,180,10.5353,13.0070,-79.12,-79.12
47924,180,9.3362,13.0070,-79.12,-79.12
47929,180,9.3362,13.6837,-79.12,-79.12
47935,180,16.0171,13.6837,-79.12,-79.12
47941,180,16.0171,13.6882,-79.12,-79.12
47946,180,19.1006,13.6882,-79.12,-77.68
47952,180,19.1006,13.0115,-79.12,-79.12
47957,180,16.7880,13.0115,-79.12,-79.12
47964,180,16.7880,13.3905,-79.12,-79.12
47968,180,20.6424,13.3905,-79.12,-79.12
47976,180,20.6424,13.8687,-79.12,-79.12
47979,180,17.2163,13.8687,-79.12,-79.12
47988,180,17.2163,13.8371,-79.12,-79.12
47990,180,27.2377,13.8371,-79.12,-79.12
48000,180,27.2377,13.5168,-79.12,-79.12
48001,180,13.1906,13.5168,-79.12,-79.12
48012,180,13.1906,13.5709,-79.12,-79.12
48012,180,13.6188,13.5709,-79.12,-79.12
48023,180,12.7623,13.5709,-79.12,-79.12
48023,180,12.7623,13.6837,-79.12,-79.12
48034,180,15.6745,13.6837,-79.12,-79.12
48035,180,15.6745,13.4582,-77.68,-79.12
48045,180,19.2719,13.4582,-79.12,-79.12
48047,180,19.2719,13.6341,-79.12,-79.12
48056,180,20.6424,13.6341,-79.12,-79.12
48059,180,20.6424,13.2642,-79.12,-79.12
48067,180,24.6681,13.2642,-79.12,-79.12
48071,180,24.6681,13.5349,-79.12,-79.12
48078,180,15.4176,13.5349,-79.12,-79.12
48083,180,15.4176,13.6386,-79.12,-79.12
48089,180,17.9872,13.6386,-79.12,-79.12
48094,180,17.9872,13.4311,-79.12,-79.12
48100,180,12.1627,13.4311,-79.12,-79.12
48106,180,12.1627,13.4401,-79.12,-79.12
48111,180,19.0150,13.4401,-79.12,-79.12
48118,180,19.0150,13.3363,-79.12,-79.12
48122,180,14.0471,13.3363,-79.12,-79.12
48130,180,14.0471,13.1423,-79.12,-79.12
48133,180,11.2206,13.1423,-79.12,-79.12
48142,180,11.2206,12.8175,-79.12,-79.12
48144,180,13.3619,12.8175,-79.12,-79.12
48154,180,13.3619,12.3573,-79.12,-79.12
48155,180,15.0749,12.3573,-79.12,-77.68
48165,180,15.0749,12.4430,-79.12,-79.12
48166,180,16.1884,12.4430,-79.12,-79.12
48177,180,22.2698,12.4430,-79.12,-79.12
48177,180,22.2698,12.4927,-79.12,-79.12
48188,180,20.0428,12.4927,-79.12,-79.12
48189,180,20.0428,12.8671,-79.12,-79.12
48199,180,9.5931,12.8671,-79.12,-79.12
48201,180,9.5931,13.1288,-79.12,-79.12
48210,180,23.2120,13.1288,-79.12,-79.12
48213,180,23.2120,13.0250,-79.12,-79.12
48220,180,19.3576,13.0250,-79.12,-79.12
48225,180,19.3576,12.6551,-79.12,-79.12
48231,180,27.3233,12.6551,-79.12,-79.12
48236,180,27.3233,12.4611,-79.12,-79.12
48242,180,18.1585,12.4611,-79.12,-79.12
48248,180,18.1585,12.5243,-79.12,-79.12
48253,180,11.5632,12.5243,-79.12,-79.12
48260,180,11.5632,13.1649,-79.12,-79.12
48264,180,10.7923,13.1649,-79.12,-79.12
48272,180,10.7923,13.0296,-79.12,-79.12
48275,180,8.8223,13.0296,-79.12,-79.12
48284,180,8.8223,13.1288,-79.12,-79.12
48286,180,10.2784,13.1288,-79.12,-79.12
48296,180,10.2784,13.3544,-79.12,-79.12
48297,180,11.4775,13.3544,-79.12,-79.12
48307,180,11.4775,13.3318,-79.12,-79.12
48308,180,16.7024,13.3318,-79.12,-79.12
48319,180,16.7024,13.4942,-79.12,-79.12
48319,180,11.3919,13.4942,-79.12,-79.12
48330,180,17.6445,13.4942,-79.12,-79.12
48331,180,17.6445,13.6296,-79.12,-79.12
48341,180,20.3854,13.6296,-79.12,-79.12
48352,180,26.4668,13.6296,-79.12,-79.12
48355,180,26.4668,13.2596,-79.12,-79.12
48363,180,11.0493,13.2596,-79.12,-79.12
48367,180,11.0493,13.4401,-79.12,-79.12
48374,180,12.1627,13.4401,-79.12,-79.12
48378,180,12.1627,13.6792,-79.12,-79.12
48385,180,16.1028,13.6792,-79.12,-79.12
48390,180,16.1028,13.4762,-79.12,-79.12
48396,180,11.5632,13.4762,-79.12,-79.12
48402,180,11.5632,13.0611,-79.12,-77.68
48407,180,6.9379,13.0611,-79.12,-79.12
48414,180,6.9379,13.1333,-79.12,-79.12
48418,180,4.0257,13.1333,-79.12,-79.12
48426,180,4.0257,13.5123,-79.12,-79.12
48429,180,15.9315,13.5123,-79.12,-79.12
48438,180,15.9315,13.4401,-79.12,-79.12
48440,180,20.2141,13.4401,-79.12,-79.12
48449,180,20.2141,13.2371,-79.12,-79.12
48451,180,26.8094,13.2371,-79.12,-79.12
48461,180,26.8094,13.4266,-79.12,-79.12
48462,180,14.0471,13.4266,-79.12,-79.12
48473,180,15.5889,13.4266,-79.12,-79.12
48473,180,15.5889,13.6206,-79.12,-79.12
48484,180,12.6767,13.6206,-79.12,-79.12
48485,180,12.6767,13.8416,-79.12,-79.12
48495,180,18.7580,13.8416,-79.12,-79.12
48497,180,18.7580,13.8597,-79.12,-79.12
48506,180,18.1585,13.8597,-79.12,-79.12
48509,180,18.1585,13.2371,-79.12,-79.12
48517,180,15.1606,13.2371,-79.12,-79.12
48520,180,15.1606,12.6506,-79.12,-79.12
48528,180,8.0514,12.6506,-79.12,-79.12
48532,180,8.0514,12.9077,-79.12,-77.68
48539,180,11.3062,12.9077,-79.12,-79.12
48544,180,11.3062,13.3499,-79.12,-79.12
48550,180,17.3876,13.3499,-79.12,-79.12
48556,180,17.3876,13.1604,-79.12,-79.12
48561,180,10.4497,13.1604,-79.12,-79.12
48568,180,10.4497,12.8807,-79.12,-79.12
48572,180,14.6467,12.8807,-79.12,-79.12
48580,180,14.6467,12.9754,-79.12,-79.12
48583,180,13.8758,12.9754,-79.12,-79.12
48591,180,13.8758,13.1875,-79.12,-79.12
48594,180,16.4454,13.1875,-79.12,-79.12
48603,180,16.4454,13.3228,-79.12,-79.12
48605,180,16.1884,13.3228,-79.12,-79.12
48615,180,16.1884,13.4897,-79.12,-79.12
48616,180,20.8137,13.4897,-79.12,-79.12
48627,180,17.1306,13.4897,-79.12,-79.12
48627,180,17.1306,13.2371,-79.12,-79.12
48638,180,4.5396,13.2371,-79.12,-79.12
48639,180,4.5396,13.4582,-79.12,-79.12
48648,180,9.3362,13.4582,-79.12,-79.12
48650,180,9.3362,13.6251,-79.12,-79.12
48659,180,10.0214,13.6251,-79.12,-79.12
48662,180,10.0214,12.9574,-79.12,-79.12
48670,180,19.6146,12.9574,-79.12,-79.12
48674,180,19.6146,12.9438,-79.12,-79.12
48681,180,10.2784,12.9438,-79.12,-79.12
48686,180,10.2784,13.1333,-79.12,-79.12
48692,180,14.3041,13.1333,-79.12,-79.12
48698,180,14.3041,13.2867,-79.12,-79.12
48703,180,7.3662,13.2867,-79.12,-79.12
48710,180,7.3662,13.8055,-79.12,-79.12
48714,180,8.4797,13.8055,-79.12,-79.12
48721,180,8.4797,13.9454,-79.12,-79.12
48725,180,17.3876,13.9454,-79.12,-79.12
48733,180,17.3876,13.2867,-79.12,-79.12
48736,180,14.6467,13.2867,-79.12,-79.12
48745,180,14.6467,12.6596,-79.12,-79.12
48747,180,14.9036,12.6596,-79.12,-79.12
48757,180,14.9036,12.7318,-79.12,-79.12
48758,180,13.2762,12.7318,-79.12,-79.12
48769,180,13.2762,13.5574,-79.12,-79.12
48769,180,18.7580,13.5574,-79.12,-79.12
48780,180,16.5310,13.5574,-79.12,-79.12
48781,180,16.5310,13.1288,-79.12,-79.12
48791,180,21.2420,13.1288,-79.12,-79.12
48792,180,21.2420,12.6957,-79.12,-79.12
48802,180,16.2741,12.6957,-79.12,-79.12
48804,180,16.2741,13.5303,-79.12,-79.12
48813,180,17.4732,13.5303,-79.12,-79.12
48816,180,17.4732,13.7243,-79.12,-79.12
48824,180,17.6445,13.7243,-79.12,-79.12
48828,180,17.6445,13.1604,-79.12,-79.12
48835,180,18.0728,13.1604,-79.12,-79.12
48840,180,18.0728,12.8762,-79.12,-79.12
48846,180,20.0428,12.8762,-79.12,-79.12
48852,180,20.0428,13.1378,-79.12,-79.12
48857,180,7.8801,13.1378,-79.12,-79.12
48863,180,7.8801,13.1062,-79.12,-79.12
48868,180,2.7409,13.1062,-79.12,-79.12
48875,180,2.7409,12.8356,-79.12,-79.12
48879,180,-0.1713,12.8356,-79.12,-79.12
48887,180,-0.1713,12.9709,-79.12,-79.12
48890,180,11.9058,12.9709,-79.12,-79.12
48899,180,11.9058,12.8175,-79.12,-79.12
48901,180,9.8501,12.8175,-79.12,-79.12
48911,180,9.8501,13.1514,-79.12,-79.12
48912,180,20.0428,13.1514,-79.12,-79.12
48923,180,20.0428,13.4176,-79.12,-79.12
48923,180,16.1884,13.4176,-79.12,-79.12
48934,180,18.6724,13.4176,-79.12,-79.12
48934,180,18.6724,13.1829,-79.12,-79.12
48945,180,13.7901,13.1829,-79.12,-79.12
48946,180,13.7901,13.2236,-79.12,-79.12
48956,180,16.6167,13.2236,-79.12,-79.12
48958,180,16.6167,13.6025,-79.12,-79.12
48967,180,20.7281,13.6025,-79.12,-77.68
48970,180,20.7281,13.4988,-79.12,-79.12
48978,180,15.2463,13.4988,-79.12,-79.12
48982,180,15.2463,13.2055,-79.12,-77.68
48989,180,18.5011,13.2055,-79.12,-77.68
48994,180,18.5011,13.1153,-79.12,-79.12
49000,180,13.3619,13.1153,-79.12,-79.12
49005,180,13.3619,13.2416,-79.12,-79.12
49011,180,15.7602,13.2416,-79.12,-79.12
49017,180,15.7602,13.5168,-79.12,-79.12
49022,180,12.6767,13.5168,-79.12,-79.12
49029,180,12.6767,13.4040,-79.12,-79.12
49033,180,18.6724,13.4040,-79.12,-79.12
49041,180,18.6724,13.2642,-79.12,-79.12
49044,180,10.1927,13.2642,-79.12,-79.12
49053,180,10.1927,13.3724,-79.12,-79.12
49055,180,18.7580,13.3724,-79.12,-79.12
49065,180,18.7580,13.8191,-79.12,-77.68
49066,180,15.6745,13.8191,-79.12,-79.12
49076,180,15.6745,13.8507,-79.12,-79.12
49077,180,14.5610,13.8507,-79.12,-79.12
49087,180,18.4154,13.8507,-79.12,-79.12
49088,180,18.4154,13.6928,-79.12,-79.12
49098,180,15.0749,13.6928,-79.12,-79.12
49100,180,15.0749,13.5394,-79.12,-79.12
49109,180,15.7602,13.5394,-79.12,-79.12
49112,180,15.7602,13.5033,-79.12,-79.12
49120,180,12.3340,13.5033,-79.12,-79.12
49124,180,12.3340,13.2190,-79.12,-79.12
49131,180,17.6445,13.2190,-79.12,-79.12
49136,180,17.6445,12.8807,-79.12,-79.12
49142,180,15.9315,12.8807,-79.12,-79.12
49147,180,15.9315,13.0611,-79.12,-79.12
49153,180,11.9914,13.0611,-79.12,-79.12
49159,180,11.9914,12.8626,-79.12,-79.12
49164,180,14.2184,12.8626,-79.12,-79.12
49171,180,14.2184,13.1153,-79.12,-79.12
49175,180,15.5032,13.1153,-79.12,-79.12
49183,180,15.5032,12.8671,-79.12,-79.12
49186,180,16.1884,12.8671,-79.12,-79.12
49195,180,16.1884,12.7543,-79.12,-79.12
49197,180,22.4411,12.7543,-79.12,-79.12
49207,180,22.4411,12.9664,-79.12,-79.12
49208,180,21.4133,12.9664,-79.12,-79.12
49218,180,21.4133,13.1017,-79.12,-79.12
49219,180,2.6552,13.1017,-79.12,-79.12
49230,180,17.5589,13.1017,-79.12,-79.12
49230,180,17.5589,13.1108,-79.12,-77.68
49241,180,19.1863,13.1108,-79.12,-79.12
49242,180,19.1863,12.8716,-79.12,-79.12
49252,180,14.3897,12.8716,-79.12,-79.12
49254,180,14.3897,12.8987,-79.12,-79.12
49263,180,9.9358,12.8987,-79.12,-79.12
49266,180,9.9358,13.2957,-79.12,-79.12
49274,180,10.9636,13.2957,-79.12,-79.12
49278,180,10.9636,13.4582,-79.12,-79.12
49285,180,15.3319,13.4582,-79.12,-79.12
49289,180,15.3319,13.5078,-79.12,-79.12
49296,180,16.2741,13.5078,-79.12,-79.12
49301,180,16.2741,13.3183,-79.12,-79.12
49307,180,18.5867,13.3183,-79.12,-79.12
49313,180,18.5867,13.1423,-79.12,-79.12
49318,180,13.1049,13.1423,-79.12,-79.12
49325,180,13.1049,13.4717,-79.12,-79.12
49329,180,11.9058,13.4717,-79.12,-79.12
49337,180,11.9058,13.6928,-79.12,-79.12
49340,180,10.3640,13.6928,-79.12,-79.12
49349,180,10.3640,13.5303,-79.12,-79.12
49351,180,22.6124,13.5303,-79.12,-79.12
49360,180,22.6124,12.7137,-79.12,-79.12
49362,180,16.5310,12.7137,-79.12,-79.12
49372,180,16.5310,12.9754,-79.12,-79.12
49373,180,11.0493,12.9754,-79.12,-79.12
49384,180,11.0493,13.5845,-79.12,-79.12
49395,180,13.5332,13.5845,-79.12,-79.12
49406,180,13.2762,13.5845,-79.12,-79.12
49408,180,13.2762,13.8101,-79.12,-79.12
49417,180,15.1606,13.8101,-79.12,-79.12
49419,180,15.1606,13.4085,-79.12,-79.12
49428,180,23.9829,13.4085,-79.12,-79.12
49431,180,23.9829,13.5439,-79.12,-79.12
49439,180,18.0728,13.5439,-79.12,-79.12
49443,180,18.0728,13.4807,-79.12,-79.12
49450,180,20.9850,13.4807,-79.12,-79.12
49455,180,20.9850,13.4130,-79.12,-79.12
49461,180,12.7623,13.4130,-79.12,-79.12
49467,180,12.7623,13.3995,-79.12,-79.12
49472,180,9.7645,13.3995,-79.12,-79.12
49479,180,9.7645,13.1243,-79.12,-79.12
49483,180,13.9615,13.1243,-79.12,-79.12
49490,180,13.9615,13.3769,-79.12,-79.12
49494,180,18.4154,13.3769,-79.12,-79.12
49502,180,18.4154,13.4582,-79.12,-79.12
49505,180,10.3640,13.4582,-79.12,-79.12
49514,180,10.3640,13.5529,-79.12,-79.12
49516,180,18.8437,13.5529,-79.12,-79.12
49526,180,18.8437,13.4221,-79.12,-79.12
49527,180,13.8758,13.4221,-79.12,-79.12
49538,180,7.5375,13.4221,-79.12,-79.12
49538,180,7.5375,13.1288,-79.12,-79.12
49548,180,11.6488,13.1288,-79.12,-79.12
49550,180,11.6488,13.4085,-79.12,-79.12
49559,180,16.0171,13.4085,-79.12,-79.12
49561,180,16.0171,13.1875,-79.12,-79.12
49570,180,22.0985,13.1875,-79.12,-79.12
49573,180,22.0985,12.7363,-79.12,-79.12
49581,180,10.2784,12.7363,-79.12,-79.12
49585,180,10.2784,13.1514,-79.12,-79.12
49592,180,20.6424,13.1514,-79.12,-79.12
49597,180,20.6424,13.1739,-79.12,-79.12
49603,180,15.2463,13.1739,-79.12,-79.12
49609,180,15.2463,13.6612,-79.12,-79.12
49614,180,17.0450,13.6612,-79.12,-79.12
49621,180,17.0450,13.4942,-79.12,-79.12
49625,180,17.1306,13.4942,-79.12,-79.12
49632,180,17.1306,13.2236,-79.12,-79.12
49636,180,14.7323,13.2236,-79.12,-79.12
49644,180,14.7323,12.8942,-79.12,-79.12
49647,180,13.7901,12.8942,-79.12,-79.12
49656,180,13.7901,12.9889,-79.12,-79.12
49658,180,15.5032,12.9889,-79.12,-79.12
49668,180,15.5032,13.5619,-79.12,-79.12
49669,180,10.2784,13.5619,-79.12,-79.12
49680,180,10.2784,13.6161,-79.12,-79.12
49680,180,3.8544,13.6161,-79.12,-79.12
49691,180,20.7281,13.6161,-79.12,-79.12
49692,180,20.7281,13.6386,-79.12,-79.12
49702,180,11.1349,13.6386,-79.12,-79.12
49703,180,11.1349,13.8371,-79.12,-79.12
49713,180,12.1627,13.8371,-79.12,-79.12
49715,180,12.1627,13.6070,-79.12,-77.68
49727,180,12.1627,13.2010,-79.12,-79.12
49739,180,12.1627,13.5123,-79.12,-79.12
49746,180,18.5867,13.5123,-79.12,-79.12
49751,180,18.5867,13.6341,-79.12,-79.12
49757,180,11.2206,13.6341,-79.12,-79.12
49763,180,11.2206,13.4807,-77.68,-79.12
49768,180,15.5889,13.4807,-79.12,-79.12
49774,180,15.5889,13.4356,-79.12,-79.12
49779,180,9.1649,13.4356,-79.12,-79.12
49786,180,9.1649,13.5935,-79.12,-79.12
49790,180,18.6724,13.5935,-79.12,-79.12
49798,180,18.6724,13.4897,-79.12,-79.12
49801,180,10.6210,13.4897,-79.12,-79.12
49810,180,10.6210,13.3815,-79.12,-79.12
49812,180,17.1306,13.3815,-79.12,-79.12
49822,180,17.1306,13.4717,-79.12,-79.12
49823,180,8.6510,13.4717,-79.12,-79.12
49834,180,8.6510,13.4852,-79.12,-79.12
49834,180,14.3897,13.4852,-79.12,-79.12
49845,180,16.9593,13.4852,-79.12,-79.12
49845,180,16.9593,13.6657,-79.12,-79.12
49856,180,17.0450,13.6657,-79.12,-79.12
49857,180,17.0450,13.5258,-79.12,-79.12
49867,180,20.2998,13.5258,-79.12,-79.12
49869,180,20.2998,13.6431,-79.12,-79.12
49878,180,11.5632,13.6431,-79.12,-79.12
49881,180,11.5632,13.6928,-79.12,-79.12
49889,180,8.8223,13.6928,-79.12,-79.12
49893,180,8.8223,13.6386,-79.12,-79.12
49900,180,5.3105,13.6386,-79.12,-79.12
49905,180,5.3105,13.9725,-79.12,-79.12
49911,180,19.7859,13.9725,-79.12,-79.12
49916,180,19.7859,13.6928,-79.12,-79.12
49922,180,16.8737,13.6928,-79.12,-79.12
49928,180,16.8737,13.5303,-79.12,-79.12
49933,180,16.4454,13.5303,-79.12,-79.12
49940,180,16.4454,13.2236,-79.12,-79.12
49944,180,7.3662,13.2236,-79.12,-79.12
49952,180,7.3662,13.2777,-79.12,-79.12
49955,180,14.7323,13.2777,-79.12,-79.12
49964,180,14.7323,13.2732,-79.12,-79.12
49966,180,12.0771,13.2732,-79.12,-79.12
49976,180,12.0771,13.1559,-79.12,-79.12
49977,180,9.1649,13.1559,-79.12,-79.12
49987,180,9.1649,13.3995,-79.12,-79.12
49988,180,13.7901,13.3995,-79.12,-79.12
49998,180,13.0193,13.3995,-79.12,-79.12
49999,180,13.0193,13.3724,-79.12,-79.12
50009,180,16.7880,13.3724,-79.12,-79.12
50011,180,16.7880,13.6476,-79.12,-79.12
50020,180,6.0814,13.6476,-79.12,-79.12
50023,180,6.0814,13.3544,-79.12,-79.12
50031,180,14.2184,13.3544,-79.12,-79.12
50035,180,14.2184,13.2596,-79.12,-77.68
50042,180,7.7088,13.2596,-79.12,-79.12
50047,180,7.7088,13.3544,-79.12,-79.12
50053,180,6.6809,13.3544,-79.12,-79.12
50058,180,6.6809,13.1469,-79.12,-79.12
50064,180,10.0214,13.1469,-79.12,-79.12
50070,180,10.0214,12.8581,-79.12,-79.12
50075,180,14.6467,12.8581,-79.12,-79.12
50082,180,14.6467,13.1920,-79.12,-79.12
50086,180,11.7345,13.1920,-79.12,-79.12
50097,180,6.2527,13.1920,-79.12,-79.12
50106,180,6.2527,13.3183,-77.68,-79.12
50108,180,18.6724,13.3183,-79.12,-79.12
50118,180,18.6724,13.3815,-79.12,-79.12
50119,180,13.9615,13.3815,-79.12,-79.12
50129,180,13.9615,13.6386,-79.12,-79.12
50130,180,20.8137,13.6386,-79.12,-79.12
50141,180,14.9036,13.6386,-79.12,-79.12
50141,180,14.9036,13.8777,-79.12,-79.12
50152,180,21.0707,13.8777,-79.12,-77.68
50153,180,21.0707,13.6251,-79.12,-79.12
50163,180,15.4176,13.6251,-79.12,-79.12
50165,180,15.4176,13.7695,-79.12,-77.68
50174,180,17.8158,13.7695,-79.12,-79.12
50177,180,17.8158,13.5800,-79.12,-77.68
50185,180,16.1884,13.5800,-79.12,-79.12
50189,180,16.1884,13.1649,-79.12,-79.12
50196,180,11.7345,13.1649,-79.12,-79.12
50200,180,11.7345,13.3138,-79.12,-79.12
50207,180,17.3876,13.3138,-79.12,-79.12
50212,180,17.3876,13.3815,-79.12,-79.12
50218,180,14.1328,13.3815,-79.12,-79.12
50224,180,14.1328,13.2551,-79.12,-79.12
50229,180,20.5567,13.2551,-79.12,-79.12
50236,180,20.5567,12.7724,-79.12,-79.12
50240,180,20.2998,12.7724,-79.12,-79.12
50248,180,20.2998,12.7002,-79.12,-79.12
50251,180,19.8715,12.7002,-79.12,-79.12
50260,180,19.8715,13.2010,-79.12,-79.12
50262,180,7.5375,13.2010,-79.12,-79.12
50271,180,7.5375,13.4717,-79.12,-79.12
50273,180,11.6488,13.4717,-79.12,-79.12
50283,180,11.6488,13.2912,-79.12,-79.12
50284,180,7.6231,13.2912,-79.12,-79.12
50295,180,1.7131,13.2912,-79.12,-79.12
50295,180,1.7131,13.1423,-77.68,-79.12
50306,180,1.7987,13.1423,-79.12,-79.12
50307,180,1.7987,13.1243,-79.12,-79.12
50317,180,12.0771,13.1243,-79.12,-79.12
50319,180,12.0771,13.5484,-79.12,-79.12
50328,180,17.3019,13.5484,-79.12,-79.12
50331,180,17.3019,13.5619,-79.12,-79.12
50339,180,11.0493,13.5619,-79.12,-79.12
50342,180,11.0493,13.5394,-79.12,-79.12
50350,180,18.6724,13.5394,-79.12,-79.12
50354,180,18.6724,13.5303,-79.12,-79.12
50361,180,13.7045,13.5303,-79.12,-79.12
50366,180,13.7045,13.4130,-79.12,-79.12
50372,180,24.2398,13.4130,-79.12,-79.12
50378,180,24.2398,13.6386,-79.12,-79.12
50383,180,19.1006,13.6386,-79.12,-79.12
50390,180,19.1006,13.9409,-79.12,-77.68
50394,180,17.1306,13.9409,-79.12,-79.12
50402,180,17.1306,13.6973,-79.12,-79.12
50405,180,18.5867,13.6973,-79.12,-79.12
50413,180,18.5867,13.4717,-79.12,-79.12
50416,180,17.3876,13.4717,-79.12,-79.12
50425,180,17.3876,13.3183,-79.12,-79.12
50427,180,18.4154,13.3183,-79.12,-79.12
50437,180,18.4154,13.4311,-79.12,-79.12
50437,180,11.9058,13.4311,-79.12,-79.12
50448,180,20.1285,13.4311,-79.12,-79.12
50449,180,20.1285,13.6522,-79.12,-79.12
50459,180,12.7623,13.6522,-79.12,-79.12
50461,180,12.7623,13.6476,-79.12,-79.12
50470,180,24.7537,13.6476,-79.12,-79.12
50473,180,24.7537,13.5574,-79.12,-79.12
50481,180,22.3555,13.5574,-79.12,-79.12
50484,180,22.3555,13.6702,-77.68,-79.12
50492,180,23.6403,13.6702,-79.12,-77.68
50496,180,23.6403,13.4176,-79.12,-79.12
50503,180,12.1627,13.4176,-79.12,-79.12
50508,180,12.1627,13.2822,-79.12,-79.12
50514,180,0.5139,13.2822,-79.12,-79.12
50520,180,0.5139,13.3318,-79.12,-79.12
50525,180,0.3426,13.3318,-79.12,-79.12
50532,180,0.3426,13.5845,-79.12,-79.12
50536,180,10.2784,13.5845,-79.12,-79.12
50544,180,10.2784,13.3499,-79.12,-79.12
50547,180,16.7880,13.3499,-79.12,-79.12
50555,180,16.7880,13.3138,-79.12,-79.12
50558,180,13.4475,13.3138,-79.12,-79.12
50567,180,13.4475,13.6161,-79.12,-79.12
50569,180,23.3833,13.6161,-79.12,-79.12
50579,180,23.3833,13.3002,-79.12,-79.12
50580,180,18.5867,13.3002,-79.12,-79.12
50591,180,18.5867,13.5033,-79.12,-79.12
50591,180,21.4133,13.5033,-79.12,-79.12
50602,180,12.9336,13.5033,-79.12,-79.12
50603,180,12.9336,13.3093,-79.12,-79.12
50613,180,7.7944,13.3093,-79.12,-79.12
50615,180,7.7944,13.3273,-79.12,-79.12
50624,180,8.4797,13.3273,-79.12,-79.12
50626,180,8.4797,13.4762,-79.12,-79.12
50635,180,14.9036,13.4762,-79.12,-79.12
50638,180,14.9036,13.7875,-79.12,-79.12
50646,180,12.7623,13.7875,-79.12,-79.12
50650,180,12.7623,13.7334,-79.12,-77.68
50657,180,12.9336,13.7334,-79.12,-79.12
50662,180,12.9336,13.2145,-79.12,-79.12
50668,180,18.0728,13.2145,-79.12,-79.12
50674,180,18.0728,13.0476,-77.68,-79.12
50679,180,9.4218,13.0476,-79.12,-79.12
50686,180,9.4218,13.2055,-79.12,-79.12
50690,180,12.7623,13.2055,-79.12,-79.12
50697,180,12.7623,13.3454,-79.12,-79.12
50701,180,5.5675,13.3454,-79.12,-79.12
50709,180,5.5675,13.6928,-79.12,-79.12
50712,180,12.5054,13.6928,-79.12,-79.12
50721,180,12.5054,13.2236,-79.12,-79.12
50723,180,12.3340,13.2236,-79.12,-79.12
50733,180,12.3340,13.1378,-79.12,-79.12
50734,180,19.3576,13.1378,-79.12,-79.12
50745,180,19.3576,13.2281,-79.12,-79.12
50745,180,7.1949,13.2281,-79.12,-79.12
50757,180,7.1949,13.6386,-79.12,-79.12
50767,180,24.4968,13.6386,-79.12,-79.12
50768,180,24.4968,13.8552,-79.12,-79.12
50778,180,23.0407,13.8552,-79.12,-79.12
50780,180,23.0407,13.2732,-79.12,-79.12
50789,180,15.7602,13.2732,-79.12,-79.12
50792,180,15.7602,13.4627,-79.12,-79.12
50800,180,-0.6852,13.4627,-79.12,-79.12
50811,180,16.0171,13.4627,-79.12,-79.12
50816,180,16.0171,13.1153,-79.12,-79.12
50822,180,10.7923,13.1153,-79.12,-79.12
50828,180,10.7923,13.1739,-79.12,-79.12
50833,180,7.5375,13.1739,-79.12,-79.12
50839,180,7.5375,13.3905,-79.12,-79.12
50844,180,7.0236,13.3905,-79.12,-79.12
50851,180,7.0236,13.6747,-79.12,-79.12
50855,180,1.5418,13.6747,-79.12,-79.12
50863,180,1.5418,13.5258,-79.12,-79.12
50866,180,10.1927,13.5258,-79.12,-77.68
50875,180,10.1927,13.1739,-79.12,-79.12
50877,180,19.7859,13.1739,-79.12,-79.12
50887,180,19.7859,13.1108,-79.12,-79.12
50887,180,17.3019,13.1108,-79.12,-79.12
50898,180,8.4797,13.1108,-79.12,-79.12
50899,180,8.4797,13.3860,-79.12,-79.12
50909,180,22.3555,13.3860,-79.12,-79.12
50910,180,22.3555,13.5529,-79.12,-79.12
50920,180,17.0450,13.5529,-79.12,-79.12
50922,180,17.0450,13.4536,-79.12,-79.12
50931,180,19.3576,13.4536,-79.12,-79.12
50934,180,19.3576,13.2777,-79.12,-79.12
50942,180,10.9636,13.2777,-79.12,-79.12
50946,180,10.9636,13.2506,-79.12,-79.12
50953,180,9.3362,13.2506,-79.12,-79.12
50958,180,9.3362,13.2145,-79.12,-79.12
50964,180,13.1906,13.2145,-79.12,-79.12
50970,180,13.1906,12.9574,-79.12,-79.12
50975,180,16.2741,12.9574,-79.12,-79.12
50981,180,16.2741,13.1288,-79.12,-79.12
50986,180,15.6745,13.1288,-79.12,-79.12
50993,180,15.6745,13.4040,-79.12,-79.12
50997,180,12.5054,13.4040,-79.12,-79.12
51005,180,12.5054,13.5484,-79.12,-79.12
51008,180,18.9293,13.5484,-79.12,-79.12
51017,180,18.9293,13.2822,-79.12,-79.12
51019,180,10.1071,13.2822,-79.12,-79.12
51029,180,10.1071,13.3183,-79.12,-79.12
51030,180,15.5889,13.3183,-79.12,-79.12
51041,180,15.5889,13.1739,-79.12,-79.12
51041,180,9.5931,13.1739,-79.12,-79.12
51052,180,13.9615,13.1739,-79.12,-79.12
51052,180,13.9615,13.4311,-79.12,-79.12
51063,180,5.0535,13.4311,-79.12,-79.12
51064,180,5.0535,13.7785,-79.12,-79.12
51074,180,12.2484,13.7785,-79.12,-79.12
51076,180,12.2484,13.6973,-79.12,-79.12
51085,180,17.4732,13.6973,-79.12,-79.12
51088,180,17.4732,13.6747,-79.12,-79.12
51096,180,25.5246,13.6747,-79.12,-79.12
51100,180,25.5246,13.4582,-79.12,-79.12
51107,180,21.0707,13.4582,-79.12,-79.12
51112,180,21.0707,13.0837,-79.12,-79.12
51118,180,16.6167,13.0837,-79.12,-79.12
51123,180,16.6167,13.2326,-79.12,-79.12
51129,180,23.2976,13.2326,-79.12,-79.12
51135,180,23.2976,13.6522,-79.12,-79.12
51140,180,11.1349,13.6522,-79.12,-79.12
51147,180,11.1349,13.4988,-79.12,-79.12
51151,180,17.6445,13.4988,-79.12,-79.12
51159,180,17.6445,13.0296,-79.12,-79.12
51162,180,16.7880,13.0296,-79.12,-79.12
51171,180,16.7880,13.2281,-79.12,-77.68
51173,180,13.5332,13.2281,-79.12,-77.68
51183,180,13.5332,13.7108,-79.12,-79.12
51184,180,11.6488,13.7108,-79.12,-79.12
51194,180,11.6488,13.3950,-79.12,-79.12
51195,180,14.0471,13.3950,-79.12,-79.12
51206,180,14.2184,13.3950,-79.12,-79.12
51206,180,14.2184,13.2822,-79.12,-79.12
51217,180,12.4197,13.2822,-79.12,-79.12
51218,180,12.4197,13.4988,-79.12,-79.12
51228,180,21.3276,13.4988,-79.12,-79.12
51230,180,21.3276,13.6025,-79.12,-77.68
51239,180,13.7901,13.6025,-79.12,-79.12
51242,180,13.7901,13.6747,-79.12,-79.12
51250,180,12.3340,13.6747,-79.12,-79.12
51254,180,12.3340,13.5935,-79.12,-79.12
51261,180,4.7966,13.5935,-79.12,-79.12
51265,180,4.7966,13.7424,-79.12,-79.12
51272,180,13.1049,13.7424,-79.12,-79.12
51277,180,13.1049,13.7334,-79.12,-79.12
51283,180,10.8779,13.7334,-79.12,-79.12
51289,180,10.8779,13.6386,-79.12,-77.68
51294,180,18.7580,13.6386,-79.12,-79.12
51301,180,18.7580,13.6070,-79.12,-79.12
51305,180,15.4176,13.6070,-79.12,-79.12
51313,180,15.4176,13.5439,-79.12,-79.12
51316,180,19.1006,13.5439,-79.12,-79.12
51325,180,19.1006,13.6657,-79.12,-79.12
51327,180,23.8116,13.6657,-79.12,-79.12
51336,180,23.8116,13.5800,-79.12,-79.12
51338,180,18.4154,13.5800,-79.12,-79.12
51348,180,18.4154,13.4852,-79.12,-79.12
51348,180,18.5011,13.4852,-79.12,-79.12
51359,180,15.4176,13.4852,-79.12,-79.12
51360,180,15.4176,13.2010,-79.12,-79.12
51370,180,15.7602,13.2010,-79.12,-79.12
51372,180,15.7602,13.2371,-79.12,-79.12
51381,180,2.9122,13.2371,-79.12,-79.12
51384,180,2.9122,13.4852,-79.12,-79.12
51392,180,13.8758,13.4852,-79.12,-79.12
51396,180,13.8758,13.4356,-79.12,-79.12
51403,180,15.8458,13.4356,-79.12,-79.12
51407,180,15.8458,13.4627,-79.12,-79.12
51414,180,16.7880,13.4627,-79.12,-79.12
51419,180,16.7880,13.0250,-79.12,-79.12
51425,180,17.2163,13.0250,-79.12,-79.12
51431,180,17.2163,12.9980,-79.12,-79.12
51436,180,14.2184,12.9980,-79.12,-79.12
51443,180,14.2184,13.2190,-79.12,-79.12
51447,180,18.1585,13.2190,-79.12,-79.12
51455,180,18.1585,13.2957,-79.12,-79.12
51458,180,13.9615,13.2957,-79.12,-79.12
51467,180,13.9615,12.9754,-79.12,-79.12
51469,180,20.4711,12.9754,-79.12,-79.12
51478,180,20.4711,13.1017,-79.12,-79.12
51480,180,13.7045,13.1017,-79.12,-79.12
51490,180,13.7045,13.3544,-79.12,-79.12
51491,180,16.1884,13.3544,-79.12,-79.12
51502,180,16.1884,13.6567,-79.12,-79.12
51502,180,6.6809,13.6567,-79.12,-79.12
51513,180,8.8223,13.6567,-79.12,-79.12
51514,180,8.8223,13.3499,-79.12,-77.68
51524,180,16.0171,13.3499,-79.12,-77.68
51526,180,16.0171,13.3138,-79.12,-79.12
51535,180,14.0471,13.3138,-79.12,-79.12
51538,180,14.0471,13.0882,-79.12,-79.12
51546,180,14.7323,13.0882,-79.12,-79.12
51549,180,14.7323,13.2687,-79.12,-79.12
51557,180,15.5032,13.2687,-79.12,-79.12
51561,180,15.5032,13.3544,-79.12,-79.12
51568,180,13.4475,13.3544,-79.12,-79.12
51573,180,13.4475,13.3860,-79.12,-79.12
51579,180,7.6231,13.3860,-79.12,-79.12
51585,180,7.6231,13.4491,-79.12,-79.12
51590,180,17.0450,13.4491,-79.12,-79.12
51597,180,17.0450,13.4130,-79.12,-79.12
51601,180,10.7066,13.4130,-79.12,-79.12
51609,180,10.7066,13.7559,-79.12,-79.12
51612,180,21.2420,13.7559,-79.12,-79.12
51620,180,21.2420,13.6973,-79.12,-79.12
51623,180,20.8994,13.6973,-79.12,-79.12
51632,180,20.8994,13.6567,-79.12,-79.12
51634,180,26.4668,13.6567,-79.12,-79.12
51644,180,26.4668,13.4942,-79.12,-79.12
51645,180,20.4711,13.4942,-79.12,-79.12
51656,180,11.0493,13.4942,-79.12,-79.12
51656,180,11.0493,13.3860,-79.12,-79.12
51667,180,11.8201,13.3860,-79.12,-79.12
51668,180,11.8201,13.6522,-79.12,-79.12
51678,180,7.4518,13.6522,-79.12,-79.12
51680,180,7.4518,13.5303,-79.12,-79.12
51689,180,7.5375,13.5303,-79.12,-79.12
51691,180,7.5375,13.6025,-79.12,-79.12
51700,180,9.6788,13.6025,-79.12,-79.12
51703,180,9.6788,13.3499,-79.12,-79.12
51711,180,15.2463,13.3499,-79.12,-79.12
51715,180,15.2463,13.3228,-79.12,-79.12
51722,180,7.6231,13.3228,-79.12,-79.12
51727,180,7.6231,13.4221,-79.12,-79.12
51733,180,13.5332,13.4221,-79.12,-77.68
51739,180,13.5332,13.2957,-79.12,-79.12
51751,180,13.5332,13.2551,-79.12,-79.12
51755,180,20.0428,13.2551,-79.12,-79.12
51762,180,20.0428,13.5439,-79.12,-79.12
51766,180,18.3298,13.5439,-79.12,-79.12
51774,180,18.3298,13.3093,-79.12,-79.12
51777,180,12.2484,13.3093,-79.12,-79.12
51786,180,12.2484,13.1469,-79.12,-77.68
51788,180,14.9036,13.1469,-79.12,-79.12
51798,180,14.9036,13.2055,-79.12,-79.12
51798,180,10.6210,13.2055,-79.12,-79.12
51809,180,17.7302,13.2055,-79.12,-77.68
51810,180,17.7302,13.5484,-79.12,-79.12
51820,180,16.0171,13.5484,-79.12,-79.12
51822,180,16.0171,13.2506,-79.12,-79.12
51831,180,18.7580,13.2506,-79.12,-77.68
51833,180,18.7580,13.3589,-79.12,-79.12
51842,180,12.4197,13.3589,-79.12,-79.12
51845,180,12.4197,13.9364,-79.12,-79.12
51853,180,5.7388,13.9364,-79.12,-79.12
51857,180,5.7388,13.7198,-79.12,-79.12
51864,180,3.3405,13.7198,-79.12,-79.12
51869,180,3.3405,13.4311,-79.12,-79.12
51875,180,19.0150,13.4311,-79.12,-79.12
51881,180,19.0150,13.1649,-79.12,-79.12
51886,180,16.4454,13.1649,-79.12,-79.12
51893,180,16.4454,13.1243,-79.12,-79.12
51897,180,12.0771,13.1243,-79.12,-79.12
51904,180,12.0771,13.4176,-79.12,-79.12
51908,180,23.2976,13.4176,-79.12,-79.12
51916,180,23.2976,13.6116,-79.12,-79.12
51919,180,11.7345,13.6116,-79.12,-79.12
51928,180,11.7345,13.5168,-79.12,-79.12
51930,180,9.2505,13.5168,-79.12,-79.12
51940,180,9.2505,13.9319,-79.12,-79.12
51941,180,4.6253,13.9319,-79.12,-79.12
51952,180,4.6253,14.0537,-79.12,-79.12
51952,180,23.5546,14.0537,-79.12,-79.12
51963,180,21.3276,14.0537,-79.12,-79.12
51964,180,21.3276,13.7830,-79.12,-79.12
51974,180,20.5567,13.7830,-79.12,-79.12
51975,180,20.5567,13.4085,-79.12,-79.12
51985,180,16.4454,13.4085,-79.12,-79.12
51987,180,16.4454,13.4536,-79.12,-79.12
51996,180,18.6724,13.4536,-79.12,-79.12
51999,180,18.6724,13.4672,-79.12,-79.12
52007,180,16.4454,13.4672,-79.12,-79.12
52011,180,16.4454,13.3499,-79.12,-79.12
52018,180,13.2762,13.3499,-79.12,-79.12
52023,180,13.2762,12.9574,-79.12,-79.12
52029,180,21.9272,12.9574,-79.12,-79.12
52034,180,21.9272,13.1920,-79.12,-79.12
52040,180,17.6445,13.1920,-79.12,-79.12
52046,180,17.6445,13.6522,-79.12,-79.12
52051,180,22.2698,13.6522,-79.12,-79.12
52058,180,22.2698,13.1920,-79.12,-79.12
52062,180,12.5054,13.1920,-79.12,-79.12
52070,180,12.5054,13.3318,-79.12,-79.12
52073,180,22.7837,13.3318,-79.12,-79.12
52082,180,22.7837,13.6522,-79.12,-79.12
52084,180,11.5632,13.6522,-79.12,-79.12
52094,180,11.5632,13.2642,-79.12,-79.12
52095,180,8.5653,13.2642,-79.12,-79.12
52105,180,8.5653,12.9980,-79.12,-79.12
52106,180,15.4176,12.9980,-79.12,-79.12
52117,180,19.4433,12.9980,-79.12,-79.12
52117,180,19.4433,13.1288,-79.12,-79.12
52128,180,17.3019,13.1288,-79.12,-79.12
52129,180,17.3019,13.2732,-79.12,-79.12
52139,180,16.1028,13.2732,-79.12,-79.12
52141,180,16.1028,13.3995,-79.12,-79.12
52150,180,24.6681,13.3995,-79.12,-79.12
52153,180,24.6681,13.3273,-79.12,-79.12
52161,180,14.1328,13.3273,-79.12,-79.12
52165,180,14.1328,13.3183,-79.12,-79.12
52172,180,16.5310,13.3183,-79.12,-79.12
52176,180,16.5310,13.1604,-79.12,-79.12
52183,180,11.8201,13.1604,-77.68,-79.12
52188,180,11.8201,13.3724,-79.12,-79.12
52194,180,18.5011,13.3724,-79.12,-79.12
52200,180,18.5011,13.2100,-79.12,-79.12
52205,180,15.5032,13.2100,-79.12,-79.12
52212,180,15.5032,13.3724,-79.12,-79.12
52216,180,11.3062,13.3724,-79.12,-79.12
52224,180,11.3062,13.2596,-79.12,-79.12
52227,180,19.1863,13.2596,-79.12,-79.12
52236,180,19.1863,13.2867,-79.12,-79.12
52238,180,17.9872,13.2867,-79.12,-79.12
52247,180,17.9872,13.2055,-79.12,-79.12
52249,180,20.8137,13.2055,-79.12,-79.12
52259,180,20.8137,13.1739,-79.12,-79.12
52259,180,15.0749,13.1739,-79.12,-77.68
52270,180,20.0428,13.1739,-79.12,-79.12
52271,180,20.0428,13.1649,-79.12,-79.12
52281,180,9.5931,13.1649,-79.12,-79.12
52283,180,9.5931,13.2055,-79.12,-79.12
52292,180,10.9636,13.2055,-79.12,-79.12
52295,180,10.9636,12.9032,-79.12,-79.12
52303,180,16.0171,12.9032,-79.12,-79.12
52307,180,16.0171,12.7318,-79.12,-79.12
52314,180,16.1884,12.7318,-79.12,-79.12
52318,180,16.1884,13.1153,-79.12,-79.12
52325,180,19.7002,13.1153,-79.12,-79.12
52330,180,19.7002,13.4446,-79.12,-79.12
52336,180,17.3876,13.4446,-79.12,-79.12
52342,180,17.3876,13.4672,-79.12,-79.12
52347,180,14.4754,13.4672,-79.12,-79.12
52354,180,14.4754,13.3138,-79.12,-77.68
52358,180,12.4197,13.3138,-79.12,-79.12
52366,180,12.4197,13.2416,-79.12,-79.12
52369,180,21.0707,13.2416,-79.12,-79.12
52378,180,21.0707,13.2687,-79.12,-79.12
52380,180,19.8715,13.2687,-79.12,-79.12
52389,180,19.8715,13.2912,-79.12,-79.12
52391,180,23.8116,13.2912,-79.12,-79.12
52401,180,23.8116,13.2281,-77.68,-79.12
52402,180,14.1328,13.2281,-79.12,-79.12
52413,180,14.1328,13.5935,-79.12,-79.12
52413,180,11.0493,13.5935,-79.12,-79.12
52424,180,6.5953,13.5935,-79.12,-79.12
52425,180,6.5953,13.8552,-79.12,-79.12
52435,180,7.2805,13.8552,-79.12,-79.12
52437,180,7.2805,13.2236,-79.12,-79.12
52446,180,11.1349,13.2236,-79.12,-79.12
52449,180,11.1349,13.1469,-79.12,-77.68
52457,180,15.5032,13.1469,-77.68,-79.12
52460,180,15.5032,12.7228,-79.12,-79.12
52468,180,13.3619,12.7228,-79.12,-79.12
52472,180,13.3619,12.7724,-79.12,-79.12
52479,180,12.9336,12.7724,-79.12,-79.12
52484,180,12.9336,12.7002,-79.12,-79.12
52490,180,22.4411,12.7002,-79.12,-79.12
52496,180,22.4411,12.8401,-79.12,-79.12
52501,180,11.9058,12.8401,-79.12,-79.12
52508,180,11.9058,13.1920,-79.12,-79.12
52512,180,13.7901,13.1920,-79.12,-79.12
52520,180,13.7901,12.9122,-79.12,-79.12
52523,180,11.9058,12.9122,-79.12,-79.12
52531,180,11.9058,13.3724,-79.12,-79.12
52534,180,12.3340,13.3724,-79.12,-79.12
52543,180,12.3340,13.6116,-79.12,-79.12
52545,180,13.4475,13.6116,-79.12,-79.12
52555,180,13.4475,13.5123,-79.12,-79.12
52556,180,17.7302,13.5123,-79.12,-79.12
52567,180,20.2998,13.5123,-79.12,-79.12
52567,180,20.2998,13.6973,-79.12,-79.12
52578,180,13.3619,13.6973,-79.12,-79.12
52579,180,13.3619,13.7785,-79.12,-79.12
52589,180,11.2206,13.7785,-79.12,-79.12
52591,180,11.2206,13.6251,-79.12,-79.12
52600,180,9.7645,13.6251,-79.12,-77.68
52602,180,9.7645,13.8191,-79.12,-79.12
52611,180,22.7837,13.8191,-79.12,-77.68
52614,180,22.7837,14.0627,-79.12,-79.12
52622,180,14.0471,14.0627,-79.12,-77.68
52626,180,14.0471,14.0311,-79.12,-79.12
52633,180,19.1006,14.0311,-79.12,-79.12
52638,180,19.1006,13.4130,-79.12,-79.12
52644,180,13.3619,13.4130,-79.12,-79.12
52650,180,13.3619,13.5123,-79.12,-79.12
52655,180,6.8522,13.5123,-79.12,-79.12
52662,180,6.8522,13.4807,-79.12,-79.12
52666,180,10.8779,13.4807,-79.12,-79.12
52673,180,10.8779,13.6431,-79.12,-79.12
52677,180,14.9036,13.6431,-79.12,-79.12
52685,180,14.9036,13.6296,-79.12,-79.12
52688,180,17.3019,13.6296,-79.12,-79.12
52697,180,17.3019,13.3950,-79.12,-79.12
52698,180,17.7302,13.3950,-79.12,-77.68
52709,180,17.7302,13.4988,-79.12,-79.12
52709,180,16.8737,13.4988,-79.12,-79.12
52720,180,16.5310,13.4988,-79.12,-77.68
52721,180,16.5310,13.2777,-79.12,-79.12
52731,180,21.1563,13.2777,-79.12,-79.12
52733,180,21.1563,13.3318,-79.12,-79.12
52742,180,4.0257,13.3318,-79.12,-79.12
52744,180,4.0257,13.6251,-79.12,-77.68
52753,180,10.1071,13.6251,-79.12,-79.12
52756,180,10.1071,13.7018,-79.12,-77.68
52764,180,11.0493,13.7018,-79.12,-79.12
52768,180,11.0493,13.7965,-79.12,-79.12
52775,180,17.0450,13.7965,-79.12,-79.12
52780,180,17.0450,13.4717,-79.12,-79.12
52786,180,16.1884,13.4717,-79.12,-79.12
52792,180,16.1884,13.4762,-77.68,-79.12
52797,180,11.0493,13.4762,-79.12,-79.12
52804,180,11.0493,13.3724,-79.12,-79.12
52808,180,6.2527,13.3724,-79.12,-79.12
52815,180,6.2527,13.4040,-79.12,-79.12
52819,180,8.2227,13.4040,-79.12,-79.12
52827,180,8.2227,13.4717,-79.12,-79.12
52830,180,20.8137,13.4717,-79.12,-79.12
52839,180,20.8137,13.4988,-79.12,-79.12
52841,180,20.2998,13.4988,-79.12,-79.12
52851,180,20.2998,13.4942,-79.12,-79.12
52852,180,20.3854,13.4942,-79.12,-79.12
52863,180,20.3854,13.3634,-79.12,-79.12
52863,180,17.3876,13.3634,-79.12,-79.12
52874,180,22.1842,13.3634,-79.12,-79.12
52875,180,22.1842,13.2957,-79.12,-79.12
52885,180,15.7602,13.2957,-79.12,-79.12
52886,180,15.7602,13.2777,-79.12,-79.12
52896,180,19.5289,13.2777,-79.12,-79.12
52898,180,19.5289,13.6882,-79.12,-79.12
52907,180,16.1028,13.6882,-79.12,-79.12
52910,180,16.1028,14.0311,-79.12,-79.12
52918,180,15.5889,14.0311,-79.12,-79.12
52922,180,15.5889,13.4311,-79.12,-79.12
52929,180,14.9893,13.4311,-79.12,-79.12
52934,180,14.9893,13.0566,-79.12,-79.12
52940,180,8.1370,13.0566,-79.12,-79.12
52946,180,8.1370,13.1469,-79.12,-79.12
52951,180,17.7302,13.1469,-79.12,-79.12
52957,180,17.7302,12.9664,-79.12,-79.12
52962,180,12.8480,12.9664,-79.12,-79.12
52969,180,12.8480,13.0656,-79.12,-79.12
52973,180,15.9315,13.0656,-79.12,-79.12
52981,180,15.9315,13.1108,-79.12,-79.12
52984,180,11.4775,13.1108,-79.12,-79.12
52993,180,11.4775,13.4176,-79.12,-79.12
52995,180,9.5075,13.4176,-79.12,-79.12
53005,180,9.5075,13.3002,-79.12,-79.12
53006,180,14.3041,13.3002,-79.12,-79.12
53017,180,14.3041,13.1694,-79.12,-79.12
53017,180,8.6510,13.1694,-79.12,-79.12
53028,180,10.9636,13.1694,-79.12,-79.12
53028,180,10.9636,13.0386,-79.12,-79.12
53039,180,8.5653,13.0386,-79.12,-79.12
53040,180,8.5653,13.3273,-79.12,-79.12
53050,180,9.5931,13.3273,-77.68,-79.12
53052,180,9.5931,13.4627,-79.12,-79.12
53061,180,0.2570,13.4627,-79.12,-79.12
53064,180,0.2570,13.5078,-79.12,-79.12
53072,180,7.7088,13.5078,-79.12,-79.12
53076,180,7.7088,13.5168,-79.12,-79.12
53083,180,7.3662,13.5168,-79.12,-79.12
53088,180,7.3662,13.7018,-79.12,-79.12
53094,180,10.1927,13.7018,-79.12,-79.12
53099,180,10.1927,13.0927,-79.12,-79.12
53105,180,8.7366,13.0927,-79.12,-79.12
53111,180,8.7366,13.4717,-79.12,-79.12
53116,180,12.8480,13.4717,-79.12,-79.12
53123,180,12.8480,13.6522,-79.12,-79.12
53127,180,18.2441,13.6522,-79.12,-79.12
53135,180,18.2441,13.3815,-79.12,-79.12
53137,180,10.3640,13.3815,-79.12,-79.12
53147,180,10.3640,13.3318,-79.12,-79.12
53148,180,10.4497,13.3318,-79.12,-79.12
53159,180,10.4497,13.7649,-79.12,-79.12
53159,180,9.7645,13.7649,-79.12,-79.12
53170,180,9.7645,13.6431,-79.12,-79.12
53170,180,18.4154,13.6431,-79.12,-79.12
53181,180,10.0214,13.6431,-79.12,-79.12
53182,180,10.0214,13.3273,-79.12,-79.12
53192,180,19.7002,13.3273,-79.12,-79.12
53194,180,19.7002,13.2687,-79.12,-79.12
53203,180,14.9036,13.2687,-79.12,-79.12
53206,180,14.9036,13.1875,-79.12,-79.12
53214,180,16.7024,13.1875,-79.12,-79.12
53218,180,16.7024,13.4627,-79.12,-79.12
53225,180,11.8201,13.4627,-79.12,-79.12
53230,180,11.8201,13.8055,-79.12,-79.12
53236,180,16.3597,13.8055,-79.12,-79.12
53241,180,16.3597,14.0221,-79.12,-79.12
53247,180,18.9293,14.0221,-79.12,-79.12
53253,180,18.9293,13.7469,-79.12,-79.12
53258,180,14.1328,13.7469,-79.12,-79.12
53265,180,14.1328,13.2732,-79.12,-79.12
53269,180,16.3597,13.2732,-79.12,-79.12
53277,180,16.3597,13.0566,-79.12,-79.12
53280,180,19.1006,13.0566,-79.12,-79.12
53289,180,19.1006,13.3679,-79.12,-79.12
53291,180,21.8415,13.3679,-79.12,-79.12
53301,180,21.8415,13.2190,-79.12,-79.12
53302,180,12.0771,13.2190,-79.12,-79.12
53312,180,12.0771,13.0837,-79.12,-79.12
53313,180,23.8972,13.0837,-79.12,-79.12
53324,180,21.4133,13.0837,-79.12,-79.12
53324,180,21.4133,13.3048,-79.12,-79.12
53335,180,18.9293,13.3048,-79.12,-79.12
53336,180,18.9293,13.2326,-79.12,-79.12
53346,180,17.9872,13.2326,-79.12,-79.12
53348,180,17.9872,13.5439,-79.12,-79.12
53357,180,9.8501,13.5439,-79.12,-77.68
53360,180,9.8501,13.0747,-79.12,-79.12
53368,180,12.6767,13.0747,-79.12,-79.12
53372,180,12.6767,13.0837,-79.12,-79.12
53379,180,9.4218,13.0837,-79.12,-79.12
53383,180,9.4218,13.1153,-79.12,-79.12
53390,180,16.7880,13.1153,-79.12,-77.68
53395,180,16.7880,13.3544,-79.12,-77.68
53401,180,9.0792,13.3544,-79.12,-79.12
53407,180,9.0792,13.4130,-79.12,-79.12
53412,180,20.3854,13.4130,-79.12,-79.12
53419,180,20.3854,13.1784,-79.12,-79.12
53423,180,11.9914,13.1784,-79.12,-79.12
53431,180,11.9914,13.0341,-79.12,-79.12
53434,180,17.1306,13.0341,-79.12,-79.12
53443,180,17.1306,12.9438,-79.12,-79.12
53445,180,15.3319,12.9438,-79.12,-79.12
53454,180,15.3319,12.8175,-79.12,-79.12
53456,180,15.8458,12.8175,-79.12,-79.12
53466,180,15.8458,13.2326,-79.12,-79.12
53467,180,4.8822,13.2326,-79.12,-79.12
53478,180,9.5075,13.2326,-79.12,-79.12
53478,180,9.5075,13.0656,-79.12,-79.12
53489,180,11.5632,13.0656,-79.12,-79.12
53490,180,11.5632,12.8536,-79.12,-79.12
53500,180,8.6510,12.8536,-79.12,-79.12
53502,180,8.6510,12.8446,-79.12,-79.12
53511,180,17.2163,12.8446,-79.12,-79.12
53514,180,17.2163,13.1153,-79.12,-79.12
53522,180,18.4154,13.1153,-79.12,-79.12
53525,180,18.4154,13.5303,-79.12,-79.12
53533,180,20.4711,13.5303,-79.12,-79.12
53537,180,20.4711,13.4897,-79.12,-79.12
53544,180,7.1092,13.4897,-79.12,-79.12
53549,180,7.1092,13.3724,-79.12,-79.12
53555,180,11.3062,13.3724,-79.12,-79.12
53561,180,11.3062,13.2551,-79.12,-79.12
53566,180,11.6488,13.2551,-79.12,-79.12
53573,180,11.6488,13.1062,-79.12,-79.12
53577,180,15.9315,13.1062,-79.12,-79.12
53585,180,15.9315,12.8401,-79.12,-79.12
53587,180,15.6745,12.8401,-79.12,-79.12
53596,180,15.6745,12.5739,-79.12,-79.12
53598,180,16.4454,12.5739,-79.12,-79.12
53608,180,16.4454,13.0160,-79.12,-79.12
53609,180,10.1071,13.0160,-79.12,-79.12
53620,180,10.1071,12.9168,-79.12,-79.12
53620,180,8.2227,12.9168,-79.12,-79.12
53631,180,17.2163,12.9168,-79.12,-79.12
53632,180,17.2163,13.0882,-79.12,-79.12
53642,180,4.7966,13.0882,-79.12,-79.12
53644,180,4.7966,13.4401,-79.12,-79.12
53653,180,8.4797,13.4401,-79.12,-79.12
53656,180,8.4797,13.4040,-79.12,-79.12
53664,180,4.3683,13.4040,-79.12,-79.12
53667,180,4.3683,13.3544,-79.12,-79.12
53675,180,8.3084,13.3544,-79.12,-79.12
53679,180,8.3084,12.9168,-79.12,-79.12
53686,180,10.8779,12.9168,-79.12,-79.12
53691,180,10.8779,12.7047,-79.12,-77.68
53697,180,8.8223,12.7047,-79.12,-79.12
53703,180,8.8223,12.8446,-79.12,-79.12
53708,180,14.2184,12.8446,-79.12,-79.12
53715,180,14.2184,12.7995,-79.12,-79.12
53719,180,11.3062,12.7995,-79.12,-79.12
53727,180,11.3062,13.1017,-79.12,-79.12
53730,180,11.7345,13.1017,-79.12,-79.12
53738,180,11.7345,13.1243,-79.12,-79.12
53741,180,2.4839,13.1243,-79.12,-79.12
53750,180,2.4839,12.9213,-79.12,-79.12
53752,180,13.5332,12.9213,-79.12,-79.12
53762,180,13.5332,13.0792,-79.12,-79.12
53763,180,10.7923,13.0792,-79.12,-79.12
53774,180,10.7923,12.9619,-79.12,-79.12
53774,180,7.7088,12.9619,-79.12,-79.12
53785,180,-0.1713,12.9619,-79.12,-79.12
53786,180,-0.1713,13.0386,-79.12,-79.12
53796,180,3.9400,13.0386,-79.12,-79.12
53798,180,3.9400,13.2777,-79.12,-79.12
53807,180,11.3062,13.2777,-79.12,-79.12
53809,180,11.3062,13.4176,-79.12,-79.12
53818,180,15.8458,13.4176,-79.12,-79.12
53821,180,15.8458,13.3318,-79.12,-79.12
53829,180,16.9593,13.3318,-79.12,-79.12
53833,180,16.9593,13.3679,-79.12,-79.12
53840,180,4.2827,13.3679,-79.12,-79.12
53845,180,4.2827,13.4266,-79.12,-79.12
53851,180,7.5375,13.4266,-79.12,-79.12
53857,180,7.5375,13.4446,-79.12,-79.12
53862,180,6.6809,13.4446,-79.12,-79.12
53869,180,6.6809,13.7604,-79.12,-79.12
53873,180,19.5289,13.7604,-79.12,-79.12
53880,180,19.5289,13.6973,-79.12,-79.12
53884,180,15.2463,13.6973,-79.12,-79.12
53892,180,15.2463,13.0882,-79.12,-79.12
53895,180,24.2398,13.0882,-77.68,-79.12
53904,180,24.2398,12.6009,-79.12,-79.12
53906,180,14.3897,12.6009,-79.12,-79.12
53916,180,14.3897,12.6551,-79.12,-79.12
53917,180,16.9593,12.6551,-79.12,-77.68
53928,180,16.9593,13.1829,-79.12,-79.12
53928,180,24.4111,13.1829,-79.12,-79.12
53939,180,17.4732,13.1829,-79.12,-79.12
53940,180,17.4732,13.2145,-79.12,-79.12
53950,180,13.4475,13.2145,-79.12,-79.12
53951,180,13.4475,13.3183,-79.12,-79.12
53961,180,6.5953,13.3183,-79.12,-79.12
53963,180,6.5953,13.4852,-79.12,-79.12
53972,180,7.7944,13.4852,-79.12,-79.12
53975,180,7.7944,13.4356,-79.12,-79.12
53983,180,6.9379,13.4356,-79.12,-79.12
53987,180,6.9379,13.3183,-79.12,-79.12
53994,180,9.8501,13.3183,-79.12,-79.12
53999,180,9.8501,13.1920,-79.12,-79.12
54005,180,8.1370,13.1920,-79.12,-79.12
54011,180,8.1370,13.0882,-79.12,-79.12
54016,180,9.8501,13.0882,-79.12,-79.12
54022,180,9.8501,13.2506,-79.12,-79.12
54027,180,16.1028,13.2506,-79.12,-79.12
54034,180,16.1028,13.4807,-79.12,-79.12
54037,180,10.0214,13.4807,-79.12,-79.12
54046,180,10.0214,13.1108,-79.12,-79.12
54048,180,5.9957,13.1108,-79.12,-79.12
54058,180,5.9957,13.2100,-79.12,-79.12
54059,180,9.8501,13.2100,-79.12,-79.12
54070,180,9.8501,13.1423,-79.12,-77.68
54070,180,15.2463,13.1423,-79.12,-79.12
54081,180,13.8758,13.1423,-79.12,-79.12
54082,180,13.8758,13.1875,-79.12,-79.12
54092,180,15.3319,13.1875,-79.12,-79.12
54093,180,15.3319,12.9122,-79.12,-79.12
54103,180,12.8480,12.9122,-79.12,-79.12
54114,180,18.9293,12.9122,-79.12,-79.12
54117,180,18.9293,12.9348,-79.12,-79.12
54125,180,17.3019,12.9348,-79.12,-79.12
54129,180,17.3019,13.1333,-79.12,-79.12
54136,180,18.9293,13.1333,-79.12,-79.12
54141,180,18.9293,13.1288,-79.12,-79.12
54147,180,19.2719,13.1288,-79.12,-79.12
54152,180,19.2719,13.2416,-79.12,-79.12
54158,180,15.1606,13.2416,-79.12,-79.12
54164,180,15.1606,13.6116,-79.12,-79.12
54169,180,16.6167,13.6116,-79.12,-79.12
54176,180,16.6167,14.0853,-79.12,-79.12
54180,180,8.9079,14.0853,-79.12,-79.12
54188,180,8.9079,13.7018,-79.12,-79.12
54200,180,8.9079,13.2732,-79.12,-79.12
54202,180,1.0278,13.2732,-79.12,-79.12
54212,180,1.0278,13.6296,-79.12,-79.12
54213,180,14.7323,13.6296,-79.12,-79.12
54223,180,14.7323,13.1288,-79.12,-79.12
54224,180,19.1863,13.1288,-79.12,-79.12
54235,180,24.1542,13.1288,-79.12,-77.68
54235,180,24.1542,12.8942,-79.12,-79.12
54246,180,19.7859,12.8942,-79.12,-79.12
54247,180,19.7859,12.9935,-79.12,-79.12
54257,180,14.9036,12.9935,-79.12,-79.12
54259,180,14.9036,13.1965,-79.12,-79.12
54268,180,15.1606,13.1965,-79.12,-79.12
54271,180,15.1606,13.8371,-79.12,-79.12
54279,180,19.7859,13.8371,-79.12,-79.12
54283,180,19.7859,13.7289,-79.12,-79.12
54290,180,17.9872,13.7289,-79.12,-79.12
54294,180,17.9872,13.1378,-79.12,-79.12
54301,180,13.1049,13.1378,-79.12,-77.68
54306,180,13.1049,13.1153,-79.12,-79.12
54312,180,19.3576,13.1153,-79.12,-77.68
54318,180,19.3576,13.2732,-79.12,-79.12
54323,180,11.3919,13.2732,-79.12,-79.12
54330,180,11.3919,13.2236,-79.12,-79.12
54334,180,17.7302,13.2236,-79.12,-79.12
54342,180,17.7302,13.2732,-79.12,-79.12
54345,180,10.4497,13.2732,-79.12,-79.12
54354,180,10.4497,13.5439,-79.12,-79.12
54356,180,9.5931,13.5439,-79.12,-79.12
54365,180,9.5931,13.8326,-77.68,-79.12
54367,180,15.9315,13.8326,-79.12,-79.12
54377,180,15.9315,13.5213,-79.12,-79.12
54378,180,21.3276,13.5213,-79.12,-79.12
54389,180,17.5589,13.5213,-79.12,-79.12
54389,180,17.5589,13.3363,-79.12,-79.12
54400,180,8.0514,13.3363,-79.12,-79.12
54401,180,8.0514,13.2912,-79.12,-79.12
54411,180,11.0493,13.2912,-79.12,-79.12
54413,180,11.0493,13.3634,-79.12,-79.12
54422,180,4.1970,13.3634,-79.12,-79.12
54425,180,4.1970,12.9529,-79.12,-79.12
54433,180,19.3576,12.9529,-79.12,-79.12
54436,180,19.3576,12.7904,-79.12,-79.12
54444,180,15.9315,12.7904,-79.12,-79.12
54448,180,15.9315,13.5439,-79.12,-79.12
54455,180,14.9893,13.5439,-79.12,-79.12
54460,180,14.9893,13.3093,-79.12,-79.12
54466,180,13.7901,13.3093,-79.12,-79.12
54472,180,13.7901,12.7092,-79.12,-79.12
54477,180,9.8501,12.7092,-79.12,-79.12
54484,180,9.8501,12.8626,-79.12,-79.12
54487,180,13.1906,12.8626,-79.12,-77.68
54496,180,13.1906,12.9574,-77.68,-79.12
54498,180,9.8501,12.9574,-79.12,-79.12
54507,180,9.8501,12.9213,-79.12,-79.12
54509,180,16.7024,12.9213,-79.12,-79.12
54519,180,16.7024,12.9122,-79.12,-79.12
54520,180,12.5910,12.9122,-79.12,-79.12
54531,180,12.5910,12.9664,-79.12,-79.12
54531,180,26.5525,12.9664,-79.12,-79.12
54542,180,18.0728,12.9664,-79.12,-79.12
54543,180,18.0728,13.1288,-79.12,-79.12
54553,180,20.5567,13.1288,-79.12,-79.12
54555,180,20.5567,12.8130,-79.12,-79.12
54564,180,16.3597,12.8130,-79.12,-79.12
54567,180,16.3597,12.9393,-79.12,-79.12
54575,180,19.0150,12.9393,-79.12,-79.12
54578,180,19.0150,13.2416,-79.12,-77.68
54586,180,15.5889,13.2416,-79.12,-79.12
54590,180,15.5889,13.2281,-79.12,-79.12
54597,180,14.9036,13.2281,-79.12,-79.12
54602,180,14.9036,12.9483,-79.12,-79.12
54608,180,21.9272,12.9483,-79.12,-79.12
54614,180,21.9272,12.5694,-79.12,-79.12
54619,180,20.2141,12.5694,-79.12,-79.12
54626,180,20.2141,12.7047,-79.12,-79.12
54630,180,17.1306,12.7047,-79.12,-79.12
54638,180,17.1306,13.2867,-79.12,-79.12
54641,180,8.6510,13.2867,-79.12,-79.12
54649,180,8.6510,13.4807,-79.12,-79.12
54652,180,6.5096,13.4807,-79.12,-79.12
54661,180,6.5096,12.8942,-79.12,-79.12
54663,180,1.7987,12.8942,-79.12,-79.12
54673,180,1.7987,13.0070,-79.12,-79.12
54674,180,19.7002,13.0070,-79.12,-77.68
54685,180,19.7002,13.5890,-79.12,-79.12
54685,180,18.9293,13.5890,-79.12,-79.12
54696,180,19.9572,13.5890,-79.12,-79.12
54697,180,19.9572,13.6070,-79.12,-77.68
54707,180,19.2719,13.6070,-79.12,-79.12
54709,180,19.2719,13.6206,-79.12,-79.12
54718,180,16.3597,13.6206,-79.12,-79.12
54720,180,16.3597,13.4717,-79.12,-79.12
54729,180,18.4154,13.4717,-79.12,-79.12
54732,180,18.4154,13.1784,-79.12,-79.12
54740,180,15.3319,13.1784,-79.12,-79.12
54744,180,15.3319,13.3815,-79.12,-79.12
54751,180,25.0107,13.3815,-79.12,-79.12
54756,180,25.0107,13.4942,-77.68,-79.12
54762,180,13.1049,13.4942,-79.12,-79.12
54768,180,13.1049,13.4266,-79.12,-79.12
54773,180,19.4433,13.4266,-79.12,-79.12
54780,180,19.4433,13.3409,-79.12,-79.12
54784,180,14.6467,13.3409,-77.68,-79.12
54791,180,14.6467,13.3499,-79.12,-79.12
54795,180,21.5846,13.3499,-79.12,-79.12
54803,180,21.5846,13.2867,-79.12,-79.12
54806,180,18.5867,13.2867,-79.12,-79.12
54815,180,18.5867,13.0702,-79.12,-79.12
54817,180,14.3041,13.0702,-79.12,-79.12
54827,180,14.3041,13.2506,-79.12,-77.68
54828,180,18.9293,13.2506,-79.12,-79.12
54839,180,17.9872,13.2506,-79.12,-79.12
54839,180,17.9872,13.4717,-79.12,-79.12
54850,180,15.3319,13.4717,-79.12,-77.68
54851,180,15.3319,13.6973,-79.12,-79.12
54861,180,9.1649,13.6973,-79.12,-79.12
54862,180,9.1649,13.5980,-77.68,-79.12
54872,180,16.1884,13.5980,-79.12,-79.12
54874,180,16.1884,13.3002,-79.12,-79.12
54883,180,13.5332,13.3002,-79.12,-79.12
54886,180,13.5332,13.7695,-79.12,-79.12
54894,180,27.8373,13.7695,-79.12,-79.12
54898,180,27.8373,13.6612,-79.12,-79.12
54905,180,15.1606,13.6612,-79.12,-77.68
54910,180,15.1606,13.4311,-79.12,-79.12
54916,180,10.5353,13.4311,-79.12,-79.12
54922,180,10.5353,12.9303,-79.12,-79.12
54926,180,9.1649,12.9303,-79.12,-79.12
54933,180,9.1649,13.0341,-79.12,-79.12
54937,180,14.7323,13.0341,-79.12,-79.12
54945,180,14.7323,13.1739,-79.12,-79.12
54948,180,16.9593,13.1739,-79.12,-79.12
54957,180,16.9593,13.1153,-79.12,-79.12
54959,180,10.2784,13.1153,-79.12,-79.12
54969,180,10.2784,13.1378,-79.12,-79.12
54970,180,15.4176,13.1378,-79.12,-79.12
54981,180,15.4176,13.1288,-79.12,-79.12
54981,180,12.9336,13.1288,-79.12,-79.12
54992,180,16.4454,13.1288,-79.12,-79.12
54993,180,16.4454,13.4897,-79.12,-79.12
55003,180,9.1649,13.4897,-79.12,-79.12
55004,180,9.1649,13.2281,-79.12,-79.12
55014,180,16.5310,13.2281,-79.12,-79.12
55016,180,16.5310,13.1108,-79.12,-79.12
55025,180,12.4197,13.1108,-79.12,-79.12
55028,180,12.4197,13.2912,-79.12,-79.12
55036,180,17.8158,13.2912,-79.12,-79.12
55040,180,17.8158,12.8491,-79.12,-79.12
55047,180,15.7602,12.8491,-79.12,-79.12
55052,180,15.7602,12.9032,-79.12,-79.12
55058,180,13.1906,12.9032,-79.12,-79.12
55064,180,13.1906,12.4611,-79.12,-79.12
55069,180,15.6745,12.4611,-79.12,-79.12
55075,180,15.6745,12.6461,-79.12,-79.12
55080,180,11.7345,12.6461,-79.12,-79.12
55087,180,11.7345,13.2551,-79.12,-79.12
55091,180,19.3576,13.2551,-79.12,-79.12
55099,180,19.3576,13.0431,-79.12,-79.12
55102,180,12.1627,13.0431,-79.12,-79.12
55111,180,12.1627,13.0656,-79.12,-79.12
55113,180,10.9636,13.0656,-79.12,-79.12
55123,180,10.9636,13.0160,-79.12,-79.12
55124,180,9.8501,13.0160,-79.12,-79.12
55135,180,9.8501,13.2957,-79.12,-79.12
55135,180,16.2741,13.2957,-79.12,-79.12
55146,180,17.1306,13.2957,-79.12,-79.12
55146,180,17.1306,13.1784,-79.12,-79.12
55157,180,11.7345,13.1784,-79.12,-79.12
55158,180,11.7345,12.6822,-79.12,-79.12
55168,180,19.2719,12.6822,-79.12,-79.12
55170,180,19.2719,13.2506,-79.12,-79.12
55179,180,22.3555,13.2506,-79.12,-79.12
55182,180,22.3555,13.0386,-79.12,-79.12
55190,180,14.8180,13.0386,-79.12,-79.12
55194,180,14.8180,12.9393,-79.12,-79.12
55201,180,8.9079,12.9393,-79.12,-79.12
55206,180,8.9079,13.0792,-79.12,-79.12
55212,180,16.6167,13.0792,-79.12,-79.12
55217,180,16.6167,13.2100,-79.12,-79.12
55223,180,10.1071,13.2100,-79.12,-79.12
55229,180,10.1071,13.1559,-79.12,-79.12
55234,180,18.4154,13.1559,-79.12,-79.12
55241,180,18.4154,13.3228,-79.12,-79.12
55245,180,27.0664,13.3228,-79.12,-79.12
55253,180,27.0664,13.4672,-79.12,-79.12
55256,180,20.2141,13.4672,-79.12,-79.12
55265,180,20.2141,13.7198,-79.12,-79.12
55267,180,14.1328,13.7198,-79.12,-79.12
55277,180,14.1328,12.9574,-79.12,-79.12
55278,180,16.7024,12.9574,-79.12,-77.68
55288,180,16.7024,12.7363,-79.12,-79.12
55289,180,19.7859,12.7363,-79.12,-79.12
55300,180,8.6510,12.7363,-79.12,-79.12
55300,180,8.6510,13.0611,-79.12,-79.12
55311,180,9.9358,13.0611,-79.12,-79.12
55312,180,9.9358,13.4762,-79.12,-79.12
55322,180,14.9893,13.4762,-79.12,-79.12
55324,180,14.9893,13.3273,-79.12,-79.12
55333,180,20.2141,13.3273,-79.12,-79.12
55336,180,20.2141,13.0160,-79.12,-79.12
55344,180,10.6210,13.0160,-79.12,-79.12
55348,180,10.6210,13.0792,-79.12,-79.12
55355,180,14.9036,13.0792,-79.12,-79.12
55359,180,14.9036,13.1423,-79.12,-79.12
55365,180,7.8801,13.1423,-79.12,-79.12
55371,180,7.8801,13.1965,-79.12,-79.12
55376,180,11.9914,13.1965,-79.12,-79.12
55383,180,11.9914,13.4491,-79.12,-79.12
55387,180,13.9615,13.4491,-79.12,-79.12
55395,180,13.9615,13.4717,-79.12,-79.12
55398,180,11.3919,13.4717,-79.12,-79.12
55407,180,11.3919,13.3409,-79.12,-79.12
55409,180,13.8758,13.3409,-79.12,-79.12
55419,180,13.8758,12.9122,-79.12,-79.12
55420,180,2.3126,12.9122,-79.12,-79.12
55430,180,2.3126,13.1829,-79.12,-79.12
55431,180,1.1991,13.1829,-79.12,-79.12
55442,180,1.1991,12.9303,-79.12,-79.12
55442,180,-1.6274,12.9303,-79.12,-79.12
55453,180,15.8458,12.9303,-79.12,-79.12
55454,180,15.8458,12.8807,-79.12,-79.12
55464,180,7.6231,12.8807,-79.12,-79.12
55466,180,7.6231,13.2371,-79.12,-77.68
55475,180,13.4475,13.2371,-79.12,-79.12
55478,180,13.4475,13.2236,-79.12,-79.12
55486,180,13.3619,13.2236,-79.12,-79.12
55490,180,13.3619,13.6161,-79.12,-79.12
55497,180,14.9036,13.6161,-79.12,-79.12
55501,180,14.9036,13.3860,-79.12,-79.12
55508,180,11.8201,13.3860,-79.12,-79.12
55513,180,11.8201,13.2506,-79.12,-79.12
55519,180,8.5653,13.2506,-79.12,-79.12
55525,180,8.5653,13.3093,-79.12,-79.12
55530,180,16.5310,13.3093,-79.12,-79.12
55537,180,16.5310,13.0747,-79.12,-79.12
55541,180,20.2141,13.0747,-79.12,-79.12
55549,180,20.2141,12.9935,-79.12,-79.12
55552,180,23.1263,12.9935,-79.12,-79.12
55561,180,23.1263,12.7408,-79.12,-79.12
55563,180,11.8201,12.7408,-79.12,-77.68
55572,180,11.8201,13.0296,-79.12,-79.12
55574,180,13.5332,13.0296,-79.12,-79.12
55584,180,13.5332,13.4040,-79.12,-79.12
55585,180,11.6488,13.4040,-79.12,-79.12
55596,180,7.7088,13.4040,-79.12,-79.12
55596,180,7.7088,13.7604,-79.12,-79.12
55607,180,1.3704,13.7604,-79.12,-79.12
55608,180,1.3704,13.2461,-79.12,-79.12
55618,180,11.3919,13.2461,-79.12,-79.12
55620,180,11.3919,12.9032,-79.12,-79.12
55629,180,24.4111,12.9032,-79.12,-79.12
55631,180,24.4111,12.9303,-79.12,-79.12
55640,180,13.7045,12.9303,-79.12,-79.12
55643,180,13.7045,12.7137,-79.12,-79.12
55651,180,10.1927,12.7137,-79.12,-79.12
55655,180,10.1927,12.8356,-79.12,-79.12
55662,180,3.4261,12.8356,-79.12,-79.12
55667,180,3.4261,12.8401,-79.12,-79.12
55673,180,19.6146,12.8401,-79.12,-79.12
55679,180,19.6146,12.9077,-79.12,-79.12
55684,180,12.8480,12.9077,-79.12,-77.68
55691,180,12.8480,13.2010,-79.12,-79.12
55695,180,19.8715,13.2010,-79.12,-79.12
55702,180,19.8715,13.0927,-79.12,-79.12
55706,180,13.6188,13.0927,-79.12,-79.12
55714,180,13.6188,13.2551,-79.12,-79.12
55717,180,15.9315,13.2551,-79.12,-79.12
55726,180,15.9315,13.1559,-79.12,-79.12
55728,180,18.5011,13.1559,-79.12,-79.12
55738,180,18.5011,13.0431,-79.12,-79.12
55739,180,15.8458,13.0431,-79.12,-77.68
55750,180,11.9058,13.0431,-79.12,-79.12
55750,180,11.9058,13.2732,-79.12,-79.12
55761,180,5.8244,13.2732,-79.12,-79.12
55762,180,5.8244,13.2642,-79.12,-79.12
55772,180,10.7923,13.2642,-79.12,-79.12
55773,180,10.7923,13.1965,-79.12,-79.12
55783,180,3.2548,13.1965,-77.68,-79.12
55785,180,3.2548,13.1243,-79.12,-79.12
55794,180,16.7024,13.1243,-79.12,-79.12
55797,180,16.7024,12.9844,-79.12,-79.12
55805,180,14.7323,12.9844,-79.12,-79.12
55809,180,14.7323,13.2687,-79.12,-79.12
55815,180,11.2206,13.2687,-79.12,-79.12
55821,180,11.2206,13.1649,-79.12,-79.12
55826,180,9.5075,13.1649,-79.12,-79.12
55833,180,9.5075,13.1062,-79.12,-79.12
55837,180,10.6210,13.1062,-79.12,-79.12
55844,180,10.6210,13.0205,-79.12,-79.12
55848,180,7.3662,13.0205,-79.12,-79.12
55856,180,7.3662,13.2506,-79.12,-79.12
55859,180,8.3940,13.2506,-79.12,-79.12
55868,180,8.3940,13.1423,-79.12,-79.12
55870,180,17.2163,13.1423,-79.12,-79.12
55880,180,17.2163,13.4897,-79.12,-79.12
55881,180,11.0493,13.4897,-79.12,-79.12
55892,180,11.0493,13.5800,-79.12,-79.12
55892,180,10.9636,13.5800,-79.12,-79.12
55903,180,7.7088,13.5800,-79.12,-79.12
55904,180,7.7088,13.3093,-79.12,-79.12
55914,180,20.3854,13.3093,-79.12,-79.12
55915,180,20.3854,13.2326,-79.12,-79.12
55925,180,13.8758,13.2326,-79.12,-79.12
55927,180,13.8758,13.0611,-79.12,-79.12
55936,180,15.7602,13.0611,-79.12,-79.12
55939,180,15.7602,12.5513,-79.12,-79.12
55947,180,16.8737,12.5513,-79.12,-79.12
55951,180,16.8737,12.8310,-79.12,-79.12
55958,180,17.3876,12.8310,-79.12,-79.12
55963,180,17.3876,13.0296,-79.12,-79.12
55969,180,18.6724,13.0296,-79.12,-79.12
55975,180,18.6724,13.0205,-79.12,-79.12
55980,180,4.1970,13.0205,-79.12,-79.12
55986,180,4.1970,13.1423,-79.12,-79.12
55991,180,5.2248,13.1423,-79.12,-79.12
55998,180,5.2248,13.2281,-79.12,-79.12
56002,180,6.4240,13.2281,-79.12,-79.12
56010,180,6.4240,13.2371,-79.12,-79.12
56013,180,13.4475,13.2371,-79.12,-79.12
56022,180,13.4475,13.3228,-79.12,-79.12
56024,180,13.2762,13.3228,-79.12,-79.12
56034,180,13.2762,13.4311,-79.12,-79.12
56035,180,10.7923,13.4311,-79.12,-79.12
56046,180,10.7923,13.0837,-79.12,-79.12
56046,180,16.0171,13.0837,-79.12,-79.12
56057,180,20.6424,13.0837,-79.12,-77.68
56057,180,20.6424,12.8401,-79.12,-79.12
56068,180,17.6445,12.8401,-79.12,-79.12
56069,180,17.6445,12.9935,-79.12,-79.12
56079,180,8.6510,12.9935,-79.12,-79.12
56081,180,8.6510,12.8626,-79.12,-79.12
56090,180,13.1049,12.8626,-79.12,-79.12
56093,180,13.1049,12.8897,-79.12,-79.12
56101,180,13.0193,12.8897,-79.12,-79.12
56105,180,13.0193,12.8626,-79.12,-79.12
56112,180,25.9529,12.8626,-79.12,-79.12
56117,180,25.9529,13.4085,-79.12,-79.12
56123,180,13.7045,13.4085,-79.12,-79.12
56128,180,13.7045,13.6431,-79.12,-79.12
56134,180,8.3084,13.6431,-79.12,-79.12
56140,180,8.3084,13.3183,-79.12,-79.12
56145,180,2.3983,13.3183,-79.12,-79.12
56152,180,2.3983,13.0837,-79.12,-79.12
56156,180,15.1606,13.0837,-79.12,-79.12
56164,180,15.1606,12.7904,-79.12,-79.12
56167,180,15.6745,12.7904,-79.12,-79.12
56176,180,15.6745,12.9438,-79.12,-79.12
56178,180,15.2463,12.9438,-79.12,-79.12
56188,180,15.2463,13.6206,-79.12,-79.12
56189,180,8.7366,13.6206,-79.12,-79.12
56199,180,8.7366,13.5800,-79.12,-79.12
56200,180,11.6488,13.5800,-79.12,-79.12
56211,180,13.2762,13.5800,-79.12,-79.12
56211,180,13.2762,13.2867,-79.12,-79.12
56222,180,5.9101,13.2867,-79.12,-79.12
56223,180,5.9101,13.1694,-79.12,-79.12
56233,180,7.2805,13.1694,-79.12,-79.12
56235,180,7.2805,13.0792,-79.12,-79.12
56243,180,0.9422,13.0792,-79.12,-79.12
56247,180,0.9422,13.0341,-79.12,-79.12
56254,180,7.9657,13.0341,-79.12,-79.12
56259,180,7.9657,13.0702,-79.12,-79.12
56265,180,4.3683,13.0702,-79.12,-79.12
56270,180,4.3683,13.1649,-79.12,-79.12
56276,180,9.7645,13.1649,-79.12,-79.12
56282,180,9.7645,13.2281,-79.12,-79.12
56287,180,9.0792,13.2281,-79.12,-79.12
56294,180,9.0792,13.4852,-79.12,-79.12
56298,180,6.1670,13.4852,-79.12,-79.12
56306,180,6.1670,13.3048,-79.12,-79.12
56309,180,11.9914,13.3048,-79.12,-79.12
56318,180,11.9914,12.8581,-79.12,-79.12
56320,180,11.0493,12.8581,-79.12,-79.12
56330,180,11.0493,12.8175,-79.12,-79.12
56331,180,13.3619,12.8175,-79.12,-79.12
56341,180,13.3619,12.9483,-77.68,-79.12
56342,180,7.8801,12.9483,-79.12,-79.12
56353,180,7.8801,13.3048,-79.12,-79.12
56353,180,11.3919,13.3048,-79.12,-79.12
56364,180,6.5953,13.3048,-79.12,-79.12
56365,180,6.5953,13.2506,-79.12,-79.12
56375,180,5.2248,13.2506,-79.12,-79.12
56377,180,5.2248,13.1288,-79.12,-79.12
56386,180,4.5396,13.1288,-79.12,-79.12
56389,180,4.5396,13.5033,-79.12,-79.12
56397,180,18.0728,13.5033,-79.12,-79.12
56401,180,18.0728,12.9619,-79.12,-79.12
56408,180,23.8116,12.9619,-79.12,-79.12
56412,180,23.8116,12.5964,-79.12,-79.12
56419,180,19.7002,12.5964,-79.12,-79.12
56424,180,19.7002,12.7995,-79.12,-79.12
56430,180,11.9914,12.7995,-79.12,-79.12
56436,180,11.9914,13.0792,-79.12,-77.68
56441,180,6.9379,13.0792,-79.12,-79.12
56448,180,6.9379,13.4852,-79.12,-79.12
56452,180,15.5889,13.4852,-79.12,-79.12
56460,180,15.5889,13.5574,-79.12,-79.12
56463,180,11.8201,13.5574,-79.12,-79.12
56472,180,11.8201,13.7785,-79.12,-79.12
56474,180,13.7901,13.7785,-79.12,-79.12
56483,180,13.7901,13.6747,-79.12,-79.12
56485,180,10.6210,13.6747,-79.12,-79.12
56495,180,10.6210,13.3228,-79.12,-79.12
56496,180,16.1884,13.3228,-79.12,-79.12
56507,180,13.2762,13.3228,-79.12,-79.12
56507,180,13.2762,13.3815,-79.12,-79.12
56518,180,14.9036,13.3815,-79.12,-79.12
56519,180,14.9036,13.1017,-79.12,-79.12
56529,180,12.3340,13.1017,-79.12,-79.12
56531,180,12.3340,13.0160,-79.12,-79.12
56540,180,16.7880,13.0160,-79.12,-79.12
56543,180,16.7880,12.8671,-79.12,-79.12
56551,180,16.9593,12.8671,-79.12,-79.12
56554,180,16.9593,12.8491,-79.12,-79.12
56562,180,9.7645,12.8491,-79.12,-79.12
56566,180,9.7645,13.2777,-79.12,-79.12
56573,180,19.0150,13.2777,-79.12,-79.12
56578,180,19.0150,13.0702,-79.12,-79.12
56584,180,8.0514,13.0702,-79.12,-79.12
56590,180,8.0514,13.1514,-79.12,-79.12
56595,180,10.9636,13.1514,-79.12,-79.12
56602,180,10.9636,13.5890,-79.12,-79.12
56606,180,4.1970,13.5890,-79.12,-79.12
56614,180,4.1970,13.6567,-79.12,-79.12
56617,180,10.7923,13.6567,-79.12,-79.12
56625,180,10.7923,13.4401,-79.12,-79.12
56628,180,8.3084,13.4401,-79.12,-79.12
56637,180,8.3084,13.2281,-79.12,-79.12
56639,180,8.4797,13.2281,-79.12,-79.12
56649,180,8.4797,13.3905,-79.12,-79.12
56650,180,19.7859,13.3905,-79.12,-79.12
56661,180,17.1306,13.3905,-79.12,-79.12
56661,180,17.1306,13.1333,-79.12,-79.12
56672,180,11.2206,13.1333,-79.12,-79.12
56673,180,11.2206,12.6686,-79.12,-79.12
56682,180,5.2248,12.6686,-79.12,-79.12
56684,180,5.2248,12.7634,-79.12,-79.12
56693,180,9.8501,12.7634,-79.12,-79.12
56696,180,9.8501,13.0656,-79.12,-77.68
56704,180,12.6767,13.0656,-79.12,-79.12
56708,180,12.6767,13.2687,-79.12,-79.12
56715,180,10.9636,13.2687,-79.12,-79.12
56720,180,10.9636,13.3138,-79.12,-79.12
56726,180,-0.0857,13.3138,-79.12,-79.12
56732,180,-0.0857,13.3589,-79.12,-79.12
56737,180,7.9657,13.3589,-79.12,-79.12
56744,180,7.9657,13.2371,-79.12,-79.12
56748,180,9.7645,13.2371,-79.12,-79.12
56755,180,9.7645,12.8626,-79.12,-79.12
56759,180,13.3619,12.8626,-79.12,-79.12
56767,180,13.3619,13.1649,-79.12,-79.12
56770,180,12.5910,13.1649,-79.12,-79.12
56779,180,12.5910,13.2642,-79.12,-79.12
56781,180,8.7366,13.2642,-79.12,-79.12
56791,180,8.7366,13.0341,-79.12,-79.12
56792,180,14.1328,13.0341,-79.12,-79.12
56803,180,14.1328,12.7904,-79.12,-77.68
56803,180,3.8544,12.7904,-79.12,-79.12
56814,180,2.9979,12.7904,-79.12,-79.12
56815,180,2.9979,12.9619,-79.12,-77.68
56825,180,-2.7409,12.9619,-79.12,-79.12
56826,180,-2.7409,13.2687,-79.12,-79.12
56836,180,19.3576,13.2687,-79.12,-79.12
56838,180,19.3576,12.9754,-79.12,-79.12
56847,180,23.4690,12.9754,-79.12,-79.12
56850,180,23.4690,12.8942,-79.12,-79.12
56858,180,17.9872,12.8942,-79.12,-79.12
56862,180,17.9872,12.8536,-79.12,-79.12
56869,180,20.6424,12.8536,-79.12,-79.12
56874,180,20.6424,12.6551,-79.12,-79.12
56880,180,10.5353,12.6551,-79.12,-79.12
56886,180,10.5353,13.0250,-79.12,-79.12
56891,180,14.3041,13.0250,-77.68,-79.12
56897,180,14.3041,13.4040,-79.12,-79.12
56902,180,17.5589,13.4040,-79.12,-79.12
56909,180,17.5589,13.3138,-79.12,-79.12
56913,180,15.6745,13.3138,-79.12,-79.12
56921,180,15.6745,12.6190,-79.12,-79.12
56924,180,4.5396,12.6190,-79.12,-79.12
56933,180,4.5396,12.7228,-79.12,-79.12
56935,180,14.8180,12.7228,-79.12,-79.12
56945,180,14.8180,12.6416,-79.12,-79.12
56946,180,6.3383,12.6416,-79.12,-79.12
56957,180,6.3383,12.7949,-79.12,-79.12
56957,180,9.3362,12.7949,-79.12,-79.12
56968,180,13.1906,12.7949,-79.12,-79.12
56968,180,13.1906,13.1649,-79.12,-79.12
56979,180,7.5375,13.1649,-79.12,-79.12
56980,180,7.5375,13.1965,-79.12,-79.12
56990,180,6.5096,13.1965,-79.12,-79.12
56992,180,6.5096,13.2055,-79.12,-79.12
57001,180,4.4540,13.2055,-79.12,-79.12
57004,180,4.4540,12.9348,-79.12,-79.12
57012,180,9.5075,12.9348,-79.12,-77.68
57016,180,9.5075,13.0250,-79.12,-79.12
57023,180,7.0236,13.0250,-79.12,-79.12
57028,180,7.0236,13.5168,-79.12,-79.12
57034,180,16.5310,13.5168,-79.12,-79.12
57039,180,16.5310,13.0882,-79.12,-79.12
57045,180,17.4732,13.0882,-79.12,-79.12
57051,180,17.4732,13.0702,-79.12,-79.12
57056,180,18.9293,13.0702,-79.12,-79.12
57063,180,18.9293,12.7814,-79.12,-79.12
57067,180,6.0814,12.7814,-79.12,-79.12
57075,180,6.0814,12.8581,-79.12,-79.12
57078,180,13.4475,12.8581,-79.12,-79.12
57087,180,13.4475,13.1514,-79.12,-79.12
57089,180,14.5610,13.1514,-79.12,-77.68
57099,180,14.5610,13.5213,-79.12,-79.12
57100,180,8.9079,13.5213,-79.12,-77.68
57110,180,8.9079,13.6386,-79.12,-79.12
57111,180,12.0771,13.6386,-79.12,-79.12
57122,180,4.2827,13.6386,-79.12,-79.12
57122,180,4.2827,13.1153,-79.12,-79.12
57132,180,8.1370,13.1153,-79.12,-79.12
57134,180,8.1370,12.6912,-79.12,-79.12
57143,180,2.5696,12.6912,-79.12,-79.12
57146,180,2.5696,12.9438,-79.12,-79.12
57154,180,13.2762,12.9438,-79.12,-79.12
57158,180,13.2762,12.8942,-79.12,-79.12
57165,180,11.8201,12.8942,-79.12,-79.12
57170,180,11.8201,12.6641,-79.12,-79.12
57176,180,10.5353,12.6641,-79.12,-79.12
57181,180,10.5353,12.8220,-79.12,-79.12
57187,180,15.0749,12.8220,-79.12,-79.12
57193,180,15.0749,12.9619,-79.12,-79.12
57198,180,10.1927,12.9619,-79.12,-79.12
57205,180,10.1927,12.7363,-79.12,-77.68
57217,180,10.1927,12.7859,-79.12,-79.12
57220,180,12.3340,12.7859,-79.12,-79.12
57229,180,12.3340,13.0521,-79.12,-79.12
57231,180,14.9893,13.0521,-79.12,-79.12
57241,180,14.9893,12.8852,-79.12,-79.12
57242,180,11.7345,12.8852,-79.12,-77.68
57252,180,11.7345,12.7904,-79.12,-79.12
57253,180,25.8672,12.7904,-79.12,-79.12
57264,180,22.2698,12.7904,-79.12,-79.12
57264,180,22.2698,12.3889,-79.12,-79.12
57275,180,13.4475,12.3889,-79.12,-79.12
57276,180,13.4475,13.0025,-79.12,-79.12
57286,180,3.7687,13.0025,-79.12,-79.12
57288,180,3.7687,13.5709,-79.12,-79.12
57297,180,8.0514,13.5709,-79.12,-79.12
57300,180,8.0514,13.4807,-79.12,-79.12
57308,180,14.8180,13.4807,-79.12,-79.12
57312,180,14.8180,13.3093,-79.12,-79.12
57319,180,9.0792,13.3093,-77.68,-79.12
57323,180,9.0792,13.3679,-79.12,-79.12
57330,180,15.4176,13.3679,-79.12,-79.12
57335,180,15.4176,13.1649,-79.12,-79.12
57341,180,10.6210,13.1649,-79.12,-79.12
57347,180,10.6210,13.1694,-79.12,-79.12
57352,180,10.7923,13.1694,-79.12,-79.12
57359,180,10.7923,13.0521,-79.12,-77.68
57363,180,12.3340,13.0521,-79.12,-79.12
57371,180,12.3340,13.3138,-79.12,-79.12
57374,180,19.5289,13.3138,-79.12,-79.12
57383,180,19.5289,13.3634,-79.12,-79.12
57385,180,7.1092,13.3634,-79.12,-79.12
57394,180,7.1092,13.4942,-79.12,-79.12
57396,180,9.5931,13.4942,-79.12,-79.12
57406,180,9.5931,12.9348,-79.12,-79.12
57407,180,12.8480,12.9348,-79.12,-77.68
57418,180,19.3576,12.9348,-79.12,-79.12
57418,180,19.3576,12.7092,-79.12,-79.12
57429,180,21.1563,12.7092,-79.12,-79.12
57430,180,21.1563,12.8897,-79.12,-79.12
57440,180,15.2463,12.8897,-79.12,-79.12
57442,180,15.2463,12.8446,-79.12,-79.12
57451,180,11.6488,12.8446,-79.12,-79.12
57454,180,11.6488,13.2551,-79.12,-79.12
57462,180,10.7066,13.2551,-79.12,-79.12
57465,180,10.7066,13.0837,-79.12,-79.12
57473,180,17.9015,13.0837,-79.12,-79.12
57477,180,17.9015,12.7904,-79.12,-79.12
57484,180,3.1692,12.7904,-79.12,-79.12
57489,180,3.1692,12.7453,-79.12,-79.12
57495,180,9.0792,12.7453,-79.12,-79.12
57501,180,9.0792,12.9980,-79.12,-79.12
57506,180,9.6788,12.9980,-79.12,-79.12
57513,180,9.6788,13.0521,-79.12,-79.12
57517,180,14.1328,13.0521,-79.12,-79.12
57525,180,14.1328,12.7634,-79.12,-79.12
57528,180,15.9315,12.7634,-79.12,-79.12
57536,180,15.9315,13.0837,-79.12,-79.12
57539,180,9.7645,13.0837,-79.12,-79.12
57548,180,9.7645,13.1062,-79.12,-79.12
57550,180,17.4732,13.1062,-79.12,-79.12
57560,180,17.4732,12.7543,-79.12,-79.12
57561,180,16.3597,12.7543,-79.12,-79.12
57572,180,20.2998,12.7543,-79.12,-79.12
57572,180,20.2998,12.8716,-79.12,-77.68
57582,180,13.2762,12.8716,-79.12,-79.12
57584,180,13.2762,13.3183,-79.12,-79.12
57596,180,13.2762,13.0070,-79.12,-79.12
57604,180,3.3405,13.0070,-79.12,-79.12
57607,180,3.3405,12.7002,-79.12,-79.12
57615,180,17.0450,12.7002,-79.12,-79.12
57619,180,17.0450,12.8942,-79.12,-79.12
57626,180,13.1906,12.8942,-79.12,-79.12
57631,180,13.1906,13.0656,-79.12,-79.12
57637,180,13.1049,13.0656,-79.12,-79.12
57643,180,13.1049,13.0476,-79.12,-79.12
57648,180,14.3041,13.0476,-79.12,-79.12
57655,180,14.3041,12.8626,-79.12,-79.12
57659,180,18.5011,12.8626,-79.12,-79.12
57667,180,18.5011,13.1153,-79.12,-79.12
57670,180,25.0107,13.1153,-79.12,-79.12
57678,180,25.0107,13.1333,-79.12,-79.12
57681,180,17.6445,13.1333,-79.12,-79.12
57690,180,17.6445,13.0250,-79.12,-79.12
57692,180,16.6167,13.0250,-79.12,-79.12
57702,180,16.6167,12.9619,-79.12,-79.12
57703,180,8.4797,12.9619,-79.12,-79.12
57714,180,8.4797,13.1062,-79.12,-79.12
57714,180,17.6445,13.1062,-79.12,-79.12
57725,180,14.5610,13.1062,-79.12,-79.12
57726,180,14.5610,13.0702,-79.12,-79.12
57736,180,14.9036,13.0702,-79.12,-79.12
57738,180,14.9036,13.1784,-79.12,-79.12
57747,180,13.7045,13.1784,-79.12,-79.12
57749,180,13.7045,13.0070,-79.12,-79.12
57758,180,13.1906,13.0070,-79.12,-79.12
57761,180,13.1906,13.2596,-79.12,-79.12
57769,180,3.0835,13.2596,-79.12,-79.12
57773,180,3.0835,13.6251,-79.12,-79.12
57780,180,10.0214,13.6251,-79.12,-79.12
57785,180,10.0214,13.1559,-79.12,-79.12
57791,180,16.5310,13.1559,-79.12,-79.12
57797,180,16.5310,13.0656,-79.12,-79.12
57802,180,7.3662,13.0656,-79.12,-79.12
57809,180,7.3662,12.8401,-79.12,-79.12
57813,180,23.6403,12.8401,-79.12,-79.12
57820,180,23.6403,13.0476,-79.12,-79.12
57824,180,18.8437,13.0476,-79.12,-79.12
57832,180,18.8437,13.1062,-79.12,-79.12
57835,180,11.3919,13.1062,-79.12,-79.12
57844,180,11.3919,12.8671,-79.12,-79.12
57846,180,7.3662,12.8671,-79.12,-79.12
57856,180,7.3662,12.7453,-79.12,-79.12
57857,180,18.1585,12.7453,-79.12,-79.12
57868,180,18.1585,13.3499,-79.12,-79.12
57868,180,22.1842,13.3499,-79.12,-79.12
57879,180,17.7302,13.3499,-79.12,-79.12
57880,180,17.7302,13.0972,-79.12,-79.12
57890,180,17.4732,13.0972,-77.68,-79.12
57891,180,17.4732,12.3889,-79.12,-79.12
57901,180,14.5610,12.3889,-79.12,-79.12
57903,180,14.5610,12.2581,-79.12,-79.12
57912,180,17.5589,12.2581,-79.12,-79.12
57915,180,17.5589,12.7543,-79.12,-79.12
57923,180,15.5889,12.7543,-79.12,-79.12
57927,180,15.5889,13.1108,-79.12,-79.12
57934,180,16.4454,13.1108,-79.12,-79.12
57939,180,16.4454,12.9889,-79.12,-79.12
57945,180,4.6253,12.9889,-79.12,-79.12
57951,180,4.6253,13.0837,-79.12,-79.12
57956,180,6.2527,13.0837,-79.12,-79.12
57962,180,6.2527,13.0296,-79.12,-79.12
57967,180,10.6210,13.0296,-79.12,-79.12
57974,180,10.6210,13.3002,-79.12,-79.12
57978,180,15.8458,13.3002,-79.12,-79.12
57986,180,15.8458,13.4491,-79.12,-79.12
57989,180,18.5011,13.4491,-79.12,-79.12
57998,180,18.5011,13.3905,-79.12,-79.12
58000,180,7.1949,13.3905,-79.12,-79.12
58010,180,7.1949,13.1514,-79.12,-79.12
58010,180,9.9358,13.1514,-79.12,-79.12
58021,180,3.6831,13.1514,-79.12,-79.12
58022,180,3.6831,12.7859,-79.12,-79.12
58032,180,13.5332,12.7859,-79.12,-79.12
58033,180,13.5332,12.7002,-79.12,-79.12
58043,180,17.6445,12.7002,-79.12,-79.12
58045,180,17.6445,12.8265,-79.12,-79.12
58054,180,18.5011,12.8265,-79.12,-79.12
58057,180,18.5011,12.8040,-79.12,-79.12
58065,180,2.9122,12.8040,-79.12,-79.12
58069,180,2.9122,13.2461,-79.12,-79.12
58076,180,11.7345,13.2461,-79.12,-79.12
58081,180,11.7345,13.0972,-79.12,-79.12
58087,180,16.7024,13.0972,-79.12,-79.12
58093,180,16.7024,13.1198,-79.12,-79.12
58098,180,20.4711,13.1198,-79.12,-79.12
58104,180,20.4711,12.9935,-79.12,-79.12
58109,180,14.9036,12.9935,-79.12,-79.12
58116,180,14.9036,13.1469,-79.12,-79.12
58120,180,4.5396,13.1469,-79.12,-79.12
58128,180,4.5396,12.9799,-79.12,-79.12
58131,180,9.3362,12.9799,-79.12,-79.12
58140,180,9.3362,12.8401,-79.12,-79.12
58142,180,3.7687,12.8401,-79.12,-79.12
58152,180,3.7687,13.0656,-79.12,-79.12
58153,180,4.3683,13.0656,-79.12,-79.12
58164,180,4.3683,13.2145,-79.12,-77.68
58164,180,0.0857,13.2145,-79.12,-79.12
58175,180,10.5353,13.2145,-79.12,-79.12
58175,180,10.5353,13.0205,-79.12,-79.12
58186,180,13.4475,13.0205,-79.12,-79.12
58187,180,13.4475,13.1378,-79.12,-79.12
58197,180,12.8480,13.1378,-79.12,-77.68
58199,180,12.8480,13.3409,-79.12,-79.12
58208,180,9.6788,13.3409,-79.12,-79.12
58211,180,9.6788,13.4266,-79.12,-79.12
58219,180,6.4240,13.4266,-79.12,-79.12
58223,180,6.4240,13.6116,-79.12,-79.12
58230,180,17.1306,13.6116,-79.12,-79.12
58235,180,17.1306,13.3093,-79.12,-77.68
58241,180,15.1606,13.3093,-79.12,-79.12
58246,180,15.1606,12.8356,-79.12,-79.12
58252,180,18.3298,12.8356,-79.12,-79.12
58258,180,18.3298,12.8491,-79.12,-79.12
58263,180,8.5653,12.8491,-79.12,-79.12
58270,180,8.5653,12.9529,-79.12,-79.12
58274,180,16.4454,12.9529,-79.12,-79.12
58282,180,16.4454,13.1920,-79.12,-79.12
58285,180,6.9379,13.1920,-79.12,-79.12
58294,180,6.9379,13.3724,-79.12,-79.12
58296,180,9.8501,13.3724,-79.12,-79.12
58306,180,9.8501,13.8958,-79.12,-79.12
58307,180,10.9636,13.8958,-79.12,-79.12
58317,180,10.9636,13.7289,-79.12,-79.12
58318,180,9.8501,13.7289,-79.12,-79.12
58329,180,16.7024,13.7289,-79.12,-79.12
58329,180,16.7024,13.2732,-79.12,-79.12
58340,180,11.3919,13.2732,-79.12,-79.12
58341,180,11.3919,12.6686,-79.12,-79.12
58351,180,18.4154,12.6686,-79.12,-79.12
58353,180,18.4154,12.4069,-79.12,-79.12
58362,180,13.7045,12.4069,-79.12,-79.12
58365,180,13.7045,12.6776,-79.12,-79.12
58373,180,12.7623,12.6776,-79.12,-79.12
58377,180,12.7623,12.6416,-79.12,-79.12
58384,180,6.0814,12.6416,-79.12,-79.12
58388,180,6.0814,12.9889,-79.12,-79.12
58395,180,11.3062,12.9889,-79.12,-79.12
58400,180,11.3062,13.0160,-79.12,-79.12
58406,180,10.9636,13.0160,-79.12,-79.12
58412,180,10.9636,13.0747,-79.12,-79.12
58417,180,13.0193,13.0747,-79.12,-79.12
58424,180,13.0193,12.9348,-79.12,-77.68
58428,180,14.8180,12.9348,-79.12,-79.12
58436,180,14.8180,12.7363,-79.12,-79.12
58439,180,16.8737,12.7363,-79.12,-79.12
58448,180,16.8737,12.6235,-79.12,-79.12
58449,180,15.1606,12.6235,-79.12,-79.12
58459,180,15.1606,12.6280,-79.12,-79.12
58460,180,3.6831,12.6280,-79.12,-79.12
58471,180,3.6831,12.9980,-79.12,-79.12
58471,180,14.6467,12.9980,-79.12,-79.12
58482,180,17.9015,12.9980,-79.12,-79.12
58483,180,17.9015,12.9935,-79.12,-79.12
58493,180,12.4197,12.9935,-79.12,-79.12
58495,180,12.4197,13.1829,-79.12,-79.12
58504,180,6.3383,13.1829,-79.12,-79.12
58507,180,6.3383,13.2687,-79.12,-79.12
58515,180,15.5032,13.2687,-79.12,-79.12
58519,180,15.5032,13.3815,-79.12,-79.12
58526,180,14.7323,13.3815,-79.12,-79.12
58530,180,14.7323,13.3363,-79.12,-79.12
58537,180,17.9015,13.3363,-79.12,-79.12
58542,180,17.9015,13.1920,-79.12,-79.12
58548,180,13.1049,13.1920,-79.12,-79.12
58554,180,13.1049,12.8536,-79.12,-79.12
58559,180,5.3961,12.8536,-79.12,-79.12
58566,180,5.3961,13.5394,-79.12,-79.12
58570,180,12.0771,13.5394,-79.12,-79.12
58578,180,12.0771,13.5709,-79.12,-79.12
58581,180,7.7944,13.5709,-79.12,-79.12
58590,180,7.7944,13.0250,-77.68,-79.12
58592,180,4.7109,13.0250,-79.12,-79.12
58601,180,4.7109,12.8220,-79.12,-79.12
58603,180,-1.3704,12.8220,-79.12,-79.12
58613,180,-1.3704,12.8040,-79.12,-79.12
58614,180,13.2762,12.8040,-79.12,-79.12
58625,180,13.2762,12.5784,-79.12,-79.12
58625,180,13.6188,12.5784,-79.12,-79.12
58636,180,19.1863,12.5784,-79.12,-79.12
58637,180,19.1863,12.3618,-79.12,-79.12
58647,180,11.9914,12.3618,-79.12,-79.12
58649,180,11.9914,12.6822,-79.12,-79.12
58658,180,11.2206,12.6822,-79.12,-79.12
58660,180,11.2206,12.4385,-79.12,-79.12
58669,180,14.6467,12.4385,-79.12,-79.12
58672,180,14.6467,12.8491,-79.12,-79.12
58680,180,14.5610,12.8491,-79.12,-79.12
58684,180,14.5610,13.1153,-79.12,-79.12
58691,180,16.6167,13.1153,-79.12,-79.12
58696,180,16.6167,13.1423,-79.12,-79.12
58702,180,16.4454,13.1423,-79.12,-79.12
58708,180,16.4454,13.3679,-79.12,-79.12
58713,180,12.5054,13.3679,-79.12,-79.12
58720,180,12.5054,13.3002,-79.12,-79.12
58724,180,7.6231,13.3002,-79.12,-79.12
58731,180,7.6231,13.2371,-79.12,-79.12
58735,180,14.4754,13.2371,-79.12,-79.12
58743,180,14.4754,13.1288,-79.12,-79.12
58746,180,11.3919,13.1288,-79.12,-79.12
58755,180,11.3919,12.7002,-79.12,-79.12
58757,180,13.6188,12.7002,-79.12,-79.12
58767,180,13.6188,12.8040,-79.12,-77.68
58768,180,11.2206,12.8040,-79.12,-79.12
58779,180,14.4754,12.8040,-79.12,-79.12
58779,180,14.4754,12.9303,-79.12,-79.12
58790,180,12.5910,12.9303,-79.12,-79.12
58791,180,12.5910,13.3228,-79.12,-79.12
58801,180,6.8522,13.3228,-79.12,-79.12
58802,180,6.8522,13.2236,-77.68,-79.12
58812,180,4.4540,13.2236,-79.12,-79.12
58814,180,4.4540,12.8130,-79.12,-79.12
58823,180,1.8844,12.8130,-79.12,-79.12
58826,180,1.8844,12.8356,-79.12,-79.12
58834,180,16.1028,12.8356,-79.12,-79.12
58838,180,16.1028,12.9799,-79.12,-79.12
58845,180,6.3383,12.9799,-77.68,-79.12
58850,180,6.3383,13.1108,-79.12,-79.12
58856,180,9.5931,13.1108,-79.12,-79.12
58862,180,9.5931,13.0927,-79.12,-79.12
58866,180,9.4218,13.0927,-79.12,-79.12
58873,180,9.4218,12.9664,-79.12,-79.12
58877,180,10.1927,12.9664,-79.12,-79.12
58885,180,10.1927,13.1378,-79.12,-79.12
58888,180,16.1884,13.1378,-79.12,-79.12
58897,180,16.1884,13.1288,-79.12,-79.12
58899,180,15.2463,13.1288,-79.12,-79.12
58909,180,15.2463,13.3138,-79.12,-79.12
58910,180,22.4411,13.3138,-79.12,-79.12
58921,180,22.4411,13.1694,-79.12,-79.12
58921,180,15.2463,13.1694,-79.12,-79.12
58932,180,15.9315,13.1694,-79.12,-79.12
58933,180,15.9315,13.3183,-79.12,-79.12
58943,180,9.9358,13.3183,-79.12,-79.12
58944,180,9.9358,13.4130,-79.12,-79.12
58954,180,15.2463,13.4130,-79.12,-79.12
58956,180,15.2463,13.2100,-79.12,-79.12
58965,180,8.3084,13.2100,-79.12,-79.12
58968,180,8.3084,13.3273,-79.12,-79.12
58976,180,9.3362,13.3273,-79.12,-79.12
58980,180,9.3362,13.4176,-79.12,-79.12
58987,180,14.4754,13.4176,-79.12,-79.12
58992,180,14.4754,13.2732,-79.12,-79.12
58998,180,15.9315,13.2732,-79.12,-79.12
59004,180,15.9315,12.9664,-79.12,-79.12
59009,180,12.6767,12.9664,-79.12,-79.12
59015,180,12.6767,12.8897,-79.12,-79.12
59020,180,11.1349,12.8897,-79.12,-79.12
59027,180,11.1349,13.0070,-79.12,-79.12
59031,180,19.7859,13.0070,-79.12,-79.12
59039,180,19.7859,13.3363,-79.12,-79.12
59042,180,15.9315,13.3363,-79.12,-79.12
59051,180,15.9315,13.3138,-79.12,-79.12
59053,180,15.7602,13.3138,-79.12,-79.12
59063,180,15.7602,12.9709,-79.12,-79.12
59064,180,12.9336,12.9709,-79.12,-79.12
59075,180,12.9336,13.1784,-79.12,-79.12
59075,180,17.5589,13.1784,-79.12,-79.12
59086,180,11.1349,13.1784,-79.12,-79.12
59086,180,11.1349,13.4401,-79.12,-79.12
59097,180,18.2441,13.4401,-79.12,-77.68
59098,180,18.2441,13.3679,-79.12,-79.12
59108,180,17.7302,13.3679,-79.12,-79.12
59110,180,17.7302,13.6025,-79.12,-79.12
59119,180,13.0193,13.6025,-79.12,-79.12
59122,180,13.0193,13.3228,-79.12,-79.12
59130,180,14.5610,13.3228,-79.12,-79.12
59134,180,14.5610,12.8807,-79.12,-79.12
59141,180,11.3919,12.8807,-79.12,-79.12
59146,180,11.3919,12.7363,-79.12,-79.12
59152,180,13.1049,12.7363,-79.12,-79.12
59157,180,13.1049,12.6867,-79.12,-79.12
59163,180,5.3105,12.6867,-79.12,-79.12
59169,180,5.3105,12.7408,-79.12,-79.12
59174,180,15.3319,12.7408,-79.12,-79.12
59181,180,15.3319,12.9303,-79.12,-79.12
59185,180,16.7880,12.9303,-79.12,-79.12
59193,180,16.7880,12.8220,-79.12,-79.12
59196,180,12.5054,12.8220,-79.12,-79.12
59205,180,12.5054,12.8942,-79.12,-79.12
59207,180,7.9657,12.8942,-79.12,-79.12
59217,180,7.9657,12.7724,-79.12,-79.12
59218,180,12.7623,12.7724,-79.12,-79.12
59228,180,12.7623,13.0702,-79.12,-79.12
59229,180,7.4518,13.0702,-79.12,-79.12
59240,180,15.9315,13.0702,-79.12,-79.12
59240,180,15.9315,12.7273,-79.12,-79.12
59251,180,17.1306,12.7273,-79.12,-79.12
59252,180,17.1306,12.7634,-79.12,-79.12
59262,180,9.4218,12.7634,-79.12,-79.12
59264,180,9.4218,12.8040,-79.12,-79.12
59273,180,9.6788,12.8040,-79.12,-79.12
59276,180,9.6788,13.1739,-79.12,-79.12
59284,180,6.6809,13.1739,-79.12,-79.12
59288,180,6.6809,13.4762,-79.12,-79.12
59294,180,-0.4283,13.4762,-79.12,-79.12
59299,180,-0.4283,13.5845,-79.12,-79.12
59305,180,0.5139,13.5845,-79.12,-79.12
59311,180,0.5139,14.3650,-79.12,-79.12
59316,180,12.6767,14.3650,-79.12,-79.12
59323,180,12.6767,13.9409,-79.12,-79.12
59327,180,5.7388,13.9409,-79.12,-79.12
59335,180,5.7388,13.8462,-79.12,-79.12
59338,180,11.3919,13.8462,-79.12,-79.12
59347,180,11.3919,13.8371,-79.12,-79.12
59349,180,9.3362,13.8371,-79.12,-79.12
59359,180,9.3362,13.4897,-79.12,-79.12
59360,180,5.3961,13.4897,-79.12,-79.12
59370,180,5.3961,12.9844,-79.12,-79.12
59371,180,19.2719,12.9844,-79.12,-79.12
59382,180,19.2719,13.2822,-79.12,-79.12
59382,180,13.8758,13.2822,-79.12,-79.12
59393,180,18.5011,13.2822,-79.12,-79.12
59394,180,18.5011,13.3544,-79.12,-79.12
59404,180,10.4497,13.3544,-79.12,-79.12
59406,180,10.4497,13.3048,-79.12,-79.12
59415,180,8.1370,13.3048,-79.12,-79.12
59418,180,8.1370,12.6370,-79.12,-79.12
59426,180,8.3084,12.6370,-79.12,-79.12
59430,180,8.3084,13.1108,-79.12,-79.12
59437,180,10.1071,13.1108,-79.12,-79.12
59441,180,10.1071,13.3724,-79.12,-79.12
59448,180,7.6231,13.3724,-79.12,-79.12
59453,180,7.6231,12.9483,-79.12,-79.12
59459,180,6.7666,12.9483,-79.12,-79.12
59465,180,6.7666,13.2957,-79.12,-79.12
59470,180,10.1071,13.2957,-79.12,-79.12
59477,180,10.1071,13.2100,-79.12,-79.12
59481,180,15.8458,13.2100,-79.12,-79.12
59489,180,15.8458,12.9348,-79.12,-79.12
59492,180,16.2741,12.9348,-79.12,-79.12
59501,180,16.2741,12.8807,-79.12,-79.12
59503,180,11.9058,12.8807,-79.12,-79.12
59512,180,11.9058,13.1378,-79.12,-79.12
59514,180,17.4732,13.1378,-79.12,-79.12
59524,180,17.4732,13.0837,-79.12,-79.12
59525,180,9.7645,13.0837,-79.12,-79.12
59536,180,14.0471,13.0837,-79.12,-79.12
59536,180,14.0471,12.6100,-79.12,-79.12
59547,180,8.9079,12.6100,-79.12,-79.12
59548,180,8.9079,12.8310,-79.12,-79.12
59558,180,11.5632,12.8310,-79.12,-79.12
59560,180,11.5632,12.2896,-79.12,-77.68
59569,180,13.7901,12.2896,-79.12,-79.12
59572,180,13.7901,12.5243,-79.12,-79.12
59580,180,7.7088,12.5243,-79.12,-79.12
59583,180,7.7088,12.9619,-79.12,-79.12
59591,180,13.0193,12.9619,-77.68,-79.12
59595,180,13.0193,13.0250,-79.12,-79.12
59602,180,12.8480,13.0250,-79.12,-79.12
59607,180,12.8480,13.0656,-79.12,-77.68
59613,180,9.5931,13.0656,-79.12,-79.12
59619,180,9.5931,12.7679,-79.12,-79.12
59624,180,1.1135,12.7679,-79.12,-79.12
59631,180,1.1135,12.6776,-79.12,-79.12
59635,180,9.9358,12.6776,-79.12,-79.12
59643,180,9.9358,12.6280,-79.12,-79.12
59646,180,11.6488,12.6280,-79.12,-79.12
59654,180,11.6488,12.7273,-79.12,-79.12
59657,180,13.6188,12.7273,-79.12,-79.12
59666,180,13.6188,13.0656,-79.12,-79.12
59668,180,12.5910,13.0656,-79.12,-79.12
59678,180,12.5910,13.0115,-79.12,-79.12
59679,180,10.8779,13.0115,-79.12,-79.12
59690,180,10.0214,13.0115,-79.12,-79.12
59690,180,10.0214,13.0521,-79.12,-79.12
59701,180,12.5054,13.0521,-79.12,-79.12
59702,180,12.5054,13.1469,-79.12,-79.12
59712,180,16.2741,13.1469,-79.12,-79.12
59714,180,16.2741,12.9935,-79.12,-79.12
59722,180,14.9036,12.9935,-79.12,-79.12
59725,180,14.9036,13.0025,-79.12,-79.12
59733,180,20.7281,13.0025,-79.12,-79.12
59737,180,20.7281,13.1108,-79.12,-79.12
59744,180,10.3640,13.1108,-79.12,-77.68
59749,180,10.3640,12.9574,-79.12,-79.12
59755,180,10.8779,12.9574,-79.12,-79.12
59761,180,10.8779,13.0656,-79.12,-79.12
59766,180,3.8544,13.0656,-79.12,-79.12
59773,180,3.8544,13.0521,-79.12,-79.12
59777,180,9.2505,13.0521,-79.12,-79.12
59785,180,9.2505,12.6912,-79.12,-79.12
59788,180,16.7024,12.6912,-79.12,-79.12
59796,180,16.7024,12.7543,-79.12,-79.12
59799,180,18.4154,12.7543,-79.12,-79.12
59808,180,18.4154,13.2416,-79.12,-79.12
59810,180,13.2762,13.2416,-79.12,-79.12
59820,180,13.2762,13.1559,-79.12,-79.12
59821,180,11.9058,13.1559,-79.12,-79.12
59832,180,11.9058,13.2822,-79.12,-79.12
59832,180,18.6724,13.2822,-79.12,-79.12
59843,180,9.8501,13.2822,-79.12,-79.12
59844,180,9.8501,13.0476,-79.12,-79.12
59854,180,11.9914,13.0476,-79.12,-79.12
59856,180,11.9914,12.7047,-79.12,-79.12
59865,180,0.7709,12.7047,-79.12,-79.12
59867,180,0.7709,12.7543,-79.12,-79.12
59876,180,5.2248,12.7543,-79.12,-79.12
59879,180,5.2248,12.9438,-79.12,-79.12
59887,180,1.5418,12.9438,-79.12,-79.12
59891,180,1.5418,13.0386,-79.12,-79.12
59898,180,12.8480,13.0386,-79.12,-79.12
59903,180,12.8480,13.2010,-79.12,-79.12
59909,180,13.9615,13.2010,-79.12,-79.12
59915,180,13.9615,12.9980,-79.12,-79.12
59920,180,13.3619,12.9980,-79.12,-79.12
59927,180,13.3619,13.2371,-79.12,-79.12
59931,180,10.1927,13.2371,-79.12,-79.12
59942,180,0.8565,13.2371,-79.12,-79.12
59950,180,0.8565,13.1423,-79.12,-79.12
59953,180,6.6809,13.1423,-79.12,-79.12
59962,180,6.6809,13.1559,-79.12,-79.12
59964,180,17.1306,13.1559,-79.12,-79.12
59974,180,17.1306,13.1423,-79.12,-79.12
59975,180,22.7837,13.1423,-79.12,-79.12
59986,180,22.7837,13.2912,-79.12,-79.12
59986,180,17.2163,13.2912,-79.12,-79.12
59997,180,21.6702,13.2912,-79.12,-79.12
59998,180,21.6702,13.3589,-79.12,-79.12
60008,180,17.0450,13.3589,-79.12,-79.12
60009,180,17.0450,13.5619,-79.12,-79.12
60019,180,18.8437,13.5619,-79.12,-79.12
60021,180,18.8437,13.2867,-79.12,-79.12
60030,180,20.4711,13.2867,-79.12,-79.12
60033,180,20.4711,12.7724,-79.12,-79.12
60041,180,17.4732,12.7724,-79.12,-79.12
60045,180,17.4732,12.5919,-79.12,-79.12
60052,180,20.3854,12.5919,-79.12,-79.12
60057,180,20.3854,13.0476,-79.12,-79.12
60063,180,13.3619,13.0476,-79.12,-79.12
60069,180,13.3619,13.6747,-79.12,-79.12
60074,180,20.4711,13.6747,-79.12,-79.12
60080,180,20.4711,13.7153,-79.12,-79.12
60085,180,11.1349,13.7153,-79.12,-79.12
60092,180,11.1349,13.6341,-79.12,-79.12
60096,180,15.0749,13.6341,-79.12,-79.12
60104,180,15.0749,13.5529,-79.12,-79.12
60107,180,13.7901,13.5529,-79.12,-79.12
60116,180,13.7901,13.2506,-79.12,-79.12
60118,180,21.5846,13.2506,-79.12,-79.12
60128,180,21.5846,13.0205,-79.12,-77.68
60129,180,20.2141,13.0205,-79.12,-79.12
60140,180,20.2141,12.8040,-79.12,-79.12
60140,180,9.2505,12.8040,-79.12,-79.12
60151,180,12.7623,12.8040,-79.12,-79.12
60151,180,12.7623,13.0837,-79.12,-79.12
60162,180,8.3940,13.0837,-79.12,-79.12
60163,180,8.3940,13.1604,-79.12,-79.12
60172,180,11.3062,13.1604,-79.12,-79.12
60175,180,11.3062,13.0972,-79.12,-79.12
60183,180,11.2206,13.0972,-79.12,-79.12
60187,180,11.2206,13.2371,-79.12,-79.12
60194,180,17.9015,13.2371,-79.12,-79.12
60199,180,17.9015,13.1333,-79.12,-79.12
60205,180,9.4218,13.1333,-79.12,-79.12
60211,180,9.4218,13.1017,-79.12,-79.12
60216,180,17.9872,13.1017,-79.12,-79.12
60222,180,17.9872,13.1378,-79.12,-79.12
60227,180,16.9593,13.1378,-79.12,-79.12
60234,180,16.9593,13.2867,-79.12,-79.12
60238,180,16.3597,13.2867,-79.12,-79.12
60246,180,16.3597,13.2055,-79.12,-79.12
60249,180,8.3940,13.2055,-79.12,-79.12
60258,180,8.3940,12.7047,-79.12,-79.12
60260,180,11.7345,12.7047,-79.12,-79.12
60270,180,11.7345,12.7137,-79.12,-79.12
60271,180,20.3854,12.7137,-79.12,-79.12
60282,180,20.3854,12.9529,-79.12,-79.12
60282,180,9.6788,12.9529,-79.12,-79.12
60293,180,19.4433,12.9529,-79.12,-79.12
60293,180,19.4433,13.4672,-79.12,-79.12
60304,180,16.3597,13.4672,-79.12,-79.12
60305,180,16.3597,13.4536,-79.12,-79.12
60315,180,15.6745,13.4536,-79.12,-79.12
60317,180,15.6745,13.3228,-79.12,-79.12
60326,180,8.3084,13.3228,-79.12,-79.12
60329,180,8.3084,13.4491,-79.12,-79.12
60337,180,12.7623,13.4491,-79.12,-79.12
60341,180,12.7623,13.0882,-79.12,-79.12
