32681,180,4.5396,20.6542,-79.12,-79.12
32681,180,4.5396,20.6542,-79.12,-79.12
32681,180,4.5396,20.5233,-79.12,-79.12
32681,180,4.5396,20.5233,-79.12,-79.12
32691,180,2.3126,20.5233,-79.12,-79.12
32692,180,2.3126,20.5233,-79.12,-79.12
32693,180,2.3126,20.8347,-79.12,-79.12
32693,180,2.3126,20.8347,-79.12,-79.12
32702,180,-5.9101,20.8347,-79.12,-79.12
32702,180,-5.9101,20.8347,-79.12,-77.68
32705,180,-5.9101,20.3023,-79.12,-79.12
32705,180,-5.9101,20.3023,-77.68,-77.68
32713,180,-2.0557,20.3023,-79.12,-79.12
32713,180,-2.0557,20.3023,-79.12,-79.12
32716,180,-2.0557,19.1834,-79.12,-79.12
32717,180,-2.0557,19.1834,-79.12,-79.12
32724,180,-2.0557,19.1834,-79.12,-79.12
32724,180,-2.0557,19.1834,-79.12,-79.12
32728,180,-2.0557,20.0947,-79.12,-79.12
32728,180,-2.0557,20.0947,-79.12,-79.12
32735,180,2.9979,20.0947,-79.12,-79.12
32735,180,2.9979,20.0947,-79.12,-79.12
32740,180,2.9979,19.1834,-79.12,-79.12
32740,180,2.9979,19.1834,-79.12,-79.12
32746,180,2.0557,19.1834,-79.12,-79.12
32746,180,2.0557,19.1834,-79.12,-79.12
32752,180,2.0557,18.7954,-79.12,-79.12
32752,180,2.0557,18.7954,-79.12,-79.12
32757,180,4.7966,18.7954,-79.12,-79.12
32757,180,4.7966,18.7954,-79.12,-79.12
32764,180,4.7966,19.7067,-79.12,-79.12
32764,180,4.7966,19.7067,-79.12,-79.12
32768,180,3.3405,19.7067,-79.12,-79.12
32768,180,3.3405,19.7067,-79.12,-79.12
32776,180,3.3405,19.2917,-79.12,-79.12
32776,180,3.3405,19.2917,-79.12,-79.12
32779,180,-8.4797,19.2917,-79.12,-79.12
32779,180,-8.4797,19.2917,-79.12,-79.12
32787,180,-8.4797,19.8917,-79.12,-79.12
32788,180,-8.4797,19.8917,-79.12,-79.12
32790,180,2.7409,19.8917,-79.12,-79.12
32790,180,2.7409,19.8917,-79.12,-79.12
32799,180,2.7409,19.4090,-79.12,-79.12
32799,180,2.7409,19.4090,-79.12,-79.12
32801,180,0.7709,19.4090,-79.12,-79.12
32801,180,0.7709,19.4090,-79.12,-79.12
32811,180,0.7709,20.1579,-79.12,-79.12
32811,180,0.7709,20.1579,-79.12,-79.12
32812,180,10.1927,20.1579,-79.12,-79.12
32812,180,10.1927,20.1579,-79.12,-79.12
32823,180,10.1927,20.4647,-79.12,-79.12
32823,180,10.1927,20.4647,-79.12,-79.12
32823,180,2.0557,20.4647,-79.12,-79.12
32823,180,2.0557,20.4647,-79.12,-79.12
32834,180,5.1392,20.4647,-79.12,-79.12
32834,180,5.1392,20.4647,-79.12,-77.68
32835,180,5.1392,19.7113,-79.12,-79.12
32835,180,5.1392,19.7113,-79.12,-79.12
32845,180,7.8801,19.7113,-79.12,-79.12
32845,180,7.8801,19.7113,-79.12,-79.12
32847,180,7.8801,20.2933,-79.12,-79.12
32847,180,7.8801,20.2933,-79.12,-79.12
32856,180,-1.8844,20.2933,-79.12,-79.12
32856,180,-1.8844,20.2933,-79.12,-79.12
32858,180,-1.8844,19.3954,-79.12,-79.12
32859,180,-1.8844,19.3954,-79.12,-79.12
32867,180,-9.5931,19.3954,-79.12,-79.12
32867,180,-9.5931,19.3954,-79.12,-79.12
32870,180,-9.5931,20.3384,-79.12,-79.12
32870,180,-9.5931,20.3384,-79.12,-79.12
32878,180,1.7987,20.3384,-79.12,-79.12
32878,180,1.7987,20.3384,-79.12,-79.12
32882,180,1.7987,20.4421,-79.12,-79.12
32882,180,1.7987,20.4421,-79.12,-79.12
32889,180,7.7088,20.4421,-79.12,-77.68
32889,180,7.7088,20.4421,-79.12,-77.68
32894,180,7.7088,20.4512,-79.12,-79.12
32894,180,7.7088,20.4512,-79.12,-79.12
32900,180,1.7987,20.4512,-79.12,-79.12
32900,180,1.7987,20.4512,-79.12,-79.12
32906,180,1.7987,20.5820,-79.12,-79.12
32906,180,1.7987,20.5820,-79.12,-79.12
32911,180,5.5675,20.5820,-79.12,-79.12
32911,180,5.5675,20.5820,-79.12,-79.12
32918,180,5.5675,19.9774,-79.12,-79.12
32918,180,5.5675,19.9774,-79.12,-79.12
32922,180,-3.2548,19.9774,-79.12,-79.12
32922,180,-3.2548,19.9774,-79.12,-79.12
32929,180,-3.2548,20.3970,-79.12,-79.12
32930,180,-3.2548,20.3970,-79.12,-79.12
32933,180,3.7687,20.3970,-79.12,-79.12
32933,180,3.7687,20.3970,-79.12,-79.12
32941,180,3.7687,20.0361,-79.12,-79.12
32941,180,3.7687,20.0361,-79.12,-79.12
32944,180,1.8844,20.0361,-79.12,-79.12
32944,180,1.8844,20.0361,-79.12,-79.12
32953,180,1.8844,19.4180,-79.12,-79.12
32953,180,1.8844,19.4180,-79.12,-79.12
32955,180,-4.5396,19.4180,-79.12,-77.68
32955,180,-4.5396,19.4180,-79.12,-79.12
32965,180,-4.5396,20.4782,-79.12,-77.68
32965,180,-4.5396,20.4782,-79.12,-79.12
32966,180,-5.9957,20.4782,-77.68,-79.12
32966,180,-5.9957,20.4782,-79.12,-79.12
32977,180,-1.2848,20.4782,-79.12,-79.12
32977,180,-1.2848,19.8917,-79.12,-79.12
32977,180,-1.2848,19.8917,-79.12,-79.12
32988,180,7.7944,19.8917,-79.12,-79.12
32988,180,7.7944,19.8917,-77.68,-79.12
32989,180,7.7944,20.5820,-79.12,-79.12
32989,180,7.7944,20.5820,-79.12,-79.12
32999,180,5.3105,20.5820,-79.12,-79.12
32999,180,5.3105,20.5820,-79.12,-79.12
33000,180,5.3105,19.7383,-79.12,-79.12
33001,180,5.3105,19.7383,-79.12,-77.68
33010,180,3.4261,19.7383,-79.12,-79.12
33010,180,3.4261,19.7383,-79.12,-79.12
33012,180,3.4261,19.1789,-79.12,-79.12
33012,180,3.4261,19.1789,-77.68,-79.12
33021,180,-2.4839,19.1789,-79.12,-79.12
33021,180,-2.4839,19.1789,-79.12,-79.12
33024,180,-2.4839,20.0677,-79.12,-79.12
33024,180,-2.4839,20.0677,-79.12,-79.12
33032,180,0.5996,20.0677,-79.12,-79.12
33032,180,0.5996,20.0677,-79.12,-79.12
33036,180,0.5996,19.3954,-79.12,-79.12
33036,180,0.5996,19.3954,-79.12,-79.12
33043,180,-7.2805,19.3954,-79.12,-79.12
33043,180,-7.2805,19.3954,-79.12,-79.12
33048,180,-7.2805,20.4737,-79.12,-79.12
33048,180,-7.2805,20.4737,-79.12,-79.12
33054,180,-3.8544,20.4737,-79.12,-79.12
33054,180,-3.8544,20.4737,-79.12,-79.12
33060,180,-3.8544,20.7038,-79.12,-79.12
33060,180,-3.8544,20.7038,-79.12,-79.12
33065,180,-4.7109,20.7038,-79.12,-79.12
33065,180,-4.7109,20.7038,-79.12,-79.12
33071,180,-4.7109,20.5279,-79.12,-79.12
33072,180,-4.7109,20.5279,-79.12,-79.12
33076,180,1.2848,20.5279,-79.12,-79.12
33076,180,1.2848,20.5279,-79.12,-79.12
33083,180,1.2848,20.0090,-79.12,-79.12
33083,180,1.2848,20.0090,-79.12,-79.12
33086,180,5.2248,20.0090,-79.12,-79.12
33087,180,5.2248,20.0090,-79.12,-79.12
33095,180,5.2248,19.3819,-79.12,-79.12
33095,180,5.2248,19.3819,-79.12,-79.12
33097,180,0.5139,19.3819,-79.12,-79.12
33098,180,0.5139,19.3819,-79.12,-79.12
33107,180,0.5139,20.6993,-79.12,-79.12
33107,180,0.5139,20.6993,-79.12,-79.12
33108,180,8.8223,20.6993,-79.12,-79.12
33109,180,8.8223,20.6993,-79.12,-79.12
33119,180,8.8223,19.9774,-79.12,-79.12
33119,180,8.8223,19.9774,-79.12,-79.12
33119,180,-0.3426,19.9774,-79.12,-79.12
33119,180,-0.3426,19.9774,-79.12,-79.12
33130,180,-2.2270,19.9774,-79.12,-79.12
33130,180,-2.2270,19.9774,-79.12,-79.12
33131,180,-2.2270,20.1038,-79.12,-79.12
33131,180,-2.2270,20.1038,-79.12,-79.12
33141,180,2.4839,20.1038,-79.12,-79.12
33141,180,2.4839,20.1038,-79.12,-79.12
33142,180,2.4839,20.2842,-79.12,-79.12
33143,180,2.4839,20.2842,-79.12,-79.12
33152,180,4.8822,20.2842,-79.12,-79.12
33152,180,4.8822,20.2842,-79.12,-79.12
33154,180,4.8822,19.6571,-79.12,-79.12
33154,180,4.8822,19.6571,-79.12,-79.12
33163,180,0.8565,19.6571,-79.12,-79.12
33163,180,0.8565,19.6571,-79.12,-79.12
33166,180,0.8565,20.2391,-79.12,-79.12
33166,180,0.8565,20.2391,-79.12,-79.12
33174,180,4.7109,20.2391,-79.12,-79.12
33174,180,4.7109,20.2391,-79.12,-79.12
33178,180,4.7109,19.7383,-79.12,-79.12
33178,180,4.7109,19.7383,-79.12,-79.12
33185,180,2.9122,19.7383,-79.12,-79.12
33185,180,2.9122,19.7383,-79.12,-79.12
33190,180,2.9122,20.4196,-79.12,-79.12
33190,180,2.9122,20.4196,-79.12,-79.12
33196,180,1.1991,20.4196,-79.12,-79.12
33196,180,1.1991,20.4196,-79.12,-77.68
33202,180,1.1991,20.0722,-79.12,-79.12
33202,180,1.1991,20.0722,-79.12,-79.12
33207,180,7.1949,20.0722,-79.12,-79.12
33207,180,7.1949,20.0722,-79.12,-79.12
33213,180,7.1949,19.8015,-79.12,-79.12
33214,180,7.1949,19.8015,-79.12,-79.12
33218,180,3.1692,19.8015,-79.12,-77.68
33218,180,3.1692,19.8015,-79.12,-79.12
33225,180,3.1692,20.1444,-79.12,-79.12
33225,180,3.1692,20.1444,-79.12,-79.12
33229,180,8.3084,20.1444,-79.12,-79.12
33229,180,8.3084,20.1444,-79.12,-79.12
33237,180,8.3084,19.2736,-79.12,-79.12
33237,180,8.3084,19.2736,-79.12,-79.12
33240,180,2.7409,19.2736,-79.12,-79.12
33240,180,2.7409,19.2736,-79.12,-79.12
33249,180,2.7409,19.9323,-79.12,-79.12
33249,180,2.7409,19.9323,-79.12,-79.12
33251,180,0.0857,19.9323,-79.12,-79.12
33251,180,0.0857,19.9323,-79.12,-79.12
33261,180,0.0857,19.8105,-79.12,-79.12
33261,180,0.0857,19.8105,-79.12,-79.12
33262,180,-2.8266,19.8105,-79.12,-79.12
33262,180,-2.8266,19.8105,-79.12,-79.12
33273,180,-2.8266,20.2662,-79.12,-79.12
33273,180,-2.8266,20.2662,-79.12,-79.12
33273,180,2.9122,20.2662,-79.12,-79.12
33273,180,2.9122,20.2662,-79.12,-79.12
33284,180,8.3084,20.2662,-79.12,-79.12
33284,180,8.3084,20.2662,-79.12,-79.12
33284,180,8.3084,20.0767,-79.12,-79.12
33285,180,8.3084,20.0767,-79.12,-79.12
33295,180,3.1692,20.0767,-79.12,-79.12
33295,180,3.1692,20.0767,-79.12,-79.12
33296,180,3.1692,19.6300,-79.12,-79.12
33296,180,3.1692,19.6300,-79.12,-79.12
33306,180,0.5139,19.6300,-79.12,-79.12
33306,180,0.5139,19.6300,-79.12,-79.12
33308,180,0.5139,20.4286,-79.12,-79.12
33308,180,0.5139,20.4286,-79.12,-79.12
33317,180,3.6831,20.4286,-79.12,-79.12
33317,180,3.6831,20.4286,-79.12,-79.12
33320,180,3.6831,19.6661,-79.12,-79.12
33320,180,3.6831,19.6661,-79.12,-79.12
33328,180,9.2505,19.6661,-79.12,-79.12
33328,180,9.2505,19.6661,-79.12,-79.12
33332,180,9.2505,19.9549,-79.12,-77.68
33332,180,9.2505,19.9549,-79.12,-79.12
33339,180,6.3383,19.9549,-79.12,-79.12
33339,180,6.3383,19.9549,-79.12,-79.12
33344,180,6.3383,19.7203,-79.12,-77.68
33344,180,6.3383,19.7203,-79.12,-79.12
33350,180,6.2527,19.7203,-79.12,-79.12
33350,180,6.2527,19.7203,-79.12,-79.12
33355,180,6.2527,19.2511,-79.12,-79.12
33356,180,6.2527,19.2511,-79.12,-79.12
33361,180,0.9422,19.2511,-79.12,-79.12
33361,180,0.9422,19.2511,-79.12,-79.12
33367,180,0.9422,20.7038,-79.12,-79.12
33367,180,0.9422,20.7038,-79.12,-79.12
33372,180,9.5075,20.7038,-79.12,-79.12
33372,180,9.5075,20.7038,-79.12,-79.12
33379,180,9.5075,20.3023,-79.12,-79.12
33379,180,9.5075,20.3023,-79.12,-79.12
33383,180,5.4818,20.3023,-79.12,-79.12
33383,180,5.4818,20.3023,-79.12,-79.12
33391,180,5.4818,20.0271,-79.12,-79.12
33391,180,5.4818,20.0271,-79.12,-79.12
33394,180,7.0236,20.0271,-79.12,-79.12
33394,180,7.0236,20.0271,-79.12,-79.12
33403,180,7.0236,20.0677,-79.12,-79.12
33403,180,7.0236,20.0677,-79.12,-79.12
33405,180,8.4797,20.0677,-79.12,-79.12
33405,180,8.4797,20.0677,-79.12,-79.12
33415,180,8.4797,20.0271,-79.12,-79.12
33415,180,8.4797,20.0271,-79.12,-79.12
33416,180,0.2570,20.0271,-79.12,-79.12
33416,180,0.2570,20.0271,-79.12,-79.12
33426,180,0.2570,20.7534,-79.12,-79.12
33427,180,0.2570,20.7534,-79.12,-77.68
33427,180,0.8565,20.7534,-79.12,-79.12
33427,180,0.8565,20.7534,-79.12,-79.12
33438,180,4.3683,20.7534,-79.12,-79.12
33438,180,4.3683,20.7534,-79.12,-79.12
33438,180,4.3683,20.0090,-79.12,-79.12
33438,180,4.3683,20.0090,-79.12,-79.12
33449,180,1.8844,20.0090,-79.12,-79.12
33449,180,1.8844,20.0090,-79.12,-79.12
33450,180,1.8844,20.5098,-79.12,-79.12
33450,180,1.8844,20.5098,-79.12,-79.12
33460,180,-1.4561,20.5098,-79.12,-79.12
33460,180,-1.4561,20.5098,-79.12,-79.12
33462,180,-1.4561,19.9549,-79.12,-77.68
33462,180,-1.4561,19.9549,-79.12,-79.12
33471,180,5.3105,19.9549,-79.12,-79.12
33471,180,5.3105,19.9549,-79.12,-79.12
33474,180,5.3105,19.1338,-79.12,-79.12
33474,180,5.3105,19.1338,-79.12,-79.12
33482,180,-0.5996,19.1338,-79.12,-79.12
33482,180,-0.5996,19.1338,-79.12,-79.12
33486,180,-0.5996,20.0993,-79.12,-79.12
33486,180,-0.5996,20.0993,-79.12,-79.12
33493,180,4.1113,20.0993,-79.12,-79.12
33493,180,4.1113,20.0993,-79.12,-79.12
33497,180,4.1113,19.0932,-79.12,-79.12
33498,180,4.1113,19.0932,-79.12,-79.12
33503,180,4.7966,19.0932,-79.12,-79.12
33504,180,4.7966,19.0932,-79.12,-79.12
33509,180,4.7966,19.5127,-79.12,-79.12
33509,180,4.7966,19.5127,-77.68,-79.12
33514,180,7.5375,19.5127,-79.12,-79.12
33515,180,7.5375,19.5127,-79.12,-79.12
33521,180,7.5375,19.6300,-79.12,-79.12
33521,180,7.5375,19.6300,-79.12,-77.68
33525,180,2.5696,19.6300,-79.12,-79.12
33526,180,2.5696,19.6300,-77.68,-79.12
33533,180,2.5696,19.4225,-79.12,-79.12
33533,180,2.5696,19.4225,-79.12,-79.12
33536,180,-0.7709,19.4225,-79.12,-79.12
33536,180,-0.7709,19.4225,-79.12,-79.12
33545,180,-0.7709,20.0902,-79.12,-79.12
33545,180,-0.7709,20.0902,-79.12,-79.12
33547,180,4.5396,20.0902,-79.12,-79.12
33547,180,4.5396,20.0902,-79.12,-79.12
33557,180,4.5396,19.8511,-79.12,-79.12
33557,180,4.5396,19.8511,-79.12,-79.12
33558,180,-1.4561,19.8511,-79.12,-79.12
33558,180,-1.4561,19.8511,-79.12,-79.12
33568,180,-1.4561,20.4918,-79.12,-79.12
33569,180,-1.4561,20.4918,-79.12,-79.12
33569,180,3.8544,20.4918,-79.12,-79.12
33569,180,3.8544,20.4918,-79.12,-79.12
33580,180,-2.8266,19.7744,-79.12,-79.12
33580,180,-2.8266,19.7744,-79.12,-79.12
33591,180,8.6510,19.7744,-79.12,-79.12
33591,180,8.6510,19.7744,-79.12,-79.12
33592,180,8.6510,20.0993,-79.12,-79.12
33592,180,8.6510,20.0993,-79.12,-79.12
33602,180,4.1970,20.0993,-79.12,-79.12
33602,180,4.1970,20.0993,-79.12,-79.12
33604,180,4.1970,20.4827,-79.12,-79.12
33604,180,4.1970,20.4827,-79.12,-79.12
33613,180,3.7687,20.4827,-79.12,-79.12
33613,180,3.7687,20.4827,-79.12,-79.12
33616,180,3.7687,19.8962,-79.12,-79.12
33616,180,3.7687,19.8962,-79.12,-79.12
33624,180,-3.4261,19.8962,-79.12,-79.12
33624,180,-3.4261,19.8962,-79.12,-79.12
33628,180,-3.4261,20.4060,-79.12,-79.12
33628,180,-3.4261,20.4060,-79.12,-79.12
33635,180,-11.3062,20.4060,-79.12,-79.12
33635,180,-11.3062,20.4060,-79.12,-79.12
33639,180,-11.3062,19.9504,-79.12,-79.12
33640,180,-11.3062,19.9504,-79.12,-79.12
33646,180,-6.3383,19.9504,-79.12,-79.12
33646,180,-6.3383,19.9504,-79.12,-79.12
33651,180,-6.3383,20.2752,-79.12,-79.12
33651,180,-6.3383,20.2752,-79.12,-79.12
33657,180,0.0857,20.2752,-79.12,-79.12
33657,180,0.0857,20.2752,-79.12,-79.12
33663,180,0.0857,20.6677,-79.12,-79.12
33663,180,0.0857,20.6677,-79.12,-79.12
33668,180,-3.1692,20.6677,-79.12,-79.12
33668,180,-3.1692,20.6677,-79.12,-79.12
33675,180,-3.1692,20.3384,-79.12,-79.12
33675,180,-3.1692,20.3384,-79.12,-79.12
33679,180,-5.3961,20.3384,-79.12,-79.12
33679,180,-5.3961,20.3384,-79.12,-79.12
33687,180,-5.3961,20.4647,-79.12,-79.12
33687,180,-5.3961,20.4647,-79.12,-79.12
33690,180,2.4839,20.4647,-79.12,-79.12
33690,180,2.4839,20.4647,-79.12,-79.12
33699,180,2.4839,19.6842,-79.12,-79.12
33699,180,2.4839,19.6842,-79.12,-79.12
33701,180,-0.6852,19.6842,-79.12,-79.12
33701,180,-0.6852,19.6842,-79.12,-79.12
33710,180,-0.6852,20.1714,-79.12,-79.12
33711,180,-0.6852,20.1714,-79.12,-79.12
33712,180,4.2827,20.1714,-79.12,-79.12
33712,180,4.2827,20.1714,-79.12,-79.12
33722,180,4.2827,19.9459,-79.12,-79.12
33722,180,4.2827,19.9459,-79.12,-79.12
33723,180,3.8544,19.9459,-79.12,-79.12
33723,180,3.8544,19.9459,-79.12,-79.12
33734,180,8.7366,19.9459,-79.12,-79.12
33734,180,8.7366,19.9459,-79.12,-79.12
33734,180,8.7366,19.5443,-79.12,-79.12
33734,180,8.7366,19.5443,-79.12,-79.12
33745,180,-3.2548,19.5443,-79.12,-79.12
33745,180,-3.2548,19.5443,-79.12,-79.12
33746,180,-3.2548,20.6542,-79.12,-79.12
33746,180,-3.2548,20.6542,-79.12,-79.12
33756,180,-6.2527,20.6542,-79.12,-79.12
33756,180,-6.2527,20.6542,-79.12,-79.12
33758,180,-6.2527,19.9188,-79.12,-79.12
33758,180,-6.2527,19.9188,-79.12,-79.12
33767,180,4.1970,19.9188,-79.12,-79.12
33767,180,4.1970,19.9188,-79.12,-79.12
33770,180,4.1970,20.6858,-79.12,-79.12
33770,180,4.1970,20.6858,-79.12,-79.12
33778,180,1.4561,20.6858,-79.12,-79.12
33778,180,1.4561,20.6858,-79.12,-79.12
33781,180,1.4561,20.1805,-79.12,-79.12
33782,180,1.4561,20.1805,-79.12,-79.12
33789,180,7.0236,20.1805,-79.12,-79.12
33789,180,7.0236,20.1805,-79.12,-77.68
33793,180,7.0236,19.9504,-79.12,-79.12
33793,180,7.0236,19.9504,-79.12,-79.12
33800,180,0.2570,19.9504,-79.12,-79.12
33800,180,0.2570,19.9504,-79.12,-79.12
33805,180,0.2570,20.6948,-79.12,-79.12
33805,180,0.2570,20.6948,-79.12,-79.12
33811,180,9.3362,20.6948,-79.12,-79.12
33811,180,9.3362,20.6948,-79.12,-79.12
33817,180,9.3362,19.9143,-79.12,-79.12
33817,180,9.3362,19.9143,-79.12,-79.12
33822,180,12.2484,19.9143,-79.12,-79.12
33822,180,12.2484,19.9143,-79.12,-79.12
33829,180,12.2484,20.7760,-79.12,-79.12
33829,180,12.2484,20.7760,-79.12,-79.12
33833,180,6.7666,20.7760,-79.12,-79.12
33833,180,6.7666,20.7760,-79.12,-79.12
33841,180,6.7666,20.7264,-79.12,-79.12
33841,180,6.7666,20.7264,-79.12,-79.12
33844,180,-5.5675,20.7264,-79.12,-79.12
33844,180,-5.5675,20.7264,-79.12,-79.12
33852,180,-5.5675,19.8872,-79.12,-79.12
33853,180,-5.5675,19.8872,-79.12,-79.12
33855,180,-0.4283,19.8872,-79.12,-79.12
33855,180,-0.4283,19.8872,-79.12,-79.12
33864,180,-0.4283,20.1760,-79.12,-79.12
33864,180,-0.4283,20.1760,-79.12,-77.68
33866,180,3.4261,20.1760,-79.12,-79.12
33866,180,3.4261,20.1760,-79.12,-79.12
33876,180,3.4261,20.0722,-79.12,-79.12
33876,180,3.4261,20.0722,-79.12,-79.12
33877,180,2.2270,20.0722,-79.12,-79.12
33877,180,2.2270,20.0722,-79.12,-77.68
33888,180,-3.5974,20.0722,-79.12,-79.12
33888,180,-3.5974,20.0722,-79.12,-79.12
33888,180,-3.5974,20.4286,-79.12,-79.12
33888,180,-3.5974,20.4286,-79.12,-79.12
33899,180,-6.7666,20.4286,-79.12,-79.12
33899,180,-6.7666,20.4286,-79.12,-79.12
33900,180,-6.7666,19.6661,-79.12,-79.12
33900,180,-6.7666,19.6661,-79.12,-79.12
33910,180,5.1392,19.6661,-79.12,-79.12
33910,180,5.1392,19.6661,-79.12,-79.12
33912,180,5.1392,20.5775,-79.12,-77.68
33912,180,5.1392,20.5775,-79.12,-79.12
33920,180,-2.9979,20.5775,-79.12,-77.68
33921,180,-2.9979,20.5775,-79.12,-79.12
33923,180,-2.9979,20.7805,-79.12,-79.12
33924,180,-2.9979,20.7805,-79.12,-79.12
33931,180,-3.1692,20.7805,-79.12,-79.12
33932,180,-3.1692,20.7805,-79.12,-79.12
33935,180,-3.1692,19.9504,-79.12,-79.12
33935,180,-3.1692,19.9504,-79.12,-79.12
33942,180,-0.0857,19.9504,-79.12,-79.12
33943,180,-0.0857,19.9504,-79.12,-79.12
33947,180,-0.0857,20.3835,-79.12,-79.12
33947,180,-0.0857,20.3835,-79.12,-79.12
33953,180,6.3383,20.3835,-79.12,-79.12
33953,180,6.3383,20.3835,-79.12,-79.12
33959,180,6.3383,19.9098,-79.12,-79.12
33959,180,6.3383,19.9098,-79.12,-79.12
33964,180,6.3383,19.9098,-79.12,-79.12
33964,180,6.3383,19.9098,-79.12,-79.12
33971,180,6.3383,20.6993,-79.12,-79.12
33971,180,6.3383,20.6993,-79.12,-79.12
33975,180,3.1692,20.6993,-79.12,-77.68
33975,180,3.1692,20.6993,-79.12,-77.68
33983,180,3.1692,20.6632,-79.12,-79.12
33983,180,3.1692,20.6632,-79.12,-79.12
33986,180,3.7687,20.6632,-79.12,-79.12
33986,180,3.7687,20.6632,-79.12,-79.12
33994,180,3.7687,19.6526,-79.12,-79.12
33995,180,3.7687,19.6526,-79.12,-79.12
33997,180,-2.7409,19.6526,-79.12,-79.12
33997,180,-2.7409,19.6526,-79.12,-77.68
34006,180,-2.7409,20.5188,-79.12,-79.12
34006,180,-2.7409,20.5188,-77.68,-79.12
34008,180,2.8266,20.5188,-79.12,-79.12
34008,180,2.8266,20.5188,-79.12,-79.12
34018,180,2.8266,20.1895,-79.12,-79.12
34018,180,2.8266,20.1895,-79.12,-79.12
34019,180,0.9422,20.1895,-79.12,-79.12
34019,180,0.9422,20.1895,-79.12,-79.12
34030,180,0.9422,20.7715,-79.12,-79.12
34030,180,0.9422,20.7715,-79.12,-79.12
34030,180,0.5139,20.7715,-79.12,-79.12
34030,180,0.5139,20.7715,-79.12,-79.12
34041,180,-4.7109,20.7715,-79.12,-79.12
34041,180,-4.7109,20.7715,-79.12,-79.12
34042,180,-4.7109,20.2933,-77.68,-79.12
34042,180,-4.7109,20.2933,-79.12,-79.12
34052,180,0.6852,20.2933,-79.12,-79.12
34052,180,0.6852,20.2933,-79.12,-79.12
34054,180,0.6852,19.5714,-79.12,-79.12
34054,180,0.6852,19.5714,-79.12,-79.12
34063,180,-8.2227,19.5714,-79.12,-79.12
34063,180,-8.2227,19.5714,-79.12,-79.12
34065,180,-8.2227,20.6813,-79.12,-79.12
34065,180,-8.2227,20.6813,-79.12,-77.68
34074,180,-1.1135,20.6813,-79.12,-79.12
34074,180,-1.1135,20.6813,-79.12,-79.12
34077,180,-1.1135,19.9729,-79.12,-79.12
34077,180,-1.1135,19.9729,-79.12,-79.12
34085,180,-3.2548,19.9729,-79.12,-79.12
34085,180,-3.2548,19.9729,-79.12,-79.12
34089,180,-3.2548,20.8707,-79.12,-79.12
34089,180,-3.2548,20.8707,-79.12,-79.12
34096,180,-2.3126,20.8707,-79.12,-79.12
34096,180,-2.3126,20.8707,-79.12,-79.12
34101,180,-2.3126,20.7309,-79.12,-79.12
34101,180,-2.3126,20.7309,-79.12,-79.12
34107,180,4.9679,20.7309,-79.12,-79.12
34107,180,4.9679,20.7309,-79.12,-79.12
34113,180,4.9679,19.8060,-79.12,-79.12
34113,180,4.9679,19.8060,-79.12,-79.12
34118,180,4.5396,19.8060,-79.12,-79.12
34118,180,4.5396,19.8060,-79.12,-79.12
34125,180,4.5396,20.2572,-79.12,-79.12
34125,180,4.5396,20.2572,-79.12,-77.68
34129,180,5.9101,20.2572,-79.12,-79.12
34129,180,5.9101,20.2572,-79.12,-79.12
34136,180,5.9101,19.8015,-79.12,-79.12
34136,180,5.9101,19.8015,-79.12,-79.12
34140,180,2.1413,19.8015,-79.12,-79.12
34140,180,2.1413,19.8015,-79.12,-79.12
34148,180,2.1413,20.7489,-79.12,-79.12
34148,180,2.1413,20.7489,-79.12,-79.12
34151,180,0.3426,20.7489,-79.12,-79.12
34151,180,0.3426,20.7489,-79.12,-79.12
34160,180,0.3426,20.4512,-79.12,-79.12
34160,180,0.3426,20.4512,-79.12,-79.12
34162,180,-5.9101,20.4512,-79.12,-79.12
34162,180,-5.9101,20.4512,-79.12,-79.12
34172,180,-5.9101,19.8015,-79.12,-79.12
34172,180,-5.9101,19.8015,-79.12,-79.12
34173,180,6.5096,19.8015,-79.12,-79.12
34173,180,6.5096,19.8015,-79.12,-79.12
34184,180,6.5096,20.1128,-79.12,-79.12
34184,180,6.5096,20.1128,-79.12,-79.12
34184,180,4.1113,20.1128,-79.12,-79.12
34184,180,4.1113,20.1128,-79.12,-79.12
34195,180,2.7409,20.1128,-79.12,-79.12
34195,180,2.7409,20.1128,-79.12,-79.12
34196,180,2.7409,19.3819,-79.12,-79.12
34196,180,2.7409,19.3819,-79.12,-79.12
34206,180,-0.2570,19.3819,-79.12,-79.12
34206,180,-0.2570,19.3819,-79.12,-79.12
34207,180,-0.2570,20.8437,-79.12,-79.12
34207,180,-0.2570,20.8437,-79.12,-79.12
34217,180,-9.6788,20.8437,-79.12,-79.12
34217,180,-9.6788,20.8437,-79.12,-79.12
34219,180,-9.6788,20.8798,-79.12,-79.12
34219,180,-9.6788,20.8798,-79.12,-79.12
34228,180,0.7709,20.8798,-79.12,-79.12
34228,180,0.7709,20.8798,-79.12,-79.12
34231,180,0.7709,21.0287,-79.12,-79.12
34231,180,0.7709,21.0287,-79.12,-79.12
34239,180,1.1135,21.0287,-79.12,-79.12
34239,180,1.1135,21.0287,-79.12,-79.12
34243,180,1.1135,21.0287,-79.12,-79.12
34243,180,1.1135,21.0287,-79.12,-79.12
34250,180,2.6552,21.0287,-79.12,-79.12
34250,180,2.6552,21.0287,-79.12,-79.12
34255,180,2.6552,19.9820,-77.68,-79.12
34255,180,2.6552,19.9820,-79.12,-79.12
34261,180,-2.5696,19.9820,-79.12,-79.12
34261,180,-2.5696,19.9820,-79.12,-79.12
34267,180,-2.5696,20.5053,-79.12,-79.12
34267,180,-2.5696,20.5053,-79.12,-79.12
34272,180,7.5375,20.5053,-79.12,-79.12
34272,180,7.5375,20.5053,-79.12,-79.12
34278,180,7.5375,20.4060,-79.12,-79.12
34278,180,7.5375,20.4060,-79.12,-79.12
34283,180,10.8779,20.4060,-79.12,-79.12
34283,180,10.8779,20.4060,-79.12,-79.12
34290,180,10.8779,20.9835,-79.12,-79.12
34290,180,10.8779,20.9835,-79.12,-79.12
34294,180,12.0771,20.9835,-79.12,-79.12
34294,180,12.0771,20.9835,-79.12,-79.12
34302,180,12.0771,20.7038,-79.12,-79.12
34302,180,12.0771,20.7038,-79.12,-79.12
34305,180,9.9358,20.7038,-79.12,-79.12
34305,180,9.9358,20.7038,-79.12,-79.12
34314,180,9.9358,19.4541,-79.12,-79.12
34314,180,9.9358,19.4541,-79.12,-79.12
34316,180,7.4518,19.4541,-79.12,-79.12
34316,180,7.4518,19.4541,-79.12,-79.12
34326,180,7.4518,19.8692,-79.12,-79.12
34326,180,7.4518,19.8692,-79.12,-79.12
34326,180,10.4497,19.8692,-79.12,-79.12
34327,180,10.4497,19.8692,-79.12,-79.12
34337,180,8.6510,19.8692,-79.12,-79.12
34338,180,8.6510,19.5714,-79.12,-79.12
34338,180,8.6510,19.5714,-79.12,-79.12
34348,180,12.8480,19.5714,-79.12,-79.12
34349,180,12.8480,19.5714,-79.12,-79.12
34349,180,12.8480,20.0496,-79.12,-79.12
34349,180,12.8480,20.0496,-79.12,-79.12
34359,180,-0.8565,20.0496,-79.12,-79.12
34360,180,-0.8565,20.0496,-79.12,-79.12
34361,180,-0.8565,19.6977,-79.12,-79.12
34361,180,-0.8565,19.6977,-79.12,-79.12
34370,180,2.6552,19.6977,-79.12,-79.12
34370,180,2.6552,19.6977,-79.12,-79.12
34373,180,2.6552,20.5008,-79.12,-79.12
34373,180,2.6552,20.5008,-79.12,-79.12
34381,180,2.9979,20.5008,-79.12,-79.12
34381,180,2.9979,20.5008,-79.12,-79.12
34385,180,2.9979,20.7173,-79.12,-79.12
34385,180,2.9979,20.7173,-79.12,-79.12
34392,180,9.4218,20.7173,-79.12,-79.12
34392,180,9.4218,20.7173,-79.12,-79.12
34397,180,9.4218,19.7834,-79.12,-79.12
34397,180,9.4218,19.7834,-79.12,-79.12
34403,180,7.0236,19.7834,-79.12,-79.12
34403,180,7.0236,19.7834,-79.12,-79.12
34408,180,7.0236,20.5685,-79.12,-79.12
34409,180,7.0236,20.5685,-79.12,-79.12
34414,180,0.7709,20.5685,-79.12,-79.12
34414,180,0.7709,20.5685,-79.12,-79.12
34420,180,0.7709,20.0406,-79.12,-77.68
34420,180,0.7709,20.0406,-79.12,-79.12
34425,180,-5.1392,20.0406,-79.12,-79.12
34425,180,-5.1392,20.0406,-79.12,-79.12
34432,180,-5.1392,20.0226,-79.12,-79.12
34432,180,-5.1392,20.0226,-79.12,-79.12
34436,180,-2.9979,20.0226,-79.12,-79.12
34436,180,-2.9979,20.0226,-79.12,-79.12
34444,180,-2.9979,20.5640,-79.12,-79.12
34444,180,-2.9979,20.5640,-79.12,-79.12
34447,180,0.2570,20.5640,-79.12,-79.12
34447,180,0.2570,20.5640,-79.12,-79.12
34456,180,0.2570,20.1489,-79.12,-79.12
34456,180,0.2570,20.1489,-79.12,-79.12
34458,180,-5.1392,20.1489,-79.12,-79.12
34458,180,-5.1392,20.1489,-79.12,-79.12
34468,180,-5.1392,20.8933,-79.12,-79.12
34468,180,-5.1392,20.8933,-79.12,-79.12
34469,180,9.0792,20.8933,-79.12,-79.12
34469,180,9.0792,20.8933,-79.12,-77.68
34479,180,9.0792,20.1218,-79.12,-79.12
34480,180,9.0792,20.1218,-79.12,-79.12
34480,180,-0.7709,20.1218,-79.12,-79.12
34480,180,-0.7709,20.1218,-79.12,-77.68
34491,180,1.0278,20.1218,-79.12,-79.12
34491,180,1.0278,20.1218,-79.12,-77.68
34491,180,1.0278,19.8827,-79.12,-79.12
34491,180,1.0278,19.8827,-79.12,-79.12
34502,180,-4.1113,19.8827,-79.12,-79.12
34502,180,-4.1113,19.8827,-79.12,-79.12
34503,180,-4.1113,20.3654,-79.12,-79.12
34503,180,-4.1113,20.3654,-79.12,-79.12
34513,180,2.2270,20.3654,-79.12,-79.12
34513,180,2.2270,20.3654,-79.12,-79.12
34515,180,2.2270,20.0496,-79.12,-79.12
34515,180,2.2270,20.0496,-79.12,-79.12
34524,180,0.7709,20.0496,-79.12,-79.12
34524,180,0.7709,20.0496,-79.12,-79.12
34527,180,0.7709,20.5730,-79.12,-79.12
34527,180,0.7709,20.5730,-77.68,-79.12
34535,180,5.0535,20.5730,-79.12,-79.12
34535,180,5.0535,20.5730,-79.12,-79.12
34539,180,5.0535,19.7654,-79.12,-79.12
34539,180,5.0535,19.7654,-79.12,-79.12
34546,180,-1.9700,19.7654,-79.12,-79.12
34546,180,-1.9700,19.7654,-79.12,-79.12
34550,180,-1.9700,20.2933,-79.12,-79.12
34551,180,-1.9700,20.2933,-79.12,-79.12
34557,180,-4.4540,20.2933,-79.12,-79.12
34557,180,-4.4540,20.2933,-79.12,-79.12
34562,180,-4.4540,20.3429,-79.12,-79.12
34562,180,-4.4540,20.3429,-79.12,-79.12
34568,180,5.6531,20.3429,-79.12,-79.12
34568,180,5.6531,20.3429,-79.12,-79.12
34574,180,5.6531,19.3007,-79.12,-79.12
34574,180,5.6531,19.3007,-79.12,-79.12
34579,180,1.2848,19.3007,-79.12,-79.12
34579,180,1.2848,19.3007,-79.12,-79.12
34586,180,1.2848,20.4557,-79.12,-79.12
34586,180,1.2848,20.4557,-79.12,-79.12
34590,180,10.1071,20.4557,-79.12,-79.12
34590,180,10.1071,20.4557,-79.12,-79.12
34598,180,10.1071,20.3880,-79.12,-79.12
34598,180,10.1071,20.3880,-79.12,-79.12
34601,180,4.0257,20.3880,-79.12,-79.12
34601,180,4.0257,20.3880,-79.12,-79.12
34610,180,4.0257,20.5504,-79.12,-79.12
34610,180,4.0257,20.5504,-79.12,-79.12
34612,180,11.7345,20.5504,-79.12,-79.12
34612,180,11.7345,20.5504,-79.12,-79.12
34621,180,11.7345,20.2211,-79.12,-79.12
34622,180,11.7345,20.2211,-79.12,-79.12
34623,180,2.9122,20.2211,-79.12,-79.12
34623,180,2.9122,20.2211,-79.12,-79.12
34633,180,2.9122,19.5759,-79.12,-79.12
34633,180,2.9122,19.5759,-79.12,-79.12
34634,180,2.9979,19.5759,-79.12,-79.12
34634,180,2.9979,19.5759,-79.12,-79.12
34645,180,3.5974,19.5759,-79.12,-79.12
34645,180,3.5974,19.5759,-79.12,-79.12
34645,180,3.5974,20.3248,-79.12,-79.12
34645,180,3.5974,20.3248,-79.12,-79.12
34656,180,5.9101,20.3248,-79.12,-79.12
34656,180,5.9101,20.3248,-79.12,-79.12
34657,180,5.9101,19.8331,-79.12,-79.12
34657,180,5.9101,19.8331,-77.68,-79.12
34667,180,10.2784,19.8331,-79.12,-79.12
34667,180,10.2784,19.8331,-79.12,-79.12
34669,180,10.2784,20.3068,-79.12,-79.12
34669,180,10.2784,20.3068,-79.12,-79.12
34678,180,6.0814,20.3068,-79.12,-79.12
34678,180,6.0814,20.3068,-79.12,-79.12
34681,180,6.0814,20.3113,-79.12,-79.12
34681,180,6.0814,20.3113,-77.68,-79.12
34689,180,10.1927,20.3113,-79.12,-79.12
34689,180,10.1927,20.3113,-79.12,-79.12
34692,180,10.1927,20.0993,-79.12,-79.12
34693,180,10.1927,20.0993,-79.12,-77.68
34700,180,2.5696,20.0993,-79.12,-79.12
34700,180,2.5696,20.0993,-77.68,-79.12
34704,180,2.5696,20.4963,-79.12,-79.12
34704,180,2.5696,20.4963,-79.12,-79.12
34711,180,-0.6852,20.4963,-79.12,-79.12
34711,180,-0.6852,20.4963,-79.12,-79.12
34716,180,-0.6852,19.5579,-79.12,-79.12
34716,180,-0.6852,19.5579,-79.12,-79.12
34722,180,-5.7388,19.5579,-79.12,-79.12
34722,180,-5.7388,19.5579,-79.12,-79.12
34728,180,-5.7388,19.9098,-79.12,-77.68
34728,180,-5.7388,19.9098,-79.12,-79.12
34733,180,0.7709,19.9098,-79.12,-79.12
34733,180,0.7709,19.9098,-79.12,-79.12
34740,180,0.7709,19.7925,-79.12,-79.12
34740,180,0.7709,19.7925,-79.12,-77.68
34744,180,1.3704,19.7925,-79.12,-79.12
34744,180,1.3704,19.7925,-79.12,-79.12
34752,180,1.3704,20.1083,-79.12,-79.12
34752,180,1.3704,20.1083,-79.12,-79.12
34754,180,5.4818,20.1083,-79.12,-79.12
34755,180,5.4818,20.1083,-79.12,-79.12
34763,180,5.4818,20.5820,-79.12,-79.12
34764,180,5.4818,20.5820,-79.12,-79.12
34765,180,5.0535,20.5820,-79.12,-79.12
34766,180,5.0535,20.5820,-79.12,-79.12
34775,180,5.0535,20.0180,-79.12,-79.12
34775,180,5.0535,20.0180,-79.12,-79.12
34776,180,6.8522,20.0180,-79.12,-79.12
34777,180,6.8522,20.0180,-79.12,-79.12
34787,180,6.8522,20.8211,-79.12,-77.68
34787,180,6.8522,20.8211,-79.12,-79.12
34787,180,8.9079,20.8211,-79.12,-79.12
34787,180,8.9079,20.8211,-79.12,-79.12
34798,180,0.5996,20.8211,-79.12,-79.12
34798,180,0.5996,20.8211,-79.12,-79.12
34799,180,0.5996,19.8195,-79.12,-79.12
34799,180,0.5996,19.8195,-79.12,-79.12
34809,180,1.7131,19.8195,-79.12,-79.12
34809,180,1.7131,19.8195,-79.12,-79.12
34811,180,1.7131,19.8466,-79.12,-79.12
34811,180,1.7131,19.8466,-79.12,-79.12
34820,180,-1.5418,19.8466,-79.12,-79.12
34820,180,-1.5418,19.8466,-79.12,-79.12
34823,180,-1.5418,20.3700,-79.12,-79.12
34823,180,-1.5418,20.3700,-79.12,-79.12
34831,180,5.3105,20.3700,-79.12,-79.12
34831,180,5.3105,20.3700,-79.12,-79.12
34834,180,5.3105,19.8647,-79.12,-79.12
34835,180,5.3105,19.8647,-79.12,-79.12
34842,180,3.4261,19.8647,-79.12,-79.12
34842,180,3.4261,19.8647,-79.12,-79.12
34846,180,3.4261,20.7715,-79.12,-79.12
34846,180,3.4261,20.7715,-77.68,-79.12
34853,180,5.9957,20.7715,-79.12,-79.12
34853,180,5.9957,20.7715,-79.12,-79.12
34858,180,5.9957,19.9865,-79.12,-79.12
34858,180,5.9957,19.9865,-79.12,-77.68
34864,180,1.4561,19.9865,-79.12,-79.12
34864,180,1.4561,19.9865,-79.12,-79.12
34870,180,1.4561,20.3384,-79.12,-79.12
34870,180,1.4561,20.3384,-79.12,-79.12
34875,180,5.3105,20.3384,-79.12,-79.12
34875,180,5.3105,20.3384,-79.12,-79.12
34882,180,5.3105,20.5324,-79.12,-79.12
34882,180,5.3105,20.5324,-79.12,-79.12
34886,180,10.7923,20.5324,-79.12,-79.12
34886,180,10.7923,20.5324,-79.12,-79.12
34894,180,10.7923,19.8782,-79.12,-79.12
34894,180,10.7923,19.8782,-79.12,-79.12
34897,180,14.4754,19.8782,-79.12,-79.12
34897,180,14.4754,19.8782,-79.12,-79.12
34905,180,14.4754,20.5369,-79.12,-79.12
34906,180,14.4754,20.5369,-79.12,-79.12
34908,180,9.0792,20.5369,-79.12,-79.12
34908,180,9.0792,20.5369,-79.12,-79.12
34917,180,9.0792,19.7564,-79.12,-79.12
34917,180,9.0792,19.7564,-79.12,-79.12
34919,180,-10.1927,19.7564,-79.12,-79.12
34919,180,-10.1927,19.7564,-79.12,-79.12
34929,180,-10.1927,20.3564,-79.12,-79.12
34929,180,-10.1927,20.3564,-79.12,-79.12
34930,180,-2.1413,20.3564,-79.12,-79.12
34930,180,-2.1413,20.3564,-79.12,-79.12
34941,180,-2.1413,20.1399,-79.12,-79.12
34941,180,-2.1413,20.1399,-79.12,-79.12
34941,180,-0.5996,20.1399,-79.12,-79.12
34941,180,-0.5996,20.1399,-79.12,-79.12
34952,180,1.5418,20.1399,-79.12,-79.12
34952,180,1.5418,20.1399,-79.12,-79.12
34953,180,1.5418,20.2120,-79.12,-79.12
34953,180,1.5418,20.2120,-79.12,-79.12
34963,180,-2.0557,20.2120,-79.12,-79.12
34963,180,-2.0557,20.2120,-79.12,-79.12
34965,180,-2.0557,20.4467,-79.12,-79.12
34965,180,-2.0557,20.4467,-79.12,-79.12
34974,180,-1.8844,20.4467,-79.12,-79.12
34974,180,-1.8844,20.4467,-79.12,-79.12
34976,180,-1.8844,19.5263,-79.12,-79.12
34977,180,-1.8844,19.5263,-79.12,-79.12
34985,180,1.2848,19.5263,-79.12,-79.12
34985,180,1.2848,19.5263,-79.12,-79.12
34988,180,1.2848,20.7489,-79.12,-79.12
34988,180,1.2848,20.7489,-79.12,-79.12
34996,180,6.7666,20.7489,-79.12,-79.12
34996,180,6.7666,20.7489,-79.12,-79.12
35000,180,6.7666,20.4647,-79.12,-79.12
35000,180,6.7666,20.4647,-79.12,-79.12
35007,180,1.6274,20.4647,-79.12,-79.12
35007,180,1.6274,20.4647,-79.12,-79.12
35012,180,1.6274,19.7970,-79.12,-79.12
35012,180,1.6274,19.7970,-79.12,-79.12
35018,180,-7.0236,19.7970,-79.12,-79.12
35018,180,-7.0236,19.7970,-79.12,-79.12
35024,180,-7.0236,20.4782,-79.12,-77.68
35024,180,-7.0236,20.4782,-79.12,-79.12
35029,180,7.6231,20.4782,-79.12,-79.12
35029,180,7.6231,20.4782,-79.12,-77.68
35036,180,7.6231,19.9910,-79.12,-79.12
35036,180,7.6231,19.9910,-79.12,-79.12
35040,180,5.2248,19.9910,-79.12,-79.12
35040,180,5.2248,19.9910,-79.12,-79.12
35047,180,5.2248,20.0857,-79.12,-79.12
35047,180,5.2248,20.0857,-79.12,-79.12
35051,180,0.5996,20.0857,-79.12,-79.12
35051,180,0.5996,20.0857,-79.12,-79.12
35059,180,0.5996,20.4557,-79.12,-79.12
35059,180,0.5996,20.4557,-79.12,-79.12
35062,180,-3.4261,20.4557,-79.12,-79.12
35062,180,-3.4261,20.4557,-79.12,-77.68
35071,180,-3.4261,20.6181,-79.12,-79.12
35071,180,-3.4261,20.6181,-79.12,-79.12
35073,180,6.5953,20.6181,-79.12,-79.12
35073,180,6.5953,20.6181,-79.12,-79.12
35083,180,6.5953,20.8572,-79.12,-79.12
35083,180,6.5953,20.8572,-79.12,-79.12
35084,180,11.8201,20.8572,-77.68,-79.12
35084,180,11.8201,20.8572,-79.12,-77.68
35095,180,9.8501,20.8572,-79.12,-79.12
35095,180,9.8501,20.8572,-79.12,-79.12
35095,180,9.8501,20.0496,-79.12,-79.12
35095,180,9.8501,20.0496,-79.12,-79.12
35106,180,2.3983,20.0496,-79.12,-79.12
35106,180,2.3983,20.0496,-79.12,-79.12
35107,180,2.3983,20.1399,-79.12,-79.12
35107,180,2.3983,20.1399,-79.12,-77.68
35117,180,1.8844,20.1399,-79.12,-79.12
35117,180,1.8844,20.1399,-79.12,-79.12
35118,180,1.8844,19.2511,-79.12,-79.12
35118,180,1.8844,19.2511,-79.12,-79.12
35128,180,9.8501,19.2511,-79.12,-79.12
35128,180,9.8501,19.2511,-79.12,-79.12
35130,180,9.8501,20.0000,-79.12,-79.12
35130,180,9.8501,20.0000,-79.12,-79.12
35139,180,-3.5118,20.0000,-79.12,-79.12
35139,180,-3.5118,20.0000,-79.12,-79.12
35142,180,-3.5118,20.3384,-79.12,-79.12
35142,180,-3.5118,20.3384,-79.12,-79.12
35150,180,0.5996,20.3384,-79.12,-79.12
35150,180,0.5996,20.3384,-79.12,-79.12
35154,180,0.5996,19.7925,-79.12,-79.12
35154,180,0.5996,19.7925,-79.12,-79.12
35161,180,-1.5418,19.7925,-79.12,-79.12
35161,180,-1.5418,19.7925,-79.12,-79.12
35166,180,-1.5418,20.4241,-79.12,-79.12
35166,180,-1.5418,20.4241,-79.12,-79.12
35171,180,-2.1413,20.4241,-79.12,-77.68
35172,180,-2.1413,20.4241,-79.12,-79.12
35178,180,-2.1413,19.5488,-79.12,-79.12
35178,180,-2.1413,19.5488,-79.12,-79.12
35182,180,-0.5139,19.5488,-79.12,-79.12
35183,180,-0.5139,19.5488,-79.12,-79.12
35189,180,-0.5139,20.5414,-79.12,-79.12
35189,180,-0.5139,20.5414,-79.12,-79.12
35193,180,4.5396,20.5414,-79.12,-79.12
35194,180,4.5396,20.5414,-79.12,-79.12
35201,180,4.5396,20.4151,-79.12,-79.12
35201,180,4.5396,20.4151,-79.12,-79.12
35204,180,-1.1135,20.4151,-79.12,-79.12
35204,180,-1.1135,20.4151,-79.12,-79.12
35213,180,-1.1135,19.9865,-79.12,-79.12
35213,180,-1.1135,19.9865,-79.12,-79.12
35215,180,-2.9979,19.9865,-77.68,-79.12
35215,180,-2.9979,19.9865,-79.12,-79.12
35225,180,-2.9979,20.4692,-79.12,-79.12
35225,180,-2.9979,20.4692,-79.12,-79.12
35226,180,0.0000,20.4692,-79.12,-79.12
35226,180,0.0000,20.4692,-79.12,-79.12
35237,180,0.0000,19.6752,-79.12,-79.12
35237,180,0.0000,19.6752,-79.12,-79.12
35237,180,-0.0857,19.6752,-79.12,-79.12
35237,180,-0.0857,19.6752,-79.12,-79.12
35248,180,3.3405,19.6752,-79.12,-79.12
35248,180,3.3405,19.6752,-79.12,-79.12
35249,180,3.3405,19.9684,-79.12,-79.12
35249,180,3.3405,19.9684,-79.12,-79.12
35259,180,-2.9979,19.9684,-79.12,-79.12
35259,180,-2.9979,19.9684,-79.12,-79.12
35260,180,-2.9979,19.7248,-79.12,-79.12
35260,180,-2.9979,19.7248,-79.12,-79.12
35270,180,9.3362,19.7248,-79.12,-79.12
35270,180,9.3362,19.7248,-79.12,-79.12
35272,180,9.3362,20.2707,-79.12,-79.12
35272,180,9.3362,20.2707,-79.12,-79.12
35281,180,3.6831,20.2707,-79.12,-79.12
35281,180,3.6831,20.2707,-79.12,-79.12
35284,180,3.6831,20.6497,-79.12,-79.12
35284,180,3.6831,20.6497,-79.12,-79.12
35292,180,0.1713,20.6497,-79.12,-79.12
35292,180,0.1713,20.6497,-79.12,-79.12
35296,180,0.1713,19.8782,-79.12,-79.12
35296,180,0.1713,19.8782,-77.68,-79.12
35303,180,-4.4540,19.8782,-79.12,-79.12
35303,180,-4.4540,19.8782,-79.12,-79.12
35308,180,-4.4540,20.1038,-79.12,-79.12
35308,180,-4.4540,20.1038,-79.12,-79.12
35314,180,1.9700,20.1038,-79.12,-79.12
35314,180,1.9700,20.1038,-79.12,-79.12
35320,180,1.9700,19.8917,-79.12,-79.12
35320,180,1.9700,19.8917,-79.12,-79.12
35325,180,5.0535,19.8917,-79.12,-79.12
35325,180,5.0535,19.8917,-77.68,-79.12
35331,180,5.0535,20.2075,-79.12,-79.12
35331,180,5.0535,20.2075,-79.12,-79.12
35336,180,3.8544,20.2075,-79.12,-79.12
35336,180,3.8544,20.2075,-79.12,-79.12
35343,180,3.8544,20.3970,-79.12,-79.12
35343,180,3.8544,20.3970,-79.12,-79.12
35347,180,4.2827,20.3970,-79.12,-79.12
35347,180,4.2827,20.3970,-79.12,-79.12
35355,180,4.2827,19.1699,-79.12,-79.12
35355,180,4.2827,19.1699,-79.12,-79.12
35358,180,-2.9979,19.1699,-79.12,-79.12
35358,180,-2.9979,19.1699,-79.12,-79.12
35367,180,-2.9979,20.3429,-79.12,-79.12
35367,180,-2.9979,20.3429,-79.12,-79.12
35369,180,1.9700,20.3429,-79.12,-79.12
35369,180,1.9700,20.3429,-79.12,-79.12
35379,180,1.9700,20.1128,-79.12,-79.12
35379,180,1.9700,20.1128,-79.12,-79.12
35380,180,-9.5931,20.1128,-79.12,-79.12
35380,180,-9.5931,20.1128,-79.12,-79.12
35391,180,-9.5931,20.5053,-79.12,-79.12
35391,180,-9.5931,20.5053,-79.12,-79.12
35391,180,-7.4518,20.5053,-79.12,-79.12
35391,180,-7.4518,20.5053,-79.12,-79.12
35402,180,-2.9979,20.5053,-79.12,-79.12
35402,180,-2.9979,20.5053,-79.12,-79.12
35402,180,-2.9979,20.7444,-79.12,-79.12
35402,180,-2.9979,20.7444,-79.12,-79.12
35413,180,-2.4839,20.7444,-79.12,-79.12
35413,180,-2.4839,20.7444,-79.12,-79.12
35414,180,-2.4839,19.8376,-79.12,-79.12
35414,180,-2.4839,19.8376,-79.12,-79.12
35424,180,-5.5675,19.8376,-79.12,-77.68
35424,180,-5.5675,19.8376,-79.12,-79.12
35426,180,-5.5675,20.0947,-79.12,-79.12
35426,180,-5.5675,20.0947,-79.12,-79.12
35435,180,-1.5418,20.0947,-79.12,-79.12
35435,180,-1.5418,20.0947,-79.12,-79.12
35438,180,-1.5418,19.6797,-79.12,-79.12
35438,180,-1.5418,19.6797,-79.12,-79.12
35446,180,6.2527,19.6797,-79.12,-79.12
35446,180,6.2527,19.6797,-79.12,-79.12
35450,180,6.2527,19.8827,-79.12,-79.12
35450,180,6.2527,19.8827,-79.12,-79.12
35457,180,3.5118,19.8827,-79.12,-79.12
35457,180,3.5118,19.8827,-79.12,-79.12
35462,180,3.5118,20.1489,-79.12,-79.12
35462,180,3.5118,20.1489,-79.12,-79.12
35468,180,2.3983,20.1489,-79.12,-79.12
35468,180,2.3983,20.1489,-79.12,-79.12
35473,180,2.3983,19.5940,-79.12,-79.12
35473,180,2.3983,19.5940,-79.12,-79.12
35479,180,1.8844,19.5940,-79.12,-79.12
35479,180,1.8844,19.5940,-79.12,-79.12
35485,180,1.8844,20.8076,-79.12,-77.68
35485,180,1.8844,20.8076,-79.12,-79.12
35490,180,7.1092,20.8076,-77.68,-79.12
35490,180,7.1092,20.8076,-79.12,-79.12
35497,180,7.1092,20.4151,-79.12,-79.12
35497,180,7.1092,20.4151,-79.12,-79.12
35501,180,3.5974,20.4151,-79.12,-79.12
35501,180,3.5974,20.4151,-79.12,-79.12
35509,180,3.5974,20.6316,-79.12,-79.12
35509,180,3.5974,20.6316,-79.12,-79.12
35512,180,1.9700,20.6316,-79.12,-79.12
35512,180,1.9700,20.6316,-79.12,-79.12
35521,180,1.9700,20.1399,-79.12,-79.12
35521,180,1.9700,20.1399,-79.12,-79.12
35523,180,-1.1991,20.1399,-79.12,-79.12
35523,180,-1.1991,20.1399,-79.12,-79.12
35533,180,-1.1991,19.2511,-79.12,-79.12
35533,180,-1.1991,19.2511,-79.12,-79.12
35534,180,9.6788,19.2511,-79.12,-79.12
35534,180,9.6788,19.2511,-79.12,-79.12
35544,180,9.6788,20.1308,-79.12,-79.12
35544,180,9.6788,20.1308,-79.12,-79.12
35545,180,11.1349,20.1308,-79.12,-79.12
35545,180,11.1349,20.1308,-79.12,-79.12
35556,180,8.9936,20.1308,-79.12,-79.12
35556,180,8.9936,20.1308,-79.12,-79.12
35556,180,8.9936,19.6391,-79.12,-79.12
35556,180,8.9936,19.6391,-79.12,-79.12
35567,180,2.2270,19.6391,-79.12,-79.12
35567,180,2.2270,19.6391,-79.12,-79.12
35568,180,2.2270,20.2391,-79.12,-79.12
35568,180,2.2270,20.2391,-79.12,-79.12
35578,180,-1.1135,20.2391,-79.12,-79.12
35578,180,-1.1135,20.2391,-79.12,-79.12
35580,180,-1.1135,19.9594,-79.12,-79.12
35580,180,-1.1135,19.9594,-79.12,-79.12
35589,180,1.8844,19.9594,-79.12,-79.12
35589,180,1.8844,19.9594,-79.12,-79.12
35592,180,1.8844,20.2256,-79.12,-79.12
35592,180,1.8844,20.2256,-79.12,-79.12
35599,180,-2.9122,20.2256,-79.12,-79.12
35600,180,-2.9122,20.2256,-79.12,-79.12
35604,180,-2.9122,20.0677,-79.12,-79.12
35604,180,-2.9122,20.0677,-79.12,-79.12
35610,180,6.3383,20.0677,-79.12,-79.12
35611,180,6.3383,20.0677,-79.12,-79.12
35615,180,6.3383,19.0526,-79.12,-79.12
35615,180,6.3383,19.0526,-79.12,-79.12
35621,180,-0.9422,19.0526,-79.12,-79.12
35622,180,-0.9422,19.0526,-79.12,-79.12
35627,180,-0.9422,20.0632,-79.12,-77.68
35627,180,-0.9422,20.0632,-79.12,-79.12
35632,180,2.1413,20.0632,-79.12,-79.12
35632,180,2.1413,20.0632,-79.12,-79.12
35639,180,2.1413,19.8421,-79.12,-79.12
35639,180,2.1413,19.8421,-79.12,-79.12
35643,180,4.2827,19.8421,-79.12,-79.12
35643,180,4.2827,19.8421,-79.12,-79.12
35651,180,4.2827,19.7067,-79.12,-79.12
35651,180,4.2827,19.7067,-79.12,-79.12
35654,180,6.2527,19.7067,-79.12,-79.12
35654,180,6.2527,19.7067,-79.12,-79.12
35663,180,6.2527,20.3880,-79.12,-79.12
35663,180,6.2527,20.3880,-79.12,-79.12
35665,180,3.6831,20.3880,-79.12,-79.12
35665,180,3.6831,20.3880,-79.12,-79.12
35675,180,3.6831,20.0947,-79.12,-79.12
35675,180,3.6831,20.0947,-79.12,-79.12
35676,180,-4.1970,20.0947,-79.12,-79.12
35676,180,-4.1970,20.0947,-79.12,-79.12
35686,180,-4.1970,20.2301,-79.12,-79.12
35686,180,-4.1970,20.2301,-79.12,-79.12
35687,180,3.2548,20.2301,-79.12,-79.12
35687,180,3.2548,20.2301,-77.68,-79.12
35698,180,3.2548,19.6661,-79.12,-79.12
35698,180,-1.5418,19.6661,-79.12,-79.12
35698,180,-1.5418,19.6661,-79.12,-79.12
35709,180,12.7623,19.6661,-79.12,-79.12
35709,180,12.7623,19.6661,-79.12,-79.12
35710,180,12.7623,19.9053,-79.12,-79.12
35710,180,12.7623,19.9053,-79.12,-79.12
35720,180,3.8544,19.9053,-79.12,-79.12
35720,180,3.8544,19.9053,-79.12,-79.12
35722,180,3.8544,20.2481,-79.12,-79.12
35722,180,3.8544,20.2481,-79.12,-79.12
35731,180,0.0000,20.2481,-79.12,-79.12
35731,180,0.0000,20.2481,-79.12,-79.12
35734,180,0.0000,19.7699,-79.12,-79.12
35734,180,0.0000,19.7699,-79.12,-79.12
35742,180,-1.7987,19.7699,-79.12,-79.12
35742,180,-1.7987,19.7699,-79.12,-79.12
35746,180,-1.7987,20.5820,-79.12,-79.12
35746,180,-1.7987,20.5820,-79.12,-79.12
35753,180,2.3126,20.5820,-79.12,-79.12
35753,180,2.3126,20.5820,-79.12,-77.68
35757,180,2.3126,20.0451,-79.12,-79.12
35757,180,2.3126,20.0451,-79.12,-79.12
35764,180,0.2570,20.0451,-79.12,-79.12
35764,180,0.2570,20.0451,-79.12,-79.12
35769,180,0.2570,20.2752,-79.12,-79.12
35769,180,0.2570,20.2752,-79.12,-79.12
35775,180,2.2270,20.2752,-79.12,-79.12
35775,180,2.2270,20.2752,-79.12,-79.12
35781,180,2.2270,20.0993,-79.12,-79.12
35781,180,2.2270,20.0993,-79.12,-79.12
35786,180,6.1670,20.0993,-79.12,-79.12
35786,180,6.1670,20.0993,-79.12,-79.12
35793,180,6.1670,19.5398,-79.12,-79.12
35793,180,6.1670,19.5398,-79.12,-79.12
35797,180,4.2827,19.5398,-79.12,-79.12
35797,180,4.2827,19.5398,-79.12,-79.12
35805,180,4.2827,20.2617,-79.12,-79.12
35805,180,4.2827,20.2617,-79.12,-79.12
35808,180,2.8266,20.2617,-79.12,-79.12
35808,180,2.8266,20.2617,-79.12,-79.12
35817,180,2.8266,19.7067,-79.12,-79.12
35817,180,2.8266,19.7067,-79.12,-79.12
35819,180,-6.6809,19.7067,-79.12,-79.12
35819,180,-6.6809,19.7067,-79.12,-79.12
35828,180,-6.6809,20.2301,-79.12,-79.12
35828,180,-6.6809,20.2301,-79.12,-79.12
35830,180,3.6831,20.2301,-77.68,-79.12
35830,180,3.6831,20.2301,-79.12,-79.12
35840,180,3.6831,19.8872,-79.12,-79.12
35840,180,3.6831,19.8872,-79.12,-79.12
35841,180,-2.4839,19.8872,-79.12,-79.12
35841,180,-2.4839,19.8872,-77.68,-79.12
35852,180,-2.7409,19.8872,-79.12,-79.12
35852,180,-2.7409,19.8872,-79.12,-79.12
35852,180,-2.7409,20.0361,-79.12,-79.12
35852,180,-2.7409,20.0361,-79.12,-79.12
35863,180,-1.5418,20.0361,-79.12,-77.68
35863,180,-1.5418,20.0361,-79.12,-79.12
35864,180,-1.5418,19.7519,-79.12,-79.12
35864,180,-1.5418,19.7519,-79.12,-79.12
35874,180,4.4540,19.7519,-79.12,-79.12
35874,180,4.4540,19.7519,-79.12,-79.12
35876,180,4.4540,19.2962,-79.12,-79.12
35876,180,4.4540,19.2962,-79.12,-79.12
35885,180,7.2805,19.2962,-79.12,-79.12
35885,180,7.2805,19.2962,-79.12,-79.12
35888,180,7.2805,20.2120,-79.12,-79.12
35888,180,7.2805,20.2120,-79.12,-79.12
35896,180,-0.8565,20.2120,-79.12,-79.12
35896,180,-0.8565,20.2120,-79.12,-79.12
35899,180,-0.8565,19.9594,-79.12,-79.12
35899,180,-0.8565,19.9594,-79.12,-79.12
35907,180,1.8844,19.9594,-79.12,-79.12
35907,180,1.8844,19.9594,-79.12,-79.12
35911,180,1.8844,19.8556,-79.12,-79.12
35911,180,1.8844,19.8556,-79.12,-79.12
35918,180,0.5139,19.8556,-79.12,-79.12
35918,180,0.5139,19.8556,-79.12,-79.12
35923,180,0.5139,20.1624,-79.12,-79.12
35923,180,0.5139,20.1624,-79.12,-79.12
35929,180,12.1627,20.1624,-79.12,-79.12
35929,180,12.1627,20.1624,-79.12,-79.12
35935,180,12.1627,19.1654,-79.12,-79.12
35935,180,12.1627,19.1654,-79.12,-79.12
35940,180,0.5996,19.1654,-79.12,-79.12
35940,180,0.5996,19.1654,-77.68,-79.12
35947,180,0.5996,19.7564,-79.12,-79.12
35947,180,0.5996,19.7564,-79.12,-79.12
35951,180,1.8844,19.7564,-79.12,-79.12
35951,180,1.8844,19.7564,-79.12,-79.12
35958,180,1.8844,19.7113,-79.12,-79.12
35959,180,1.8844,19.7113,-79.12,-79.12
35962,180,-0.8565,19.7113,-79.12,-79.12
35962,180,-0.8565,19.7113,-79.12,-79.12
35970,180,-0.8565,20.0090,-77.68,-79.12
35970,180,-0.8565,20.0090,-79.12,-79.12
35973,180,5.0535,20.0090,-79.12,-79.12
35973,180,5.0535,20.0090,-79.12,-79.12
35982,180,5.0535,20.1263,-79.12,-79.12
35982,180,5.0535,20.1263,-79.12,-79.12
35984,180,0.4283,20.1263,-79.12,-79.12
35984,180,0.4283,20.1263,-79.12,-79.12
35994,180,0.4283,19.8421,-79.12,-79.12
35994,180,0.4283,19.8421,-79.12,-79.12
35995,180,1.1991,19.8421,-79.12,-79.12
35995,180,1.1991,19.8421,-79.12,-79.12
36006,180,0.0857,19.8421,-79.12,-79.12
36006,180,0.0857,19.8421,-79.12,-79.12
36006,180,0.0857,20.5233,-79.12,-79.12
36006,180,0.0857,20.5233,-79.12,-79.12
36017,180,-2.9122,20.5233,-77.68,-79.12
36017,180,-2.9122,20.5233,-79.12,-79.12
36018,180,-2.9122,19.4992,-79.12,-79.12
36018,180,-2.9122,19.4992,-79.12,-79.12
36027,180,-4.9679,19.4992,-79.12,-79.12
36028,180,-4.9679,19.4992,-79.12,-79.12
36029,180,-4.9679,20.0000,-79.12,-79.12
36030,180,-4.9679,20.0000,-79.12,-79.12
36038,180,-3.8544,20.0000,-79.12,-79.12
36039,180,-3.8544,20.0000,-79.12,-79.12
36041,180,-3.8544,20.5369,-79.12,-79.12
36041,180,-3.8544,20.5369,-79.12,-79.12
36049,180,-1.6274,20.5369,-79.12,-79.12
36050,180,-1.6274,20.5369,-79.12,-79.12
36053,180,-1.6274,20.1714,-79.12,-79.12
36053,180,-1.6274,20.1714,-79.12,-79.12
36060,180,-9.9358,20.1714,-79.12,-79.12
36061,180,-9.9358,20.1714,-79.12,-79.12
36065,180,-9.9358,20.4602,-79.12,-79.12
36065,180,-9.9358,20.4602,-79.12,-79.12
36071,180,-3.7687,20.4602,-79.12,-79.12
36071,180,-3.7687,20.4602,-79.12,-79.12
36077,180,-3.7687,20.1444,-79.12,-79.12
36077,180,-3.7687,20.1444,-79.12,-79.12
36082,180,-5.3961,20.1444,-79.12,-79.12
36082,180,-5.3961,20.1444,-79.12,-79.12
36089,180,-5.3961,20.3068,-79.12,-79.12
36089,180,-5.3961,20.3068,-79.12,-79.12
36093,180,1.8844,20.3068,-79.12,-79.12
36093,180,1.8844,20.3068,-77.68,-79.12
36100,180,1.8844,20.2662,-79.12,-79.12
36101,180,1.8844,20.2662,-79.12,-79.12
36104,180,10.2784,20.2662,-79.12,-79.12
36104,180,10.2784,20.2662,-79.12,-79.12
36112,180,10.2784,20.4782,-79.12,-79.12
36112,180,10.2784,20.4782,-79.12,-77.68
36115,180,12.5910,20.4782,-79.12,-79.12
36115,180,12.5910,20.4782,-79.12,-79.12
36124,180,12.5910,20.9655,-79.12,-79.12
36124,180,12.5910,20.9655,-79.12,-79.12
36126,180,20.7281,20.9655,-79.12,-79.12
36126,180,20.7281,20.9655,-79.12,-77.68
36136,180,20.7281,20.3835,-79.12,-79.12
36136,180,20.7281,20.3835,-79.12,-79.12
36137,180,8.9936,20.3835,-79.12,-79.12
36137,180,8.9936,20.3835,-79.12,-79.12
36148,180,8.9936,20.4331,-79.12,-79.12
36148,180,8.9936,20.4331,-77.68,-79.12
36148,180,8.0514,20.4331,-79.12,-79.12
36148,180,8.0514,20.4331,-79.12,-79.12
36159,180,4.4540,20.4331,-79.12,-79.12
36159,180,4.4540,20.4331,-79.12,-79.12
36160,180,4.4540,20.2256,-79.12,-79.12
36160,180,4.4540,20.2256,-79.12,-79.12
36170,180,2.1413,20.2256,-79.12,-79.12
36170,180,2.1413,20.2256,-79.12,-79.12
36171,180,2.1413,19.7654,-79.12,-79.12
36172,180,2.1413,19.7654,-79.12,-79.12
36181,180,-0.8565,19.7654,-79.12,-79.12
36181,180,-0.8565,19.7654,-79.12,-79.12
36183,180,-0.8565,20.2527,-79.12,-79.12
36183,180,-0.8565,20.2527,-79.12,-79.12
36192,180,-2.3126,20.2527,-79.12,-79.12
36192,180,-2.3126,20.2527,-79.12,-79.12
36195,180,-2.3126,19.2330,-79.12,-79.12
36195,180,-2.3126,19.2330,-79.12,-79.12
36203,180,-8.9936,19.2330,-79.12,-79.12
36203,180,-8.9936,19.2330,-79.12,-79.12
36207,180,-8.9936,19.9368,-79.12,-79.12
36207,180,-8.9936,19.9368,-79.12,-79.12
36214,180,-5.0535,19.9368,-79.12,-79.12
36214,180,-5.0535,19.9368,-79.12,-79.12
36219,180,-5.0535,19.7564,-79.12,-79.12
36219,180,-5.0535,19.7564,-79.12,-79.12
36225,180,2.0557,19.7564,-79.12,-79.12
36225,180,2.0557,19.7564,-79.12,-79.12
36231,180,2.0557,20.2978,-79.12,-79.12
36231,180,2.0557,20.2978,-79.12,-79.12
36236,180,5.4818,20.2978,-79.12,-79.12
36236,180,5.4818,20.2978,-79.12,-79.12
36242,180,5.4818,20.5685,-79.12,-79.12
36243,180,5.4818,20.5685,-79.12,-79.12
36247,180,7.0236,20.5685,-79.12,-79.12
36247,180,7.0236,20.5685,-79.12,-79.12
36254,180,7.0236,19.8015,-77.68,-79.12
36254,180,7.0236,19.8015,-79.12,-79.12
36258,180,7.7088,19.8015,-79.12,-79.12
36258,180,7.7088,19.8015,-79.12,-79.12
36266,180,7.7088,20.3970,-79.12,-79.12
36266,180,7.7088,20.3970,-79.12,-79.12
36269,180,9.0792,20.3970,-79.12,-79.12
36269,180,9.0792,20.3970,-79.12,-79.12
36278,180,9.0792,19.5353,-79.12,-79.12
36278,180,9.0792,19.5353,-79.12,-79.12
36280,180,-3.6831,19.5353,-79.12,-79.12
36280,180,-3.6831,19.5353,-79.12,-79.12
36290,180,-3.6831,19.7609,-79.12,-79.12
36290,180,-3.6831,19.7609,-79.12,-79.12
36291,180,1.4561,19.7609,-79.12,-79.12
36291,180,1.4561,19.7609,-79.12,-79.12
36302,180,1.4561,20.0993,-79.12,-79.12
36302,180,1.4561,20.0993,-79.12,-79.12
36302,180,4.1113,20.0993,-79.12,-79.12
36302,180,4.1113,20.0993,-79.12,-79.12
36313,180,-1.7987,20.0993,-79.12,-79.12
36313,180,-1.7987,20.0993,-79.12,-79.12
36313,180,-1.7987,19.8782,-79.12,-79.12
36314,180,-1.7987,19.8782,-79.12,-79.12
36324,180,-7.8801,19.8782,-79.12,-79.12
36324,180,-7.8801,19.8782,-79.12,-79.12
36325,180,-7.8801,20.2346,-79.12,-79.12
36325,180,-7.8801,20.2346,-79.12,-79.12
36335,180,-0.6852,20.2346,-77.68,-79.12
36335,180,-0.6852,20.2346,-79.12,-79.12
36337,180,-0.6852,19.4721,-79.12,-79.12
36337,180,-0.6852,19.4721,-79.12,-79.12
36346,180,1.3704,19.4721,-77.68,-79.12
36346,180,1.3704,19.4721,-79.12,-79.12
36349,180,1.3704,20.1489,-79.12,-79.12
36349,180,1.3704,20.1489,-79.12,-79.12
36357,180,1.1135,20.1489,-79.12,-79.12
36357,180,1.1135,20.1489,-79.12,-77.68
36361,180,1.1135,20.5279,-79.12,-79.12
36361,180,1.1135,20.5279,-79.12,-79.12
36368,180,6.5953,20.5279,-79.12,-79.12
36368,180,6.5953,20.5279,-79.12,-79.12
36373,180,6.5953,19.9188,-79.12,-79.12
36373,180,6.5953,19.9188,-77.68,-79.12
36379,180,1.5418,19.9188,-79.12,-79.12
36379,180,1.5418,19.9188,-79.12,-79.12
36384,180,1.5418,20.2707,-79.12,-79.12
36385,180,1.5418,20.2707,-79.12,-79.12
36390,180,0.5996,20.2707,-79.12,-79.12
36390,180,0.5996,20.2707,-79.12,-79.12
36396,180,0.5996,19.6526,-79.12,-79.12
36396,180,0.5996,19.6526,-79.12,-79.12
36401,180,-4.1113,19.6526,-79.12,-79.12
36401,180,-4.1113,19.6526,-79.12,-79.12
36408,180,-4.1113,20.1489,-79.12,-79.12
36408,180,-4.1113,20.1489,-79.12,-79.12
36412,180,7.0236,20.1489,-79.12,-79.12
36412,180,7.0236,20.1489,-79.12,-79.12
36420,180,7.0236,19.6932,-79.12,-79.12
36420,180,7.0236,19.6932,-79.12,-79.12
36423,180,7.4518,19.6932,-79.12,-79.12
36423,180,7.4518,19.6932,-79.12,-79.12
36432,180,7.4518,19.5759,-79.12,-79.12
36432,180,7.4518,19.5759,-79.12,-79.12
36434,180,9.2505,19.5759,-79.12,-79.12
36434,180,9.2505,19.5759,-79.12,-79.12
36444,180,9.2505,20.5730,-79.12,-79.12
36444,180,9.2505,20.5730,-79.12,-79.12
36445,180,7.9657,20.5730,-79.12,-79.12
36445,180,7.9657,20.5730,-79.12,-79.12
36455,180,7.9657,19.8556,-79.12,-79.12
36456,180,7.9657,19.8556,-79.12,-79.12
36456,180,-6.3383,19.8556,-79.12,-79.12
36456,180,-6.3383,19.8556,-79.12,-79.12
36467,180,-5.2248,19.8556,-79.12,-79.12
36467,180,-5.2248,19.8556,-79.12,-79.12
36467,180,-5.2248,19.8647,-79.12,-79.12
36467,180,-5.2248,19.8647,-79.12,-79.12
36478,180,-5.2248,19.8647,-79.12,-79.12
36478,180,-5.2248,19.8647,-79.12,-79.12
36479,180,-5.2248,19.4721,-79.12,-79.12
36479,180,-5.2248,19.4721,-79.12,-79.12
36489,180,2.8266,19.4721,-79.12,-79.12
36489,180,2.8266,19.4721,-79.12,-79.12
36491,180,2.8266,20.0496,-79.12,-79.12
36491,180,2.8266,20.0496,-79.12,-79.12
36499,180,1.2848,20.0496,-79.12,-79.12
36500,180,1.2848,20.0496,-79.12,-79.12
36503,180,1.2848,20.6677,-79.12,-79.12
36503,180,1.2848,20.6677,-79.12,-79.12
36510,180,4.5396,20.6677,-79.12,-79.12
36511,180,4.5396,20.6677,-79.12,-79.12
36515,180,4.5396,19.7383,-79.12,-79.12
36515,180,4.5396,19.7383,-79.12,-79.12
36521,180,-0.2570,19.7383,-79.12,-79.12
36522,180,-0.2570,19.7383,-79.12,-79.12
36526,180,-0.2570,20.2391,-79.12,-79.12
36526,180,-0.2570,20.2391,-79.12,-79.12
36532,180,8.9936,20.2391,-79.12,-79.12
36533,180,8.9936,20.2391,-79.12,-77.68
36538,180,8.9936,19.8150,-79.12,-79.12
36538,180,8.9936,19.8150,-79.12,-79.12
36543,180,1.5418,19.8150,-79.12,-79.12
36543,180,1.5418,19.8150,-79.12,-79.12
36550,180,1.5418,20.1895,-79.12,-79.12
36550,180,1.5418,20.1895,-79.12,-79.12
36554,180,-1.8844,20.1895,-79.12,-79.12
36554,180,-1.8844,20.1895,-79.12,-79.12
36562,180,-1.8844,20.4647,-79.12,-77.68
36562,180,-1.8844,20.4647,-79.12,-79.12
36565,180,-3.3405,20.4647,-79.12,-79.12
36565,180,-3.3405,20.4647,-79.12,-79.12
36574,180,-3.3405,19.4000,-79.12,-77.68
36574,180,-3.3405,19.4000,-79.12,-79.12
36576,180,-7.5375,19.4000,-79.12,-79.12
36576,180,-7.5375,19.4000,-79.12,-79.12
36586,180,-7.5375,20.1444,-79.12,-79.12
36586,180,-7.5375,20.1444,-79.12,-79.12
36587,180,1.1991,20.1444,-79.12,-79.12
36587,180,1.1991,20.1444,-79.12,-79.12
36597,180,1.1991,20.1985,-79.12,-79.12
36598,180,1.1991,20.1985,-79.12,-79.12
36598,180,-0.9422,20.1985,-79.12,-79.12
36598,180,-0.9422,20.1985,-79.12,-79.12
36609,180,4.3683,20.1173,-79.12,-79.12
36609,180,4.3683,20.1173,-79.12,-79.12
36620,180,4.0257,20.1173,-79.12,-79.12
36620,180,4.0257,20.1173,-79.12,-79.12
36621,180,4.0257,19.7338,-79.12,-79.12
36621,180,4.0257,19.7338,-79.12,-79.12
36631,180,4.9679,19.7338,-77.68,-79.12
36631,180,4.9679,19.7338,-79.12,-79.12
36633,180,4.9679,19.1789,-79.12,-79.12
36633,180,4.9679,19.1789,-79.12,-79.12
36642,180,-7.5375,19.1789,-79.12,-79.12
36642,180,-7.5375,19.1789,-79.12,-79.12
36645,180,-7.5375,20.2978,-79.12,-79.12
36645,180,-7.5375,20.2978,-79.12,-79.12
36653,180,-1.5418,20.2978,-79.12,-79.12
36653,180,-1.5418,20.2978,-79.12,-79.12
36657,180,-1.5418,20.3023,-79.12,-79.12
36657,180,-1.5418,20.3023,-79.12,-79.12
36664,180,5.2248,20.3023,-79.12,-79.12
36664,180,5.2248,20.3023,-79.12,-79.12
36668,180,5.2248,20.7173,-79.12,-79.12
36668,180,5.2248,20.7173,-79.12,-79.12
36675,180,5.4818,20.7173,-79.12,-79.12
36675,180,5.4818,20.7173,-79.12,-79.12
36680,180,5.4818,20.5053,-79.12,-79.12
36680,180,5.4818,20.5053,-79.12,-79.12
36686,180,2.3983,20.5053,-79.12,-79.12
36686,180,2.3983,20.5053,-79.12,-79.12
36692,180,2.3983,19.9910,-79.12,-79.12
36692,180,2.3983,19.9910,-79.12,-79.12
36697,180,-10.1927,19.9910,-79.12,-79.12
36697,180,-10.1927,19.9910,-79.12,-79.12
36704,180,-10.1927,20.6361,-79.12,-79.12
36704,180,-10.1927,20.6361,-79.12,-79.12
36708,180,0.4283,20.6361,-79.12,-79.12
36708,180,0.4283,20.6361,-79.12,-79.12
36716,180,0.4283,19.7925,-79.12,-79.12
36716,180,0.4283,19.7925,-79.12,-79.12
36719,180,1.2848,19.7925,-79.12,-79.12
36719,180,1.2848,19.7925,-79.12,-79.12
36728,180,1.2848,19.9459,-79.12,-79.12
36728,180,1.2848,19.9459,-77.68,-79.12
36730,180,8.1370,19.9459,-79.12,-79.12
36730,180,8.1370,19.9459,-79.12,-79.12
36739,180,8.1370,19.3413,-79.12,-79.12
36739,180,8.1370,19.3413,-79.12,-79.12
36741,180,-1.1135,19.3413,-79.12,-79.12
36741,180,-1.1135,19.3413,-79.12,-79.12
36751,180,-1.1135,19.7519,-79.12,-79.12
36751,180,-1.1135,19.7519,-79.12,-79.12
36752,180,2.9979,19.7519,-79.12,-79.12
36752,180,2.9979,19.7519,-79.12,-79.12
36763,180,0.4283,19.7519,-79.12,-77.68
36763,180,0.4283,19.7519,-79.12,-79.12
36763,180,0.4283,20.1489,-79.12,-79.12
36763,180,0.4283,20.1489,-79.12,-79.12
36774,180,7.2805,20.1489,-79.12,-79.12
36774,180,7.2805,20.1489,-79.12,-79.12
36775,180,7.2805,19.3007,-79.12,-79.12
36775,180,7.2805,19.3007,-79.12,-79.12
36785,180,-1.8844,19.3007,-79.12,-79.12
36785,180,-1.8844,19.3007,-79.12,-79.12
36787,180,-1.8844,20.5640,-79.12,-79.12
36787,180,-1.8844,20.5640,-79.12,-79.12
36796,180,-3.4261,20.5640,-79.12,-79.12
36796,180,-3.4261,20.5640,-79.12,-79.12
36799,180,-3.4261,20.5459,-79.12,-79.12
36799,180,-3.4261,20.5459,-79.12,-79.12
36807,180,4.6253,20.5459,-79.12,-79.12
36807,180,4.6253,20.5459,-79.12,-79.12
36810,180,4.6253,20.2120,-79.12,-79.12
36810,180,4.6253,20.2120,-79.12,-79.12
36818,180,5.5675,20.2120,-79.12,-79.12
36818,180,5.5675,20.2120,-79.12,-79.12
36822,180,5.5675,20.7309,-79.12,-79.12
36822,180,5.5675,20.7309,-79.12,-79.12
36829,180,2.9122,20.7309,-79.12,-79.12
36829,180,2.9122,20.7309,-79.12,-79.12
36834,180,2.9122,20.3835,-79.12,-79.12
36834,180,2.9122,20.3835,-79.12,-79.12
36840,180,-5.8244,20.3835,-79.12,-79.12
36840,180,-5.8244,20.3835,-79.12,-79.12
36846,180,-5.8244,20.5188,-79.12,-79.12
36846,180,-5.8244,20.5188,-79.12,-79.12
36851,180,1.0278,20.5188,-79.12,-79.12
36851,180,1.0278,20.5188,-79.12,-79.12
36858,180,1.0278,19.9368,-79.12,-79.12
36858,180,1.0278,19.9368,-79.12,-79.12
36862,180,0.4283,19.9368,-79.12,-79.12
36862,180,0.4283,19.9368,-79.12,-79.12
36870,180,0.4283,20.4196,-79.12,-79.12
36870,180,0.4283,20.4196,-79.12,-79.12
36873,180,9.1649,20.4196,-79.12,-79.12
36873,180,9.1649,20.4196,-79.12,-79.12
36881,180,9.1649,20.4241,-79.12,-79.12
36881,180,9.1649,20.4241,-79.12,-79.12
36884,180,1.5418,20.4241,-79.12,-79.12
36884,180,1.5418,20.4241,-79.12,-79.12
36893,180,1.5418,19.6165,-79.12,-79.12
36893,180,1.5418,19.6165,-79.12,-79.12
36895,180,6.8522,19.6165,-79.12,-79.12
36895,180,6.8522,19.6165,-79.12,-79.12
36905,180,6.8522,20.0451,-79.12,-79.12
36905,180,6.8522,20.0451,-79.12,-79.12
36906,180,2.9979,20.0451,-79.12,-79.12
36906,180,2.9979,20.0451,-79.12,-79.12
36917,180,-3.2548,20.0451,-79.12,-79.12
36917,180,-3.2548,20.0451,-79.12,-79.12
36917,180,-3.2548,19.5534,-79.12,-79.12
36917,180,-3.2548,19.5534,-79.12,-77.68
36928,180,10.4497,19.5534,-79.12,-79.12
36928,180,10.4497,19.5534,-79.12,-79.12
36929,180,10.4497,20.6091,-79.12,-79.12
36929,180,10.4497,20.6091,-79.12,-79.12
36939,180,3.9400,20.6091,-79.12,-79.12
36939,180,3.9400,20.6091,-79.12,-79.12
36941,180,3.9400,20.4151,-79.12,-79.12
36941,180,3.9400,20.4151,-79.12,-79.12
36950,180,8.4797,20.4151,-79.12,-79.12
36950,180,8.4797,20.4151,-79.12,-79.12
36952,180,8.4797,19.5579,-79.12,-79.12
36952,180,8.4797,19.5579,-79.12,-79.12
36960,180,7.4518,19.5579,-79.12,-79.12
36961,180,7.4518,19.5579,-79.12,-79.12
36964,180,7.4518,20.0135,-79.12,-79.12
36964,180,7.4518,20.0135,-79.12,-79.12
36971,180,0.6852,20.0135,-79.12,-79.12
36972,180,0.6852,20.0135,-79.12,-79.12
36976,180,0.6852,19.4767,-79.12,-79.12
36976,180,0.6852,19.4767,-77.68,-79.12
36982,180,-4.5396,19.4767,-79.12,-79.12
36983,180,-4.5396,19.4767,-79.12,-79.12
36988,180,-4.5396,19.8015,-79.12,-79.12
36988,180,-4.5396,19.8015,-79.12,-79.12
36993,180,4.9679,19.8015,-79.12,-79.12
36994,180,4.9679,19.8015,-79.12,-79.12
37000,180,4.9679,19.9774,-79.12,-79.12
37000,180,4.9679,19.9774,-79.12,-79.12
37004,180,7.9657,19.9774,-79.12,-79.12
37004,180,7.9657,19.9774,-77.68,-79.12
37012,180,7.9657,20.2572,-79.12,-79.12
37012,180,7.9657,20.2572,-79.12,-79.12
37015,180,0.1713,20.2572,-79.12,-79.12
37015,180,0.1713,20.2572,-77.68,-77.68
37023,180,0.1713,20.2707,-79.12,-79.12
37023,180,0.1713,20.2707,-79.12,-79.12
37026,180,0.4283,20.2707,-79.12,-79.12
37026,180,0.4283,20.2707,-79.12,-79.12
37035,180,0.4283,19.5669,-79.12,-79.12
37035,180,0.4283,19.5669,-79.12,-79.12
37037,180,-3.3405,19.5669,-79.12,-79.12
37037,180,-3.3405,19.5669,-79.12,-79.12
37047,180,-3.3405,20.1263,-79.12,-79.12
37047,180,-3.3405,20.1263,-79.12,-79.12
37048,180,2.0557,20.1263,-79.12,-79.12
37048,180,2.0557,20.1263,-79.12,-79.12
37059,180,2.0557,20.0767,-79.12,-79.12
37059,180,2.0557,20.0767,-79.12,-79.12
37059,180,-3.5974,20.0767,-79.12,-79.12
37059,180,-3.5974,20.0767,-79.12,-79.12
37070,180,5.0535,20.0767,-79.12,-79.12
37070,180,5.0535,20.0767,-79.12,-79.12
37071,180,5.0535,20.3474,-79.12,-79.12
37071,180,5.0535,20.3474,-79.12,-79.12
37081,180,-4.7109,20.3474,-79.12,-79.12
37081,180,-4.7109,20.3474,-79.12,-79.12
37083,180,-4.7109,20.1128,-79.12,-79.12
37083,180,-4.7109,20.1128,-79.12,-79.12
37092,180,-5.8244,20.1128,-79.12,-79.12
37092,180,-5.8244,20.1128,-79.12,-79.12
37094,180,-5.8244,19.5127,-79.12,-79.12
37094,180,-5.8244,19.5127,-79.12,-79.12
37103,180,-9.9358,19.5127,-79.12,-79.12
37103,180,-9.9358,19.5127,-79.12,-79.12
37106,180,-9.9358,20.1038,-79.12,-79.12
37106,180,-9.9358,20.1038,-79.12,-79.12
37114,180,-10.1927,20.1038,-79.12,-79.12
37114,180,-10.1927,20.1038,-79.12,-79.12
37118,180,-10.1927,19.5624,-79.12,-79.12
37118,180,-10.1927,19.5624,-79.12,-79.12
37125,180,0.1713,19.5624,-79.12,-79.12
37125,180,0.1713,19.5624,-79.12,-79.12
37130,180,0.1713,19.9504,-79.12,-79.12
37130,180,0.1713,19.9504,-79.12,-79.12
37136,180,0.6852,19.9504,-79.12,-79.12
37136,180,0.6852,19.9504,-79.12,-79.12
37142,180,0.6852,20.4060,-79.12,-79.12
37142,180,0.6852,20.4060,-79.12,-79.12
37147,180,8.2227,20.4060,-79.12,-79.12
37147,180,8.2227,20.4060,-79.12,-79.12
37154,180,8.2227,19.4947,-79.12,-79.12
37154,180,8.2227,19.4947,-79.12,-79.12
37158,180,-2.8266,19.4947,-79.12,-79.12
37158,180,-2.8266,19.4947,-79.12,-79.12
37165,180,-2.8266,19.9774,-79.12,-79.12
37165,180,-2.8266,19.9774,-79.12,-79.12
37169,180,-2.3126,19.9774,-79.12,-79.12
37169,180,-2.3126,19.9774,-79.12,-79.12
37177,180,-2.3126,19.4496,-79.12,-79.12
37177,180,-2.3126,19.4496,-79.12,-79.12
37180,180,-0.6852,19.4496,-79.12,-79.12
37180,180,-0.6852,19.4496,-79.12,-79.12
37189,180,-0.6852,19.9910,-79.12,-79.12
37189,180,-0.6852,19.9910,-79.12,-79.12
37191,180,6.5096,19.9910,-79.12,-79.12
37191,180,6.5096,19.9910,-79.12,-79.12
37201,180,6.5096,20.0226,-79.12,-79.12
37201,180,6.5096,20.0226,-79.12,-79.12
37202,180,-1.1135,20.0226,-79.12,-79.12
37202,180,-1.1135,20.0226,-79.12,-79.12
37213,180,-1.1135,18.9307,-79.12,-79.12
37213,180,-1.1135,18.9307,-79.12,-79.12
37213,180,0.4283,18.9307,-79.12,-79.12
37213,180,0.4283,18.9307,-79.12,-79.12
37224,180,0.0857,18.9307,-79.12,-79.12
37224,180,0.0857,18.9307,-79.12,-79.12
37225,180,0.0857,19.6932,-79.12,-79.12
37225,180,0.0857,19.6932,-79.12,-79.12
37235,180,-3.2548,19.6932,-79.12,-79.12
37235,180,-3.2548,19.6932,-79.12,-79.12
37236,180,-3.2548,19.6481,-79.12,-79.12
37236,180,-3.2548,19.6481,-79.12,-79.12
37246,180,4.6253,19.6481,-79.12,-79.12
37246,180,4.6253,19.6481,-79.12,-79.12
37248,180,4.6253,20.0812,-79.12,-79.12
37248,180,4.6253,20.0812,-79.12,-79.12
37257,180,3.8544,20.0812,-79.12,-79.12
37257,180,3.8544,20.0812,-79.12,-79.12
37260,180,3.8544,20.0677,-79.12,-79.12
37260,180,3.8544,20.0677,-79.12,-79.12
37268,180,12.0771,20.0677,-79.12,-79.12
37268,180,12.0771,20.0677,-79.12,-79.12
37272,180,12.0771,19.8737,-79.12,-79.12
37272,180,12.0771,19.8737,-79.12,-79.12
37279,180,1.1991,19.8737,-79.12,-79.12
37279,180,1.1991,19.8737,-79.12,-79.12
37284,180,1.1991,20.2572,-79.12,-79.12
37284,180,1.1991,20.2572,-79.12,-79.12
37290,180,2.0557,20.2572,-79.12,-79.12
37290,180,2.0557,20.2572,-79.12,-79.12
37296,180,2.0557,19.9594,-79.12,-79.12
37296,180,2.0557,19.9594,-79.12,-79.12
37301,180,-2.9979,19.9594,-79.12,-79.12
37301,180,-2.9979,19.9594,-79.12,-79.12
37307,180,-2.9979,21.1189,-79.12,-79.12
37307,180,-2.9979,21.1189,-79.12,-79.12
37312,180,-5.6531,21.1189,-79.12,-79.12
37312,180,-5.6531,21.1189,-79.12,-79.12
37319,180,-5.6531,20.6361,-79.12,-79.12
37319,180,-5.6531,20.6361,-79.12,-79.12
37323,180,-6.8522,20.6361,-79.12,-79.12
37323,180,-6.8522,20.6361,-77.68,-79.12
37331,180,-6.8522,20.1985,-79.12,-79.12
37331,180,-6.8522,20.1985,-79.12,-79.12
37334,180,-1.7131,20.1985,-79.12,-79.12
37334,180,-1.7131,20.1985,-79.12,-79.12
37343,180,-1.7131,20.5279,-79.12,-79.12
37343,180,-1.7131,20.5279,-79.12,-79.12
37345,180,-8.2227,20.5279,-79.12,-79.12
37345,180,-8.2227,20.5279,-79.12,-79.12
37355,180,-8.2227,20.1489,-79.12,-79.12
37355,180,-8.2227,20.1489,-79.12,-79.12
37356,180,-1.1991,20.1489,-79.12,-79.12
37356,180,-1.1991,20.1489,-79.12,-79.12
37367,180,-1.1991,20.8933,-79.12,-79.12
37367,180,4.2827,20.8933,-79.12,-79.12
37367,180,4.2827,20.8933,-79.12,-79.12
37378,180,1.3704,20.8933,-79.12,-79.12
37378,180,1.3704,20.8933,-79.12,-79.12
37378,180,1.3704,20.5549,-79.12,-79.12
37378,180,1.3704,20.5549,-79.12,-79.12
37389,180,13.6188,20.5549,-79.12,-77.68
37389,180,13.6188,20.5549,-79.12,-79.12
37390,180,13.6188,20.2391,-79.12,-79.12
37390,180,13.6188,20.2391,-79.12,-79.12
37399,180,7.6231,20.2391,-79.12,-79.12
37400,180,7.6231,20.2391,-79.12,-79.12
37402,180,7.6231,20.5640,-79.12,-77.68
37402,180,7.6231,20.5640,-79.12,-79.12
37410,180,9.8501,20.5640,-79.12,-79.12
37411,180,9.8501,20.5640,-79.12,-79.12
37414,180,9.8501,20.1038,-77.68,-79.12
37414,180,9.8501,20.1038,-79.12,-79.12
37421,180,-0.4283,20.1038,-79.12,-79.12
37422,180,-0.4283,20.1038,-79.12,-79.12
37426,180,-0.4283,20.3790,-79.12,-79.12
37426,180,-0.4283,20.3790,-79.12,-79.12
37432,180,-4.6253,20.3790,-79.12,-79.12
37433,180,-4.6253,20.3790,-79.12,-79.12
37438,180,-4.6253,19.9594,-79.12,-79.12
37438,180,-4.6253,19.9594,-79.12,-79.12
37443,180,-3.6831,19.9594,-79.12,-79.12
37443,180,-3.6831,19.9594,-79.12,-79.12
37449,180,-3.6831,20.3564,-79.12,-79.12
37449,180,-3.6831,20.3564,-79.12,-79.12
37454,180,-2.9122,20.3564,-79.12,-79.12
37454,180,-2.9122,20.3564,-79.12,-79.12
37461,180,-2.9122,20.4331,-79.12,-79.12
37461,180,-2.9122,20.4331,-79.12,-79.12
37465,180,4.1113,20.4331,-79.12,-79.12
37465,180,4.1113,20.4331,-79.12,-79.12
37473,180,4.1113,20.0496,-79.12,-79.12
37473,180,4.1113,20.0496,-79.12,-79.12
37476,180,3.6831,20.0496,-79.12,-79.12
37476,180,3.6831,20.0496,-79.12,-77.68
37485,180,3.6831,20.4647,-79.12,-79.12
37485,180,3.6831,20.4647,-79.12,-79.12
37487,180,3.4261,20.4647,-79.12,-79.12
37487,180,3.4261,20.4647,-79.12,-79.12
37497,180,3.4261,19.5488,-79.12,-79.12
37497,180,3.4261,19.5488,-79.12,-79.12
37498,180,-5.6531,19.5488,-79.12,-79.12
37498,180,-5.6531,19.5488,-79.12,-79.12
37509,180,-5.6531,20.2707,-79.12,-79.12
37509,180,-5.6531,20.2707,-79.12,-79.12
37509,180,1.2848,20.2707,-79.12,-79.12
37509,180,1.2848,20.2707,-79.12,-79.12
37520,180,-0.5996,20.2707,-79.12,-79.12
37520,180,-0.5996,20.2707,-79.12,-79.12
37520,180,-0.5996,20.1714,-79.12,-79.12
37520,180,-0.5996,20.1714,-79.12,-79.12
37531,180,12.6767,20.1714,-79.12,-79.12
37531,180,12.6767,20.1714,-79.12,-79.12
37532,180,12.6767,19.6210,-79.12,-79.12
37532,180,12.6767,19.6210,-79.12,-79.12
37542,180,10.2784,19.6210,-79.12,-79.12
37542,180,10.2784,19.6210,-79.12,-79.12
37544,180,10.2784,20.1489,-79.12,-79.12
37544,180,10.2784,20.1489,-79.12,-79.12
37553,180,5.2248,20.1489,-79.12,-79.12
37553,180,5.2248,20.1489,-79.12,-79.12
37556,180,5.2248,19.7744,-79.12,-79.12
37556,180,5.2248,19.7744,-79.12,-79.12
37564,180,1.2848,19.7744,-79.12,-79.12
37564,180,1.2848,19.7744,-79.12,-79.12
37568,180,1.2848,20.7805,-79.12,-79.12
37568,180,1.2848,20.7805,-79.12,-79.12
37575,180,-3.5974,20.7805,-79.12,-79.12
37575,180,-3.5974,20.7805,-79.12,-79.12
37580,180,-3.5974,20.7264,-79.12,-79.12
37580,180,-3.5974,20.7264,-79.12,-79.12
37586,180,-7.0236,20.7264,-79.12,-79.12
37586,180,-7.0236,20.7264,-79.12,-79.12
37591,180,-7.0236,20.3293,-79.12,-79.12
37591,180,-7.0236,20.3293,-79.12,-79.12
37597,180,-13.9615,20.3293,-79.12,-79.12
37597,180,-13.9615,20.3293,-79.12,-79.12
37603,180,-13.9615,20.6316,-79.12,-79.12
37603,180,-13.9615,20.6316,-79.12,-79.12
37608,180,2.0557,20.6316,-79.12,-79.12
37608,180,2.0557,20.6316,-79.12,-79.12
37615,180,2.0557,19.7248,-79.12,-77.68
37615,180,2.0557,19.7248,-79.12,-79.12
37619,180,0.6852,19.7248,-79.12,-79.12
37619,180,0.6852,19.7248,-79.12,-79.12
37627,180,0.6852,20.3519,-79.12,-79.12
37627,180,0.6852,20.3519,-79.12,-79.12
37630,180,3.3405,20.3519,-79.12,-79.12
37630,180,3.3405,20.3519,-79.12,-79.12
37639,180,3.3405,20.3293,-79.12,-79.12
37639,180,3.3405,20.3293,-79.12,-79.12
37641,180,1.7131,20.3293,-79.12,-79.12
37641,180,1.7131,20.3293,-79.12,-79.12
37651,180,1.7131,20.2030,-79.12,-77.68
37651,180,1.7131,20.2030,-79.12,-79.12
37652,180,-2.3126,20.2030,-79.12,-79.12
37652,180,-2.3126,20.2030,-79.12,-79.12
37662,180,-2.3126,20.5188,-79.12,-79.12
37662,180,-2.3126,20.5188,-79.12,-79.12
37663,180,-5.6531,20.5188,-79.12,-79.12
37663,180,-5.6531,20.5188,-79.12,-79.12
37674,180,2.1413,20.5188,-79.12,-79.12
37674,180,2.1413,20.5188,-79.12,-79.12
37674,180,2.1413,19.9684,-79.12,-79.12
37674,180,2.1413,19.9684,-79.12,-79.12
37685,180,-0.5996,19.9684,-79.12,-79.12
37685,180,-0.5996,19.9684,-79.12,-79.12
37686,180,-0.5996,20.4827,-79.12,-79.12
37686,180,-0.5996,20.4827,-79.12,-79.12
37696,180,-7.1092,20.4827,-77.68,-79.12
37696,180,-7.1092,20.4827,-79.12,-79.12
37698,180,-7.1092,20.1714,-79.12,-79.12
37698,180,-7.1092,20.1714,-79.12,-79.12
37707,180,1.6274,20.1714,-79.12,-79.12
37707,180,1.6274,20.1714,-79.12,-79.12
37710,180,1.6274,20.4647,-79.12,-79.12
37710,180,1.6274,20.4647,-79.12,-79.12
37718,180,-5.8244,20.4647,-79.12,-79.12
37718,180,-5.8244,20.4647,-79.12,-77.68
37722,180,-5.8244,20.6587,-79.12,-79.12
37722,180,-5.8244,20.6587,-79.12,-79.12
37729,180,10.7066,20.6587,-77.68,-79.12
37729,180,10.7066,20.6587,-79.12,-77.68
37733,180,10.7066,20.4421,-79.12,-79.12
37733,180,10.7066,20.4421,-79.12,-79.12
37740,180,7.5375,20.4421,-79.12,-79.12
37740,180,7.5375,20.4421,-79.12,-79.12
37745,180,7.5375,20.6497,-79.12,-79.12
37745,180,7.5375,20.6497,-79.12,-79.12
37751,180,5.3105,20.6497,-79.12,-79.12
37751,180,5.3105,20.6497,-79.12,-79.12
37757,180,5.3105,19.9639,-79.12,-79.12
37757,180,5.3105,19.9639,-79.12,-79.12
37762,180,-7.2805,19.9639,-79.12,-79.12
37762,180,-7.2805,19.9639,-79.12,-79.12
37769,180,-7.2805,20.4331,-79.12,-79.12
37769,180,-7.2805,20.4331,-79.12,-79.12
37773,180,2.1413,20.4331,-79.12,-79.12
37773,180,2.1413,20.4331,-77.68,-79.12
37781,180,2.1413,20.9384,-79.12,-79.12
37781,180,2.1413,20.9384,-79.12,-79.12
37784,180,-3.5974,20.9384,-79.12,-79.12
37784,180,-3.5974,20.9384,-79.12,-79.12
37793,180,-3.5974,20.5143,-79.12,-79.12
37793,180,-3.5974,20.5143,-79.12,-79.12
37795,180,-2.1413,20.5143,-79.12,-79.12
37795,180,-2.1413,20.5143,-79.12,-77.68
37804,180,-2.1413,20.8211,-79.12,-79.12
37804,180,-2.1413,20.8211,-79.12,-79.12
37806,180,6.9379,20.8211,-77.68,-79.12
37806,180,6.9379,20.8211,-79.12,-79.12
37816,180,6.9379,20.3745,-79.12,-79.12
37816,180,6.9379,20.3745,-79.12,-79.12
37817,180,-0.4283,20.3745,-79.12,-79.12
37817,180,-0.4283,20.3745,-79.12,-79.12
37828,180,4.3683,20.3745,-79.12,-79.12
37828,180,4.3683,20.3745,-79.12,-79.12
37828,180,4.3683,20.3474,-79.12,-79.12
37828,180,4.3683,20.3474,-79.12,-79.12
37838,180,5.0535,20.3474,-79.12,-79.12
37839,180,5.0535,20.3474,-79.12,-79.12
37840,180,5.0535,19.7293,-79.12,-79.12
37840,180,5.0535,19.7293,-77.68,-79.12
37849,180,7.9657,19.7293,-79.12,-79.12
37850,180,7.9657,19.7293,-79.12,-79.12
37852,180,7.9657,19.8511,-79.12,-79.12
37852,180,7.9657,19.8511,-79.12,-79.12
37860,180,-2.3126,19.8511,-79.12,-79.12
37861,180,-2.3126,19.8511,-79.12,-79.12
37863,180,-2.3126,20.0677,-79.12,-79.12
37864,180,-2.3126,20.0677,-79.12,-79.12
37871,180,-0.0857,20.0677,-79.12,-79.12
37871,180,-0.0857,20.0677,-79.12,-79.12
37875,180,-0.0857,19.5218,-77.68,-79.12
37875,180,-0.0857,19.5218,-79.12,-79.12
37882,180,3.9400,19.5218,-79.12,-79.12
37882,180,3.9400,19.5218,-79.12,-79.12
37887,180,3.9400,20.4241,-79.12,-79.12
37887,180,3.9400,20.4241,-79.12,-79.12
37893,180,3.9400,20.4241,-79.12,-79.12
37893,180,3.9400,20.4241,-79.12,-79.12
37899,180,3.9400,19.8692,-79.12,-79.12
37899,180,3.9400,19.8692,-79.12,-79.12
37904,180,0.1713,19.8692,-79.12,-79.12
37904,180,0.1713,19.8692,-79.12,-79.12
37911,180,0.1713,19.5534,-77.68,-79.12
37911,180,0.1713,19.5534,-79.12,-79.12
37915,180,-0.8565,19.5534,-79.12,-79.12
37915,180,-0.8565,19.5534,-79.12,-79.12
37923,180,-0.8565,20.0812,-79.12,-77.68
37923,180,-0.8565,20.0812,-79.12,-79.12
37926,180,1.7987,20.0812,-79.12,-79.12
37926,180,1.7987,20.0812,-79.12,-79.12
37934,180,1.7987,19.8376,-79.12,-79.12
37935,180,1.7987,19.8376,-79.12,-79.12
37937,180,-2.8266,19.8376,-79.12,-79.12
37937,180,-2.8266,19.8376,-79.12,-79.12
37946,180,-2.8266,20.2617,-79.12,-79.12
37946,180,-2.8266,20.2617,-79.12,-79.12
37948,180,-0.3426,20.2617,-79.12,-79.12
37948,180,-0.3426,20.2617,-79.12,-79.12
37958,180,-0.3426,20.0541,-79.12,-79.12
37958,180,-0.3426,20.0541,-79.12,-79.12
37959,180,-2.4839,20.0541,-79.12,-79.12
37959,180,-2.4839,20.0541,-79.12,-79.12
37970,180,-2.4839,19.9729,-79.12,-79.12
37970,180,-2.4839,19.9729,-79.12,-79.12
37970,180,-0.4283,19.9729,-79.12,-79.12
37970,180,-0.4283,19.9729,-79.12,-79.12
37981,180,-2.8266,19.9729,-79.12,-79.12
37981,180,-2.8266,19.9729,-79.12,-79.12
37982,180,-2.8266,19.9729,-79.12,-79.12
37982,180,-2.8266,19.9729,-79.12,-79.12
37992,180,6.5953,19.9729,-79.12,-79.12
37992,180,6.5953,19.9729,-79.12,-79.12
37994,180,6.5953,19.7519,-79.12,-79.12
37994,180,6.5953,19.7519,-79.12,-79.12
38003,180,1.2848,19.7519,-79.12,-79.12
38003,180,1.2848,19.7519,-79.12,-79.12
38005,180,1.2848,20.7760,-77.68,-79.12
38005,180,1.2848,20.7760,-79.12,-79.12
38014,180,-3.3405,20.7760,-79.12,-79.12
38014,180,-3.3405,20.7760,-79.12,-79.12
38017,180,-3.3405,19.8195,-77.68,-79.12
38017,180,-3.3405,19.8195,-79.12,-79.12
38025,180,-1.7987,19.8195,-79.12,-79.12
38025,180,-1.7987,19.8195,-79.12,-79.12
38029,180,-1.7987,19.8060,-79.12,-79.12
38029,180,-1.7987,19.8060,-79.12,-79.12
38036,180,-5.9957,19.8060,-79.12,-79.12
38036,180,-5.9957,19.8060,-79.12,-79.12
38041,180,-5.9957,19.9459,-79.12,-79.12
38041,180,-5.9957,19.9459,-79.12,-79.12
38047,180,16.1028,19.9459,-79.12,-79.12
38047,180,16.1028,19.9459,-79.12,-79.12
38053,180,16.1028,19.7519,-79.12,-79.12
38053,180,16.1028,19.7519,-79.12,-79.12
38058,180,12.4197,19.7519,-79.12,-79.12
38058,180,12.4197,19.7519,-79.12,-79.12
38065,180,12.4197,20.1805,-79.12,-79.12
38065,180,12.4197,20.1805,-79.12,-79.12
38069,180,6.6809,20.1805,-79.12,-79.12
38069,180,6.6809,20.1805,-79.12,-79.12
38076,180,6.6809,19.4496,-79.12,-79.12
38076,180,6.6809,19.4496,-79.12,-79.12
38080,180,-2.8266,19.4496,-79.12,-79.12
38080,180,-2.8266,19.4496,-79.12,-79.12
38088,180,-2.8266,19.9007,-79.12,-77.68
38088,180,-2.8266,19.9007,-79.12,-79.12
38091,180,3.5118,19.9007,-79.12,-79.12
38091,180,3.5118,19.9007,-79.12,-79.12
38100,180,3.5118,19.7067,-79.12,-79.12
38100,180,3.5118,19.7067,-79.12,-79.12
38102,180,-1.4561,19.7067,-79.12,-79.12
38102,180,-1.4561,19.7067,-79.12,-79.12
38112,180,-1.4561,19.7158,-79.12,-79.12
38112,180,-1.4561,19.7158,-79.12,-77.68
38113,180,7.1949,19.7158,-79.12,-79.12
38113,180,7.1949,19.7158,-79.12,-79.12
38124,180,7.1949,20.3519,-79.12,-77.68
38124,180,7.1949,20.3519,-79.12,-79.12
38124,180,5.3105,20.3519,-79.12,-79.12
38124,180,5.3105,20.3519,-79.12,-79.12
38135,180,0.7709,20.3519,-79.12,-79.12
38135,180,0.7709,20.3519,-79.12,-79.12
38136,180,0.7709,19.3503,-79.12,-79.12
38136,180,0.7709,19.3503,-79.12,-79.12
38146,180,3.3405,19.3503,-79.12,-79.12
38146,180,3.3405,19.3503,-79.12,-79.12
38147,180,3.3405,20.0000,-79.12,-79.12
38147,180,3.3405,20.0000,-79.12,-79.12
38157,180,-0.5996,20.0000,-79.12,-79.12
38157,180,-0.5996,20.0000,-79.12,-79.12
38159,180,-0.5996,20.0993,-79.12,-79.12
38159,180,-0.5996,20.0993,-79.12,-79.12
38168,180,4.4540,20.0993,-79.12,-79.12
38168,180,4.4540,20.0993,-79.12,-79.12
38171,180,4.4540,19.6526,-79.12,-79.12
38171,180,4.4540,19.6526,-79.12,-79.12
38179,180,3.4261,19.6526,-79.12,-79.12
38179,180,3.4261,19.6526,-79.12,-79.12
38183,180,3.4261,20.2075,-79.12,-79.12
38183,180,3.4261,20.2075,-79.12,-79.12
38190,180,4.2827,20.2075,-79.12,-79.12
38190,180,4.2827,20.2075,-79.12,-79.12
38195,180,4.2827,19.3954,-79.12,-79.12
38195,180,4.2827,19.3954,-79.12,-79.12
38201,180,-1.2848,19.3954,-79.12,-79.12
38201,180,-1.2848,19.3954,-79.12,-79.12
38207,180,-1.2848,20.1399,-79.12,-79.12
38207,180,-1.2848,20.1399,-79.12,-79.12
38212,180,-5.3961,20.1399,-79.12,-79.12
38212,180,-5.3961,20.1399,-79.12,-79.12
38218,180,-5.3961,19.8647,-79.12,-79.12
38218,180,-5.3961,19.8647,-79.12,-79.12
38223,180,-3.5974,19.8647,-79.12,-79.12
38223,180,-3.5974,19.8647,-79.12,-77.68
38230,180,-3.5974,19.7474,-79.12,-79.12
38230,180,-3.5974,19.7474,-79.12,-79.12
38234,180,3.1692,19.7474,-79.12,-79.12
38234,180,3.1692,19.7474,-79.12,-79.12
38242,180,3.1692,20.0857,-79.12,-79.12
38242,180,3.1692,20.0857,-79.12,-79.12
38245,180,4.2827,20.0857,-79.12,-79.12
38245,180,4.2827,20.0857,-79.12,-79.12
38254,180,4.2827,19.6887,-79.12,-79.12
38254,180,4.2827,19.6887,-79.12,-79.12
38256,180,1.6274,19.6887,-79.12,-79.12
38256,180,1.6274,19.6887,-79.12,-79.12
38266,180,1.6274,20.4647,-79.12,-79.12
38266,180,1.6274,20.4647,-79.12,-79.12
38267,180,7.7088,20.4647,-79.12,-79.12
38267,180,7.7088,20.4647,-79.12,-77.68
38278,180,1.0278,19.8511,-79.12,-79.12
38278,180,1.0278,19.8511,-79.12,-79.12
38288,180,14.9036,19.8511,-79.12,-79.12
38289,180,14.9036,19.8511,-79.12,-79.12
38289,180,14.9036,19.6346,-79.12,-79.12
38289,180,14.9036,19.6346,-79.12,-79.12
38299,180,1.1991,19.6346,-79.12,-79.12
38300,180,1.1991,19.6346,-79.12,-79.12
38301,180,1.1991,20.2436,-79.12,-79.12
38301,180,1.1991,20.2436,-79.12,-79.12
38310,180,-0.5996,20.2436,-79.12,-79.12
38311,180,-0.5996,20.2436,-79.12,-79.12
38313,180,-0.5996,20.2030,-79.12,-79.12
38313,180,-0.5996,20.2030,-79.12,-79.12
38321,180,-2.1413,20.2030,-79.12,-79.12
38321,180,-2.1413,20.2030,-79.12,-79.12
38325,180,-2.1413,20.7534,-79.12,-79.12
38325,180,-2.1413,20.7534,-79.12,-79.12
38332,180,-0.1713,20.7534,-79.12,-79.12
38332,180,-0.1713,20.7534,-79.12,-79.12
38337,180,-0.1713,20.1399,-79.12,-79.12
38337,180,-0.1713,20.1399,-79.12,-79.12
38343,180,-0.9422,20.1399,-79.12,-79.12
38343,180,-0.9422,20.1399,-79.12,-79.12
38348,180,-0.9422,20.6046,-79.12,-79.12
38349,180,-0.9422,20.6046,-79.12,-79.12
38354,180,2.1413,20.6046,-79.12,-79.12
38354,180,2.1413,20.6046,-79.12,-79.12
38360,180,2.1413,20.2256,-79.12,-77.68
38360,180,2.1413,20.2256,-79.12,-79.12
38365,180,5.3961,20.2256,-79.12,-79.12
38365,180,5.3961,20.2256,-79.12,-79.12
38372,180,5.3961,20.0090,-79.12,-79.12
38372,180,5.3961,20.0090,-79.12,-79.12
38376,180,3.0835,20.0090,-79.12,-79.12
38376,180,3.0835,20.0090,-79.12,-79.12
38384,180,3.0835,20.4151,-79.12,-79.12
38384,180,3.0835,20.4151,-79.12,-79.12
38387,180,1.7987,20.4151,-79.12,-79.12
38387,180,1.7987,20.4151,-79.12,-79.12
38396,180,1.7987,19.3594,-79.12,-79.12
38396,180,1.7987,19.3594,-79.12,-79.12
38398,180,-1.4561,19.3594,-79.12,-79.12
38398,180,-1.4561,19.3594,-79.12,-79.12
38408,180,-1.4561,20.0361,-79.12,-79.12
38408,180,-1.4561,20.0361,-79.12,-79.12
38409,180,3.5118,20.0361,-79.12,-79.12
38409,180,3.5118,20.0361,-79.12,-79.12
38419,180,3.5118,19.7880,-79.12,-79.12
38420,180,3.5118,19.7880,-79.12,-79.12
38420,180,-1.8844,19.7880,-79.12,-79.12
38420,180,-1.8844,19.7880,-79.12,-79.12
38431,180,-1.4561,19.7880,-79.12,-79.12
38431,180,-1.4561,19.7880,-79.12,-79.12
38431,180,-1.4561,19.7564,-79.12,-79.12
38431,180,-1.4561,19.7564,-79.12,-79.12
38442,180,-0.1713,19.7564,-79.12,-79.12
38442,180,-0.1713,19.7564,-79.12,-79.12
38443,180,-0.1713,19.5894,-79.12,-79.12
38443,180,-0.1713,19.5894,-79.12,-79.12
38453,180,5.9101,19.5894,-79.12,-79.12
38453,180,5.9101,19.5894,-79.12,-79.12
38455,180,5.9101,19.1067,-79.12,-79.12
38455,180,5.9101,19.1067,-79.12,-79.12
38464,180,4.8822,19.1067,-79.12,-79.12
38464,180,4.8822,19.1067,-79.12,-79.12
38467,180,4.8822,20.0226,-79.12,-79.12
38467,180,4.8822,20.0226,-79.12,-79.12
38475,180,3.5118,20.0226,-79.12,-79.12
38475,180,3.5118,20.0226,-79.12,-79.12
38479,180,3.5118,19.6707,-79.12,-79.12
38479,180,3.5118,19.6707,-79.12,-79.12
38486,180,3.5118,19.6707,-79.12,-79.12
38486,180,3.5118,19.6707,-79.12,-79.12
38490,180,3.5118,19.9188,-79.12,-79.12
38490,180,3.5118,19.9188,-79.12,-79.12
38497,180,-7.5375,19.9188,-79.12,-79.12
38497,180,-7.5375,19.9188,-79.12,-79.12
38502,180,-7.5375,20.2842,-79.12,-79.12
38502,180,-7.5375,20.2842,-79.12,-79.12
38508,180,-3.3405,20.2842,-79.12,-79.12
38508,180,-3.3405,20.2842,-79.12,-79.12
38514,180,-3.3405,19.8150,-79.12,-79.12
38514,180,-3.3405,19.8150,-79.12,-79.12
38519,180,-2.0557,19.8150,-79.12,-79.12
38519,180,-2.0557,19.8150,-79.12,-79.12
38526,180,-2.0557,20.7354,-79.12,-79.12
38526,180,-2.0557,20.7354,-79.12,-79.12
38530,180,0.1713,20.7354,-79.12,-79.12
38530,180,0.1713,20.7354,-79.12,-79.12
38538,180,0.1713,19.5849,-79.12,-79.12
38538,180,0.1713,19.5849,-79.12,-79.12
38541,180,-1.6274,19.5849,-79.12,-79.12
38541,180,-1.6274,19.5849,-79.12,-79.12
38550,180,-1.6274,19.5353,-79.12,-79.12
38550,180,-1.6274,19.5353,-79.12,-79.12
38552,180,8.5653,19.5353,-79.12,-79.12
38552,180,8.5653,19.5353,-77.68,-79.12
38561,180,8.5653,20.5233,-77.68,-79.12
38561,180,8.5653,20.5233,-79.12,-77.68
38563,180,8.9936,20.5233,-79.12,-79.12
38563,180,8.9936,20.5233,-79.12,-79.12
38573,180,8.9936,20.1263,-79.12,-79.12
38573,180,8.9936,20.1263,-79.12,-79.12
38574,180,7.6231,20.1263,-79.12,-79.12
38574,180,7.6231,20.1263,-79.12,-79.12
38585,180,4.1970,20.1263,-79.12,-79.12
38585,180,4.1970,20.1263,-79.12,-79.12
38585,180,4.1970,20.0993,-79.12,-79.12
38585,180,4.1970,20.0993,-79.12,-79.12
38596,180,4.7966,20.0993,-79.12,-79.12
38596,180,4.7966,20.0993,-79.12,-79.12
38597,180,4.7966,19.2646,-79.12,-79.12
38597,180,4.7966,19.2646,-79.12,-79.12
38607,180,3.5118,19.2646,-79.12,-79.12
38607,180,3.5118,19.2646,-79.12,-79.12
38609,180,3.5118,19.7925,-79.12,-79.12
38609,180,3.5118,19.7925,-79.12,-79.12
38618,180,5.3961,19.7925,-79.12,-79.12
38618,180,5.3961,19.7925,-79.12,-79.12
38621,180,5.3961,20.5279,-79.12,-79.12
38621,180,5.3961,20.5279,-79.12,-79.12
38629,180,8.2227,20.5279,-79.12,-79.12
38629,180,8.2227,20.5279,-79.12,-79.12
38632,180,8.2227,19.9098,-79.12,-79.12
38632,180,8.2227,19.9098,-79.12,-79.12
38640,180,1.4561,19.9098,-79.12,-79.12
38640,180,1.4561,19.9098,-79.12,-79.12
38644,180,1.4561,20.2978,-79.12,-79.12
38644,180,1.4561,20.2978,-79.12,-79.12
38651,180,6.1670,20.2978,-79.12,-79.12
38651,180,6.1670,20.2978,-79.12,-79.12
38656,180,6.1670,19.7564,-79.12,-79.12
38656,180,6.1670,19.7564,-79.12,-79.12
38662,180,1.6274,19.7564,-79.12,-79.12
38662,180,1.6274,19.7564,-79.12,-79.12
38668,180,1.6274,20.2075,-79.12,-79.12
38668,180,1.6274,20.2075,-79.12,-79.12
38673,180,-4.4540,20.2075,-79.12,-79.12
38673,180,-4.4540,20.2075,-79.12,-79.12
38680,180,-4.4540,19.6842,-79.12,-79.12
38680,180,-4.4540,19.6842,-79.12,-79.12
38684,180,-2.6552,19.6842,-79.12,-79.12
38684,180,-2.6552,19.6842,-79.12,-79.12
38692,180,-2.6552,19.2917,-79.12,-79.12
38692,180,-2.6552,19.2917,-79.12,-79.12
38695,180,8.7366,19.2917,-79.12,-79.12
38695,180,8.7366,19.2917,-79.12,-79.12
38703,180,8.7366,20.2887,-79.12,-79.12
38703,180,8.7366,20.2887,-77.68,-79.12
38706,180,7.1949,20.2887,-79.12,-79.12
38706,180,7.1949,20.2887,-79.12,-79.12
38715,180,7.1949,20.1985,-79.12,-79.12
38715,180,7.1949,20.1985,-79.12,-79.12
38717,180,2.3126,20.1985,-79.12,-79.12
38717,180,2.3126,20.1985,-79.12,-79.12
38727,180,2.3126,20.6181,-79.12,-79.12
38727,180,2.3126,20.6181,-79.12,-79.12
38728,180,0.0857,20.6181,-79.12,-79.12
38728,180,0.0857,20.6181,-79.12,-79.12
38738,180,-4.0257,20.6181,-79.12,-79.12
38739,180,-4.0257,20.6181,-79.12,-79.12
38739,180,-4.0257,19.6391,-79.12,-79.12
38739,180,-4.0257,19.6391,-79.12,-79.12
38749,180,8.7366,19.6391,-79.12,-79.12
38750,180,8.7366,19.6391,-79.12,-79.12
38751,180,8.7366,19.4992,-79.12,-79.12
38751,180,8.7366,19.4992,-79.12,-79.12
38760,180,0.7709,19.4992,-79.12,-79.12
38761,180,0.7709,19.4992,-79.12,-79.12
38762,180,0.7709,20.4963,-79.12,-79.12
38763,180,0.7709,20.4963,-79.12,-79.12
38771,180,-2.3126,20.4963,-79.12,-79.12
38771,180,-2.3126,20.4963,-79.12,-79.12
38774,180,-2.3126,19.6165,-79.12,-79.12
38774,180,-2.3126,19.6165,-79.12,-79.12
38782,180,-5.7388,19.6165,-79.12,-79.12
38782,180,-5.7388,19.6165,-79.12,-79.12
38786,180,-5.7388,19.5579,-79.12,-79.12
38786,180,-5.7388,19.5579,-79.12,-79.12
38793,180,2.3126,19.5579,-79.12,-79.12
38793,180,2.3126,19.5579,-79.12,-79.12
38798,180,2.3126,19.1473,-79.12,-79.12
38798,180,2.3126,19.1473,-79.12,-79.12
38804,180,7.3662,19.1473,-79.12,-79.12
38804,180,7.3662,19.1473,-79.12,-79.12
38810,180,7.3662,19.7338,-79.12,-79.12
38810,180,7.3662,19.7338,-79.12,-79.12
38815,180,2.2270,19.7338,-79.12,-79.12
38815,180,2.2270,19.7338,-79.12,-79.12
38822,180,2.2270,20.5730,-79.12,-79.12
38822,180,2.2270,20.5730,-79.12,-79.12
38826,180,-4.1113,20.5730,-79.12,-79.12
38826,180,-4.1113,20.5730,-79.12,-79.12
38833,180,-4.1113,19.8286,-77.68,-79.12
38834,180,-4.1113,19.8286,-79.12,-79.12
38837,180,-4.8822,19.8286,-79.12,-79.12
38837,180,-4.8822,19.8286,-79.12,-79.12
38845,180,-4.8822,20.4286,-79.12,-79.12
38845,180,-4.8822,20.4286,-79.12,-79.12
38848,180,0.0857,20.4286,-79.12,-79.12
38848,180,0.0857,20.4286,-79.12,-79.12
38857,180,0.0857,19.7428,-79.12,-79.12
38857,180,0.0857,19.7428,-79.12,-79.12
38859,180,-6.2527,19.7428,-79.12,-79.12
38859,180,-6.2527,19.7428,-79.12,-77.68
38869,180,-6.2527,20.1038,-79.12,-79.12
38869,180,-6.2527,20.1038,-79.12,-79.12
38870,180,10.6210,20.1038,-77.68,-79.12
38870,180,10.6210,20.1038,-79.12,-79.12
38881,180,10.6210,20.2301,-79.12,-79.12
38881,180,10.6210,20.2301,-79.12,-79.12
38881,180,2.8266,20.2301,-79.12,-79.12
38881,180,2.8266,20.2301,-79.12,-79.12
38892,180,3.2548,20.2301,-79.12,-79.12
38892,180,3.2548,20.2301,-79.12,-79.12
38893,180,3.2548,19.2150,-79.12,-79.12
38893,180,3.2548,19.2150,-79.12,-79.12
38903,180,2.3983,19.2150,-79.12,-79.12
38903,180,2.3983,19.2150,-79.12,-79.12
38904,180,2.3983,20.0135,-79.12,-79.12
38905,180,2.3983,20.0135,-79.12,-79.12
38914,180,-5.6531,20.0135,-79.12,-79.12
38914,180,-5.6531,20.0135,-79.12,-79.12
38916,180,-5.6531,20.0180,-79.12,-79.12
38916,180,-5.6531,20.0180,-79.12,-79.12
38925,180,2.1413,20.0180,-79.12,-79.12
38925,180,2.1413,20.0180,-79.12,-79.12
38928,180,2.1413,20.5955,-79.12,-77.68
38928,180,2.1413,20.5955,-79.12,-79.12
38936,180,3.6831,20.5955,-79.12,-79.12
38936,180,3.6831,20.5955,-79.12,-79.12
38940,180,3.6831,20.3654,-79.12,-79.12
38940,180,3.6831,20.3654,-79.12,-79.12
38947,180,-2.9122,20.3654,-79.12,-79.12
38947,180,-2.9122,20.3654,-79.12,-79.12
38952,180,-2.9122,19.9955,-79.12,-77.68
38952,180,-2.9122,19.9955,-79.12,-79.12
38958,180,-8.5653,19.9955,-79.12,-79.12
38958,180,-8.5653,19.9955,-79.12,-79.12
38964,180,-8.5653,20.8211,-79.12,-79.12
38964,180,-8.5653,20.8211,-79.12,-79.12
38969,180,-6.1670,20.8211,-79.12,-79.12
38969,180,-6.1670,20.8211,-79.12,-79.12
38975,180,-6.1670,19.7203,-79.12,-79.12
38975,180,-6.1670,19.7203,-79.12,-79.12
38980,180,-13.2762,19.7203,-79.12,-79.12
38980,180,-13.2762,19.7203,-79.12,-79.12
38987,180,-13.2762,20.0271,-79.12,-79.12
38987,180,-13.2762,20.0271,-79.12,-79.12
38991,180,-7.3662,20.0271,-79.12,-79.12
38991,180,-7.3662,20.0271,-79.12,-79.12
38999,180,-7.3662,20.0677,-79.12,-79.12
38999,180,-7.3662,20.0677,-79.12,-79.12
39002,180,-3.4261,20.0677,-79.12,-79.12
39002,180,-3.4261,20.0677,-79.12,-79.12
39011,180,-3.4261,19.9278,-79.12,-79.12
39011,180,-3.4261,19.9278,-79.12,-79.12
39013,180,1.7987,19.9278,-79.12,-79.12
39013,180,1.7987,19.9278,-79.12,-79.12
39023,180,1.7987,20.0857,-79.12,-79.12
39023,180,1.7987,20.0857,-79.12,-79.12
39024,180,-5.6531,20.0857,-79.12,-79.12
39024,180,-5.6531,20.0857,-79.12,-79.12
39035,180,-5.6531,19.0210,-79.12,-79.12
39035,180,-5.6531,19.0210,-79.12,-79.12
39035,180,-7.4518,19.0210,-79.12,-79.12
39035,180,-7.4518,19.0210,-79.12,-79.12
39046,180,2.2270,19.0210,-79.12,-79.12
39046,180,2.2270,19.0210,-79.12,-79.12
39046,180,2.2270,19.3774,-79.12,-79.12
39046,180,2.2270,19.3774,-79.12,-79.12
39057,180,-0.4283,19.3774,-79.12,-79.12
39057,180,-0.4283,19.3774,-79.12,-79.12
39058,180,-0.4283,20.0587,-79.12,-79.12
39058,180,-0.4283,20.0587,-79.12,-79.12
39068,180,11.2206,20.0587,-79.12,-79.12
39068,180,11.2206,20.0587,-79.12,-79.12
39070,180,11.2206,20.2842,-79.12,-79.12
39070,180,11.2206,20.2842,-79.12,-79.12
39079,180,9.1649,20.2842,-79.12,-79.12
39079,180,9.1649,20.2842,-79.12,-79.12
39082,180,9.1649,20.1985,-79.12,-79.12
39082,180,9.1649,20.1985,-79.12,-79.12
39090,180,12.7623,20.1985,-79.12,-79.12
39090,180,12.7623,20.1985,-79.12,-79.12
39094,180,12.7623,19.4225,-79.12,-79.12
39094,180,12.7623,19.4225,-79.12,-79.12
39101,180,0.2570,19.4225,-79.12,-79.12
39101,180,0.2570,19.4225,-79.12,-77.68
39106,180,0.2570,19.9820,-79.12,-79.12
39106,180,0.2570,19.9820,-79.12,-79.12
39112,180,2.1413,19.9820,-79.12,-79.12
39112,180,2.1413,19.9820,-79.12,-79.12
39117,180,2.1413,19.2962,-79.12,-79.12
39117,180,2.1413,19.2962,-79.12,-79.12
39123,180,-1.3704,19.2962,-79.12,-79.12
39123,180,-1.3704,19.2962,-79.12,-79.12
39129,180,-1.3704,19.9910,-79.12,-79.12
39129,180,-1.3704,19.9910,-79.12,-79.12
39134,180,0.0857,19.9910,-79.12,-79.12
39134,180,0.0857,19.9910,-79.12,-79.12
39141,180,0.0857,19.9188,-79.12,-79.12
39141,180,0.0857,19.9188,-79.12,-79.12
39145,180,-1.2848,19.9188,-79.12,-79.12
39145,180,-1.2848,19.9188,-79.12,-77.68
39153,180,-1.2848,19.3954,-79.12,-77.68
39153,180,-1.2848,19.3954,-79.12,-79.12
39156,180,1.1135,19.3954,-79.12,-79.12
39156,180,1.1135,19.3954,-79.12,-79.12
39165,180,1.1135,20.5775,-79.12,-79.12
39165,180,1.1135,20.5775,-79.12,-79.12
39166,180,6.7666,20.5775,-79.12,-79.12
39167,180,6.7666,20.5775,-79.12,-79.12
39177,180,6.7666,20.1985,-79.12,-79.12
39177,180,6.7666,20.1985,-79.12,-79.12
39177,180,0.8565,20.1985,-79.12,-79.12
39178,180,0.8565,20.1985,-79.12,-79.12
39188,180,0.8565,20.5008,-79.12,-79.12
39188,180,0.8565,20.5008,-79.12,-77.68
39188,180,5.3961,20.5008,-79.12,-79.12
39189,180,5.3961,20.5008,-79.12,-79.12
39199,180,-1.0278,20.5008,-79.12,-79.12
39200,180,-1.0278,20.5008,-79.12,-79.12
39200,180,-1.0278,20.3474,-79.12,-79.12
39200,180,-1.0278,20.3474,-79.12,-79.12
39210,180,2.7409,20.3474,-79.12,-79.12
39210,180,2.7409,20.3474,-79.12,-79.12
39212,180,2.7409,19.7744,-79.12,-79.12
39212,180,2.7409,19.7744,-79.12,-77.68
39221,180,2.3983,19.7744,-79.12,-79.12
39221,180,2.3983,19.7744,-79.12,-79.12
39224,180,2.3983,19.7113,-79.12,-79.12
39224,180,2.3983,19.7113,-79.12,-79.12
39232,180,8.6510,19.7113,-79.12,-79.12
39232,180,8.6510,19.7113,-79.12,-79.12
39236,180,8.6510,19.2150,-79.12,-77.68
39236,180,8.6510,19.2150,-79.12,-79.12
39243,180,10.9636,19.2150,-79.12,-79.12
39243,180,10.9636,19.2150,-79.12,-79.12
39247,180,10.9636,19.5624,-79.12,-79.12
39248,180,10.9636,19.5624,-79.12,-79.12
39254,180,3.0835,19.5624,-79.12,-79.12
39254,180,3.0835,19.5624,-79.12,-77.68
39259,180,3.0835,20.0316,-79.12,-79.12
39259,180,3.0835,20.0316,-79.12,-79.12
39265,180,3.5974,20.0316,-79.12,-79.12
39265,180,3.5974,20.0316,-79.12,-79.12
39271,180,3.5974,19.7113,-79.12,-79.12
39271,180,3.5974,19.7113,-77.68,-79.12
39276,180,1.4561,19.7113,-79.12,-79.12
39276,180,1.4561,19.7113,-79.12,-79.12
39283,180,1.4561,20.1895,-79.12,-79.12
39283,180,1.4561,20.1895,-79.12,-79.12
39287,180,1.3704,20.1895,-79.12,-79.12
39287,180,1.3704,20.1895,-79.12,-79.12
39295,180,1.3704,19.3594,-79.12,-79.12
39295,180,1.3704,19.3594,-79.12,-79.12
39298,180,-5.3105,19.3594,-79.12,-79.12
39298,180,-5.3105,19.3594,-79.12,-79.12
39307,180,-5.3105,19.8782,-79.12,-79.12
39307,180,-5.3105,19.8782,-79.12,-79.12
39309,180,5.5675,19.8782,-79.12,-79.12
39309,180,5.5675,19.8782,-79.12,-79.12
39318,180,5.5675,20.0722,-79.12,-79.12
39319,180,5.5675,20.0722,-79.12,-79.12
39320,180,6.4240,20.0722,-79.12,-77.68
39320,180,6.4240,20.0722,-79.12,-79.12
39330,180,6.4240,19.5534,-79.12,-79.12
39330,180,6.4240,19.5534,-79.12,-79.12
39331,180,9.9358,19.5534,-79.12,-79.12
39331,180,9.9358,19.5534,-79.12,-79.12
39342,180,0.2570,19.5534,-79.12,-79.12
39342,180,0.2570,19.9504,-79.12,-79.12
39342,180,0.2570,19.9504,-79.12,-79.12
39353,180,2.7409,19.9504,-79.12,-79.12
39353,180,2.7409,19.9504,-79.12,-79.12
39354,180,2.7409,19.5173,-79.12,-79.12
39354,180,2.7409,19.5173,-79.12,-77.68
39364,180,1.2848,19.5173,-79.12,-79.12
39364,180,1.2848,19.5173,-79.12,-77.68
39366,180,1.2848,20.2075,-79.12,-79.12
39366,180,1.2848,20.2075,-79.12,-79.12
39375,180,1.5418,20.2075,-79.12,-79.12
39375,180,1.5418,20.2075,-79.12,-79.12
39378,180,1.5418,19.5127,-79.12,-79.12
39378,180,1.5418,19.5127,-79.12,-79.12
39386,180,5.1392,19.5127,-79.12,-79.12
39386,180,5.1392,19.5127,-79.12,-79.12
39389,180,5.1392,19.5218,-79.12,-79.12
39390,180,5.1392,19.5218,-79.12,-79.12
39397,180,1.7987,19.5218,-79.12,-79.12
39397,180,1.7987,19.5218,-79.12,-79.12
39401,180,1.7987,19.9955,-79.12,-79.12
39401,180,1.7987,19.9955,-79.12,-79.12
39408,180,7.7944,19.9955,-79.12,-79.12
39408,180,7.7944,19.9955,-79.12,-79.12
39413,180,7.7944,19.6165,-79.12,-79.12
39413,180,7.7944,19.6165,-79.12,-79.12
39419,180,9.8501,19.6165,-79.12,-79.12
39419,180,9.8501,19.6165,-79.12,-79.12
39425,180,9.8501,19.9639,-79.12,-79.12
39425,180,9.8501,19.9639,-79.12,-79.12
39430,180,8.7366,19.9639,-77.68,-79.12
39430,180,8.7366,19.9639,-79.12,-79.12
39437,180,8.7366,18.9984,-79.12,-79.12
39437,180,8.7366,18.9984,-79.12,-79.12
39441,180,-3.0835,18.9984,-79.12,-79.12
39441,180,-3.0835,18.9984,-79.12,-79.12
39449,180,-3.0835,19.4767,-79.12,-79.12
39449,180,-3.0835,19.4767,-79.12,-79.12
39452,180,4.0257,19.4767,-79.12,-79.12
39452,180,4.0257,19.4767,-79.12,-79.12
39460,180,4.0257,19.7248,-79.12,-79.12
39460,180,4.0257,19.7248,-79.12,-79.12
39463,180,8.3940,19.7248,-79.12,-79.12
39463,180,8.3940,19.7248,-79.12,-79.12
39472,180,8.3940,19.4631,-79.12,-79.12
39472,180,8.3940,19.4631,-79.12,-79.12
39474,180,4.1970,19.4631,-79.12,-79.12
39474,180,4.1970,19.4631,-79.12,-79.12
39484,180,4.1970,19.8827,-79.12,-79.12
39484,180,4.1970,19.8827,-79.12,-79.12
39485,180,-0.8565,19.8827,-79.12,-79.12
39485,180,-0.8565,19.8827,-79.12,-79.12
39496,180,-3.3405,19.8827,-79.12,-79.12
39496,180,-3.3405,19.8827,-79.12,-79.12
39496,180,-3.3405,19.4767,-79.12,-79.12
39496,180,-3.3405,19.4767,-79.12,-79.12
39507,180,-2.5696,19.4767,-79.12,-79.12
39507,180,-2.5696,19.4767,-77.68,-79.12
39508,180,-2.5696,20.4737,-79.12,-79.12
39508,180,-2.5696,20.4737,-79.12,-79.12
39518,180,-6.3383,20.4737,-79.12,-79.12
39518,180,-6.3383,20.4737,-79.12,-79.12
39520,180,-6.3383,20.4286,-79.12,-79.12
39520,180,-6.3383,20.4286,-79.12,-79.12
39529,180,3.7687,20.4286,-79.12,-77.68
39529,180,3.7687,20.4286,-79.12,-77.68
39531,180,3.7687,19.4947,-79.12,-79.12
39531,180,3.7687,19.4947,-79.12,-79.12
39540,180,2.1413,19.4947,-79.12,-79.12
39540,180,2.1413,19.4947,-79.12,-79.12
39543,180,2.1413,20.7038,-79.12,-79.12
39543,180,2.1413,20.7038,-79.12,-79.12
39551,180,10.6210,20.7038,-79.12,-79.12
39551,180,10.6210,20.7038,-79.12,-79.12
39555,180,10.6210,20.0722,-79.12,-79.12
39555,180,10.6210,20.0722,-79.12,-77.68
39562,180,-5.3105,20.0722,-79.12,-79.12
39562,180,-5.3105,20.0722,-79.12,-79.12
39567,180,-5.3105,19.9820,-79.12,-79.12
39567,180,-5.3105,19.9820,-79.12,-79.12
39573,180,-7.8801,19.9820,-79.12,-79.12
39573,180,-7.8801,19.9820,-79.12,-79.12
39579,180,-7.8801,19.9143,-79.12,-79.12
39579,180,-7.8801,19.9143,-79.12,-79.12
39584,180,-1.3704,19.9143,-79.12,-79.12
39584,180,-1.3704,19.9143,-79.12,-79.12
39591,180,-1.3704,20.0722,-79.12,-79.12
39591,180,-1.3704,20.0722,-79.12,-79.12
39595,180,-2.6552,20.0722,-79.12,-79.12
39595,180,-2.6552,20.0722,-79.12,-79.12
39602,180,-2.6552,20.5369,-79.12,-79.12
39602,180,-2.6552,20.5369,-79.12,-79.12
39606,180,-1.9700,20.5369,-79.12,-79.12
39606,180,-1.9700,20.5369,-79.12,-79.12
39614,180,-1.9700,19.7022,-79.12,-79.12
39614,180,-1.9700,19.7022,-79.12,-79.12
39616,180,-2.5696,19.7022,-79.12,-79.12
39617,180,-2.5696,19.7022,-79.12,-79.12
39626,180,-2.5696,20.6542,-79.12,-79.12
39626,180,-2.5696,20.6542,-79.12,-79.12
39627,180,4.9679,20.6542,-79.12,-79.12
39628,180,4.9679,20.6542,-79.12,-79.12
39638,180,4.9679,20.1624,-79.12,-79.12
39638,180,4.9679,20.1624,-77.68,-79.12
39638,180,-11.9058,20.1624,-79.12,-77.68
39639,180,-11.9058,20.1624,-79.12,-79.12
39649,180,-6.9379,20.1624,-79.12,-79.12
39650,180,-6.9379,20.1624,-79.12,-79.12
39650,180,-6.9379,19.6300,-79.12,-79.12
39650,180,-6.9379,19.6300,-79.12,-79.12
39660,180,-11.7345,19.6300,-79.12,-79.12
39660,180,-11.7345,19.6300,-79.12,-79.12
39662,180,-11.7345,19.9639,-79.12,-79.12
39662,180,-11.7345,19.9639,-79.12,-79.12
39671,180,0.5139,19.9639,-79.12,-79.12
39671,180,0.5139,19.9639,-79.12,-79.12
39673,180,0.5139,19.3639,-79.12,-79.12
39673,180,0.5139,19.3639,-79.12,-79.12
39682,180,2.8266,19.3639,-79.12,-79.12
39682,180,2.8266,19.3639,-79.12,-79.12
39685,180,2.8266,19.4767,-79.12,-79.12
39685,180,2.8266,19.4767,-79.12,-79.12
39693,180,2.3983,19.4767,-79.12,-79.12
39693,180,2.3983,19.4767,-79.12,-79.12
39697,180,2.3983,19.1834,-79.12,-79.12
39697,180,2.3983,19.1834,-79.12,-79.12
39704,180,2.4839,19.1834,-79.12,-79.12
39704,180,2.4839,19.1834,-79.12,-79.12
39709,180,2.4839,20.2797,-79.12,-79.12
39709,180,2.4839,20.2797,-79.12,-79.12
39715,180,1.2848,20.2797,-79.12,-79.12
39715,180,1.2848,20.2797,-79.12,-79.12
39721,180,1.2848,20.7128,-79.12,-79.12
39721,180,1.2848,20.7128,-79.12,-79.12
39726,180,2.2270,20.7128,-79.12,-79.12
39726,180,2.2270,20.7128,-79.12,-79.12
39732,180,2.2270,19.6030,-79.12,-79.12
39733,180,2.2270,19.6030,-79.12,-79.12
39737,180,-0.5139,19.6030,-79.12,-79.12
39737,180,-0.5139,19.6030,-79.12,-79.12
39744,180,-0.5139,19.8060,-79.12,-79.12
39744,180,-0.5139,19.8060,-79.12,-79.12
39748,180,3.8544,19.8060,-79.12,-79.12
39748,180,3.8544,19.8060,-79.12,-79.12
39756,180,3.8544,19.5804,-79.12,-79.12
39756,180,3.8544,19.5804,-79.12,-79.12
39759,180,-4.7966,19.5804,-79.12,-79.12
39759,180,-4.7966,19.5804,-79.12,-79.12
39768,180,-4.7966,20.2166,-79.12,-79.12
39768,180,-4.7966,20.2166,-79.12,-79.12
39770,180,5.0535,20.2166,-79.12,-79.12
39770,180,5.0535,20.2166,-79.12,-79.12
39780,180,5.0535,20.3790,-79.12,-79.12
39780,180,5.0535,20.3790,-79.12,-79.12
39781,180,4.8822,20.3790,-79.12,-79.12
39781,180,4.8822,20.3790,-79.12,-79.12
39792,180,4.8822,19.6075,-79.12,-79.12
39792,180,4.8822,19.6075,-79.12,-79.12
39792,180,-0.8565,19.6075,-79.12,-79.12
39792,180,-0.8565,19.6075,-79.12,-79.12
39803,180,-2.5696,19.6075,-79.12,-79.12
39803,180,-2.5696,19.6075,-79.12,-79.12
39803,180,-2.5696,20.1308,-79.12,-79.12
39804,180,-2.5696,20.1308,-79.12,-79.12
39814,180,0.6852,20.1308,-79.12,-79.12
39814,180,0.6852,20.1308,-79.12,-79.12
39815,180,0.6852,19.6842,-79.12,-79.12
39815,180,0.6852,19.6842,-79.12,-79.12
39825,180,5.3961,19.6842,-79.12,-79.12
39825,180,5.3961,19.6842,-79.12,-79.12
39827,180,5.3961,19.9639,-79.12,-79.12
39827,180,5.3961,19.9639,-79.12,-77.68
39836,180,7.1949,19.9639,-79.12,-79.12
39836,180,7.1949,19.9639,-79.12,-79.12
39839,180,7.1949,20.2301,-79.12,-79.12
39839,180,7.1949,20.2301,-79.12,-79.12
39847,180,6.7666,20.2301,-79.12,-79.12
39847,180,6.7666,20.2301,-79.12,-79.12
39851,180,6.7666,19.9549,-79.12,-79.12
39851,180,6.7666,19.9549,-79.12,-79.12
39858,180,-1.1135,19.9549,-79.12,-79.12
39858,180,-1.1135,19.9549,-79.12,-79.12
39863,180,-1.1135,20.0135,-79.12,-79.12
39863,180,-1.1135,20.0135,-79.12,-79.12
39869,180,4.2827,20.0135,-79.12,-79.12
39869,180,4.2827,20.0135,-79.12,-79.12
39874,180,4.2827,19.3052,-79.12,-79.12
39875,180,4.2827,19.3052,-79.12,-79.12
39880,180,-8.3084,19.3052,-79.12,-79.12
39880,180,-8.3084,19.3052,-79.12,-79.12
39886,180,-8.3084,20.0090,-79.12,-79.12
39886,180,-8.3084,20.0090,-79.12,-79.12
39891,180,-3.8544,20.0090,-79.12,-79.12
39891,180,-3.8544,20.0090,-79.12,-79.12
39898,180,-3.8544,19.6571,-79.12,-79.12
39898,180,-3.8544,19.6571,-79.12,-79.12
39902,180,-1.6274,19.6571,-79.12,-79.12
39902,180,-1.6274,19.6571,-79.12,-79.12
39910,180,-1.6274,19.2420,-79.12,-79.12
39910,180,-1.6274,19.2420,-79.12,-79.12
39913,180,-2.4839,19.2420,-79.12,-79.12
39913,180,-2.4839,19.2420,-79.12,-79.12
39922,180,-2.4839,20.0902,-79.12,-79.12
39922,180,-2.4839,20.0902,-79.12,-79.12
39924,180,-0.9422,20.0902,-79.12,-79.12
39924,180,-0.9422,20.0902,-77.68,-79.12
39934,180,-0.9422,19.4451,-79.12,-79.12
39934,180,-0.9422,19.4451,-79.12,-77.68
39935,180,-4.4540,19.4451,-79.12,-79.12
39935,180,-4.4540,19.4451,-79.12,-79.12
39945,180,-4.4540,19.8331,-79.12,-79.12
39946,180,-4.4540,19.8331,-79.12,-79.12
39946,180,-5.5675,19.8331,-79.12,-79.12
39946,180,-5.5675,19.8331,-79.12,-79.12
39957,180,-12.2484,19.8331,-79.12,-79.12
39957,180,-12.2484,19.8331,-79.12,-79.12
39957,180,-12.2484,19.3729,-79.12,-79.12
39957,180,-12.2484,19.3729,-79.12,-79.12
39968,180,-2.5696,19.3729,-79.12,-79.12
39968,180,-2.5696,19.3729,-79.12,-79.12
39969,180,-2.5696,19.3052,-79.12,-79.12
39969,180,-2.5696,19.3052,-79.12,-79.12
39979,180,-2.5696,19.3052,-77.68,-79.12
39979,180,-2.5696,19.3052,-79.12,-79.12
39981,180,-2.5696,20.3519,-79.12,-79.12
39981,180,-2.5696,20.3519,-79.12,-79.12
39990,180,-0.6852,20.3519,-79.12,-79.12
39990,180,-0.6852,20.3519,-79.12,-79.12
39993,180,-0.6852,19.9729,-79.12,-79.12
39993,180,-0.6852,19.9729,-79.12,-79.12
40001,180,2.0557,19.9729,-79.12,-79.12
40001,180,2.0557,19.9729,-79.12,-79.12
40005,180,2.0557,19.9188,-79.12,-79.12
40005,180,2.0557,19.9188,-79.12,-79.12
40012,180,1.6274,19.9188,-79.12,-79.12
40012,180,1.6274,19.9188,-79.12,-79.12
40016,180,1.6274,19.3458,-79.12,-79.12
40016,180,1.6274,19.3458,-79.12,-79.12
40023,180,-8.9079,19.3458,-79.12,-79.12
40023,180,-8.9079,19.3458,-79.12,-79.12
40028,180,-8.9079,19.5218,-79.12,-79.12
40028,180,-8.9079,19.5218,-79.12,-79.12
40034,180,-3.4261,19.5218,-79.12,-79.12
40034,180,-3.4261,19.5218,-79.12,-79.12
40040,180,-3.4261,19.6707,-79.12,-79.12
40040,180,-3.4261,19.6707,-79.12,-77.68
40045,180,10.1927,19.6707,-79.12,-79.12
40045,180,10.1927,19.6707,-79.12,-79.12
40052,180,10.1927,19.3594,-79.12,-79.12
40052,180,10.1927,19.3594,-79.12,-79.12
40055,180,4.3683,19.3594,-79.12,-79.12
40056,180,4.3683,19.3594,-79.12,-77.68
40064,180,4.3683,19.9639,-79.12,-79.12
40064,180,4.3683,19.9639,-79.12,-79.12
40066,180,0.8565,19.9639,-79.12,-79.12
40067,180,0.8565,19.9639,-79.12,-79.12
40076,180,0.8565,19.2691,-79.12,-79.12
40076,180,0.8565,19.2691,-79.12,-79.12
40077,180,-0.1713,19.2691,-77.68,-79.12
40078,180,-0.1713,19.2691,-79.12,-79.12
40087,180,-0.1713,19.6346,-77.68,-79.12
40087,180,-0.1713,19.6346,-79.12,-79.12
40088,180,7.0236,19.6346,-79.12,-79.12
40089,180,7.0236,19.6346,-79.12,-79.12
40099,180,7.0236,20.0406,-79.12,-79.12
40099,180,7.0236,20.0406,-79.12,-79.12
40099,180,-0.3426,20.0406,-79.12,-79.12
40099,180,-0.3426,20.0406,-79.12,-79.12
40110,180,3.5118,20.0406,-79.12,-79.12
40110,180,3.5118,20.0406,-79.12,-79.12
40111,180,3.5118,19.8737,-79.12,-79.12
40111,180,3.5118,19.8737,-79.12,-79.12
40121,180,-5.0535,19.8737,-79.12,-79.12
40121,180,-5.0535,19.8737,-79.12,-79.12
40123,180,-5.0535,19.9459,-79.12,-79.12
40123,180,-5.0535,19.9459,-79.12,-79.12
40132,180,-7.3662,19.9459,-79.12,-79.12
40132,180,-7.3662,19.9459,-79.12,-79.12
40135,180,-7.3662,19.4090,-79.12,-79.12
40135,180,-7.3662,19.4090,-79.12,-79.12
40143,180,-2.9979,19.4090,-79.12,-79.12
40143,180,-2.9979,19.4090,-79.12,-79.12
40146,180,-2.9979,19.9459,-79.12,-79.12
40147,180,-2.9979,19.9459,-79.12,-79.12
40154,180,-1.7987,19.9459,-79.12,-79.12
40154,180,-1.7987,19.9459,-79.12,-79.12
40158,180,-1.7987,19.5127,-79.12,-79.12
40158,180,-1.7987,19.5127,-79.12,-79.12
40165,180,-0.5996,19.5127,-79.12,-79.12
40165,180,-0.5996,19.5127,-79.12,-79.12
40170,180,-0.5996,19.4406,-79.12,-79.12
40170,180,-0.5996,19.4406,-79.12,-79.12
40176,180,-4.2827,19.4406,-79.12,-79.12
40176,180,-4.2827,19.4406,-79.12,-79.12
40182,180,-4.2827,20.4782,-79.12,-79.12
40182,180,-4.2827,20.4782,-79.12,-79.12
40187,180,-1.1135,20.4782,-79.12,-79.12
40187,180,-1.1135,20.4782,-79.12,-79.12
40194,180,-1.1135,19.8601,-79.12,-79.12
40194,180,-1.1135,19.8601,-79.12,-79.12
40198,180,-6.7666,19.8601,-79.12,-79.12
40198,180,-6.7666,19.8601,-79.12,-79.12
40206,180,-6.7666,20.4331,-79.12,-79.12
40206,180,-6.7666,20.4331,-79.12,-79.12
40209,180,2.7409,20.4331,-79.12,-79.12
40209,180,2.7409,20.4331,-79.12,-79.12
40217,180,2.7409,20.1895,-79.12,-79.12
40218,180,2.7409,20.1895,-79.12,-79.12
40220,180,0.0857,20.1895,-79.12,-79.12
40220,180,0.0857,20.1895,-79.12,-79.12
40229,180,0.0857,19.8240,-79.12,-79.12
40229,180,0.0857,19.8240,-79.12,-79.12
40231,180,1.0278,19.8240,-79.12,-79.12
40231,180,1.0278,19.8240,-79.12,-79.12
40241,180,1.0278,19.8376,-79.12,-79.12
40241,180,1.0278,19.8376,-79.12,-79.12
40242,180,-5.6531,19.8376,-79.12,-79.12
40242,180,-5.6531,19.8376,-79.12,-79.12
40253,180,-5.6531,18.9488,-79.12,-79.12
40253,180,-5.6531,18.9488,-79.12,-79.12
40253,180,-2.9979,18.9488,-79.12,-79.12
40253,180,-2.9979,18.9488,-79.12,-79.12
40264,180,1.6274,18.9488,-79.12,-79.12
40264,180,1.6274,18.9488,-79.12,-79.12
40265,180,1.6274,19.7338,-79.12,-79.12
40265,180,1.6274,19.7338,-79.12,-79.12
40275,180,-0.5996,19.7338,-77.68,-79.12
40275,180,-0.5996,19.7338,-79.12,-79.12
40277,180,-0.5996,19.8286,-79.12,-79.12
40277,180,-0.5996,19.8286,-79.12,-79.12
40286,180,9.7645,19.8286,-79.12,-79.12
40286,180,9.7645,19.8286,-79.12,-77.68
40288,180,9.7645,20.0722,-79.12,-79.12
40288,180,9.7645,20.0722,-79.12,-79.12
40297,180,6.1670,20.0722,-79.12,-79.12
40297,180,6.1670,20.0722,-79.12,-79.12
40300,180,6.1670,19.9323,-79.12,-79.12
40300,180,6.1670,19.9323,-79.12,-79.12
40308,180,6.5953,19.9323,-79.12,-79.12
40308,180,6.5953,19.9323,-79.12,-79.12
40312,180,6.5953,19.3729,-79.12,-79.12
40312,180,6.5953,19.3729,-79.12,-79.12
40319,180,2.6552,19.3729,-79.12,-79.12
40319,180,2.6552,19.3729,-79.12,-79.12
40324,180,2.6552,20.3700,-79.12,-79.12
40324,180,2.6552,20.3700,-79.12,-79.12
40330,180,3.1692,20.3700,-79.12,-79.12
40330,180,3.1692,20.3700,-79.12,-79.12
40336,180,3.1692,19.5624,-79.12,-79.12
40336,180,3.1692,19.5624,-79.12,-79.12
40341,180,-5.9957,19.5624,-79.12,-79.12
40341,180,-5.9957,19.5624,-79.12,-79.12
40348,180,-5.9957,19.8015,-79.12,-79.12
40348,180,-5.9957,19.8015,-79.12,-79.12
40352,180,4.9679,19.8015,-79.12,-79.12
40352,180,4.9679,19.8015,-79.12,-79.12
40359,180,4.9679,19.7970,-79.12,-79.12
40359,180,4.9679,19.7970,-79.12,-77.68
40363,180,10.0214,19.7970,-79.12,-79.12
40363,180,10.0214,19.7970,-79.12,-79.12
40371,180,10.0214,19.2105,-79.12,-79.12
40371,180,10.0214,19.2105,-79.12,-79.12
40374,180,4.5396,19.2105,-79.12,-79.12
40374,180,4.5396,19.2105,-79.12,-79.12
40383,180,4.5396,19.9729,-79.12,-79.12
40383,180,4.5396,19.9729,-79.12,-79.12
40385,180,3.9400,19.9729,-79.12,-79.12
40385,180,3.9400,19.9729,-79.12,-79.12
40395,180,3.9400,19.4406,-79.12,-79.12
40395,180,3.9400,19.4406,-79.12,-79.12
40396,180,-6.5953,19.4406,-79.12,-79.12
40396,180,-6.5953,19.4406,-79.12,-79.12
40407,180,3.2548,19.4406,-79.12,-79.12
40407,180,3.2548,19.6661,-79.12,-79.12
40407,180,3.2548,19.6661,-79.12,-79.12
40418,180,6.1670,19.6661,-79.12,-79.12
40418,180,6.1670,19.6661,-79.12,-79.12
40419,180,6.1670,19.7338,-79.12,-79.12
40419,180,6.1670,19.7338,-79.12,-79.12
40429,180,6.0814,19.7338,-79.12,-79.12
40429,180,6.0814,19.7338,-79.12,-79.12
40430,180,6.0814,19.9098,-79.12,-79.12
40430,180,6.0814,19.9098,-79.12,-79.12
40440,180,3.1692,19.9098,-79.12,-79.12
40440,180,3.1692,19.9098,-79.12,-79.12
40442,180,3.1692,19.8782,-79.12,-79.12
40442,180,3.1692,19.8782,-79.12,-79.12
40451,180,0.0000,19.8782,-79.12,-79.12
40451,180,0.0000,19.8782,-79.12,-79.12
40454,180,0.0000,19.3909,-79.12,-79.12
40454,180,0.0000,19.3909,-77.68,-79.12
40462,180,-9.3362,19.3909,-79.12,-79.12
40462,180,-9.3362,19.3909,-79.12,-79.12
40466,180,-9.3362,20.2346,-79.12,-79.12
40466,180,-9.3362,20.2346,-79.12,-79.12
40473,180,-0.5996,20.2346,-79.12,-79.12
40473,180,-0.5996,20.2346,-79.12,-79.12
40478,180,-0.5996,19.8240,-79.12,-79.12
40478,180,-0.5996,19.8240,-77.68,-79.12
40484,180,3.0835,19.8240,-79.12,-79.12
40484,180,3.0835,19.8240,-79.12,-79.12
40489,180,3.0835,19.6661,-79.12,-79.12
40490,180,3.0835,19.6661,-79.12,-79.12
40494,180,-0.7709,19.6661,-79.12,-79.12
40495,180,-0.7709,19.6661,-79.12,-79.12
40501,180,-0.7709,20.1218,-79.12,-79.12
40501,180,-0.7709,20.1218,-79.12,-79.12
40505,180,3.3405,20.1218,-79.12,-79.12
40506,180,3.3405,20.1218,-79.12,-79.12
40513,180,3.3405,19.4586,-79.12,-79.12
40513,180,3.3405,19.4586,-79.12,-79.12
40516,180,-2.3126,19.4586,-79.12,-79.12
40517,180,-2.3126,19.4586,-79.12,-79.12
40525,180,-2.3126,19.7158,-79.12,-79.12
40525,180,-2.3126,19.7158,-79.12,-77.68
40527,180,3.9400,19.7158,-79.12,-79.12
40528,180,3.9400,19.7158,-79.12,-79.12
40537,180,3.9400,19.2466,-79.12,-79.12
40537,180,3.9400,19.2466,-79.12,-77.68
40538,180,-0.6852,19.2466,-79.12,-79.12
40538,180,-0.6852,19.2466,-77.68,-79.12
40549,180,-0.6852,19.5624,-79.12,-79.12
40549,180,-0.6852,19.5624,-79.12,-79.12
40549,180,4.3683,19.5624,-79.12,-79.12
40549,180,4.3683,19.5624,-79.12,-79.12
40560,180,3.7687,19.5624,-79.12,-79.12
40560,180,3.7687,19.5624,-79.12,-79.12
40560,180,3.7687,19.4270,-79.12,-79.12
40561,180,3.7687,19.4270,-79.12,-79.12
40571,180,1.8844,19.4270,-79.12,-79.12
40571,180,1.8844,19.4270,-79.12,-79.12
40572,180,1.8844,18.9849,-79.12,-79.12
40572,180,1.8844,18.9849,-79.12,-79.12
40582,180,-1.8844,18.9849,-79.12,-79.12
40582,180,-1.8844,18.9849,-79.12,-79.12
40584,180,-1.8844,19.6707,-79.12,-79.12
40584,180,-1.8844,19.6707,-79.12,-79.12
40593,180,0.6852,19.6707,-79.12,-79.12
40593,180,0.6852,19.6707,-79.12,-79.12
40596,180,0.6852,19.0526,-79.12,-79.12
40596,180,0.6852,19.0526,-79.12,-79.12
40604,180,7.0236,19.0526,-79.12,-79.12
40604,180,7.0236,19.0526,-79.12,-79.12
40608,180,7.0236,19.4451,-79.12,-79.12
40608,180,7.0236,19.4451,-79.12,-79.12
40615,180,4.4540,19.4451,-79.12,-79.12
40615,180,4.4540,19.4451,-79.12,-79.12
40620,180,4.4540,19.9278,-79.12,-79.12
40620,180,4.4540,19.9278,-79.12,-79.12
40626,180,10.4497,19.9278,-79.12,-77.68
40626,180,10.4497,19.9278,-79.12,-79.12
40631,180,10.4497,19.5624,-79.12,-79.12
40631,180,10.4497,19.5624,-79.12,-79.12
40637,180,4.1113,19.5624,-79.12,-79.12
40637,180,4.1113,19.5624,-79.12,-79.12
40643,180,4.1113,19.6752,-79.12,-79.12
40643,180,4.1113,19.6752,-79.12,-79.12
40648,180,4.0257,19.6752,-79.12,-79.12
40648,180,4.0257,19.6752,-79.12,-79.12
40655,180,4.0257,18.2405,-79.12,-79.12
40655,180,4.0257,18.2405,-79.12,-79.12
40659,180,1.3704,18.2405,-79.12,-79.12
40659,180,1.3704,18.2405,-79.12,-79.12
40667,180,1.3704,18.4931,-79.12,-79.12
40667,180,1.3704,18.4931,-79.12,-79.12
40670,180,1.6274,18.4931,-79.12,-79.12
40670,180,1.6274,18.4931,-79.12,-79.12
40679,180,1.6274,18.9172,-79.12,-79.12
40679,180,1.6274,18.9172,-79.12,-79.12
40681,180,-2.5696,18.9172,-79.12,-79.12
40681,180,-2.5696,18.9172,-79.12,-79.12
40691,180,-2.5696,18.9623,-79.12,-79.12
40691,180,-2.5696,18.9623,-79.12,-79.12
40692,180,4.6253,18.9623,-79.12,-79.12
40692,180,4.6253,18.9623,-79.12,-79.12
40702,180,4.6253,19.5037,-79.12,-79.12
40702,180,4.6253,19.5037,-79.12,-79.12
40703,180,12.4197,19.5037,-79.12,-79.12
40703,180,12.4197,19.5037,-79.12,-79.12
40714,180,5.8244,19.5037,-79.12,-79.12
40714,180,5.8244,19.5037,-79.12,-79.12
40714,180,5.8244,18.5518,-79.12,-79.12
40714,180,5.8244,18.5518,-79.12,-77.68
40725,180,3.8544,18.5518,-79.12,-79.12
40725,180,3.8544,18.5518,-79.12,-79.12
40726,180,3.8544,18.9488,-79.12,-79.12
40726,180,3.8544,18.9488,-79.12,-79.12
40736,180,-0.5996,18.9488,-79.12,-79.12
40736,180,-0.5996,18.9488,-79.12,-79.12
40738,180,-0.5996,18.7864,-79.12,-79.12
40738,180,-0.5996,18.7864,-79.12,-79.12
40747,180,2.9122,18.7864,-79.12,-79.12
40747,180,2.9122,18.7864,-79.12,-79.12
40750,180,2.9122,18.7367,-79.12,-79.12
40750,180,2.9122,18.7367,-79.12,-79.12
40758,180,0.4283,18.7367,-79.12,-79.12
40758,180,0.4283,18.7367,-79.12,-79.12
40762,180,0.4283,18.6961,-79.12,-79.12
40762,180,0.4283,18.6961,-79.12,-79.12
40769,180,10.6210,18.6961,-79.12,-79.12
40769,180,10.6210,18.6961,-79.12,-79.12
40773,180,10.6210,17.6540,-79.12,-79.12
40773,180,10.6210,17.6540,-79.12,-79.12
40780,180,10.1927,17.6540,-79.12,-79.12
40780,180,10.1927,17.6540,-79.12,-79.12
40785,180,10.1927,18.5202,-79.12,-79.12
40785,180,10.1927,18.5202,-79.12,-79.12
40791,180,9.5931,18.5202,-79.12,-79.12
40791,180,9.5931,18.5202,-79.12,-79.12
40797,180,9.5931,18.3758,-79.12,-79.12
40797,180,9.5931,18.3758,-79.12,-79.12
40802,180,0.5139,18.3758,-79.12,-79.12
40802,180,0.5139,18.3758,-79.12,-79.12
40809,180,0.5139,18.5112,-79.12,-79.12
40809,180,0.5139,18.5112,-79.12,-79.12
40813,180,4.8822,18.5112,-79.12,-79.12
40813,180,4.8822,18.5112,-79.12,-79.12
40821,180,4.8822,19.1563,-77.68,-79.12
40821,180,4.8822,19.1563,-79.12,-79.12
40824,180,9.7645,19.1563,-79.12,-79.12
40824,180,9.7645,19.1563,-79.12,-79.12
40832,180,9.7645,18.0916,-79.12,-77.68
40833,180,9.7645,18.0916,-79.12,-79.12
40835,180,-0.1713,18.0916,-79.12,-77.68
40835,180,-0.1713,18.0916,-79.12,-79.12
40844,180,-0.1713,17.7397,-79.12,-79.12
40844,180,-0.1713,17.7397,-79.12,-79.12
40846,180,1.1135,17.7397,-79.12,-79.12
40846,180,1.1135,17.7397,-79.12,-79.12
40856,180,1.1135,17.3968,-79.12,-79.12
40856,180,1.1135,17.3968,-79.12,-79.12
40857,180,-1.7987,17.3968,-79.12,-79.12
40857,180,-1.7987,17.3968,-79.12,-79.12
40868,180,-2.8266,17.3968,-79.12,-79.12
40868,180,-2.8266,17.3968,-79.12,-79.12
40868,180,-2.8266,18.0104,-79.12,-79.12
40868,180,-2.8266,18.0104,-79.12,-79.12
40879,180,-4.1970,18.0104,-79.12,-79.12
40879,180,-4.1970,18.0104,-79.12,-79.12
40880,180,-4.1970,18.5518,-77.68,-79.12
40880,180,-4.1970,18.5518,-79.12,-79.12
40890,180,6.7666,18.5518,-79.12,-79.12
40890,180,6.7666,18.5518,-79.12,-79.12
40892,180,6.7666,17.7261,-79.12,-79.12
40892,180,6.7666,17.7261,-79.12,-79.12
40901,180,6.4240,17.7261,-79.12,-79.12
40901,180,6.4240,17.7261,-79.12,-79.12
40903,180,6.4240,18.0600,-79.12,-79.12
40904,180,6.4240,18.0600,-79.12,-79.12
40912,180,7.4518,18.0600,-79.12,-79.12
40912,180,7.4518,18.0600,-79.12,-79.12
40915,180,7.4518,17.1757,-79.12,-77.68
40915,180,7.4518,17.1757,-79.12,-79.12
40923,180,9.7645,17.1757,-79.12,-79.12
40923,180,9.7645,17.1757,-79.12,-79.12
40927,180,9.7645,17.5231,-79.12,-79.12
40927,180,9.7645,17.5231,-79.12,-79.12
40933,180,11.9914,17.5231,-79.12,-77.68
40934,180,11.9914,17.5231,-79.12,-79.12
40939,180,11.9914,17.4284,-79.12,-79.12
40939,180,11.9914,17.4284,-79.12,-79.12
40944,180,10.0214,17.4284,-79.12,-79.12
40945,180,10.0214,17.4284,-79.12,-77.68
40951,180,10.0214,16.6930,-79.12,-79.12
40951,180,10.0214,16.6930,-79.12,-79.12
40955,180,-0.6852,16.6930,-79.12,-79.12
40956,180,-0.6852,16.6930,-79.12,-79.12
40963,180,-0.6852,17.6901,-79.12,-79.12
40963,180,-0.6852,17.6901,-79.12,-79.12
40966,180,4.8822,17.6901,-79.12,-79.12
40966,180,4.8822,17.6901,-79.12,-79.12
40974,180,4.8822,17.0900,-79.12,-79.12
40974,180,4.8822,17.0900,-79.12,-79.12
40977,180,3.6831,17.0900,-79.12,-79.12
40977,180,3.6831,17.0900,-79.12,-79.12
40986,180,3.6831,17.1171,-79.12,-79.12
40986,180,3.6831,17.1171,-79.12,-79.12
40988,180,9.6788,17.1171,-79.12,-79.12
40988,180,9.6788,17.1171,-79.12,-79.12
40998,180,9.6788,17.4915,-79.12,-79.12
40998,180,9.6788,17.4915,-79.12,-79.12
40999,180,2.2270,17.4915,-79.12,-79.12
40999,180,2.2270,17.4915,-79.12,-79.12
41010,180,2.2270,17.3336,-79.12,-79.12
41010,180,2.2270,17.3336,-79.12,-79.12
41010,180,6.8522,17.3336,-79.12,-79.12
41010,180,6.8522,17.3336,-79.12,-79.12
41021,180,-1.3704,17.3336,-79.12,-79.12
41021,180,-1.3704,17.3336,-79.12,-79.12
41022,180,-1.3704,18.1367,-79.12,-79.12
41022,180,-1.3704,18.1367,-79.12,-79.12
41032,180,-1.3704,18.1367,-79.12,-79.12
41032,180,-1.3704,18.1367,-79.12,-79.12
41034,180,-1.3704,17.8570,-79.12,-79.12
41034,180,-1.3704,17.8570,-79.12,-79.12
41043,180,1.0278,17.8570,-79.12,-79.12
41043,180,1.0278,17.8570,-79.12,-79.12
41045,180,1.0278,18.3442,-79.12,-79.12
41045,180,1.0278,18.3442,-79.12,-79.12
41054,180,0.6852,18.3442,-79.12,-79.12
41054,180,0.6852,18.3442,-79.12,-79.12
41057,180,0.6852,18.5247,-79.12,-79.12
41057,180,0.6852,18.5247,-79.12,-79.12
41065,180,3.3405,18.5247,-79.12,-79.12
41065,180,3.3405,18.5247,-79.12,-79.12
41069,180,3.3405,18.6465,-79.12,-79.12
41069,180,3.3405,18.6465,-79.12,-79.12
41076,180,2.5696,18.6465,-79.12,-79.12
41076,180,2.5696,18.6465,-79.12,-79.12
41081,180,2.5696,18.6646,-79.12,-79.12
41081,180,2.5696,18.6646,-79.12,-79.12
41087,180,1.7131,18.6646,-79.12,-79.12
41087,180,1.7131,18.6646,-79.12,-79.12
41093,180,1.7131,17.7532,-79.12,-79.12
41093,180,1.7131,17.7532,-79.12,-79.12
41098,180,1.8844,17.7532,-79.12,-79.12
41098,180,1.8844,17.7532,-79.12,-79.12
41104,180,1.8844,18.6781,-79.12,-79.12
41105,180,1.8844,18.6781,-79.12,-79.12
41109,180,9.7645,18.6781,-79.12,-79.12
41109,180,9.7645,18.6781,-79.12,-79.12
41116,180,9.7645,18.8180,-79.12,-79.12
41116,180,9.7645,18.8180,-79.12,-79.12
41120,180,2.4839,18.8180,-79.12,-79.12
41120,180,2.4839,18.8180,-79.12,-79.12
41128,180,2.4839,18.8766,-79.12,-79.12
41128,180,2.4839,18.8766,-79.12,-79.12
41131,180,7.9657,18.8766,-79.12,-79.12
41131,180,7.9657,18.8766,-79.12,-79.12
41140,180,7.9657,19.2511,-79.12,-79.12
41140,180,7.9657,19.2511,-79.12,-79.12
41142,180,5.1392,19.2511,-79.12,-79.12
41142,180,5.1392,19.2511,-79.12,-79.12
41152,180,5.1392,18.4345,-79.12,-79.12
41152,180,5.1392,18.4345,-79.12,-79.12
41153,180,3.6831,18.4345,-79.12,-79.12
41153,180,3.6831,18.4345,-79.12,-79.12
41164,180,3.6831,18.5157,-79.12,-79.12
41164,180,3.6831,18.5157,-79.12,-79.12
41164,180,1.8844,18.5157,-79.12,-79.12
41164,180,1.8844,18.5157,-79.12,-79.12
41175,180,-3.5118,18.5157,-79.12,-79.12
41175,180,-3.5118,18.5157,-79.12,-79.12
41175,180,-3.5118,18.1412,-79.12,-79.12
41176,180,-3.5118,18.1412,-79.12,-79.12
41186,180,2.7409,18.1412,-79.12,-79.12
41186,180,2.7409,18.1412,-79.12,-79.12
41187,180,2.7409,18.6826,-79.12,-79.12
41187,180,2.7409,18.6826,-79.12,-79.12
41197,180,2.8266,18.6826,-79.12,-79.12
41197,180,2.8266,18.6826,-79.12,-79.12
41199,180,2.8266,18.7187,-79.12,-79.12
41199,180,2.8266,18.7187,-79.12,-79.12
41208,180,8.2227,18.7187,-79.12,-79.12
41208,180,8.2227,18.7187,-77.68,-79.12
41211,180,8.2227,17.8209,-79.12,-79.12
41211,180,8.2227,17.8209,-79.12,-79.12
41219,180,-2.6552,17.8209,-79.12,-79.12
41219,180,-2.6552,17.8209,-79.12,-79.12
41223,180,-2.6552,18.4706,-79.12,-79.12
41223,180,-2.6552,18.4706,-79.12,-79.12
41230,180,7.8801,18.4706,-79.12,-79.12
41230,180,7.8801,18.4706,-79.12,-79.12
41235,180,7.8801,17.6810,-79.12,-79.12
41235,180,7.8801,17.6810,-79.12,-79.12
41241,180,1.8844,17.6810,-79.12,-79.12
41241,180,1.8844,17.6810,-79.12,-79.12
41246,180,1.8844,18.0645,-79.12,-79.12
41246,180,1.8844,18.0645,-79.12,-79.12
41252,180,2.5696,18.0645,-79.12,-79.12
41252,180,2.5696,18.0645,-79.12,-79.12
41258,180,2.5696,18.3352,-79.12,-79.12
41258,180,2.5696,18.3352,-79.12,-79.12
41263,180,-1.1135,18.3352,-79.12,-79.12
41263,180,-1.1135,18.3352,-79.12,-79.12
41270,180,-1.1135,18.0465,-79.12,-79.12
41270,180,-1.1135,18.0465,-79.12,-79.12
41274,180,1.0278,18.0465,-79.12,-79.12
41274,180,1.0278,18.0465,-79.12,-79.12
41282,180,1.0278,18.7413,-79.12,-79.12
41282,180,1.0278,18.7413,-79.12,-79.12
41285,180,5.3105,18.7413,-79.12,-79.12
41285,180,5.3105,18.7413,-79.12,-79.12
41294,180,5.3105,18.6736,-79.12,-79.12
41294,180,5.3105,18.6736,-79.12,-79.12
41296,180,2.0557,18.6736,-79.12,-79.12
41296,180,2.0557,18.6736,-79.12,-79.12
41306,180,2.0557,18.8766,-79.12,-79.12
41306,180,2.0557,18.8766,-79.12,-79.12
41307,180,12.6767,18.8766,-79.12,-79.12
41307,180,12.6767,18.8766,-79.12,-79.12
41317,180,12.6767,18.1502,-79.12,-79.12
41317,180,12.6767,18.1502,-79.12,-79.12
41318,180,6.5096,18.1502,-79.12,-79.12
41318,180,6.5096,18.1502,-79.12,-79.12
41329,180,1.7987,18.1502,-79.12,-79.12
41329,180,1.7987,18.1502,-79.12,-79.12
41329,180,1.7987,18.5292,-79.12,-79.12
41329,180,1.7987,18.5292,-79.12,-79.12
41340,180,-4.3683,18.5292,-79.12,-79.12
41340,180,-4.3683,18.5292,-79.12,-79.12
41341,180,-4.3683,19.1563,-79.12,-79.12
41341,180,-4.3683,19.1563,-79.12,-79.12
41350,180,1.0278,19.1563,-79.12,-79.12
41351,180,1.0278,19.1563,-79.12,-79.12
41353,180,1.0278,18.9443,-79.12,-79.12
41353,180,1.0278,18.9443,-79.12,-79.12
41361,180,-0.8565,18.9443,-79.12,-79.12
41362,180,-0.8565,18.9443,-79.12,-79.12
41365,180,-0.8565,19.7564,-79.12,-79.12
41365,180,-0.8565,19.7564,-79.12,-79.12
41372,180,3.2548,19.7564,-79.12,-79.12
41373,180,3.2548,19.7564,-79.12,-79.12
41377,180,3.2548,19.1789,-79.12,-79.12
41377,180,3.2548,19.1789,-79.12,-79.12
41383,180,6.1670,19.1789,-79.12,-79.12
41383,180,6.1670,19.1789,-79.12,-79.12
41388,180,6.1670,19.1879,-79.12,-79.12
41388,180,6.1670,19.1879,-79.12,-79.12
41394,180,1.0278,19.1879,-79.12,-79.12
41394,180,1.0278,19.1879,-79.12,-79.12
41400,180,1.0278,18.9984,-79.12,-79.12
41400,180,1.0278,18.9984,-79.12,-79.12
41405,180,11.5632,18.9984,-79.12,-79.12
41405,180,11.5632,18.9984,-79.12,-79.12
41412,180,11.5632,18.2946,-79.12,-79.12
41412,180,11.5632,18.2946,-79.12,-79.12
41416,180,-0.5139,18.2946,-79.12,-79.12
41416,180,-0.5139,18.2946,-79.12,-79.12
41424,180,-0.5139,18.9623,-79.12,-79.12
41424,180,-0.5139,18.9623,-79.12,-79.12
41427,180,4.7966,18.9623,-79.12,-79.12
41427,180,4.7966,18.9623,-77.68,-79.12
41436,180,4.7966,18.2044,-79.12,-79.12
41436,180,4.7966,18.2044,-79.12,-79.12
41438,180,11.3919,18.2044,-79.12,-79.12
41438,180,11.3919,18.2044,-79.12,-79.12
41447,180,11.3919,18.5879,-79.12,-79.12
41448,180,11.3919,18.5879,-79.12,-79.12
41449,180,11.8201,18.5879,-79.12,-79.12
41449,180,11.8201,18.5879,-79.12,-79.12
41459,180,11.8201,18.9262,-79.12,-77.68
41459,180,11.8201,18.9262,-79.12,-79.12
41460,180,-1.9700,18.9262,-79.12,-79.12
41460,180,-1.9700,18.9262,-79.12,-79.12
41471,180,-1.9700,17.8976,-79.12,-79.12
41471,180,0.6852,17.8976,-79.12,-79.12
41471,180,0.6852,17.8976,-79.12,-79.12
41482,180,-3.3405,17.8976,-79.12,-79.12
41482,180,-3.3405,17.8976,-79.12,-79.12
41483,180,-3.3405,18.1593,-79.12,-79.12
41483,180,-3.3405,18.1593,-79.12,-79.12
41493,180,2.6552,18.1593,-79.12,-79.12
41493,180,2.6552,18.1593,-79.12,-79.12
41495,180,2.6552,17.8750,-79.12,-79.12
41495,180,2.6552,17.8750,-79.12,-79.12
41504,180,12.3340,17.8750,-79.12,-79.12
41504,180,12.3340,17.8750,-79.12,-79.12
41507,180,12.3340,18.2224,-79.12,-79.12
41507,180,12.3340,18.2224,-79.12,-79.12
41515,180,10.1071,18.2224,-79.12,-79.12
41515,180,10.1071,18.2224,-79.12,-79.12
41518,180,10.1071,18.7638,-79.12,-79.12
41519,180,10.1071,18.7638,-79.12,-79.12
41526,180,11.5632,18.7638,-79.12,-79.12
41526,180,11.5632,18.7638,-79.12,-79.12
41530,180,11.5632,18.2991,-79.12,-79.12
41530,180,11.5632,18.2991,-79.12,-79.12
41537,180,2.1413,18.2991,-79.12,-79.12
41537,180,2.1413,18.2991,-79.12,-79.12
41542,180,2.1413,18.5653,-79.12,-79.12
41542,180,2.1413,18.5653,-79.12,-79.12
41548,180,5.5675,18.5653,-79.12,-79.12
41548,180,5.5675,18.5653,-79.12,-79.12
41554,180,5.5675,17.9607,-79.12,-79.12
41554,180,5.5675,17.9607,-79.12,-79.12
41559,180,7.1949,17.9607,-79.12,-79.12
41559,180,7.1949,17.9607,-79.12,-79.12
41566,180,7.1949,18.6149,-79.12,-79.12
41566,180,7.1949,18.6149,-79.12,-79.12
41570,180,6.5953,18.6149,-79.12,-79.12
41570,180,6.5953,18.6149,-79.12,-79.12
41578,180,6.5953,18.8901,-79.12,-79.12
41578,180,6.5953,18.8901,-79.12,-79.12
41581,180,3.1692,18.8901,-79.12,-79.12
41581,180,3.1692,18.8901,-79.12,-79.12
41589,180,3.1692,18.7503,-79.12,-79.12
41589,180,3.1692,18.7503,-79.12,-79.12
41592,180,-2.9979,18.7503,-79.12,-79.12
41592,180,-2.9979,18.7503,-79.12,-79.12
41601,180,-2.9979,19.1608,-79.12,-77.68
41601,180,-2.9979,19.1608,-79.12,-79.12
41603,180,2.9122,19.1608,-79.12,-79.12
41603,180,2.9122,19.1608,-79.12,-79.12
41613,180,2.9122,18.6375,-79.12,-79.12
41613,180,2.9122,18.6375,-79.12,-79.12
41614,180,-2.3126,18.6375,-79.12,-79.12
41614,180,-2.3126,18.6375,-79.12,-79.12
41625,180,4.1970,18.6375,-79.12,-79.12
41625,180,4.1970,18.8811,-79.12,-79.12
41625,180,4.1970,18.8811,-79.12,-79.12
41636,180,7.8801,18.8811,-79.12,-79.12
41636,180,7.8801,18.8811,-79.12,-79.12
41637,180,7.8801,18.6510,-79.12,-79.12
41637,180,7.8801,18.6510,-79.12,-79.12
41647,180,7.8801,18.6510,-79.12,-79.12
41647,180,7.8801,18.6510,-79.12,-79.12
41649,180,7.8801,18.9037,-79.12,-79.12
41649,180,7.8801,18.9037,-79.12,-79.12
41658,180,4.0257,18.9037,-79.12,-79.12
41658,180,4.0257,18.9037,-79.12,-79.12
41660,180,4.0257,19.0300,-79.12,-79.12
41660,180,4.0257,19.0300,-79.12,-79.12
41669,180,5.2248,19.0300,-79.12,-79.12
41669,180,5.2248,19.0300,-79.12,-79.12
41672,180,5.2248,18.2721,-79.12,-79.12
41672,180,5.2248,18.2721,-79.12,-79.12
41680,180,3.4261,18.2721,-79.12,-79.12
41680,180,3.4261,18.2721,-79.12,-79.12
41684,180,3.4261,18.9262,-79.12,-79.12
41684,180,3.4261,18.9262,-79.12,-79.12
41691,180,12.5054,18.9262,-77.68,-79.12
41691,180,12.5054,18.9262,-79.12,-79.12
41696,180,12.5054,18.9037,-79.12,-79.12
41696,180,12.5054,18.9037,-79.12,-79.12
41702,180,9.3362,18.9037,-79.12,-79.12
41702,180,9.3362,18.9037,-79.12,-79.12
41708,180,9.3362,19.1112,-79.12,-79.12
41708,180,9.3362,19.1112,-79.12,-79.12
41713,180,3.9400,19.1112,-79.12,-79.12
41713,180,3.9400,19.1112,-79.12,-79.12
41719,180,3.9400,19.1022,-79.12,-79.12
41720,180,3.9400,19.1022,-79.12,-79.12
41724,180,-0.7709,19.1022,-79.12,-79.12
41724,180,-0.7709,19.1022,-79.12,-79.12
41731,180,-0.7709,19.1834,-79.12,-79.12
41731,180,-0.7709,19.1834,-79.12,-79.12
41735,180,0.9422,19.1834,-79.12,-79.12
41735,180,0.9422,19.1834,-79.12,-79.12
41743,180,0.9422,20.3925,-79.12,-79.12
41743,180,0.9422,20.3925,-79.12,-79.12
41746,180,8.8223,20.3925,-79.12,-79.12
41746,180,8.8223,20.3925,-79.12,-79.12
41755,180,8.8223,19.1924,-79.12,-79.12
41755,180,8.8223,19.1924,-79.12,-79.12
41757,180,-1.8844,19.1924,-79.12,-79.12
41757,180,-1.8844,19.1924,-79.12,-79.12
41767,180,-1.8844,19.2872,-79.12,-79.12
41767,180,-1.8844,19.2872,-79.12,-79.12
41767,180,-1.7987,19.2872,-79.12,-79.12
41768,180,-1.7987,19.2872,-79.12,-79.12
41778,180,-6.1670,19.2872,-79.12,-79.12
41779,180,-6.1670,19.2872,-79.12,-79.12
41779,180,-6.1670,19.8150,-79.12,-79.12
41779,180,-6.1670,19.8150,-79.12,-79.12
41789,180,4.9679,19.8150,-79.12,-79.12
41790,180,4.9679,19.8150,-79.12,-79.12
41790,180,4.9679,19.6346,-79.12,-79.12
41791,180,4.9679,19.6346,-79.12,-79.12
41800,180,2.3983,19.6346,-79.12,-79.12
41800,180,2.3983,19.6346,-79.12,-79.12
41802,180,2.3983,20.2030,-79.12,-79.12
41802,180,2.3983,20.2030,-79.12,-79.12
41811,180,-5.4818,20.2030,-79.12,-79.12
41811,180,-5.4818,20.2030,-79.12,-79.12
41814,180,-5.4818,19.4902,-79.12,-79.12
41814,180,-5.4818,19.4902,-79.12,-79.12
41822,180,3.0835,19.4902,-79.12,-77.68
41822,180,3.0835,19.4902,-79.12,-79.12
41826,180,3.0835,20.0180,-79.12,-79.12
41826,180,3.0835,20.0180,-79.12,-79.12
41833,180,1.2848,20.0180,-79.12,-79.12
41833,180,1.2848,20.0180,-79.12,-79.12
41838,180,1.2848,19.7113,-79.12,-79.12
41838,180,1.2848,19.7113,-79.12,-79.12
41844,180,3.2548,19.7113,-79.12,-79.12
41844,180,3.2548,19.7113,-79.12,-79.12
41850,180,3.2548,19.3594,-79.12,-77.68
41850,180,3.2548,19.3594,-79.12,-79.12
41855,180,-2.2270,19.3594,-79.12,-79.12
41855,180,-2.2270,19.3594,-79.12,-79.12
41861,180,-2.2270,19.9413,-79.12,-79.12
41861,180,-2.2270,19.9413,-79.12,-79.12
41866,180,-2.0557,19.9413,-79.12,-79.12
41866,180,-2.0557,19.9413,-79.12,-79.12
41873,180,-2.0557,19.2105,-77.68,-79.12
41873,180,-2.0557,19.2105,-79.12,-79.12
41877,180,-0.7709,19.2105,-79.12,-79.12
41877,180,-0.7709,19.2105,-79.12,-79.12
41885,180,-0.7709,19.7203,-79.12,-79.12
41885,180,-0.7709,19.7203,-79.12,-79.12
41888,180,3.5118,19.7203,-79.12,-79.12
41888,180,3.5118,19.7203,-79.12,-79.12
41897,180,3.5118,19.4270,-79.12,-79.12
41897,180,3.5118,19.4270,-79.12,-79.12
41899,180,-6.7666,19.4270,-79.12,-79.12
41899,180,-6.7666,19.4270,-79.12,-79.12
41909,180,-6.7666,19.5624,-79.12,-79.12
41909,180,-6.7666,19.5624,-79.12,-79.12
41910,180,2.9979,19.5624,-79.12,-79.12
41910,180,2.9979,19.5624,-79.12,-79.12
41921,180,2.9979,19.8240,-79.12,-79.12
41921,180,2.9979,19.8240,-79.12,-79.12
41921,180,2.9979,19.8240,-79.12,-79.12
41921,180,2.9979,19.8240,-79.12,-79.12
41932,180,-4.6253,19.8240,-79.12,-79.12
41932,180,-4.6253,19.8240,-79.12,-79.12
41932,180,-4.6253,19.2330,-79.12,-79.12
41932,180,-4.6253,19.2330,-79.12,-79.12
41943,180,-5.3105,19.2330,-79.12,-79.12
41943,180,-5.3105,19.2330,-79.12,-79.12
41944,180,-5.3105,19.6120,-79.12,-79.12
41944,180,-5.3105,19.6120,-79.12,-79.12
41954,180,0.2570,19.6120,-79.12,-79.12
41954,180,0.2570,19.6120,-79.12,-79.12
41956,180,0.2570,19.2240,-79.12,-79.12
41956,180,0.2570,19.2240,-79.12,-79.12
41965,180,6.8522,19.2240,-79.12,-79.12
41965,180,6.8522,19.2240,-79.12,-79.12
41968,180,6.8522,19.0932,-79.12,-79.12
41968,180,6.8522,19.0932,-79.12,-79.12
41976,180,-2.1413,19.0932,-79.12,-79.12
41976,180,-2.1413,19.0932,-79.12,-79.12
41980,180,-2.1413,19.3639,-79.12,-79.12
41980,180,-2.1413,19.3639,-79.12,-79.12
41987,180,1.4561,19.3639,-79.12,-79.12
41987,180,1.4561,19.3639,-79.12,-79.12
41992,180,1.4561,19.2240,-79.12,-79.12
41992,180,1.4561,19.2240,-79.12,-79.12
41998,180,1.0278,19.2240,-79.12,-79.12
41998,180,1.0278,19.2240,-79.12,-79.12
42003,180,1.0278,19.5669,-79.12,-79.12
42003,180,1.0278,19.5669,-79.12,-79.12
42009,180,-4.6253,19.5669,-79.12,-79.12
42009,180,-4.6253,19.5669,-79.12,-79.12
42015,180,-4.6253,18.7683,-79.12,-79.12
42015,180,-4.6253,18.7683,-79.12,-79.12
42020,180,-3.9400,18.7683,-79.12,-79.12
42020,180,-3.9400,18.7683,-79.12,-79.12
42027,180,-3.9400,19.3323,-79.12,-79.12
42027,180,-3.9400,19.3323,-79.12,-79.12
42031,180,-0.5139,19.3323,-79.12,-79.12
42031,180,-0.5139,19.3323,-79.12,-79.12
42039,180,-0.5139,19.4676,-79.12,-79.12
42039,180,-0.5139,19.4676,-79.12,-79.12
42042,180,3.8544,19.4676,-79.12,-79.12
42042,180,3.8544,19.4676,-79.12,-79.12
42051,180,3.8544,18.4074,-79.12,-79.12
42051,180,3.8544,18.4074,-79.12,-79.12
42053,180,-1.5418,18.4074,-79.12,-79.12
42053,180,-1.5418,18.4074,-79.12,-79.12
42062,180,-1.5418,19.0210,-79.12,-79.12
42063,180,-1.5418,19.0210,-79.12,-79.12
42064,180,-3.5974,19.0210,-79.12,-79.12
42064,180,-3.5974,19.0210,-79.12,-79.12
42074,180,-3.5974,18.4886,-79.12,-79.12
42074,180,-3.5974,18.4886,-79.12,-79.12
42075,180,0.1713,18.4886,-79.12,-79.12
42075,180,0.1713,18.4886,-79.12,-79.12
42086,180,11.1349,18.4886,-79.12,-79.12
42086,180,11.1349,18.4886,-79.12,-79.12
42086,180,11.1349,18.8134,-79.12,-79.12
42086,180,11.1349,18.8134,-79.12,-79.12
42097,180,7.9657,18.8134,-79.12,-79.12
42097,180,7.9657,18.8134,-79.12,-79.12
42098,180,7.9657,19.0616,-79.12,-79.12
42098,180,7.9657,19.0616,-79.12,-79.12
42108,180,13.1049,19.0616,-79.12,-79.12
42108,180,13.1049,19.0616,-79.12,-79.12
42110,180,13.1049,18.8586,-79.12,-79.12
42110,180,13.1049,18.8586,-79.12,-79.12
42119,180,-0.0857,18.8586,-79.12,-79.12
42119,180,-0.0857,18.8586,-79.12,-79.12
42122,180,-0.0857,19.7067,-79.12,-79.12
42122,180,-0.0857,19.7067,-79.12,-79.12
42130,180,5.8244,19.7067,-79.12,-79.12
42130,180,5.8244,19.7067,-79.12,-79.12
42133,180,5.8244,19.1879,-79.12,-79.12
42134,180,5.8244,19.1879,-79.12,-79.12
42141,180,2.7409,19.1879,-79.12,-79.12
42141,180,2.7409,19.1879,-79.12,-79.12
42145,180,2.7409,19.6932,-79.12,-79.12
42145,180,2.7409,19.6932,-79.12,-79.12
42152,180,-2.8266,19.6932,-79.12,-79.12
42152,180,-2.8266,19.6932,-79.12,-79.12
42157,180,-2.8266,19.8827,-79.12,-79.12
42157,180,-2.8266,19.8827,-79.12,-79.12
42163,180,-0.0857,19.8827,-79.12,-79.12
42163,180,-0.0857,19.8827,-79.12,-79.12
42169,180,-0.0857,19.4586,-79.12,-79.12
42169,180,-0.0857,19.4586,-79.12,-79.12
42174,180,-0.3426,19.4586,-79.12,-79.12
42174,180,-0.3426,19.4586,-79.12,-79.12
42181,180,-0.3426,19.9504,-79.12,-79.12
42181,180,-0.3426,19.9504,-77.68,-79.12
42185,180,4.5396,19.9504,-79.12,-79.12
42185,180,4.5396,19.9504,-79.12,-79.12
42193,180,4.5396,19.6481,-79.12,-79.12
42193,180,4.5396,19.6481,-79.12,-79.12
42195,180,-4.7109,19.6481,-79.12,-79.12
42196,180,-4.7109,19.6481,-79.12,-79.12
42204,180,-4.7109,19.8737,-79.12,-79.12
42204,180,-4.7109,19.8737,-79.12,-79.12
42206,180,-6.0814,19.8737,-79.12,-79.12
42207,180,-6.0814,19.8737,-79.12,-79.12
42216,180,-6.0814,19.5398,-79.12,-79.12
42216,180,-6.0814,19.5398,-79.12,-79.12
42217,180,-6.6809,19.5398,-79.12,-79.12
42218,180,-6.6809,19.5398,-79.12,-79.12
42228,180,-6.6809,19.8331,-79.12,-79.12
42228,180,-6.6809,19.8331,-79.12,-79.12
42228,180,3.4261,19.8331,-79.12,-79.12
42228,180,3.4261,19.8331,-79.12,-79.12
42239,180,-5.6531,19.8331,-79.12,-79.12
42239,180,-5.6531,19.8331,-79.12,-79.12
42240,180,-5.6531,19.8421,-79.12,-79.12
42240,180,-5.6531,19.8421,-79.12,-79.12
42250,180,-2.7409,19.8421,-79.12,-77.68
42250,180,-2.7409,19.8421,-79.12,-79.12
42252,180,-2.7409,19.0751,-79.12,-79.12
42252,180,-2.7409,19.0751,-79.12,-79.12
42261,180,-8.0514,19.0751,-79.12,-79.12
42261,180,-8.0514,19.0751,-79.12,-79.12
42264,180,-8.0514,19.5218,-79.12,-79.12
42264,180,-8.0514,19.5218,-79.12,-79.12
42272,180,-3.6831,19.5218,-79.12,-79.12
42272,180,-3.6831,19.5218,-79.12,-79.12
42275,180,-3.6831,18.8947,-79.12,-79.12
42275,180,-3.6831,18.8947,-79.12,-79.12
42283,180,6.5096,18.8947,-79.12,-79.12
42283,180,6.5096,18.8947,-79.12,-79.12
42287,180,6.5096,19.2601,-79.12,-79.12
42287,180,6.5096,19.2601,-79.12,-79.12
42294,180,8.4797,19.2601,-79.12,-79.12
42294,180,8.4797,19.2601,-79.12,-79.12
42299,180,8.4797,19.6526,-79.12,-79.12
42299,180,8.4797,19.6526,-79.12,-79.12
42305,180,17.3876,19.6526,-79.12,-79.12
42305,180,17.3876,19.6526,-79.12,-79.12
42311,180,17.3876,19.6436,-77.68,-79.12
42311,180,17.3876,19.6436,-79.12,-79.12
42316,180,11.9058,19.6436,-79.12,-79.12
42316,180,11.9058,19.6436,-79.12,-79.12
42323,180,11.9058,19.9504,-79.12,-79.12
42323,180,11.9058,19.9504,-79.12,-79.12
42327,180,4.5396,19.9504,-79.12,-79.12
42327,180,4.5396,19.9504,-79.12,-79.12
42335,180,4.5396,19.4090,-79.12,-79.12
42335,180,4.5396,19.4090,-79.12,-77.68
42338,180,-0.0857,19.4090,-79.12,-79.12
42338,180,-0.0857,19.4090,-79.12,-77.68
42346,180,-0.0857,19.5759,-79.12,-79.12
42346,180,-0.0857,19.5759,-79.12,-79.12
42349,180,1.3704,19.5759,-79.12,-79.12
42349,180,1.3704,19.5759,-79.12,-79.12
42358,180,1.3704,19.0390,-79.12,-79.12
42358,180,1.3704,19.0390,-79.12,-79.12
42360,180,-0.1713,19.0390,-79.12,-79.12
42360,180,-0.1713,19.0390,-79.12,-79.12
42370,180,-0.1713,18.6420,-79.12,-79.12
42370,180,-0.1713,18.6420,-79.12,-79.12
42371,180,5.7388,18.6420,-79.12,-79.12
42371,180,5.7388,18.6420,-79.12,-79.12
42382,180,5.7388,19.2827,-79.12,-79.12
42382,180,5.7388,19.2827,-79.12,-79.12
42382,180,-1.5418,19.2827,-79.12,-79.12
42382,180,-1.5418,19.2827,-79.12,-79.12
42393,180,3.0835,19.2827,-79.12,-79.12
42393,180,3.0835,19.2827,-79.12,-79.12
42394,180,3.0835,18.6691,-79.12,-79.12
42394,180,3.0835,18.6691,-79.12,-79.12
42404,180,9.1649,18.6691,-79.12,-79.12
42404,180,9.1649,18.6691,-79.12,-79.12
42405,180,9.1649,19.1654,-79.12,-79.12
42406,180,9.1649,19.1654,-79.12,-79.12
42415,180,0.4283,19.1654,-79.12,-79.12
42415,180,0.4283,19.1654,-79.12,-79.12
42417,180,0.4283,19.0300,-79.12,-79.12
42417,180,0.4283,19.0300,-79.12,-79.12
42426,180,2.6552,19.0300,-79.12,-79.12
42426,180,2.6552,19.0300,-79.12,-77.68
42429,180,2.6552,18.9533,-79.12,-79.12
42429,180,2.6552,18.9533,-79.12,-79.12
42437,180,4.3683,18.9533,-79.12,-79.12
42437,180,4.3683,18.9533,-79.12,-79.12
42441,180,4.3683,18.7322,-79.12,-77.68
42441,180,4.3683,18.7322,-79.12,-79.12
42448,180,10.8779,18.7322,-79.12,-79.12
42448,180,10.8779,18.7322,-79.12,-79.12
42453,180,10.8779,18.4074,-79.12,-79.12
42453,180,10.8779,18.4074,-79.12,-77.68
42459,180,-3.4261,18.4074,-79.12,-79.12
42459,180,-3.4261,18.4074,-79.12,-79.12
42465,180,-3.4261,19.2375,-79.12,-79.12
42465,180,-3.4261,19.2375,-79.12,-79.12
42470,180,-7.0236,19.2375,-79.12,-79.12
42470,180,-7.0236,19.2375,-79.12,-79.12
42476,180,-7.0236,19.0661,-79.12,-79.12
42477,180,-7.0236,19.0661,-77.68,-79.12
42481,180,-9.8501,19.0661,-79.12,-79.12
42481,180,-9.8501,19.0661,-79.12,-79.12
42488,180,-9.8501,19.2014,-79.12,-79.12
42488,180,-9.8501,19.2014,-79.12,-79.12
42492,180,-2.8266,19.2014,-79.12,-79.12
42492,180,-2.8266,19.2014,-79.12,-79.12
42500,180,-2.8266,19.2691,-79.12,-79.12
42500,180,-2.8266,19.2691,-79.12,-79.12
42503,180,-8.4797,19.2691,-79.12,-79.12
42503,180,-8.4797,19.2691,-79.12,-79.12
42512,180,-8.4797,18.6510,-79.12,-79.12
42512,180,-8.4797,18.6510,-79.12,-79.12
42514,180,-6.7666,18.6510,-79.12,-79.12
42514,180,-6.7666,18.6510,-79.12,-77.68
42524,180,-6.7666,19.3954,-79.12,-79.12
42524,180,-6.7666,19.3954,-79.12,-79.12
42525,180,14.1328,19.3954,-79.12,-79.12
42525,180,14.1328,19.3954,-79.12,-79.12
42536,180,14.1328,18.8856,-79.12,-79.12
42536,180,14.1328,18.8856,-79.12,-79.12
42536,180,9.8501,18.8856,-79.12,-79.12
42536,180,9.8501,18.8856,-79.12,-79.12
42547,180,1.3704,18.8856,-79.12,-79.12
42547,180,1.3704,18.8856,-79.12,-79.12
42547,180,1.3704,19.0526,-79.12,-79.12
42547,180,1.3704,19.0526,-79.12,-79.12
42558,180,-7.1092,19.0526,-79.12,-79.12
42558,180,-7.1092,19.0526,-79.12,-79.12
42559,180,-7.1092,19.6436,-79.12,-79.12
42559,180,-7.1092,19.6436,-79.12,-79.12
42569,180,0.7709,19.6436,-79.12,-79.12
42569,180,0.7709,19.6436,-79.12,-79.12
42571,180,0.7709,19.3097,-79.12,-79.12
42571,180,0.7709,19.3097,-79.12,-79.12
42580,180,1.8844,19.3097,-79.12,-79.12
42580,180,1.8844,19.3097,-79.12,-79.12
42583,180,1.8844,19.5488,-79.12,-79.12
42583,180,1.8844,19.5488,-79.12,-79.12
42591,180,9.3362,19.5488,-79.12,-79.12
42591,180,9.3362,19.5488,-79.12,-79.12
42595,180,9.3362,19.0661,-79.12,-79.12
42595,180,9.3362,19.0661,-79.12,-79.12
42602,180,3.3405,19.0661,-77.68,-79.12
42602,180,3.3405,19.0661,-79.12,-79.12
42607,180,3.3405,18.8721,-79.12,-79.12
42607,180,3.3405,18.8721,-79.12,-79.12
42613,180,3.0835,18.8721,-79.12,-79.12
42613,180,3.0835,18.8721,-79.12,-79.12
42618,180,3.0835,19.0841,-79.12,-79.12
42618,180,3.0835,19.0841,-79.12,-79.12
42623,180,0.3426,19.0841,-79.12,-79.12
42624,180,0.3426,19.0841,-79.12,-79.12
42630,180,0.3426,19.1112,-79.12,-79.12
42630,180,0.3426,19.1112,-79.12,-79.12
42634,180,-1.1135,19.1112,-79.12,-79.12
42635,180,-1.1135,19.1112,-79.12,-79.12
42642,180,-1.1135,19.8782,-79.12,-79.12
42642,180,-1.1135,19.8782,-79.12,-79.12
42645,180,3.3405,19.8782,-79.12,-79.12
42646,180,3.3405,19.8782,-79.12,-79.12
42654,180,3.3405,19.3413,-79.12,-79.12
42654,180,3.3405,19.3413,-79.12,-79.12
42656,180,-4.7966,19.3413,-79.12,-79.12
42656,180,-4.7966,19.3413,-79.12,-79.12
42666,180,-4.7966,19.8331,-79.12,-79.12
42666,180,-4.7966,19.8331,-79.12,-79.12
42667,180,1.0278,19.8331,-79.12,-79.12
42667,180,1.0278,19.8331,-79.12,-79.12
42678,180,1.0278,19.5669,-79.12,-79.12
42678,180,1.0278,19.5669,-79.12,-79.12
42678,180,5.9957,19.5669,-79.12,-79.12
42678,180,5.9957,19.5669,-79.12,-79.12
42689,180,10.6210,19.5669,-77.68,-79.12
42689,180,10.6210,19.4315,-79.12,-79.12
42689,180,10.6210,19.4315,-79.12,-79.12
42700,180,0.6852,19.4315,-79.12,-79.12
42700,180,0.6852,19.4315,-77.68,-79.12
42701,180,0.6852,19.8466,-79.12,-79.12
42701,180,0.6852,19.8466,-79.12,-79.12
42711,180,0.4283,19.8466,-79.12,-79.12
42711,180,0.4283,19.8466,-79.12,-77.68
42713,180,0.4283,19.0796,-79.12,-79.12
42713,180,0.4283,19.0796,-77.68,-79.12
42722,180,-2.3983,19.0796,-79.12,-79.12
42722,180,-2.3983,19.0796,-79.12,-79.12
42725,180,-2.3983,19.5985,-79.12,-79.12
42725,180,-2.3983,19.5985,-79.12,-79.12
42733,180,-5.7388,19.5985,-79.12,-79.12
42733,180,-5.7388,19.5985,-79.12,-79.12
42737,180,-5.7388,19.9955,-79.12,-79.12
42737,180,-5.7388,19.9955,-79.12,-79.12
42744,180,-1.3704,19.9955,-79.12,-79.12
42744,180,-1.3704,19.9955,-79.12,-79.12
42748,180,-1.3704,19.7789,-79.12,-79.12
42749,180,-1.3704,19.7789,-79.12,-79.12
42755,180,-2.4839,19.7789,-79.12,-79.12
42755,180,-2.4839,19.7789,-79.12,-79.12
42760,180,-2.4839,19.7022,-79.12,-79.12
42760,180,-2.4839,19.7022,-79.12,-79.12
42766,180,5.2248,19.7022,-79.12,-79.12
42766,180,5.2248,19.7022,-79.12,-79.12
42772,180,5.2248,19.1518,-79.12,-79.12
42772,180,5.2248,19.1518,-79.12,-79.12
42777,180,0.2570,19.1518,-79.12,-79.12
42777,180,0.2570,19.1518,-79.12,-79.12
42784,180,0.2570,19.8331,-79.12,-79.12
42784,180,0.2570,19.8331,-79.12,-79.12
42788,180,0.7709,19.8331,-79.12,-79.12
42788,180,0.7709,19.8331,-79.12,-79.12
42796,180,0.7709,19.3684,-79.12,-79.12
42796,180,0.7709,19.3684,-79.12,-79.12
42799,180,-0.4283,19.3684,-79.12,-79.12
42799,180,-0.4283,19.3684,-79.12,-79.12
42808,180,-0.4283,19.0661,-79.12,-79.12
42808,180,-0.4283,19.0661,-79.12,-79.12
42810,180,-1.1135,19.0661,-79.12,-79.12
42810,180,-1.1135,19.0661,-79.12,-79.12
42819,180,-1.1135,19.4045,-79.12,-79.12
42820,180,-1.1135,19.4045,-79.12,-79.12
42821,180,-4.4540,19.4045,-79.12,-79.12
42821,180,-4.4540,19.4045,-79.12,-79.12
42831,180,-4.4540,19.1067,-79.12,-79.12
42831,180,-4.4540,19.1067,-79.12,-79.12
42832,180,4.4540,19.1067,-79.12,-79.12
42832,180,4.4540,19.1067,-79.12,-79.12
42843,180,7.7944,19.1067,-77.68,-77.68
42843,180,7.7944,19.1067,-79.12,-79.12
42843,180,7.7944,19.5804,-79.12,-79.12
42843,180,7.7944,19.5804,-79.12,-79.12
42854,180,-1.1135,19.5804,-79.12,-79.12
42854,180,-1.1135,19.5804,-79.12,-79.12
42855,180,-1.1135,19.2511,-79.12,-79.12
42855,180,-1.1135,19.2511,-79.12,-79.12
42865,180,2.6552,19.2511,-79.12,-79.12
42865,180,2.6552,19.2511,-79.12,-79.12
42867,180,2.6552,19.5488,-79.12,-79.12
42867,180,2.6552,19.5488,-79.12,-79.12
42876,180,-2.2270,19.5488,-79.12,-79.12
42876,180,-2.2270,19.5488,-79.12,-79.12
42879,180,-2.2270,19.6391,-79.12,-79.12
42879,180,-2.2270,19.6391,-79.12,-79.12
42887,180,1.9700,19.6391,-79.12,-79.12
42887,180,1.9700,19.6391,-79.12,-79.12
42890,180,1.9700,19.6977,-79.12,-79.12
42890,180,1.9700,19.6977,-79.12,-79.12
42898,180,2.2270,19.6977,-79.12,-79.12
42898,180,2.2270,19.6977,-79.12,-79.12
42902,180,2.2270,19.5263,-79.12,-79.12
42902,180,2.2270,19.5263,-79.12,-79.12
42909,180,-4.9679,19.5263,-79.12,-79.12
42909,180,-4.9679,19.5263,-79.12,-79.12
42914,180,-4.9679,18.6916,-79.12,-79.12
42914,180,-4.9679,18.6916,-79.12,-79.12
42920,180,-12.0771,18.6916,-79.12,-79.12
42920,180,-12.0771,18.6916,-79.12,-79.12
42926,180,-12.0771,19.1699,-79.12,-79.12
42926,180,-12.0771,19.1699,-79.12,-79.12
42931,180,0.9422,19.1699,-79.12,-79.12
42931,180,0.9422,19.1699,-79.12,-79.12
42938,180,0.9422,18.9398,-79.12,-79.12
42938,180,0.9422,18.9398,-77.68,-79.12
42942,180,7.8801,18.9398,-79.12,-79.12
42942,180,7.8801,18.9398,-79.12,-79.12
42950,180,7.8801,19.0390,-79.12,-79.12
42950,180,7.8801,19.0390,-79.12,-79.12
42953,180,4.5396,19.0390,-79.12,-79.12
42953,180,4.5396,19.0390,-79.12,-79.12
42961,180,4.5396,20.2978,-79.12,-79.12
42961,180,4.5396,20.2978,-79.12,-79.12
42964,180,3.8544,20.2978,-79.12,-79.12
42964,180,3.8544,20.2978,-79.12,-79.12
42973,180,3.8544,19.7744,-79.12,-79.12
42973,180,3.8544,19.7744,-79.12,-79.12
42975,180,-2.4839,19.7744,-79.12,-79.12
42975,180,-2.4839,19.7744,-79.12,-79.12
42985,180,-2.4839,20.0406,-79.12,-79.12
42985,180,-2.4839,20.0406,-79.12,-79.12
42986,180,-0.2570,20.0406,-79.12,-79.12
42986,180,-0.2570,20.0406,-79.12,-79.12
42997,180,-7.7944,20.0406,-79.12,-79.12
42997,180,-7.7944,20.0406,-79.12,-79.12
42997,180,-7.7944,19.6481,-79.12,-79.12
42997,180,-7.7944,19.6481,-77.68,-79.12
43008,180,-1.7987,19.6481,-79.12,-79.12
43008,180,-1.7987,19.6481,-79.12,-79.12
43009,180,-1.7987,19.2420,-79.12,-79.12
43009,180,-1.7987,19.2420,-79.12,-79.12
43019,180,3.5974,19.2420,-79.12,-79.12
43019,180,3.5974,19.2420,-79.12,-79.12
43021,180,3.5974,19.7564,-79.12,-79.12
43021,180,3.5974,19.7564,-79.12,-79.12
43029,180,4.2827,19.7564,-79.12,-79.12
43030,180,4.2827,19.7564,-79.12,-79.12
43032,180,4.2827,18.8405,-79.12,-79.12
43032,180,4.2827,18.8405,-79.12,-79.12
43040,180,1.5418,18.8405,-79.12,-79.12
43041,180,1.5418,18.8405,-79.12,-79.12
43044,180,1.5418,19.5353,-79.12,-79.12
43044,180,1.5418,19.5353,-79.12,-79.12
43051,180,1.9700,19.5353,-79.12,-79.12
43052,180,1.9700,19.5353,-79.12,-79.12
43056,180,1.9700,19.1608,-79.12,-79.12
43056,180,1.9700,19.1608,-79.12,-79.12
43062,180,-0.2570,19.1608,-77.68,-79.12
43062,180,-0.2570,19.1608,-79.12,-79.12
43068,180,-0.2570,19.2375,-79.12,-79.12
43068,180,-0.2570,19.2375,-79.12,-79.12
43073,180,-0.0857,19.2375,-79.12,-79.12
43073,180,-0.0857,19.2375,-77.68,-79.12
43080,180,-0.0857,19.2827,-79.12,-79.12
43080,180,-0.0857,19.2827,-79.12,-79.12
43084,180,1.4561,19.2827,-79.12,-79.12
43084,180,1.4561,19.2827,-79.12,-79.12
43092,180,1.4561,18.4706,-79.12,-79.12
43092,180,1.4561,18.4706,-79.12,-79.12
43095,180,5.2248,18.4706,-79.12,-79.12
43095,180,5.2248,18.4706,-79.12,-79.12
43103,180,5.2248,19.3909,-79.12,-79.12
43103,180,5.2248,19.3909,-79.12,-79.12
43106,180,8.6510,19.3909,-79.12,-79.12
43106,180,8.6510,19.3909,-79.12,-79.12
43115,180,8.6510,19.2601,-79.12,-79.12
43115,180,8.6510,19.2601,-79.12,-79.12
43117,180,6.4240,19.2601,-79.12,-79.12
43117,180,6.4240,19.2601,-79.12,-79.12
43127,180,6.4240,18.8766,-79.12,-79.12
43127,180,6.4240,18.8766,-79.12,-79.12
43128,180,11.9914,18.8766,-79.12,-79.12
43128,180,11.9914,18.8766,-79.12,-79.12
43139,180,11.9914,19.3774,-79.12,-79.12
43139,180,11.9914,19.3774,-79.12,-79.12
43139,180,4.6253,19.3774,-79.12,-79.12
43139,180,4.6253,19.3774,-79.12,-79.12
43150,180,3.8544,19.3774,-79.12,-79.12
43150,180,3.8544,19.3774,-79.12,-79.12
43151,180,3.8544,19.3278,-79.12,-79.12
43151,180,3.8544,19.3278,-79.12,-79.12
43161,180,-1.5418,19.3278,-79.12,-79.12
43161,180,-1.5418,19.3278,-79.12,-79.12
43162,180,-1.5418,19.7067,-79.12,-79.12
43163,180,-1.5418,19.7067,-79.12,-79.12
43172,180,-0.8565,19.7067,-79.12,-79.12
43172,180,-0.8565,19.7067,-79.12,-79.12
43174,180,-0.8565,19.4045,-79.12,-79.12
43174,180,-0.8565,19.4045,-79.12,-79.12
43183,180,-1.7987,19.4045,-79.12,-79.12
43183,180,-1.7987,19.4045,-79.12,-79.12
43186,180,-1.7987,19.7654,-79.12,-79.12
43186,180,-1.7987,19.7654,-79.12,-79.12
43194,180,-3.3405,19.7654,-79.12,-79.12
43194,180,-3.3405,19.7654,-79.12,-79.12
43198,180,-3.3405,19.8015,-79.12,-79.12
43198,180,-3.3405,19.8015,-79.12,-79.12
43205,180,5.3961,19.8015,-79.12,-79.12
43205,180,5.3961,19.8015,-79.12,-79.12
43210,180,5.3961,19.3458,-79.12,-79.12
43210,180,5.3961,19.3458,-79.12,-79.12
43216,180,3.2548,19.3458,-79.12,-79.12
43216,180,3.2548,19.3458,-79.12,-79.12
43222,180,3.2548,19.7293,-79.12,-79.12
43222,180,3.2548,19.7293,-79.12,-77.68
43227,180,11.0493,19.7293,-79.12,-79.12
43227,180,11.0493,19.7293,-79.12,-79.12
43233,180,11.0493,19.2872,-79.12,-79.12
43234,180,11.0493,19.2872,-79.12,-79.12
43238,180,-2.4839,19.2872,-79.12,-79.12
43238,180,-2.4839,19.2872,-79.12,-79.12
43245,180,-2.4839,19.6571,-79.12,-79.12
43245,180,-2.4839,19.6571,-79.12,-79.12
43249,180,2.4839,19.6571,-79.12,-79.12
43249,180,2.4839,19.6571,-79.12,-79.12
43257,180,2.4839,18.9939,-79.12,-79.12
43257,180,2.4839,18.9939,-79.12,-79.12
43260,180,0.6852,18.9939,-79.12,-79.12
43260,180,0.6852,18.9939,-79.12,-79.12
43269,180,0.6852,19.0120,-79.12,-79.12
43269,180,0.6852,19.0120,-79.12,-79.12
43271,180,4.7109,19.0120,-79.12,-79.12
43271,180,4.7109,19.0120,-79.12,-79.12
43281,180,4.7109,19.8917,-79.12,-79.12
43281,180,4.7109,19.8917,-79.12,-79.12
43282,180,6.8522,19.8917,-79.12,-79.12
43282,180,6.8522,19.8917,-79.12,-79.12
43293,180,6.8522,19.5218,-79.12,-79.12
43293,180,6.8522,19.5218,-79.12,-79.12
43293,180,3.8544,19.5218,-79.12,-79.12
43293,180,3.8544,19.5218,-79.12,-79.12
43304,180,7.5375,19.5218,-79.12,-79.12
43304,180,7.5375,19.5218,-79.12,-79.12
43304,180,7.5375,19.7022,-79.12,-79.12
43305,180,7.5375,19.7022,-79.12,-79.12
43315,180,2.3983,19.7022,-79.12,-79.12
43315,180,2.3983,19.7022,-79.12,-79.12
43316,180,2.3983,19.5037,-79.12,-79.12
43316,180,2.3983,19.5037,-79.12,-79.12
43326,180,10.7923,19.5037,-79.12,-79.12
43326,180,10.7923,19.5037,-79.12,-79.12
43328,180,10.7923,19.5714,-79.12,-79.12
43328,180,10.7923,19.5714,-79.12,-79.12
43337,180,1.6274,19.5714,-79.12,-79.12
43337,180,1.6274,19.5714,-79.12,-79.12
43340,180,1.6274,20.0632,-79.12,-79.12
43340,180,1.6274,20.0632,-79.12,-77.68
43348,180,1.1135,20.0632,-79.12,-79.12
43348,180,1.1135,20.0632,-79.12,-79.12
43352,180,1.1135,19.0210,-79.12,-79.12
43352,180,1.1135,19.0210,-79.12,-79.12
43359,180,-6.9379,19.0210,-79.12,-79.12
43359,180,-6.9379,19.0210,-79.12,-79.12
43364,180,-6.9379,18.9127,-79.12,-79.12
43364,180,-6.9379,18.9127,-79.12,-79.12
43370,180,2.7409,18.9127,-79.12,-79.12
43370,180,2.7409,18.9127,-79.12,-79.12
43375,180,2.7409,19.1473,-79.12,-79.12
43375,180,2.7409,19.1473,-79.12,-77.68
43381,180,0.5139,19.1473,-79.12,-79.12
43381,180,0.5139,19.1473,-79.12,-79.12
43387,180,0.5139,19.7880,-79.12,-79.12
43387,180,0.5139,19.7880,-79.12,-79.12
43392,180,8.9936,19.7880,-79.12,-79.12
43392,180,8.9936,19.7880,-79.12,-79.12
43399,180,8.9936,19.9774,-79.12,-79.12
43399,180,8.9936,19.9774,-79.12,-79.12
43403,180,5.8244,19.9774,-79.12,-77.68
43403,180,5.8244,19.9774,-79.12,-79.12
43411,180,5.8244,18.7458,-79.12,-79.12
43411,180,5.8244,18.7458,-79.12,-77.68
43414,180,-0.5996,18.7458,-79.12,-79.12
43414,180,-0.5996,18.7458,-79.12,-79.12
43423,180,-0.5996,19.8466,-79.12,-79.12
43423,180,-0.5996,19.8466,-79.12,-79.12
43425,180,2.3983,19.8466,-79.12,-79.12
43425,180,2.3983,19.8466,-79.12,-79.12
43435,180,2.3983,19.5308,-79.12,-79.12
43435,180,2.3983,19.5308,-79.12,-79.12
43435,180,-0.0857,19.5308,-79.12,-79.12
43436,180,-0.0857,19.5308,-79.12,-79.12
43446,180,-0.0857,18.8676,-79.12,-79.12
43446,180,7.6231,18.8676,-79.12,-79.12
43447,180,7.6231,18.8676,-79.12,-79.12
43457,180,3.1692,18.8676,-79.12,-79.12
43458,180,3.1692,18.8676,-79.12,-79.12
43458,180,3.1692,18.8631,-79.12,-79.12
43458,180,3.1692,18.8631,-79.12,-79.12
43468,180,-4.3683,18.8631,-79.12,-79.12
43468,180,-4.3683,18.8631,-79.12,-79.12
43470,180,-4.3683,19.2691,-79.12,-79.12
43470,180,-4.3683,19.2691,-79.12,-79.12
43479,180,-4.1970,19.2691,-79.12,-79.12
43479,180,-4.1970,19.2691,-79.12,-79.12
43482,180,-4.1970,20.0361,-79.12,-79.12
43482,180,-4.1970,20.0361,-79.12,-79.12
43490,180,8.3084,20.0361,-79.12,-79.12
43490,180,8.3084,20.0361,-79.12,-79.12
43494,180,8.3084,19.4541,-79.12,-79.12
43494,180,8.3084,19.4541,-79.12,-77.68
43501,180,13.8758,19.4541,-77.68,-79.12
43501,180,13.8758,19.4541,-79.12,-79.12
43506,180,13.8758,19.5894,-79.12,-79.12
43506,180,13.8758,19.5894,-79.12,-79.12
43512,180,2.8266,19.5894,-79.12,-79.12
43512,180,2.8266,19.5894,-79.12,-79.12
43517,180,2.8266,19.4812,-79.12,-79.12
43517,180,2.8266,19.4812,-79.12,-79.12
43523,180,1.1135,19.4812,-79.12,-79.12
43523,180,1.1135,19.4812,-79.12,-79.12
43529,180,1.1135,19.2691,-79.12,-79.12
43529,180,1.1135,19.2691,-79.12,-79.12
43534,180,-2.3983,19.2691,-79.12,-79.12
43534,180,-2.3983,19.2691,-79.12,-79.12
43541,180,-2.3983,19.3458,-79.12,-79.12
43541,180,-2.3983,19.3458,-79.12,-79.12
43545,180,7.2805,19.3458,-79.12,-79.12
43545,180,7.2805,19.3458,-79.12,-77.68
43553,180,7.2805,19.0616,-79.12,-79.12
43553,180,7.2805,19.0616,-79.12,-79.12
43556,180,-2.5696,19.0616,-79.12,-79.12
43556,180,-2.5696,19.0616,-79.12,-79.12
43565,180,-2.5696,19.5894,-79.12,-79.12
43565,180,-2.5696,19.5894,-79.12,-79.12
43567,180,0.3426,19.5894,-79.12,-79.12
43567,180,0.3426,19.5894,-79.12,-79.12
43577,180,0.3426,19.2195,-79.12,-79.12
43577,180,0.3426,19.2195,-79.12,-79.12
43578,180,-2.8266,19.2195,-79.12,-79.12
43578,180,-2.8266,19.2195,-79.12,-79.12
43588,180,-2.8266,18.9217,-79.12,-79.12
43588,180,-2.8266,18.9217,-77.68,-79.12
43589,180,4.4540,18.9217,-79.12,-79.12
43589,180,4.4540,18.9217,-79.12,-79.12
43600,180,-0.1713,18.9217,-79.12,-79.12
43600,180,-0.1713,19.7067,-79.12,-79.12
43600,180,-0.1713,19.7067,-79.12,-79.12
43611,180,-1.9700,19.7067,-79.12,-79.12
43611,180,-1.9700,19.7067,-79.12,-79.12
43612,180,-1.9700,19.5218,-79.12,-79.12
43612,180,-1.9700,19.5218,-79.12,-79.12
43622,180,-1.0278,19.5218,-79.12,-79.12
43622,180,-1.0278,19.5218,-79.12,-79.12
43624,180,-1.0278,19.7113,-79.12,-79.12
43624,180,-1.0278,19.7113,-79.12,-79.12
43633,180,-4.1113,19.7113,-79.12,-79.12
43633,180,-4.1113,19.7113,-79.12,-79.12
43636,180,-4.1113,18.9398,-79.12,-79.12
43636,180,-4.1113,18.9398,-79.12,-79.12
43644,180,-2.8266,18.9398,-79.12,-79.12
43644,180,-2.8266,18.9398,-79.12,-79.12
43647,180,-2.8266,19.1518,-79.12,-77.68
43648,180,-2.8266,19.1518,-79.12,-79.12
43655,180,-2.3126,19.1518,-79.12,-79.12
43655,180,-2.3126,19.1518,-79.12,-77.68
43659,180,-2.3126,19.6481,-79.12,-79.12
43659,180,-2.3126,19.6481,-79.12,-79.12
43666,180,3.5974,19.6481,-79.12,-79.12
43666,180,3.5974,19.6481,-79.12,-79.12
43671,180,3.5974,19.1473,-79.12,-79.12
43671,180,3.5974,19.1473,-79.12,-79.12
43677,180,-3.5118,19.1473,-79.12,-79.12
43677,180,-3.5118,19.1473,-79.12,-79.12
43683,180,-3.5118,19.8376,-79.12,-79.12
43683,180,-3.5118,19.8376,-79.12,-79.12
43688,180,-0.2570,19.8376,-79.12,-79.12
43688,180,-0.2570,19.8376,-79.12,-79.12
43695,180,-0.2570,19.4000,-79.12,-79.12
43695,180,-0.2570,19.4000,-79.12,-79.12
43699,180,2.3983,19.4000,-79.12,-79.12
43699,180,2.3983,19.4000,-79.12,-79.12
43707,180,2.3983,19.6165,-79.12,-79.12
43707,180,2.3983,19.6165,-79.12,-79.12
43710,180,8.9936,19.6165,-79.12,-79.12
43710,180,8.9936,19.6165,-79.12,-79.12
43718,180,8.9936,19.5308,-79.12,-79.12
43719,180,8.9936,19.5308,-79.12,-79.12
43721,180,7.7088,19.5308,-79.12,-79.12
43721,180,7.7088,19.5308,-79.12,-79.12
43730,180,7.7088,19.0526,-79.12,-79.12
43730,180,7.7088,19.0526,-79.12,-79.12
43732,180,-2.6552,19.0526,-79.12,-79.12
43732,180,-2.6552,19.0526,-79.12,-79.12
43742,180,-2.6552,19.7338,-79.12,-79.12
43742,180,-2.6552,19.7338,-79.12,-79.12
43743,180,1.9700,19.7338,-79.12,-79.12
43743,180,1.9700,19.7338,-79.12,-79.12
43754,180,3.3405,19.7338,-79.12,-79.12
43754,180,3.3405,19.7338,-79.12,-79.12
43754,180,3.3405,18.9082,-79.12,-79.12
43754,180,3.3405,18.9082,-79.12,-79.12
43765,180,5.0535,18.9082,-79.12,-79.12
43765,180,5.0535,18.9082,-79.12,-79.12
43766,180,5.0535,19.4225,-79.12,-79.12
43766,180,5.0535,19.4225,-79.12,-79.12
43776,180,-1.2848,19.4225,-79.12,-79.12
43776,180,-1.2848,19.4225,-79.12,-79.12
43778,180,-1.2848,19.5218,-79.12,-79.12
43778,180,-1.2848,19.5218,-79.12,-79.12
43787,180,5.7388,19.5218,-79.12,-79.12
43787,180,5.7388,19.5218,-79.12,-79.12
43789,180,5.7388,19.3187,-79.12,-79.12
43790,180,5.7388,19.3187,-79.12,-79.12
43798,180,-1.5418,19.3187,-79.12,-79.12
43798,180,-1.5418,19.3187,-79.12,-79.12
43801,180,-1.5418,20.0722,-79.12,-79.12
43801,180,-1.5418,20.0722,-77.68,-79.12
43809,180,10.4497,20.0722,-79.12,-79.12
43809,180,10.4497,20.0722,-79.12,-79.12
43813,180,10.4497,19.2556,-79.12,-79.12
43813,180,10.4497,19.2556,-79.12,-79.12
43820,180,8.1370,19.2556,-79.12,-79.12
43820,180,8.1370,19.2556,-79.12,-79.12
43825,180,8.1370,19.6300,-79.12,-79.12
43825,180,8.1370,19.6300,-79.12,-79.12
43831,180,-2.3126,19.6300,-79.12,-79.12
43831,180,-2.3126,19.6300,-79.12,-79.12
43837,180,-2.3126,19.6887,-79.12,-79.12
43837,180,-2.3126,19.6887,-79.12,-79.12
43842,180,-7.0236,19.6887,-79.12,-79.12
43842,180,-7.0236,19.6887,-79.12,-79.12
43849,180,-7.0236,19.3233,-79.12,-79.12
43849,180,-7.0236,19.3233,-79.12,-79.12
43853,180,1.1135,19.3233,-79.12,-79.12
43853,180,1.1135,19.3233,-79.12,-79.12
43860,180,1.1135,19.6075,-79.12,-79.12
43860,180,1.1135,19.6075,-79.12,-79.12
43863,180,4.7966,19.6075,-79.12,-79.12
43864,180,4.7966,19.6075,-79.12,-79.12
43872,180,4.7966,19.1247,-79.12,-79.12
43872,180,4.7966,19.1247,-79.12,-79.12
43874,180,-1.8844,19.1247,-79.12,-79.12
43875,180,-1.8844,19.1247,-79.12,-79.12
43884,180,-1.8844,19.8692,-79.12,-79.12
43884,180,-1.8844,19.8692,-79.12,-79.12
43885,180,6.8522,19.8692,-79.12,-79.12
43886,180,6.8522,19.8692,-79.12,-79.12
43896,180,6.8522,19.4000,-79.12,-79.12
43896,180,6.8522,19.4000,-79.12,-79.12
43896,180,-5.6531,19.4000,-79.12,-79.12
43896,180,-5.6531,19.4000,-79.12,-79.12
43907,180,2.3126,19.4000,-79.12,-79.12
43907,180,2.3126,19.4000,-79.12,-79.12
43908,180,2.3126,19.2420,-79.12,-79.12
43908,180,2.3126,19.2420,-79.12,-79.12
43918,180,-5.3961,19.2420,-79.12,-79.12
43918,180,-5.3961,19.2420,-79.12,-79.12
43920,180,-5.3961,19.4270,-79.12,-79.12
43920,180,-5.3961,19.4270,-79.12,-79.12
43929,180,5.6531,19.4270,-79.12,-79.12
43929,180,5.6531,19.4270,-79.12,-79.12
43931,180,5.6531,18.7458,-79.12,-79.12
43931,180,5.6531,18.7458,-79.12,-79.12
43940,180,6.6809,18.7458,-79.12,-79.12
43940,180,6.6809,18.7458,-79.12,-79.12
43943,180,6.6809,19.5398,-79.12,-79.12
43943,180,6.6809,19.5398,-79.12,-79.12
43951,180,1.3704,19.5398,-79.12,-79.12
43951,180,1.3704,19.5398,-79.12,-79.12
43955,180,1.3704,19.3233,-79.12,-79.12
43955,180,1.3704,19.3233,-79.12,-79.12
43962,180,-2.2270,19.3233,-79.12,-79.12
43962,180,-2.2270,19.3233,-79.12,-79.12
43967,180,-2.2270,19.1654,-79.12,-79.12
43967,180,-2.2270,19.1654,-79.12,-79.12
43973,180,-5.8244,19.1654,-79.12,-79.12
43973,180,-5.8244,19.1654,-79.12,-79.12
43979,180,-5.8244,19.5940,-79.12,-79.12
43979,180,-5.8244,19.5940,-79.12,-79.12
43984,180,6.3383,19.5940,-79.12,-79.12
43984,180,6.3383,19.5940,-79.12,-79.12
43991,180,6.3383,19.1157,-79.12,-79.12
43991,180,6.3383,19.1157,-79.12,-79.12
43995,180,8.5653,19.1157,-79.12,-79.12
43995,180,8.5653,19.1157,-79.12,-79.12
44002,180,8.5653,19.6526,-79.12,-79.12
44002,180,8.5653,19.6526,-79.12,-79.12
44006,180,5.5675,19.6526,-79.12,-79.12
44006,180,5.5675,19.6526,-79.12,-79.12
44014,180,5.5675,19.1563,-79.12,-79.12
44014,180,5.5675,19.1563,-79.12,-79.12
44017,180,-1.4561,19.1563,-79.12,-79.12
44017,180,-1.4561,19.1563,-79.12,-79.12
44026,180,-1.4561,19.3503,-79.12,-79.12
44026,180,-1.4561,19.3503,-77.68,-79.12
44028,180,5.9101,19.3503,-79.12,-79.12
44028,180,5.9101,19.3503,-79.12,-79.12
44038,180,5.9101,19.5082,-79.12,-79.12
44038,180,5.9101,19.5082,-77.68,-79.12
44039,180,-2.3126,19.5082,-79.12,-79.12
44039,180,-2.3126,19.5082,-79.12,-79.12
44050,180,-2.3126,19.3503,-79.12,-79.12
44050,180,-2.3126,19.3503,-79.12,-79.12
44050,180,-2.5696,19.3503,-79.12,-79.12
44050,180,-2.5696,19.3503,-79.12,-79.12
44061,180,-1.7131,19.3503,-79.12,-79.12
44061,180,-1.7131,19.3503,-79.12,-79.12
44062,180,-1.7131,19.5985,-79.12,-79.12
44062,180,-1.7131,19.5985,-79.12,-79.12
44072,180,1.5418,19.5985,-79.12,-79.12
44072,180,1.5418,19.5985,-79.12,-79.12
44073,180,1.5418,19.2872,-79.12,-77.68
44073,180,1.5418,19.2872,-79.12,-79.12
44083,180,3.1692,19.2872,-79.12,-79.12
44083,180,3.1692,19.2872,-79.12,-77.68
44085,180,3.1692,19.9504,-79.12,-79.12
44085,180,3.1692,19.9504,-79.12,-79.12
44094,180,-3.4261,19.9504,-79.12,-79.12
44094,180,-3.4261,19.9504,-79.12,-79.12
44097,180,-3.4261,19.7519,-79.12,-79.12
44097,180,-3.4261,19.7519,-79.12,-79.12
44105,180,0.0857,19.7519,-79.12,-79.12
44105,180,0.0857,19.7519,-79.12,-79.12
44109,180,0.0857,19.1247,-79.12,-79.12
44109,180,0.0857,19.1247,-77.68,-79.12
44116,180,-1.6274,19.1247,-79.12,-79.12
44116,180,-1.6274,19.1247,-77.68,-79.12
44121,180,-1.6274,19.4090,-79.12,-79.12
44121,180,-1.6274,19.4090,-79.12,-79.12
44127,180,-2.3983,19.4090,-79.12,-79.12
44127,180,-2.3983,19.4090,-79.12,-79.12
44133,180,-2.3983,18.9894,-79.12,-79.12
44133,180,-2.3983,18.9894,-79.12,-79.12
44138,180,-1.4561,18.9894,-79.12,-79.12
44138,180,-1.4561,18.9894,-79.12,-77.68
44144,180,-1.4561,19.8872,-79.12,-79.12
44144,180,-1.4561,19.8872,-79.12,-79.12
44149,180,1.2848,19.8872,-79.12,-79.12
44149,180,1.2848,19.8872,-79.12,-79.12
44156,180,1.2848,19.6842,-79.12,-79.12
44156,180,1.2848,19.6842,-79.12,-79.12
44160,180,-2.6552,19.6842,-79.12,-79.12
44160,180,-2.6552,19.6842,-79.12,-79.12
44168,180,-2.6552,19.3594,-79.12,-79.12
44168,180,-2.6552,19.3594,-79.12,-79.12
44171,180,-7.1092,19.3594,-79.12,-79.12
44171,180,-7.1092,19.3594,-79.12,-79.12
44180,180,-7.1092,19.9323,-79.12,-79.12
44180,180,-7.1092,19.9323,-79.12,-79.12
44182,180,-6.7666,19.9323,-79.12,-79.12
44182,180,-6.7666,19.9323,-79.12,-79.12
44192,180,-6.7666,19.2962,-79.12,-79.12
44192,180,-6.7666,19.2962,-79.12,-79.12
44193,180,-4.4540,19.2962,-79.12,-79.12
44193,180,-4.4540,19.2962,-79.12,-79.12
44203,180,-4.4540,20.2075,-79.12,-79.12
44204,180,-4.4540,20.2075,-79.12,-79.12
44204,180,0.4283,20.2075,-79.12,-79.12
44204,180,0.4283,20.2075,-79.12,-79.12
44215,180,2.5696,20.2075,-79.12,-79.12
44215,180,2.5696,20.2075,-79.12,-79.12
44215,180,2.5696,19.4586,-79.12,-79.12
44215,180,2.5696,19.4586,-79.12,-79.12
44226,180,5.9957,19.4586,-79.12,-79.12
44226,180,5.9957,19.4586,-79.12,-79.12
44227,180,5.9957,19.4180,-79.12,-79.12
44227,180,5.9957,19.4180,-79.12,-79.12
44237,180,5.3961,19.4180,-79.12,-79.12
44237,180,5.3961,19.4180,-79.12,-79.12
44239,180,5.3961,19.6842,-79.12,-79.12
44239,180,5.3961,19.6842,-79.12,-79.12
44248,180,7.6231,19.6842,-79.12,-79.12
44248,180,7.6231,19.6842,-79.12,-79.12
44251,180,7.6231,18.3939,-79.12,-79.12
44251,180,7.6231,18.3939,-79.12,-79.12
44259,180,-4.9679,18.3939,-79.12,-79.12
44259,180,-4.9679,18.3939,-77.68,-79.12
44263,180,-4.9679,18.8676,-79.12,-79.12
44263,180,-4.9679,18.8676,-79.12,-79.12
44270,180,-3.0835,18.8676,-79.12,-79.12
44270,180,-3.0835,18.8676,-79.12,-79.12
44274,180,-3.0835,18.6510,-79.12,-79.12
44275,180,-3.0835,18.6510,-79.12,-79.12
44281,180,-5.3105,18.6510,-79.12,-79.12
44281,180,-5.3105,18.6510,-79.12,-79.12
44286,180,-5.3105,19.3864,-79.12,-79.12
44286,180,-5.3105,19.3864,-79.12,-79.12
44292,180,2.6552,19.3864,-79.12,-79.12
44292,180,2.6552,19.3864,-79.12,-79.12
44298,180,2.6552,19.6707,-79.12,-79.12
44298,180,2.6552,19.6707,-79.12,-77.68
44303,180,6.8522,19.6707,-79.12,-79.12
44303,180,6.8522,19.6707,-79.12,-79.12
44310,180,6.8522,19.0616,-79.12,-79.12
44310,180,6.8522,19.0616,-79.12,-79.12
44313,180,-10.6210,19.0616,-79.12,-79.12
44314,180,-10.6210,19.0616,-79.12,-79.12
44322,180,-10.6210,19.5940,-79.12,-79.12
44322,180,-10.6210,19.5940,-79.12,-79.12
44324,180,-2.3126,19.5940,-79.12,-79.12
44325,180,-2.3126,19.5940,-79.12,-79.12
44334,180,-2.3126,19.0435,-79.12,-79.12
44334,180,-2.3126,19.0435,-79.12,-79.12
44335,180,1.5418,19.0435,-79.12,-79.12
44336,180,1.5418,19.0435,-79.12,-79.12
44345,180,1.5418,19.5579,-79.12,-79.12
44346,180,1.5418,19.5579,-79.12,-79.12
44346,180,7.4518,19.5579,-79.12,-79.12
44346,180,7.4518,19.5579,-79.12,-79.12
44357,180,7.4518,20.0541,-79.12,-77.68
44357,180,7.4518,20.0541,-79.12,-79.12
44357,180,0.9422,20.0541,-79.12,-79.12
44357,180,0.9422,20.0541,-79.12,-79.12
44368,180,5.7388,20.0541,-79.12,-79.12
44368,180,5.7388,20.0541,-79.12,-79.12
44369,180,5.7388,19.4676,-79.12,-79.12
44369,180,5.7388,19.4676,-79.12,-79.12
44379,180,-0.4283,19.4676,-79.12,-79.12
44379,180,-0.4283,19.4676,-79.12,-79.12
44381,180,-0.4283,19.6120,-79.12,-79.12
44381,180,-0.4283,19.6120,-79.12,-79.12
44390,180,-5.5675,19.6120,-79.12,-79.12
44390,180,-5.5675,19.6120,-79.12,-79.12
44393,180,-5.5675,19.0751,-79.12,-79.12
44393,180,-5.5675,19.0751,-79.12,-79.12
44401,180,-6.3383,19.0751,-79.12,-79.12
44401,180,-6.3383,19.0751,-79.12,-79.12
44405,180,-6.3383,19.6797,-79.12,-79.12
44405,180,-6.3383,19.6797,-79.12,-79.12
44412,180,-4.4540,19.6797,-79.12,-79.12
44412,180,-4.4540,19.6797,-79.12,-79.12
44416,180,-4.4540,19.3458,-79.12,-79.12
44416,180,-4.4540,19.3458,-77.68,-79.12
44423,180,0.5139,19.3458,-79.12,-79.12
44423,180,0.5139,19.3458,-79.12,-79.12
44428,180,0.5139,18.8180,-79.12,-79.12
44428,180,0.5139,18.8180,-79.12,-79.12
44434,180,0.5139,18.8180,-79.12,-79.12
44434,180,0.5139,18.8180,-79.12,-79.12
44440,180,0.5139,18.8360,-77.68,-79.12
44440,180,0.5139,18.8360,-79.12,-79.12
44445,180,0.0000,18.8360,-79.12,-79.12
44445,180,0.0000,18.8360,-79.12,-79.12
44452,180,0.0000,18.1728,-79.12,-79.12
44452,180,0.0000,18.1728,-79.12,-79.12
44456,180,-10.1927,18.1728,-79.12,-79.12
44456,180,-10.1927,18.1728,-79.12,-79.12
44464,180,-10.1927,19.3278,-79.12,-79.12
44464,180,-10.1927,19.3278,-79.12,-79.12
44467,180,3.2548,19.3278,-79.12,-79.12
44467,180,3.2548,19.3278,-79.12,-79.12
44476,180,3.2548,19.1699,-79.12,-79.12
44476,180,3.2548,19.1699,-79.12,-79.12
44478,180,-1.2848,19.1699,-79.12,-79.12
44478,180,-1.2848,19.1699,-79.12,-79.12
44487,180,-1.2848,19.1247,-79.12,-79.12
44487,180,-1.2848,19.1247,-79.12,-79.12
44489,180,0.5996,19.1247,-79.12,-79.12
44489,180,0.5996,19.1247,-79.12,-79.12
44499,180,0.5996,19.5263,-79.12,-79.12
44499,180,0.5996,19.5263,-79.12,-79.12
44500,180,4.8822,19.5263,-79.12,-79.12
44500,180,4.8822,19.5263,-79.12,-79.12
44511,180,3.0835,19.5263,-79.12,-79.12
44511,180,3.0835,19.1428,-79.12,-79.12
44511,180,3.0835,19.1428,-79.12,-79.12
44522,180,-0.6852,19.1428,-79.12,-79.12
44522,180,-0.6852,19.1428,-79.12,-79.12
44523,180,-0.6852,19.5894,-79.12,-79.12
44523,180,-0.6852,19.5894,-79.12,-79.12
44533,180,-9.5075,19.5894,-79.12,-79.12
44533,180,-9.5075,19.5894,-79.12,-79.12
44535,180,-9.5075,18.7052,-79.12,-79.12
44535,180,-9.5075,18.7052,-79.12,-79.12
44544,180,-2.9979,18.7052,-79.12,-79.12
44544,180,-2.9979,18.7052,-79.12,-79.12
44547,180,-2.9979,19.3684,-79.12,-79.12
44547,180,-2.9979,19.3684,-79.12,-79.12
44555,180,-3.0835,19.3684,-79.12,-79.12
44555,180,-3.0835,19.3684,-79.12,-79.12
44558,180,-3.0835,19.7564,-79.12,-79.12
44558,180,-3.0835,19.7564,-79.12,-79.12
44566,180,2.3983,19.7564,-79.12,-79.12
44566,180,2.3983,19.7564,-79.12,-79.12
44570,180,2.3983,18.7187,-79.12,-79.12
44570,180,2.3983,18.7187,-79.12,-79.12
44577,180,-3.9400,18.7187,-79.12,-79.12
44577,180,-3.9400,18.7187,-79.12,-79.12
44582,180,-3.9400,19.5308,-79.12,-79.12
44582,180,-3.9400,19.5308,-79.12,-79.12
44588,180,1.5418,19.5308,-79.12,-79.12
44588,180,1.5418,19.5308,-79.12,-79.12
44594,180,1.5418,19.4406,-79.12,-79.12
44594,180,1.5418,19.4406,-79.12,-79.12
44599,180,-8.5653,19.4406,-79.12,-79.12
44599,180,-8.5653,19.4406,-79.12,-79.12
44606,180,-8.5653,19.6030,-79.12,-79.12
44606,180,-8.5653,19.6030,-79.12,-79.12
44610,180,-1.7987,19.6030,-79.12,-79.12
44610,180,-1.7987,19.6030,-79.12,-79.12
44617,180,-1.7987,19.5849,-79.12,-79.12
44618,180,-1.7987,19.5849,-79.12,-79.12
44621,180,0.6852,19.5849,-79.12,-79.12
44621,180,0.6852,19.5849,-79.12,-79.12
44629,180,0.6852,18.7097,-79.12,-79.12
44629,180,0.6852,18.7097,-79.12,-79.12
44632,180,2.0557,18.7097,-79.12,-79.12
44632,180,2.0557,18.7097,-79.12,-79.12
44641,180,2.0557,18.9984,-79.12,-79.12
44641,180,2.0557,18.9984,-79.12,-79.12
44643,180,1.8844,18.9984,-79.12,-79.12
44643,180,1.8844,18.9984,-79.12,-79.12
44653,180,1.8844,18.7503,-79.12,-79.12
44653,180,1.8844,18.7503,-79.12,-79.12
44654,180,-4.1113,18.7503,-79.12,-79.12
44654,180,-4.1113,18.7503,-79.12,-79.12
44665,180,2.9122,18.7503,-79.12,-79.12
44665,180,2.9122,18.7503,-79.12,-79.12
44665,180,2.9122,19.1383,-79.12,-79.12
44665,180,2.9122,19.1383,-79.12,-79.12
44676,180,-3.7687,19.1383,-79.12,-79.12
44676,180,-3.7687,19.1383,-79.12,-77.68
44677,180,-3.7687,19.2375,-79.12,-79.12
44677,180,-3.7687,19.2375,-79.12,-79.12
44687,180,-4.1970,19.2375,-79.12,-79.12
44687,180,-4.1970,19.2375,-79.12,-79.12
44688,180,-4.1970,18.9443,-79.12,-79.12
44689,180,-4.1970,18.9443,-79.12,-79.12
44698,180,-0.6852,18.9443,-79.12,-79.12
44698,180,-0.6852,18.9443,-79.12,-77.68
44700,180,-0.6852,19.8105,-79.12,-79.12
44700,180,-0.6852,19.8105,-79.12,-79.12
44709,180,4.6253,19.8105,-79.12,-79.12
44709,180,4.6253,19.8105,-79.12,-79.12
44712,180,4.6253,18.9037,-79.12,-79.12
44712,180,4.6253,18.9037,-79.12,-79.12
44720,180,-1.7131,18.9037,-79.12,-79.12
44720,180,-1.7131,18.9037,-79.12,-79.12
44724,180,-1.7131,19.3413,-79.12,-79.12
44724,180,-1.7131,19.3413,-79.12,-79.12
44731,180,1.3704,19.3413,-79.12,-79.12
44731,180,1.3704,19.3413,-79.12,-79.12
44736,180,1.3704,19.3052,-79.12,-79.12
44736,180,1.3704,19.3052,-79.12,-79.12
44741,180,0.5996,19.3052,-79.12,-79.12
44742,180,0.5996,19.3052,-79.12,-79.12
44748,180,0.5996,19.1608,-79.12,-79.12
44748,180,0.5996,19.1608,-79.12,-79.12
44752,180,2.2270,19.1608,-79.12,-79.12
44753,180,2.2270,19.1608,-79.12,-79.12
44759,180,2.2270,19.5714,-79.12,-79.12
44760,180,2.2270,19.5714,-79.12,-79.12
44763,180,14.2184,19.5714,-79.12,-79.12
44764,180,14.2184,19.5714,-79.12,-79.12
44771,180,14.2184,18.9939,-79.12,-79.12
44771,180,14.2184,18.9939,-79.12,-79.12
44774,180,5.7388,18.9939,-79.12,-77.68
44774,180,5.7388,18.9939,-79.12,-79.12
44783,180,5.7388,19.2962,-79.12,-79.12
44783,180,5.7388,19.2962,-79.12,-79.12
44785,180,6.9379,19.2962,-79.12,-79.12
44785,180,6.9379,19.2962,-79.12,-79.12
44795,180,6.9379,18.9217,-79.12,-79.12
44795,180,6.9379,18.9217,-79.12,-79.12
44796,180,3.6831,18.9217,-79.12,-79.12
44796,180,3.6831,18.9217,-79.12,-79.12
44807,180,3.6831,18.9262,-79.12,-79.12
44807,180,3.6831,18.9262,-79.12,-79.12
44807,180,6.1670,18.9262,-79.12,-79.12
44807,180,6.1670,18.9262,-79.12,-79.12
44818,180,1.0278,18.9262,-79.12,-79.12
44818,180,1.0278,18.9262,-79.12,-79.12
44819,180,1.0278,18.8811,-79.12,-79.12
44819,180,1.0278,18.8811,-77.68,-79.12
44829,180,4.1970,18.8811,-79.12,-79.12
44829,180,4.1970,18.8811,-77.68,-79.12
44830,180,4.1970,18.5879,-79.12,-79.12
44830,180,4.1970,18.5879,-79.12,-79.12
44840,180,5.8244,18.5879,-79.12,-79.12
44840,180,5.8244,18.5879,-77.68,-77.68
44842,180,5.8244,19.3819,-79.12,-79.12
44842,180,5.8244,19.3819,-79.12,-79.12
44851,180,5.3105,19.3819,-79.12,-79.12
44851,180,5.3105,19.3819,-77.68,-79.12
44854,180,5.3105,18.8947,-79.12,-79.12
44854,180,5.3105,18.8947,-79.12,-79.12
44862,180,6.2527,18.8947,-79.12,-77.68
44862,180,6.2527,18.8947,-79.12,-77.68
44866,180,6.2527,19.0480,-79.12,-79.12
44866,180,6.2527,19.0480,-79.12,-79.12
44873,180,5.3961,19.0480,-79.12,-79.12
44873,180,5.3961,19.0480,-79.12,-79.12
44878,180,5.3961,19.0571,-79.12,-79.12
44878,180,5.3961,19.0571,-79.12,-79.12
44884,180,2.2270,19.0571,-79.12,-79.12
44884,180,2.2270,19.0571,-79.12,-79.12
44890,180,2.2270,18.7999,-79.12,-79.12
44890,180,2.2270,18.7999,-79.12,-79.12
44895,180,-5.4818,18.7999,-79.12,-79.12
44895,180,-5.4818,18.7999,-79.12,-79.12
44901,180,-5.4818,19.1789,-79.12,-79.12
44901,180,-5.4818,19.1789,-79.12,-79.12
44906,180,4.0257,19.1789,-79.12,-79.12
44906,180,4.0257,19.1789,-79.12,-79.12
44913,180,4.0257,18.5382,-79.12,-79.12
44913,180,4.0257,18.5382,-79.12,-79.12
44917,180,1.7987,18.5382,-79.12,-79.12
44917,180,1.7987,18.5382,-79.12,-79.12
44925,180,1.7987,18.8315,-79.12,-77.68
44925,180,1.7987,18.8315,-79.12,-79.12
44928,180,6.5953,18.8315,-79.12,-79.12
44928,180,6.5953,18.8315,-79.12,-79.12
44937,180,6.5953,19.0029,-79.12,-79.12
44937,180,6.5953,19.0029,-79.12,-79.12
44939,180,1.1135,19.0029,-79.12,-79.12
44939,180,1.1135,19.0029,-79.12,-79.12
44949,180,1.1135,18.9172,-79.12,-79.12
44949,180,1.1135,18.9172,-79.12,-79.12
44950,180,2.3126,18.9172,-79.12,-79.12
44950,180,2.3126,18.9172,-79.12,-79.12
44961,180,2.3126,19.3323,-79.12,-79.12
44961,180,2.3126,19.3323,-79.12,-79.12
44961,180,-0.7709,19.3323,-79.12,-79.12
44961,180,-0.7709,19.3323,-79.12,-79.12
44972,180,1.1135,19.3323,-79.12,-79.12
44972,180,1.1135,19.3323,-79.12,-79.12
44972,180,1.1135,19.0661,-79.12,-79.12
44972,180,1.1135,19.0661,-79.12,-79.12
44983,180,3.6831,19.0661,-79.12,-79.12
44983,180,3.6831,19.0661,-79.12,-79.12
44984,180,3.6831,19.6707,-79.12,-79.12
44984,180,3.6831,19.6707,-79.12,-79.12
44994,180,2.8266,19.6707,-79.12,-79.12
44994,180,2.8266,19.6707,-79.12,-79.12
44996,180,2.8266,19.0616,-79.12,-79.12
44996,180,2.8266,19.0616,-79.12,-77.68
45005,180,2.3983,19.0616,-79.12,-79.12
45005,180,2.3983,19.0616,-79.12,-79.12
45008,180,2.3983,19.3323,-79.12,-79.12
45008,180,2.3983,19.3323,-79.12,-79.12
45016,180,-6.4240,19.3323,-79.12,-79.12
45016,180,-6.4240,19.3323,-79.12,-79.12
45020,180,-6.4240,19.9143,-79.12,-79.12
45020,180,-6.4240,19.9143,-79.12,-79.12
45027,180,12.2484,19.9143,-79.12,-79.12
45027,180,12.2484,19.9143,-79.12,-79.12
45032,180,12.2484,19.4902,-79.12,-79.12
45032,180,12.2484,19.4902,-79.12,-79.12
45038,180,3.5118,19.4902,-79.12,-79.12
45038,180,3.5118,19.4902,-77.68,-79.12
45043,180,3.5118,19.9143,-79.12,-79.12
45043,180,3.5118,19.9143,-79.12,-79.12
45049,180,6.1670,19.9143,-79.12,-79.12
45049,180,6.1670,19.9143,-79.12,-79.12
45055,180,6.1670,19.1924,-79.12,-79.12
45055,180,6.1670,19.1924,-79.12,-79.12
45060,180,3.1692,19.1924,-79.12,-79.12
45060,180,3.1692,19.1924,-79.12,-79.12
45067,180,3.1692,19.0616,-79.12,-79.12
45067,180,3.1692,19.0616,-79.12,-79.12
45071,180,4.2827,19.0616,-79.12,-79.12
45071,180,4.2827,19.0616,-79.12,-79.12
45079,180,4.2827,19.3729,-79.12,-79.12
45079,180,4.2827,19.3729,-79.12,-79.12
45082,180,8.5653,19.3729,-79.12,-79.12
45082,180,8.5653,19.3729,-79.12,-79.12
45091,180,8.5653,19.2466,-79.12,-79.12
45091,180,8.5653,19.2466,-77.68,-79.12
45093,180,1.0278,19.2466,-79.12,-79.12
45093,180,1.0278,19.2466,-79.12,-79.12
45102,180,1.0278,19.9098,-79.12,-79.12
45103,180,1.0278,19.9098,-79.12,-79.12
45104,180,3.8544,19.9098,-79.12,-79.12
45104,180,3.8544,19.9098,-79.12,-79.12
45114,180,3.8544,18.9488,-79.12,-79.12
45114,180,3.8544,18.9488,-79.12,-79.12
45115,180,-0.2570,18.9488,-79.12,-79.12
45115,180,-0.2570,18.9488,-79.12,-79.12
45126,180,4.2827,18.9488,-79.12,-79.12
45126,180,4.2827,18.9488,-79.12,-79.12
45126,180,4.2827,18.9037,-79.12,-79.12
45126,180,4.2827,18.9037,-79.12,-79.12
45137,180,5.2248,18.9037,-79.12,-79.12
45137,180,5.2248,18.9037,-79.12,-79.12
45138,180,5.2248,19.7925,-79.12,-79.12
45138,180,5.2248,19.7925,-79.12,-79.12
45148,180,11.9914,19.7925,-79.12,-79.12
45148,180,11.9914,19.7925,-79.12,-79.12
45150,180,11.9914,18.9578,-77.68,-77.68
45150,180,11.9914,18.9578,-79.12,-79.12
45159,180,10.4497,18.9578,-79.12,-79.12
45159,180,10.4497,18.9578,-79.12,-79.12
45162,180,10.4497,19.7609,-79.12,-79.12
45162,180,10.4497,19.7609,-79.12,-79.12
45170,180,6.2527,19.7609,-79.12,-79.12
45170,180,6.2527,19.7609,-79.12,-79.12
45173,180,6.2527,18.9804,-79.12,-79.12
45174,180,6.2527,18.9804,-79.12,-79.12
45180,180,2.5696,18.9804,-79.12,-79.12
45181,180,2.5696,18.9804,-79.12,-79.12
45185,180,2.5696,18.9759,-79.12,-79.12
45185,180,2.5696,18.9759,-79.12,-79.12
45191,180,6.8522,18.9759,-79.12,-79.12
45192,180,6.8522,18.9759,-79.12,-79.12
45197,180,6.8522,19.0661,-79.12,-79.12
45197,180,6.8522,19.0661,-79.12,-79.12
45202,180,13.4475,19.0661,-79.12,-79.12
45203,180,13.4475,19.0661,-79.12,-79.12
45209,180,13.4475,19.0977,-79.12,-79.12
45209,180,13.4475,19.0977,-79.12,-79.12
45213,180,4.0257,19.0977,-79.12,-79.12
45213,180,4.0257,19.0977,-79.12,-79.12
45221,180,4.0257,19.4947,-79.12,-79.12
45221,180,4.0257,19.4947,-79.12,-79.12
45224,180,-4.2827,19.4947,-79.12,-79.12
45224,180,-4.2827,19.4947,-79.12,-79.12
45233,180,-4.2827,18.7277,-79.12,-79.12
45233,180,-4.2827,18.7277,-79.12,-79.12
45235,180,-5.4818,18.7277,-79.12,-79.12
45235,180,-5.4818,18.7277,-79.12,-79.12
45244,180,-5.4818,19.2330,-79.12,-79.12
45244,180,-5.4818,19.2330,-79.12,-79.12
45246,180,-5.9957,19.2330,-79.12,-79.12
45246,180,-5.9957,19.2330,-79.12,-79.12
45256,180,-5.9957,19.1744,-79.12,-79.12
45256,180,-5.9957,19.1744,-79.12,-79.12
45257,180,-4.8822,19.1744,-79.12,-79.12
45257,180,-4.8822,19.1744,-79.12,-79.12
45268,180,-4.8822,18.8225,-79.12,-79.12
45268,180,-4.8822,18.8225,-79.12,-79.12
45268,180,2.2270,18.8225,-79.12,-79.12
45268,180,2.2270,18.8225,-79.12,-79.12
45279,180,4.4540,18.8225,-79.12,-79.12
45279,180,4.4540,18.8225,-79.12,-79.12
45280,180,4.4540,19.2827,-79.12,-79.12
45280,180,4.4540,19.2827,-79.12,-79.12
45290,180,10.9636,19.2827,-79.12,-79.12
45290,180,10.9636,19.2827,-79.12,-79.12
45292,180,10.9636,18.6871,-79.12,-79.12
45292,180,10.9636,18.6871,-79.12,-79.12
45301,180,8.7366,18.6871,-79.12,-79.12
45301,180,8.7366,18.6871,-79.12,-79.12
45304,180,8.7366,18.6781,-79.12,-79.12
45304,180,8.7366,18.6781,-79.12,-77.68
45312,180,0.0857,18.6781,-77.68,-79.12
45312,180,0.0857,18.6781,-79.12,-79.12
45315,180,0.0857,18.4751,-79.12,-79.12
45323,180,-1.3704,18.4751,-79.12,-79.12
45323,180,-1.3704,18.4751,-79.12,-79.12
45327,180,-1.3704,18.6014,-79.12,-79.12
45327,180,-1.3704,18.6014,-79.12,-79.12
45334,180,-1.3704,18.6014,-79.12,-79.12
45334,180,-1.3704,18.6014,-79.12,-79.12
45339,180,-1.3704,19.5443,-79.12,-79.12
45339,180,-1.3704,19.5443,-79.12,-79.12
45345,180,-4.5396,19.5443,-79.12,-79.12
45345,180,-4.5396,19.5443,-79.12,-79.12
45351,180,-4.5396,19.3142,-79.12,-79.12
45351,180,-4.5396,19.3142,-79.12,-79.12
45356,180,-11.9914,19.3142,-79.12,-79.12
45356,180,-11.9914,19.3142,-79.12,-79.12
45363,180,-11.9914,19.0255,-79.12,-79.12
45363,180,-11.9914,19.0255,-79.12,-79.12
45367,180,-9.1649,19.0255,-79.12,-79.12
45367,180,-9.1649,19.0255,-79.12,-79.12
45375,180,-9.1649,18.3623,-79.12,-79.12
45375,180,-9.1649,18.3623,-79.12,-79.12
45378,180,3.6831,18.3623,-79.12,-79.12
45378,180,3.6831,18.3623,-79.12,-79.12
45386,180,3.6831,18.9082,-79.12,-79.12
45386,180,3.6831,18.9082,-79.12,-79.12
45389,180,1.1135,18.9082,-79.12,-79.12
45389,180,1.1135,18.9082,-79.12,-79.12
45398,180,1.1135,19.1969,-79.12,-79.12
45398,180,1.1135,19.1969,-79.12,-79.12
45400,180,2.9122,19.1969,-79.12,-79.12
45400,180,2.9122,19.1969,-79.12,-79.12
45410,180,2.9122,18.4254,-79.12,-79.12
45410,180,2.9122,18.4254,-79.12,-79.12
45411,180,9.7645,18.4254,-79.12,-79.12
45411,180,9.7645,18.4254,-79.12,-79.12
45422,180,9.7645,19.2917,-79.12,-79.12
45422,180,12.2484,19.2917,-79.12,-79.12
45422,180,12.2484,19.2917,-79.12,-79.12
45433,180,9.5075,19.2917,-79.12,-79.12
45433,180,9.5075,19.2917,-79.12,-79.12
45434,180,9.5075,19.2556,-79.12,-79.12
45434,180,9.5075,19.2556,-79.12,-79.12
45444,180,7.0236,19.2556,-79.12,-79.12
45444,180,7.0236,19.2556,-79.12,-77.68
45446,180,7.0236,19.0841,-79.12,-79.12
45446,180,7.0236,19.0841,-79.12,-79.12
45455,180,-4.4540,19.0841,-79.12,-79.12
45455,180,-4.4540,19.0841,-79.12,-79.12
45457,180,-4.4540,18.9353,-79.12,-79.12
45457,180,-4.4540,18.9353,-79.12,-79.12
45466,180,0.8565,18.9353,-79.12,-79.12
45466,180,0.8565,18.9353,-79.12,-79.12
45469,180,0.8565,18.7097,-79.12,-79.12
45469,180,0.8565,18.7097,-79.12,-79.12
45477,180,-7.1949,18.7097,-79.12,-79.12
45477,180,-7.1949,18.7097,-79.12,-79.12
45481,180,-7.1949,19.3007,-79.12,-79.12
45481,180,-7.1949,19.3007,-79.12,-77.68
45488,180,-5.9101,19.3007,-79.12,-79.12
45488,180,-5.9101,19.3007,-79.12,-77.68
45493,180,-5.9101,18.8631,-79.12,-79.12
45493,180,-5.9101,18.8631,-79.12,-79.12
45499,180,-4.7109,18.8631,-79.12,-77.68
45499,180,-4.7109,18.8631,-79.12,-79.12
45505,180,-4.7109,19.0661,-79.12,-79.12
45505,180,-4.7109,19.0661,-79.12,-79.12
45510,180,0.7709,19.0661,-77.68,-79.12
45510,180,0.7709,19.0661,-79.12,-79.12
45517,180,0.7709,18.8631,-79.12,-79.12
45517,180,0.7709,18.8631,-79.12,-79.12
45521,180,-1.5418,18.8631,-79.12,-79.12
45521,180,-1.5418,18.8631,-79.12,-77.68
45528,180,-1.5418,18.7232,-79.12,-79.12
45528,180,-1.5418,18.7232,-79.12,-79.12
45532,180,-13.4475,18.7232,-79.12,-79.12
45532,180,-13.4475,18.7232,-79.12,-79.12
45540,180,-13.4475,19.0932,-79.12,-79.12
45540,180,-13.4475,19.0932,-79.12,-79.12
45543,180,-3.4261,19.0932,-79.12,-79.12
45543,180,-3.4261,19.0932,-79.12,-79.12
45552,180,-3.4261,18.3713,-79.12,-79.12
45552,180,-3.4261,18.3713,-79.12,-79.12
45554,180,-3.1692,18.3713,-79.12,-79.12
45554,180,-3.1692,18.3713,-79.12,-79.12
45564,180,-3.1692,18.6961,-79.12,-79.12
45564,180,-3.1692,18.6961,-79.12,-79.12
45565,180,1.8844,18.6961,-79.12,-79.12
45565,180,1.8844,18.6961,-79.12,-79.12
45576,180,-1.0278,18.6961,-79.12,-79.12
45576,180,-1.0278,18.9307,-79.12,-79.12
45576,180,-1.0278,18.9307,-79.12,-79.12
45587,180,-2.5696,18.9307,-79.12,-79.12
45587,180,-2.5696,18.9307,-79.12,-79.12
45587,180,-2.5696,18.9398,-79.12,-79.12
45588,180,-2.5696,18.9398,-79.12,-77.68
45598,180,-7.1949,18.9398,-79.12,-79.12
45598,180,-7.1949,18.9398,-79.12,-79.12
45599,180,-7.1949,19.3368,-79.12,-79.12
45599,180,-7.1949,19.3368,-79.12,-79.12
45609,180,1.6274,19.3368,-79.12,-79.12
45609,180,1.6274,19.3368,-79.12,-79.12
45611,180,1.6274,18.8044,-79.12,-79.12
45611,180,1.6274,18.8044,-79.12,-79.12
45619,180,4.1113,18.8044,-79.12,-79.12
45620,180,4.1113,18.8044,-79.12,-79.12
45623,180,4.1113,19.1247,-79.12,-79.12
45623,180,4.1113,19.1247,-79.12,-79.12
45630,180,-0.8565,19.1247,-79.12,-79.12
45631,180,-0.8565,19.1247,-79.12,-79.12
45635,180,-0.8565,18.1638,-79.12,-79.12
45635,180,-0.8565,18.1638,-79.12,-79.12
45641,180,2.9979,18.1638,-79.12,-79.12
45642,180,2.9979,18.1638,-79.12,-79.12
45647,180,2.9979,18.4209,-79.12,-79.12
45647,180,2.9979,18.4209,-79.12,-79.12
45652,180,-3.3405,18.4209,-79.12,-79.12
45653,180,-3.3405,18.4209,-79.12,-79.12
45658,180,-3.3405,19.1247,-79.12,-79.12
45659,180,-3.3405,19.1247,-79.12,-79.12
45663,180,5.9101,19.1247,-79.12,-79.12
45663,180,5.9101,19.1247,-79.12,-79.12
45670,180,5.9101,18.8947,-79.12,-79.12
45670,180,5.9101,18.8947,-79.12,-79.12
45674,180,-3.2548,18.8947,-77.68,-79.12
45674,180,-3.2548,18.8947,-79.12,-79.12
45682,180,-3.2548,19.2691,-79.12,-79.12
45682,180,-3.2548,19.2691,-79.12,-79.12
45685,180,-3.2548,19.2691,-79.12,-79.12
45685,180,-3.2548,19.2691,-79.12,-79.12
45694,180,-3.2548,18.6961,-79.12,-79.12
45694,180,-3.2548,18.6961,-79.12,-79.12
45696,180,-4.4540,18.6961,-79.12,-79.12
45696,180,-4.4540,18.6961,-79.12,-79.12
45706,180,-4.4540,18.8540,-79.12,-79.12
45706,180,-4.4540,18.8540,-79.12,-79.12
45707,180,-1.5418,18.8540,-79.12,-79.12
45707,180,-1.5418,18.8540,-79.12,-79.12
45718,180,-1.5418,18.7819,-79.12,-79.12
45718,180,-1.5418,18.7819,-79.12,-79.12
45718,180,-3.5974,18.7819,-79.12,-77.68
45718,180,-3.5974,18.7819,-79.12,-79.12
45729,180,3.6831,18.7819,-79.12,-79.12
45729,180,3.6831,18.7819,-79.12,-79.12
45729,180,3.6831,18.6104,-79.12,-79.12
45729,180,3.6831,18.6104,-79.12,-79.12
45740,180,2.2270,18.6104,-79.12,-79.12
45740,180,2.2270,18.6104,-77.68,-79.12
45741,180,2.2270,19.0571,-79.12,-79.12
45741,180,2.2270,19.0571,-79.12,-79.12
45751,180,2.5696,19.0571,-79.12,-79.12
45751,180,2.5696,19.0571,-79.12,-79.12
45753,180,2.5696,18.4029,-79.12,-79.12
45753,180,2.5696,18.4029,-79.12,-79.12
45762,180,11.3062,18.4029,-79.12,-77.68
45762,180,11.3062,18.4029,-79.12,-79.12
45765,180,11.3062,18.7774,-79.12,-79.12
45765,180,11.3062,18.7774,-79.12,-79.12
45773,180,4.7966,18.7774,-79.12,-79.12
45773,180,4.7966,18.7774,-79.12,-79.12
45777,180,4.7966,18.7187,-79.12,-79.12
45777,180,4.7966,18.7187,-79.12,-79.12
45784,180,-0.3426,18.7187,-79.12,-79.12
45784,180,-0.3426,18.7187,-79.12,-79.12
45789,180,-0.3426,18.5427,-79.12,-79.12
45789,180,-0.3426,18.5427,-79.12,-79.12
45795,180,1.1991,18.5427,-79.12,-79.12
45795,180,1.1991,18.5427,-79.12,-79.12
45800,180,1.1991,19.1112,-79.12,-79.12
45800,180,1.1991,19.1112,-79.12,-79.12
45806,180,6.6809,19.1112,-79.12,-79.12
45806,180,6.6809,19.1112,-79.12,-79.12
45812,180,6.6809,18.8811,-79.12,-79.12
45812,180,6.6809,18.8811,-79.12,-79.12
45817,180,-2.3126,18.8811,-79.12,-79.12
45817,180,-2.3126,18.8811,-79.12,-79.12
45824,180,-2.3126,19.2060,-79.12,-79.12
45824,180,-2.3126,19.2060,-79.12,-79.12
45828,180,-8.4797,19.2060,-79.12,-79.12
45828,180,-8.4797,19.2060,-79.12,-79.12
45836,180,-8.4797,18.7413,-79.12,-79.12
45836,180,-8.4797,18.7413,-79.12,-77.68
45839,180,-11.7345,18.7413,-79.12,-79.12
45839,180,-11.7345,18.7413,-79.12,-79.12
45848,180,-11.7345,18.7593,-79.12,-79.12
45848,180,-11.7345,18.7593,-79.12,-79.12
45850,180,-1.3704,18.7593,-79.12,-79.12
45850,180,-1.3704,18.7593,-79.12,-77.68
45860,180,-1.3704,19.3323,-79.12,-77.68
45860,180,-1.3704,19.3323,-79.12,-79.12
45861,180,-2.9122,19.3323,-79.12,-79.12
45861,180,-2.9122,19.3323,-79.12,-79.12
45871,180,-2.9122,18.6375,-79.12,-79.12
45871,180,-2.9122,18.6375,-79.12,-79.12
45872,180,3.0835,18.6375,-79.12,-79.12
45872,180,3.0835,18.6375,-79.12,-79.12
45883,180,13.2762,18.6375,-79.12,-79.12
45883,180,13.2762,18.6375,-79.12,-79.12
45883,180,13.2762,18.8856,-79.12,-79.12
45883,180,13.2762,18.8856,-79.12,-79.12
45894,180,3.8544,18.8856,-79.12,-79.12
45894,180,3.8544,18.8856,-79.12,-79.12
45895,180,3.8544,18.7277,-79.12,-79.12
45895,180,3.8544,18.7277,-77.68,-79.12
45905,180,0.5139,18.7277,-79.12,-79.12
45905,180,0.5139,18.7277,-79.12,-79.12
45907,180,0.5139,18.8134,-79.12,-79.12
45907,180,0.5139,18.8134,-79.12,-79.12
45916,180,-4.9679,18.8134,-79.12,-79.12
45916,180,-4.9679,18.8134,-79.12,-79.12
45919,180,-4.9679,19.0120,-79.12,-79.12
45919,180,-4.9679,19.0120,-79.12,-79.12
45927,180,-2.1413,19.0120,-79.12,-79.12
45927,180,-2.1413,19.0120,-79.12,-79.12
45931,180,-2.1413,18.4209,-79.12,-79.12
45931,180,-2.1413,18.4209,-79.12,-79.12
45938,180,-10.0214,18.4209,-79.12,-79.12
45938,180,-10.0214,18.4209,-79.12,-79.12
45942,180,-10.0214,18.7774,-77.68,-79.12
45942,180,-10.0214,18.7774,-79.12,-79.12
45949,180,-7.2805,18.7774,-79.12,-79.12
45949,180,-7.2805,18.7774,-79.12,-79.12
45954,180,-7.2805,18.3442,-79.12,-79.12
45954,180,-7.2805,18.3442,-79.12,-77.68
45960,180,-6.1670,18.3442,-79.12,-79.12
45960,180,-6.1670,18.3442,-79.12,-79.12
45966,180,-6.1670,18.4841,-79.12,-79.12
45966,180,-6.1670,18.4841,-79.12,-79.12
45971,180,-9.1649,18.4841,-79.12,-79.12
45971,180,-9.1649,18.4841,-79.12,-79.12
45978,180,-9.1649,18.8495,-79.12,-79.12
45978,180,-9.1649,18.8495,-79.12,-79.12
45982,180,-4.7109,18.8495,-79.12,-79.12
45982,180,-4.7109,18.8495,-79.12,-79.12
45990,180,-4.7109,18.4300,-79.12,-79.12
45990,180,-4.7109,18.4300,-79.12,-79.12
45993,180,0.5996,18.4300,-79.12,-79.12
45993,180,0.5996,18.4300,-79.12,-79.12
46001,180,0.5996,19.2601,-79.12,-79.12
46002,180,0.5996,19.2601,-79.12,-79.12
46004,180,6.5953,19.2601,-79.12,-79.12
46004,180,6.5953,19.2601,-79.12,-79.12
46013,180,6.5953,18.6330,-79.12,-79.12
46013,180,6.5953,18.6330,-79.12,-79.12
46015,180,-1.3704,18.6330,-79.12,-79.12
46015,180,-1.3704,18.6330,-79.12,-79.12
46025,180,-1.3704,18.8721,-79.12,-79.12
46025,180,-1.3704,18.8721,-79.12,-79.12
46026,180,-0.3426,18.8721,-79.12,-79.12
46026,180,-0.3426,18.8721,-79.12,-79.12
46037,180,-4.3683,18.8721,-79.12,-79.12
46037,180,-4.3683,18.8721,-79.12,-79.12
46037,180,-4.3683,19.0345,-79.12,-79.12
46037,180,-4.3683,19.0345,-79.12,-79.12
46047,180,6.2527,19.0345,-79.12,-79.12
46048,180,6.2527,19.0345,-79.12,-79.12
46049,180,6.2527,18.8044,-79.12,-79.12
46049,180,6.2527,18.8044,-79.12,-79.12
46058,180,6.9379,18.8044,-79.12,-79.12
46059,180,6.9379,18.8044,-79.12,-79.12
46061,180,6.9379,18.9578,-77.68,-79.12
46061,180,6.9379,18.9578,-79.12,-79.12
46069,180,13.0193,18.9578,-79.12,-79.12
46070,180,13.0193,18.9578,-79.12,-79.12
46072,180,13.0193,18.5743,-79.12,-77.68
46073,180,13.0193,18.5743,-79.12,-79.12
46080,180,-0.5139,18.5743,-79.12,-79.12
46081,180,-0.5139,18.5743,-79.12,-79.12
46084,180,-0.5139,18.7277,-79.12,-79.12
46084,180,-0.5139,18.7277,-77.68,-79.12
46091,180,-8.1370,18.7277,-79.12,-79.12
46091,180,-8.1370,18.7277,-79.12,-79.12
46096,180,-8.1370,18.5608,-79.12,-79.12
46096,180,-8.1370,18.5608,-79.12,-79.12
46102,180,0.7709,18.5608,-79.12,-79.12
46102,180,0.7709,18.5608,-79.12,-79.12
46108,180,0.7709,18.3984,-79.12,-79.12
46108,180,0.7709,18.3984,-79.12,-79.12
46113,180,-3.9400,18.3984,-79.12,-79.12
46113,180,-3.9400,18.3984,-79.12,-79.12
46120,180,-3.9400,19.3052,-79.12,-79.12
46120,180,-3.9400,19.3052,-79.12,-79.12
46124,180,-2.2270,19.3052,-79.12,-79.12
46124,180,-2.2270,19.3052,-79.12,-79.12
46132,180,-2.2270,18.6420,-79.12,-79.12
46132,180,-2.2270,18.6420,-77.68,-79.12
46135,180,-6.9379,18.6420,-79.12,-79.12
46135,180,-6.9379,18.6420,-79.12,-79.12
46143,180,-6.9379,18.9353,-79.12,-79.12
46144,180,-6.9379,18.9353,-79.12,-79.12
46146,180,-2.5696,18.9353,-79.12,-79.12
46146,180,-2.5696,18.9353,-79.12,-79.12
46155,180,-2.5696,18.9533,-79.12,-79.12
46155,180,-2.5696,18.9533,-79.12,-79.12
46157,180,-5.7388,18.9533,-79.12,-79.12
46157,180,-5.7388,18.9533,-79.12,-79.12
46167,180,-5.7388,18.8089,-79.12,-79.12
46167,180,-5.7388,18.8089,-79.12,-79.12
46168,180,-3.1692,18.8089,-79.12,-79.12
46168,180,-3.1692,18.8089,-79.12,-79.12
46179,180,-3.1692,19.2511,-79.12,-79.12
46179,180,-3.1692,19.2511,-77.68,-79.12
46179,180,-3.3405,19.2511,-79.12,-79.12
46179,180,-3.3405,19.2511,-79.12,-79.12
46190,180,2.1413,19.2511,-79.12,-79.12
46190,180,2.1413,19.2511,-79.12,-79.12
46191,180,2.1413,18.3713,-79.12,-79.12
46191,180,2.1413,18.3713,-79.12,-79.12
46201,180,5.3961,18.3713,-79.12,-79.12
46201,180,5.3961,18.3713,-79.12,-79.12
46203,180,5.3961,18.6510,-79.12,-79.12
46203,180,5.3961,18.6510,-79.12,-79.12
46212,180,3.8544,18.6510,-79.12,-79.12
46212,180,3.8544,18.6510,-79.12,-79.12
46214,180,3.8544,18.8586,-79.12,-79.12
46214,180,3.8544,18.8586,-79.12,-79.12
46223,180,7.4518,18.8586,-79.12,-77.68
46223,180,7.4518,18.8586,-79.12,-79.12
46226,180,7.4518,18.8947,-79.12,-79.12
46226,180,7.4518,18.8947,-79.12,-79.12
46234,180,-1.9700,18.8947,-79.12,-79.12
46234,180,-1.9700,18.8947,-77.68,-79.12
46238,180,-1.9700,18.5879,-79.12,-79.12
46238,180,-1.9700,18.5879,-79.12,-79.12
46245,180,7.2805,18.5879,-79.12,-79.12
46245,180,7.2805,18.5879,-79.12,-79.12
46250,180,7.2805,18.1187,-79.12,-79.12
46250,180,7.2805,18.1187,-77.68,-79.12
46256,180,2.9122,18.1187,-79.12,-79.12
46256,180,2.9122,18.1187,-79.12,-79.12
46262,180,2.9122,19.1247,-79.12,-79.12
46262,180,2.9122,19.1247,-79.12,-79.12
46267,180,-2.4839,19.1247,-79.12,-79.12
46267,180,-2.4839,19.1247,-79.12,-79.12
46274,180,-2.4839,18.3713,-79.12,-79.12
46274,180,-2.4839,18.3713,-79.12,-79.12
46278,180,-7.2805,18.3713,-79.12,-79.12
46278,180,-7.2805,18.3713,-79.12,-79.12
46285,180,-7.2805,18.8811,-79.12,-79.12
46285,180,-7.2805,18.8811,-79.12,-79.12
46289,180,8.6510,18.8811,-79.12,-77.68
46289,180,8.6510,18.8811,-79.12,-79.12
46297,180,8.6510,19.0526,-79.12,-79.12
46297,180,8.6510,19.0526,-79.12,-79.12
46300,180,12.3340,19.0526,-79.12,-79.12
46300,180,12.3340,19.0526,-79.12,-79.12
46309,180,12.3340,18.3262,-79.12,-79.12
46309,180,12.3340,18.3262,-79.12,-79.12
46311,180,1.9700,18.3262,-79.12,-79.12
46311,180,1.9700,18.3262,-79.12,-79.12
46321,180,1.9700,19.0390,-79.12,-79.12
46321,180,1.9700,19.0390,-79.12,-79.12
46322,180,6.6809,19.0390,-79.12,-79.12
46322,180,6.6809,19.0390,-79.12,-77.68
46333,180,6.6809,18.8450,-79.12,-79.12
46333,180,6.6809,18.8450,-79.12,-79.12
46333,180,0.2570,18.8450,-79.12,-79.12
46333,180,0.2570,18.8450,-79.12,-79.12
46344,180,1.7987,18.8450,-79.12,-79.12
46344,180,1.7987,18.8450,-79.12,-79.12
46345,180,1.7987,19.0210,-79.12,-79.12
46345,180,1.7987,19.0210,-79.12,-79.12
46355,180,1.4561,19.0210,-79.12,-79.12
46355,180,1.4561,19.0210,-79.12,-79.12
46356,180,1.4561,18.9668,-79.12,-79.12
46356,180,1.4561,18.9668,-79.12,-79.12
46366,180,0.0857,18.9668,-79.12,-79.12
46366,180,0.0857,18.9668,-79.12,-79.12
46368,180,0.0857,18.7864,-79.12,-79.12
46368,180,0.0857,18.7864,-79.12,-79.12
46377,180,-1.7131,18.7864,-77.68,-79.12
46377,180,-1.7131,18.7864,-79.12,-79.12
46380,180,-1.7131,19.0841,-79.12,-79.12
46380,180,-1.7131,19.0841,-79.12,-79.12
46388,180,-1.6274,19.0841,-79.12,-79.12
46388,180,-1.6274,19.0841,-79.12,-79.12
46392,180,-1.6274,18.7638,-79.12,-79.12
46392,180,-1.6274,18.7638,-79.12,-79.12
46399,180,1.7131,18.7638,-79.12,-79.12
46399,180,1.7131,18.7638,-79.12,-79.12
46404,180,1.7131,19.2240,-79.12,-79.12
46404,180,1.7131,19.2240,-79.12,-79.12
46410,180,6.9379,19.2240,-79.12,-79.12
46410,180,6.9379,19.2240,-79.12,-79.12
46416,180,6.9379,18.9894,-79.12,-79.12
46416,180,6.9379,18.9894,-79.12,-79.12
46421,180,-3.6831,18.9894,-79.12,-79.12
46421,180,-3.6831,18.9894,-79.12,-79.12
46427,180,-3.6831,18.9533,-79.12,-79.12
46427,180,-3.6831,18.9533,-77.68,-77.68
46432,180,-4.2827,18.9533,-79.12,-79.12
46432,180,-4.2827,18.9533,-79.12,-79.12
46439,180,-4.2827,19.5579,-79.12,-79.12
46439,180,-4.2827,19.5579,-77.68,-79.12
46443,180,4.3683,19.5579,-79.12,-79.12
46443,180,4.3683,19.5579,-79.12,-79.12
46451,180,4.3683,19.0841,-79.12,-79.12
46451,180,4.3683,19.0841,-79.12,-79.12
46454,180,-4.0257,19.0841,-79.12,-79.12
46454,180,-4.0257,19.0841,-79.12,-79.12
46463,180,-4.0257,19.4000,-79.12,-79.12
46463,180,-4.0257,19.4000,-77.68,-79.12
46465,180,0.3426,19.4000,-79.12,-79.12
46465,180,0.3426,19.4000,-79.12,-79.12
46475,180,0.3426,19.2556,-79.12,-79.12
46475,180,0.3426,19.2556,-79.12,-79.12
46476,180,-0.9422,19.2556,-79.12,-79.12
46476,180,-0.9422,19.2556,-79.12,-79.12
46486,180,1.7987,19.2556,-79.12,-79.12
46487,180,1.7987,18.8180,-79.12,-79.12
46487,180,1.7987,18.8180,-79.12,-79.12
46497,180,0.0857,18.8180,-79.12,-79.12
46498,180,0.0857,18.8180,-79.12,-79.12
46498,180,0.0857,19.0300,-79.12,-79.12
46498,180,0.0857,19.0300,-79.12,-79.12
46508,180,6.6809,19.0300,-79.12,-79.12
46509,180,6.6809,19.0300,-79.12,-79.12
46510,180,6.6809,18.7864,-79.12,-79.12
46510,180,6.6809,18.7864,-79.12,-79.12
46519,180,4.8822,18.7864,-79.12,-79.12
46519,180,4.8822,18.7864,-79.12,-79.12
46522,180,4.8822,19.2105,-79.12,-79.12
46522,180,4.8822,19.2105,-79.12,-79.12
46530,180,8.1370,19.2105,-79.12,-77.68
46530,180,8.1370,19.2105,-79.12,-79.12
46534,180,8.1370,18.4164,-79.12,-79.12
46534,180,8.1370,18.4164,-79.12,-79.12
46541,180,7.7088,18.4164,-79.12,-79.12
46541,180,7.7088,18.4164,-79.12,-79.12
46546,180,7.7088,18.6646,-79.12,-79.12
46546,180,7.7088,18.6646,-79.12,-79.12
46552,180,-1.2848,18.6646,-79.12,-79.12
46552,180,-1.2848,18.6646,-79.12,-79.12
46558,180,-1.2848,19.2150,-79.12,-79.12
46558,180,-1.2848,19.2150,-79.12,-79.12
46563,180,4.8822,19.2150,-79.12,-79.12
46563,180,4.8822,19.2150,-79.12,-79.12
46569,180,4.8822,18.4751,-79.12,-79.12
46569,180,4.8822,18.4751,-79.12,-79.12
46574,180,1.1135,18.4751,-79.12,-79.12
46574,180,1.1135,18.4751,-79.12,-79.12
46581,180,1.1135,18.9894,-79.12,-79.12
46581,180,1.1135,18.9894,-79.12,-79.12
46585,180,5.6531,18.9894,-79.12,-79.12
46585,180,5.6531,18.9894,-79.12,-79.12
46593,180,5.6531,18.4435,-79.12,-79.12
46593,180,5.6531,18.4435,-79.12,-79.12
46596,180,3.3405,18.4435,-79.12,-79.12
46596,180,3.3405,18.4435,-79.12,-79.12
46605,180,3.3405,18.8134,-79.12,-79.12
46605,180,3.3405,18.8134,-79.12,-79.12
46607,180,1.5418,18.8134,-79.12,-79.12
46607,180,1.5418,18.8134,-79.12,-79.12
46617,180,1.5418,18.9668,-79.12,-77.68
46617,180,1.5418,18.9668,-79.12,-79.12
46618,180,-4.4540,18.9668,-79.12,-79.12
46618,180,-4.4540,18.9668,-79.12,-79.12
46629,180,-4.4540,18.4706,-79.12,-79.12
46629,180,-4.4540,18.4706,-79.12,-79.12
46629,180,-0.8565,18.4706,-79.12,-79.12
46629,180,-0.8565,18.4706,-79.12,-79.12
46640,180,1.6274,18.4706,-79.12,-79.12
46640,180,1.6274,18.4706,-79.12,-79.12
46640,180,1.6274,19.5218,-79.12,-79.12
46640,180,1.6274,19.5218,-79.12,-79.12
46651,180,-0.1713,19.5218,-79.12,-79.12
46651,180,-0.1713,19.5218,-79.12,-79.12
46652,180,-0.1713,18.6871,-79.12,-79.12
46652,180,-0.1713,18.6871,-79.12,-79.12
46662,180,11.6488,18.6871,-79.12,-79.12
46662,180,11.6488,18.6871,-79.12,-79.12
46664,180,11.6488,18.9668,-79.12,-79.12
46664,180,11.6488,18.9668,-79.12,-79.12
46673,180,8.5653,18.9668,-79.12,-79.12
46673,180,8.5653,18.9668,-79.12,-79.12
46676,180,8.5653,18.7367,-79.12,-79.12
46676,180,8.5653,18.7367,-79.12,-79.12
46684,180,11.3919,18.7367,-79.12,-79.12
46684,180,11.3919,18.7367,-79.12,-79.12
46688,180,11.3919,18.7999,-79.12,-79.12
46688,180,11.3919,18.7999,-79.12,-79.12
46695,180,6.7666,18.7999,-79.12,-79.12
46695,180,6.7666,18.7999,-79.12,-79.12
46699,180,6.7666,19.7519,-79.12,-79.12
46700,180,6.7666,19.7519,-79.12,-79.12
46706,180,6.1670,19.7519,-79.12,-79.12
46706,180,6.1670,19.7519,-79.12,-79.12
46711,180,6.1670,19.1473,-79.12,-79.12
46711,180,6.1670,19.1473,-79.12,-79.12
46717,180,-2.5696,19.1473,-79.12,-79.12
46717,180,-2.5696,19.1473,-79.12,-77.68
46723,180,-2.5696,19.4225,-79.12,-77.68
46723,180,-2.5696,19.4225,-79.12,-79.12
46728,180,-2.0557,19.4225,-79.12,-79.12
46728,180,-2.0557,19.4225,-79.12,-79.12
46735,180,-2.0557,19.1112,-79.12,-79.12
46735,180,-2.0557,19.1112,-79.12,-79.12
46739,180,-3.9400,19.1112,-79.12,-79.12
46739,180,-3.9400,19.1112,-79.12,-79.12
46747,180,-3.9400,18.4029,-79.12,-79.12
46747,180,-3.9400,18.4029,-79.12,-79.12
46750,180,4.5396,18.4029,-79.12,-79.12
46750,180,4.5396,18.4029,-79.12,-79.12
46759,180,4.5396,18.8586,-79.12,-77.68
46759,180,4.5396,18.8586,-79.12,-79.12
46761,180,8.7366,18.8586,-79.12,-79.12
46761,180,8.7366,18.8586,-79.12,-77.68
46770,180,8.7366,18.5021,-79.12,-79.12
46771,180,8.7366,18.5021,-79.12,-79.12
46772,180,-0.3426,18.5021,-79.12,-79.12
46772,180,-0.3426,18.5021,-79.12,-79.12
46782,180,-0.3426,18.9488,-79.12,-79.12
46782,180,-0.3426,18.9488,-79.12,-79.12
46783,180,-1.5418,18.9488,-79.12,-79.12
46783,180,-1.5418,18.9488,-79.12,-79.12
46794,180,-3.1692,18.9488,-79.12,-79.12
46794,180,-3.1692,18.9488,-79.12,-79.12
46794,180,-3.1692,18.5924,-79.12,-79.12
46794,180,-3.1692,18.5924,-79.12,-79.12
46805,180,5.0535,18.5924,-79.12,-79.12
46805,180,5.0535,18.5924,-79.12,-79.12
46806,180,5.0535,19.0390,-79.12,-79.12
46806,180,5.0535,19.0390,-77.68,-79.12
46816,180,-2.1413,19.0390,-79.12,-79.12
46816,180,-2.1413,19.0390,-79.12,-79.12
46818,180,-2.1413,19.1202,-79.12,-79.12
46818,180,-2.1413,19.1202,-79.12,-79.12
46827,180,2.5696,19.1202,-79.12,-79.12
46827,180,2.5696,19.1202,-79.12,-79.12
46830,180,2.5696,18.2946,-79.12,-79.12
46830,180,2.5696,18.2946,-79.12,-79.12
46838,180,-0.1713,18.2946,-79.12,-79.12
46838,180,-0.1713,18.2946,-79.12,-79.12
46841,180,-0.1713,18.8947,-79.12,-79.12
46842,180,-0.1713,18.8947,-79.12,-79.12
46849,180,5.0535,18.8947,-79.12,-79.12
46849,180,5.0535,18.8947,-79.12,-79.12
46853,180,5.0535,18.7413,-79.12,-79.12
46853,180,5.0535,18.7413,-79.12,-79.12
46860,180,5.7388,18.7413,-79.12,-79.12
46860,180,5.7388,18.7413,-79.12,-79.12
46865,180,5.7388,18.6014,-77.68,-79.12
46865,180,5.7388,18.6014,-79.12,-79.12
46871,180,4.8822,18.6014,-79.12,-79.12
46871,180,4.8822,18.6014,-79.12,-79.12
46877,180,4.8822,18.8044,-79.12,-79.12
46877,180,4.8822,18.8044,-79.12,-79.12
46882,180,8.0514,18.8044,-79.12,-79.12
46882,180,8.0514,18.8044,-79.12,-79.12
46889,180,8.0514,18.6194,-79.12,-79.12
46889,180,8.0514,18.6194,-79.12,-79.12
46893,180,8.7366,18.6194,-79.12,-79.12
46893,180,8.7366,18.6194,-79.12,-79.12
46901,180,8.7366,19.0571,-79.12,-79.12
46901,180,8.7366,19.0571,-79.12,-79.12
46904,180,13.1906,19.0571,-79.12,-79.12
46904,180,13.1906,19.0571,-79.12,-79.12
46912,180,13.1906,18.9759,-79.12,-77.68
46912,180,13.1906,18.9759,-79.12,-79.12
46915,180,3.1692,18.9759,-79.12,-79.12
46915,180,3.1692,18.9759,-79.12,-79.12
46924,180,3.1692,19.6346,-79.12,-79.12
46924,180,3.1692,19.6346,-79.12,-79.12
46926,180,-0.2570,19.6346,-79.12,-79.12
46926,180,-0.2570,19.6346,-79.12,-79.12
46936,180,-0.2570,19.4541,-79.12,-79.12
46936,180,-0.2570,19.4541,-79.12,-79.12
46937,180,-3.5974,19.4541,-79.12,-79.12
46937,180,-3.5974,19.4541,-79.12,-79.12
46947,180,4.4540,19.4541,-79.12,-79.12
46948,180,4.4540,19.4541,-79.12,-79.12
46948,180,4.4540,18.5924,-79.12,-79.12
46948,180,4.4540,18.5924,-79.12,-79.12
46958,180,-3.7687,18.5924,-79.12,-79.12
46959,180,-3.7687,18.5924,-79.12,-79.12
46960,180,-3.7687,18.9533,-79.12,-79.12
46960,180,-3.7687,18.9533,-79.12,-79.12
46969,180,-3.5118,18.9533,-79.12,-79.12
46970,180,-3.5118,18.9533,-79.12,-79.12
46972,180,-3.5118,18.3803,-79.12,-79.12
46972,180,-3.5118,18.3803,-79.12,-79.12
46980,180,-1.1135,18.3803,-79.12,-79.12
46980,180,-1.1135,18.3803,-79.12,-79.12
46983,180,-1.1135,18.8315,-79.12,-79.12
46983,180,-1.1135,18.8315,-79.12,-79.12
46991,180,-1.6274,18.8315,-79.12,-79.12
46991,180,-1.6274,18.8315,-79.12,-79.12
46995,180,-1.6274,18.8631,-79.12,-79.12
46995,180,-1.6274,18.8631,-79.12,-77.68
47002,180,6.2527,18.8631,-79.12,-79.12
47002,180,6.2527,18.8631,-79.12,-79.12
47007,180,6.2527,19.2601,-79.12,-79.12
47007,180,6.2527,19.2601,-79.12,-79.12
47013,180,1.8844,19.2601,-79.12,-79.12
47013,180,1.8844,19.2601,-79.12,-79.12
47019,180,1.8844,19.1744,-79.12,-79.12
47019,180,1.8844,19.1744,-79.12,-79.12
47024,180,4.1970,19.1744,-79.12,-79.12
47024,180,4.1970,19.1744,-79.12,-79.12
47031,180,4.1970,18.3081,-79.12,-79.12
47031,180,4.1970,18.3081,-79.12,-79.12
47035,180,1.7987,18.3081,-79.12,-79.12
47035,180,1.7987,18.3081,-79.12,-79.12
47043,180,1.7987,18.9759,-79.12,-79.12
47043,180,1.7987,18.9759,-79.12,-79.12
47046,180,3.5974,18.9759,-79.12,-79.12
47046,180,3.5974,18.9759,-79.12,-79.12
47054,180,3.5974,18.6646,-79.12,-79.12
47054,180,3.5974,18.6646,-79.12,-79.12
47057,180,-1.0278,18.6646,-79.12,-79.12
47057,180,-1.0278,18.6646,-79.12,-79.12
47066,180,-1.0278,18.3352,-79.12,-79.12
47066,180,-1.0278,18.3352,-79.12,-79.12
47068,180,0.7709,18.3352,-79.12,-79.12
47068,180,0.7709,18.3352,-79.12,-79.12
47078,180,0.7709,18.3848,-79.12,-79.12
47078,180,0.7709,18.3848,-79.12,-79.12
47079,180,-3.6831,18.3848,-79.12,-79.12
47079,180,-3.6831,18.3848,-79.12,-79.12
47090,180,-3.6831,18.4931,-79.12,-79.12
47090,180,-3.6831,18.4931,-79.12,-79.12
47090,180,2.6552,18.4931,-79.12,-79.12
47090,180,2.6552,18.4931,-79.12,-79.12
47101,180,2.0557,18.4931,-79.12,-79.12
47101,180,2.0557,18.4931,-79.12,-79.12
47102,180,2.0557,19.1428,-79.12,-79.12
47102,180,2.0557,19.1428,-79.12,-79.12
47112,180,-4.7966,19.1428,-79.12,-79.12
47112,180,-4.7966,19.1428,-79.12,-79.12
47114,180,-4.7966,18.2224,-79.12,-79.12
47114,180,-4.7966,18.2224,-79.12,-79.12
47123,180,2.9122,18.2224,-79.12,-79.12
47123,180,2.9122,18.2224,-79.12,-79.12
47125,180,2.9122,18.0735,-79.12,-79.12
47125,180,2.9122,18.0735,-79.12,-79.12
47134,180,2.9122,18.0735,-79.12,-79.12
47134,180,2.9122,18.0735,-79.12,-79.12
47137,180,2.9122,18.4751,-79.12,-79.12
47145,180,4.1113,18.4751,-79.12,-79.12
47145,180,4.1113,18.4751,-79.12,-79.12
47149,180,4.1113,18.1322,-79.12,-79.12
47149,180,4.1113,18.1322,-79.12,-79.12
47156,180,2.1413,18.1322,-79.12,-79.12
47156,180,2.1413,18.1322,-79.12,-79.12
47161,180,2.1413,18.8901,-79.12,-79.12
47161,180,2.1413,18.8901,-79.12,-79.12
47167,180,5.9101,18.8901,-79.12,-79.12
47167,180,5.9101,18.8901,-77.68,-79.12
47173,180,5.9101,18.0826,-79.12,-79.12
47173,180,5.9101,18.0826,-79.12,-79.12
47178,180,0.4283,18.0826,-79.12,-79.12
47178,180,0.4283,18.0826,-79.12,-79.12
47185,180,0.4283,18.3894,-79.12,-79.12
47185,180,0.4283,18.3894,-79.12,-79.12
47189,180,-4.6253,18.3894,-79.12,-79.12
47189,180,-4.6253,18.3894,-79.12,-79.12
47196,180,-4.6253,18.2495,-79.12,-79.12
47196,180,-4.6253,18.2495,-79.12,-79.12
47200,180,0.1713,18.2495,-79.12,-79.12
47200,180,0.1713,18.2495,-79.12,-79.12
47208,180,0.1713,17.5728,-79.12,-79.12
47208,180,0.1713,17.5728,-79.12,-79.12
47211,180,6.3383,17.5728,-79.12,-79.12
47211,180,6.3383,17.5728,-79.12,-79.12
47220,180,6.3383,18.3668,-79.12,-79.12
47220,180,6.3383,18.3668,-79.12,-79.12
47222,180,4.7109,18.3668,-79.12,-79.12
47222,180,4.7109,18.3668,-79.12,-79.12
47232,180,4.7109,18.1322,-79.12,-79.12
47232,180,4.7109,18.1322,-79.12,-79.12
47233,180,-6.1670,18.1322,-79.12,-79.12
47233,180,-6.1670,18.1322,-79.12,-79.12
47244,180,-6.1670,18.5924,-79.12,-79.12
47244,180,-6.1670,18.5924,-79.12,-79.12
47244,180,-1.4561,18.5924,-79.12,-79.12
47244,180,-1.4561,18.5924,-79.12,-79.12
47255,180,0.5139,18.5924,-79.12,-79.12
47255,180,0.5139,18.5924,-79.12,-79.12
47255,180,0.5139,18.3668,-79.12,-77.68
47256,180,0.5139,18.3668,-79.12,-79.12
47266,180,10.4497,18.3668,-79.12,-79.12
47266,180,10.4497,18.3668,-79.12,-79.12
47267,180,10.4497,18.0781,-79.12,-79.12
47267,180,10.4497,18.0781,-79.12,-79.12
47277,180,-0.1713,18.0781,-79.12,-79.12
47277,180,-0.1713,18.0781,-79.12,-79.12
47279,180,-0.1713,18.4886,-79.12,-79.12
47279,180,-0.1713,18.4886,-77.68,-79.12
47288,180,12.6767,18.4886,-79.12,-79.12
47288,180,12.6767,18.4886,-79.12,-79.12
47291,180,12.6767,17.8299,-79.12,-79.12
47291,180,12.6767,17.8299,-79.12,-79.12
47299,180,1.5418,17.8299,-79.12,-79.12
47299,180,1.5418,17.8299,-79.12,-79.12
47303,180,1.5418,18.0104,-79.12,-79.12
47303,180,1.5418,18.0104,-79.12,-79.12
47310,180,-2.5696,18.0104,-79.12,-79.12
47310,180,-2.5696,18.0104,-79.12,-79.12
47315,180,-2.5696,17.8976,-79.12,-79.12
47315,180,-2.5696,17.8976,-79.12,-79.12
47321,180,6.2527,17.8976,-79.12,-79.12
47321,180,6.2527,17.8976,-79.12,-79.12
47326,180,6.2527,17.4690,-79.12,-79.12
47327,180,6.2527,17.4690,-79.12,-79.12
47332,180,2.0557,17.4690,-79.12,-79.12
47332,180,2.0557,17.4690,-79.12,-79.12
47338,180,2.0557,18.0781,-79.12,-79.12
47338,180,2.0557,18.0781,-79.12,-79.12
47343,180,2.1413,18.0781,-79.12,-77.68
47343,180,2.1413,18.0781,-79.12,-79.12
47350,180,2.1413,17.3111,-79.12,-79.12
47350,180,2.1413,17.3111,-79.12,-79.12
47354,180,-2.7409,17.3111,-79.12,-79.12
47354,180,-2.7409,17.3111,-79.12,-77.68
47362,180,-2.7409,17.4464,-79.12,-79.12
47362,180,-2.7409,17.4464,-79.12,-79.12
47365,180,5.5675,17.4464,-79.12,-79.12
47365,180,5.5675,17.4464,-79.12,-79.12
47374,180,5.5675,17.3562,-79.12,-79.12
47374,180,5.5675,17.3562,-77.68,-77.68
47376,180,3.4261,17.3562,-79.12,-79.12
47376,180,3.4261,17.3562,-79.12,-79.12
47386,180,3.4261,17.6946,-79.12,-79.12
47386,180,3.4261,17.6946,-79.12,-79.12
47387,180,9.4218,17.6946,-79.12,-79.12
47387,180,9.4218,17.6946,-79.12,-79.12
47397,180,9.4218,18.2405,-79.12,-79.12
47398,180,6.2527,18.2405,-79.12,-79.12
47398,180,6.2527,18.2405,-79.12,-79.12
47408,180,4.1970,18.2405,-79.12,-79.12
47409,180,4.1970,18.2405,-79.12,-79.12
47409,180,4.1970,17.6901,-79.12,-79.12
47409,180,4.1970,17.6901,-79.12,-79.12
47419,180,2.0557,17.6901,-79.12,-77.68
47420,180,2.0557,17.6901,-79.12,-79.12
47421,180,2.0557,18.1773,-79.12,-79.12
47421,180,2.0557,18.1773,-79.12,-77.68
47430,180,-2.9122,18.1773,-79.12,-79.12
47431,180,-2.9122,18.1773,-79.12,-79.12
47433,180,-2.9122,17.7261,-79.12,-79.12
47433,180,-2.9122,17.7261,-79.12,-79.12
47441,180,3.8544,17.7261,-79.12,-79.12
47441,180,3.8544,17.7261,-79.12,-79.12
47445,180,3.8544,17.7261,-79.12,-79.12
47445,180,3.8544,17.7261,-79.12,-79.12
47452,180,-0.8565,17.7261,-79.12,-79.12
47452,180,-0.8565,17.7261,-79.12,-79.12
47457,180,-0.8565,18.1818,-79.12,-79.12
47457,180,-0.8565,18.1818,-79.12,-79.12
47463,180,7.0236,18.1818,-79.12,-79.12
47463,180,7.0236,18.1818,-79.12,-77.68
47468,180,7.0236,18.1547,-79.12,-79.12
47468,180,7.0236,18.1547,-77.68,-79.12
47474,180,-3.1692,18.1547,-79.12,-79.12
47474,180,-3.1692,18.1547,-79.12,-79.12
47480,180,-3.1692,18.4661,-79.12,-79.12
47480,180,-3.1692,18.4661,-79.12,-79.12
47485,180,0.3426,18.4661,-79.12,-79.12
47485,180,0.3426,18.4661,-79.12,-79.12
47492,180,0.3426,17.5367,-79.12,-79.12
47492,180,0.3426,17.5367,-79.12,-79.12
47496,180,-9.9358,17.5367,-79.12,-79.12
47496,180,-9.9358,17.5367,-79.12,-79.12
47504,180,-9.9358,18.4390,-79.12,-79.12
47504,180,-9.9358,18.4390,-79.12,-79.12
47507,180,-7.4518,18.4390,-79.12,-79.12
47507,180,-7.4518,18.4390,-79.12,-79.12
47516,180,-7.4518,18.3307,-79.12,-79.12
47516,180,-7.4518,18.3307,-79.12,-79.12
47518,180,-10.3640,18.3307,-79.12,-79.12
47518,180,-10.3640,18.3307,-79.12,-79.12
47528,180,-10.3640,17.5502,-79.12,-79.12
47528,180,-10.3640,17.5502,-79.12,-79.12
47529,180,-6.5953,17.5502,-79.12,-79.12
47529,180,-6.5953,17.5502,-79.12,-79.12
47539,180,-6.5953,18.0510,-79.12,-79.12
47539,180,-6.5953,18.0510,-79.12,-79.12
47540,180,3.1692,18.0510,-79.12,-79.12
47540,180,3.1692,18.0510,-79.12,-79.12
47551,180,9.0792,18.0510,-79.12,-79.12
47551,180,9.0792,17.9156,-79.12,-79.12
47551,180,9.0792,17.9156,-79.12,-79.12
47562,180,5.5675,17.9156,-79.12,-79.12
47562,180,5.5675,17.9156,-79.12,-79.12
47563,180,5.5675,18.0374,-79.12,-79.12
47563,180,5.5675,18.0374,-79.12,-79.12
47573,180,-5.5675,18.0374,-79.12,-79.12
47573,180,-5.5675,18.0374,-79.12,-79.12
47575,180,-5.5675,17.5231,-79.12,-79.12
47575,180,-5.5675,17.5231,-79.12,-79.12
47584,180,-4.4540,17.5231,-79.12,-79.12
47584,180,-4.4540,17.5231,-79.12,-79.12
47587,180,-4.4540,17.6720,-79.12,-79.12
47587,180,-4.4540,17.6720,-79.12,-79.12
47595,180,-0.8565,17.6720,-79.12,-79.12
47595,180,-0.8565,17.6720,-79.12,-79.12
47599,180,-0.8565,18.3668,-79.12,-79.12
47599,180,-0.8565,18.3668,-79.12,-77.68
47606,180,7.8801,18.3668,-79.12,-79.12
47606,180,7.8801,18.3668,-79.12,-79.12
47610,180,7.8801,17.8931,-79.12,-79.12
47610,180,7.8801,17.8931,-79.12,-79.12
47617,180,1.7131,17.8931,-79.12,-79.12
47617,180,1.7131,17.8931,-79.12,-79.12
47622,180,1.7131,18.5382,-79.12,-79.12
47622,180,1.7131,18.5382,-79.12,-79.12
47628,180,5.2248,18.5382,-79.12,-79.12
47628,180,5.2248,18.5382,-79.12,-79.12
47634,180,5.2248,18.3848,-79.12,-79.12
47634,180,5.2248,18.3848,-79.12,-79.12
47639,180,7.0236,18.3848,-79.12,-79.12
47639,180,7.0236,18.3848,-79.12,-79.12
47646,180,7.0236,18.2134,-79.12,-79.12
47646,180,7.0236,18.2134,-79.12,-79.12
47650,180,4.4540,18.2134,-79.12,-79.12
47650,180,4.4540,18.2134,-79.12,-79.12
47658,180,4.4540,18.4435,-79.12,-79.12
47658,180,4.4540,18.4435,-79.12,-79.12
47661,180,2.4839,18.4435,-79.12,-79.12
47661,180,2.4839,18.4435,-79.12,-79.12
47669,180,2.4839,17.9292,-79.12,-79.12
47670,180,2.4839,17.9292,-79.12,-79.12
47672,180,5.3961,17.9292,-79.12,-79.12
47672,180,5.3961,17.9292,-79.12,-79.12
47681,180,5.3961,18.4525,-79.12,-79.12
47681,180,5.3961,18.4525,-79.12,-79.12
47683,180,8.5653,18.4525,-79.12,-79.12
47683,180,8.5653,18.4525,-79.12,-79.12
47693,180,8.5653,17.9743,-79.12,-79.12
47693,180,8.5653,17.9743,-79.12,-79.12
47694,180,4.7966,17.9743,-79.12,-79.12
47694,180,4.7966,17.9743,-79.12,-79.12
47705,180,7.7088,17.9743,-79.12,-79.12
47705,180,7.7088,17.9743,-79.12,-79.12
47705,180,7.7088,17.8750,-79.12,-79.12
47705,180,7.7088,17.8750,-79.12,-79.12
47716,180,0.5996,17.8750,-79.12,-79.12
47716,180,0.5996,17.8750,-79.12,-79.12
47717,180,0.5996,18.0239,-79.12,-79.12
47717,180,0.5996,18.0239,-79.12,-79.12
47727,180,6.0814,18.0239,-79.12,-79.12
47727,180,6.0814,18.0239,-79.12,-79.12
47729,180,6.0814,17.3788,-79.12,-79.12
47729,180,6.0814,17.3788,-79.12,-79.12
47738,180,2.6552,17.3788,-79.12,-79.12
47738,180,2.6552,17.3788,-79.12,-79.12
47740,180,2.6552,17.6855,-79.12,-79.12
47741,180,2.6552,17.6855,-79.12,-77.68
47749,180,10.2784,17.6855,-79.12,-79.12
47749,180,10.2784,17.6855,-79.12,-79.12
47752,180,10.2784,17.3562,-79.12,-79.12
47752,180,10.2784,17.3562,-77.68,-79.12
47760,180,10.3640,17.3562,-79.12,-79.12
47760,180,10.3640,17.3562,-79.12,-79.12
47764,180,10.3640,18.0059,-79.12,-79.12
47764,180,10.3640,18.0059,-79.12,-77.68
47771,180,3.9400,18.0059,-79.12,-79.12
47771,180,3.9400,18.0059,-79.12,-77.68
47776,180,3.9400,17.9292,-79.12,-79.12
47776,180,3.9400,17.9292,-79.12,-79.12
47782,180,2.1413,17.9292,-79.12,-79.12
47782,180,2.1413,17.9292,-79.12,-79.12
47788,180,2.1413,17.6991,-79.12,-79.12
47788,180,2.1413,17.6991,-79.12,-79.12
47793,180,3.5118,17.6991,-79.12,-79.12
47793,180,3.5118,17.6991,-79.12,-79.12
47800,180,3.5118,18.3307,-79.12,-79.12
47800,180,3.5118,18.3307,-79.12,-79.12
47804,180,4.6253,18.3307,-79.12,-79.12
47804,180,4.6253,18.3307,-79.12,-79.12
47811,180,4.6253,17.7307,-79.12,-79.12
47811,180,4.6253,17.7307,-79.12,-79.12
47815,180,-9.8501,17.7307,-79.12,-79.12
47815,180,-9.8501,17.7307,-79.12,-79.12
47823,180,-9.8501,18.2901,-77.68,-79.12
47823,180,-9.8501,18.2901,-79.12,-79.12
47826,180,-8.9079,18.2901,-79.12,-79.12
47826,180,-8.9079,18.2901,-77.68,-79.12
47835,180,-8.9079,18.1638,-79.12,-79.12
47835,180,-8.9079,18.1638,-79.12,-79.12
47837,180,-3.5974,18.1638,-79.12,-79.12
47837,180,-3.5974,18.1638,-79.12,-79.12
47847,180,-3.5974,17.6991,-79.12,-79.12
47847,180,-3.5974,17.6991,-79.12,-79.12
47848,180,11.0493,17.6991,-79.12,-79.12
47848,180,11.0493,17.6991,-79.12,-79.12
47858,180,5.7388,17.6991,-79.12,-79.12
47859,180,5.7388,17.6991,-79.12,-79.12
47859,180,5.7388,18.0149,-79.12,-79.12
47859,180,5.7388,18.0149,-79.12,-79.12
47869,180,-3.1692,18.0149,-79.12,-79.12
47870,180,-3.1692,18.0149,-79.12,-79.12
47871,180,-3.1692,17.8389,-79.12,-79.12
47871,180,-3.1692,17.8389,-79.12,-79.12
47880,180,-0.9422,17.8389,-79.12,-79.12
47881,180,-0.9422,17.8389,-79.12,-79.12
47882,180,-0.9422,18.5067,-79.12,-79.12
47882,180,-0.9422,18.5067,-79.12,-79.12
47891,180,-1.2848,18.5067,-79.12,-79.12
47891,180,-1.2848,18.5067,-79.12,-79.12
47894,180,-1.2848,18.3939,-79.12,-79.12
47894,180,-1.2848,18.3939,-79.12,-79.12
47902,180,-2.0557,18.3939,-79.12,-79.12
47902,180,-2.0557,18.3939,-79.12,-79.12
47906,180,-2.0557,18.4209,-79.12,-77.68
47906,180,-2.0557,18.4209,-79.12,-79.12
47913,180,1.4561,18.4209,-79.12,-79.12
47913,180,1.4561,18.4209,-79.12,-79.12
47918,180,1.4561,18.6781,-79.12,-79.12
47918,180,1.4561,18.6781,-79.12,-79.12
47924,180,5.5675,18.6781,-79.12,-79.12
47924,180,5.5675,18.6781,-79.12,-79.12
47930,180,5.5675,18.4209,-79.12,-79.12
47930,180,5.5675,18.4209,-79.12,-79.12
47935,180,-4.9679,18.4209,-79.12,-79.12
47935,180,-4.9679,18.4209,-79.12,-79.12
47942,180,-4.9679,19.2872,-79.12,-79.12
47942,180,-4.9679,19.2872,-79.12,-79.12
47946,180,0.8565,19.2872,-79.12,-79.12
47946,180,0.8565,19.2872,-79.12,-79.12
47953,180,0.8565,18.6781,-79.12,-79.12
47953,180,0.8565,18.6781,-79.12,-79.12
47957,180,8.8223,18.6781,-79.12,-79.12
47957,180,8.8223,18.6781,-79.12,-79.12
47965,180,8.8223,18.3442,-79.12,-79.12
47965,180,8.8223,18.3442,-79.12,-79.12
47968,180,3.0835,18.3442,-79.12,-79.12
47968,180,3.0835,18.3442,-79.12,-79.12
47977,180,3.0835,18.5382,-79.12,-79.12
47977,180,3.0835,18.5382,-79.12,-79.12
47979,180,-4.8822,18.5382,-79.12,-79.12
47979,180,-4.8822,18.5382,-79.12,-79.12
47989,180,-4.8822,18.2450,-79.12,-77.68
47989,180,-4.8822,18.2450,-79.12,-79.12
47990,180,0.9422,18.2450,-79.12,-79.12
47990,180,0.9422,18.2450,-79.12,-79.12
48001,180,0.9422,18.2224,-79.12,-77.68
48001,180,0.9422,18.2224,-79.12,-79.12
48001,180,4.7109,18.2224,-79.12,-79.12
48001,180,4.7109,18.2224,-79.12,-79.12
48012,180,2.6552,18.2224,-79.12,-79.12
48012,180,2.6552,18.2224,-79.12,-79.12
48012,180,2.6552,17.9698,-79.12,-79.12
48013,180,2.6552,17.9698,-79.12,-79.12
48023,180,1.7987,17.9698,-79.12,-79.12
48023,180,1.7987,17.9698,-77.68,-79.12
48024,180,1.7987,18.1096,-79.12,-79.12
48024,180,1.7987,18.1096,-79.12,-79.12
48034,180,-2.9122,18.1096,-79.12,-79.12
48034,180,-2.9122,18.1096,-79.12,-79.12
48036,180,-2.9122,18.2540,-79.12,-79.12
48036,180,-2.9122,18.2540,-79.12,-79.12
48045,180,-1.0278,18.2540,-79.12,-79.12
48045,180,-1.0278,18.2540,-77.68,-79.12
48048,180,-1.0278,17.7126,-79.12,-79.12
48048,180,-1.0278,17.7126,-79.12,-79.12
48056,180,-6.4240,17.7126,-79.12,-79.12
48056,180,-6.4240,17.7126,-79.12,-79.12
48060,180,-6.4240,18.1367,-79.12,-79.12
48060,180,-6.4240,18.1367,-79.12,-79.12
48067,180,-1.2848,18.1367,-79.12,-79.12
48067,180,-1.2848,18.1367,-79.12,-79.12
48072,180,-1.2848,18.2540,-79.12,-79.12
48072,180,-1.2848,18.2540,-79.12,-79.12
48078,180,0.8565,18.2540,-79.12,-79.12
48078,180,0.8565,18.2540,-79.12,-79.12
48083,180,0.8565,18.5924,-79.12,-79.12
48084,180,0.8565,18.5924,-79.12,-79.12
48089,180,7.9657,18.5924,-79.12,-79.12
48089,180,7.9657,18.5924,-79.12,-79.12
48095,180,7.9657,18.3533,-79.12,-79.12
48095,180,7.9657,18.3533,-79.12,-79.12
48100,180,13.7901,18.3533,-79.12,-79.12
48100,180,13.7901,18.3533,-79.12,-79.12
48107,180,13.7901,18.3307,-79.12,-79.12
48107,180,13.7901,18.3307,-79.12,-79.12
48111,180,7.5375,18.3307,-79.12,-79.12
48111,180,7.5375,18.3307,-79.12,-79.12
48119,180,7.5375,18.6691,-79.12,-79.12
48119,180,7.5375,18.6691,-79.12,-79.12
48122,180,1.6274,18.6691,-79.12,-79.12
48122,180,1.6274,18.6691,-79.12,-79.12
48131,180,1.6274,18.0600,-79.12,-79.12
48131,180,1.6274,18.0600,-79.12,-79.12
48133,180,7.5375,18.0600,-79.12,-79.12
48133,180,7.5375,18.0600,-79.12,-77.68
48143,180,7.5375,18.5879,-79.12,-79.12
48143,180,7.5375,18.5879,-79.12,-79.12
48144,180,5.9101,18.5879,-79.12,-79.12
48144,180,5.9101,18.5879,-79.12,-79.12
48154,180,5.9101,17.8434,-79.12,-79.12
48155,180,5.9101,17.8434,-77.68,-79.12
48155,180,-0.0857,17.8434,-79.12,-79.12
48155,180,-0.0857,17.8434,-79.12,-79.12
48166,180,3.6831,17.8434,-79.12,-79.12
48166,180,3.6831,17.8434,-79.12,-79.12
48166,180,3.6831,17.4284,-79.12,-79.12
48166,180,3.6831,17.4284,-79.12,-79.12
48177,180,-2.6552,17.4284,-79.12,-79.12
48177,180,-2.6552,17.4284,-79.12,-79.12
48178,180,-2.6552,17.7893,-79.12,-79.12
48178,180,-2.6552,17.7893,-79.12,-79.12
48188,180,7.1949,17.7893,-79.12,-79.12
48188,180,7.1949,17.7893,-79.12,-79.12
48190,180,7.1949,17.8525,-79.12,-79.12
48190,180,7.1949,17.8525,-79.12,-79.12
48199,180,3.9400,17.8525,-79.12,-79.12
48199,180,3.9400,17.8525,-79.12,-79.12
48202,180,3.9400,18.8586,-79.12,-79.12
48202,180,3.9400,18.8586,-79.12,-79.12
48210,180,2.3983,18.8586,-79.12,-79.12
48210,180,2.3983,18.8586,-79.12,-79.12
48214,180,2.3983,17.9698,-79.12,-79.12
48214,180,2.3983,17.9698,-79.12,-79.12
48221,180,-0.4283,17.9698,-79.12,-79.12
48221,180,-0.4283,17.9698,-79.12,-79.12
48225,180,-0.4283,17.9517,-79.12,-79.12
48225,180,-0.4283,17.9517,-79.12,-79.12
48232,180,-7.0236,17.9517,-79.12,-79.12
48232,180,-7.0236,17.9517,-79.12,-79.12
48237,180,-7.0236,18.1096,-79.12,-79.12
48237,180,-7.0236,18.1096,-79.12,-79.12
48243,180,-3.0835,18.1096,-79.12,-79.12
48243,180,-3.0835,18.1096,-79.12,-79.12
48249,180,-3.0835,17.7081,-79.12,-79.12
48249,180,-3.0835,17.7081,-79.12,-77.68
48254,180,-3.5118,17.7081,-79.12,-79.12
48254,180,-3.5118,17.7081,-79.12,-79.12
48261,180,-3.5118,18.6149,-79.12,-79.12
48261,180,-3.5118,18.6149,-79.12,-79.12
48265,180,8.3084,18.6149,-79.12,-79.12
48265,180,8.3084,18.6149,-79.12,-79.12
48273,180,8.3084,18.4886,-79.12,-79.12
48273,180,8.3084,18.4886,-79.12,-79.12
48276,180,0.8565,18.4886,-79.12,-79.12
48276,180,0.8565,18.4886,-79.12,-79.12
48285,180,0.8565,18.4254,-79.12,-79.12
48285,180,0.8565,18.4254,-79.12,-79.12
48287,180,4.6253,18.4254,-79.12,-79.12
48287,180,4.6253,18.4254,-79.12,-79.12
48296,180,4.6253,18.3939,-79.12,-79.12
48296,180,4.6253,18.3939,-79.12,-79.12
48298,180,3.5974,18.3939,-79.12,-79.12
48298,180,3.5974,18.3939,-79.12,-77.68
48308,180,3.5974,18.1006,-79.12,-79.12
48308,180,3.5974,18.1006,-79.12,-79.12
48308,180,-1.9700,18.1006,-79.12,-79.12
48309,180,-1.9700,18.1006,-79.12,-79.12
48319,180,0.7709,18.1006,-79.12,-79.12
48320,180,0.7709,18.1006,-79.12,-79.12
48320,180,0.7709,18.4841,-79.12,-79.12
48320,180,0.7709,18.4841,-79.12,-79.12
48330,180,3.1692,18.4841,-79.12,-79.12
48331,180,3.1692,18.4841,-79.12,-79.12
48332,180,3.1692,18.1728,-79.12,-79.12
48332,180,3.1692,18.1728,-79.12,-79.12
48341,180,6.6809,18.1728,-79.12,-79.12
48341,180,6.6809,18.1728,-79.12,-79.12
48344,180,6.6809,18.6600,-79.12,-79.12
48344,180,6.6809,18.6600,-79.12,-79.12
48352,180,4.1970,18.6600,-79.12,-79.12
48352,180,4.1970,18.6600,-79.12,-79.12
48356,180,4.1970,18.6240,-79.12,-79.12
48356,180,4.1970,18.6240,-79.12,-79.12
48363,180,7.7944,18.6240,-79.12,-79.12
48363,180,7.7944,18.6240,-79.12,-79.12
48367,180,7.7944,17.9923,-79.12,-79.12
48367,180,7.7944,17.9923,-79.12,-79.12
48374,180,7.2805,17.9923,-79.12,-79.12
48374,180,7.2805,17.9923,-79.12,-79.12
48379,180,7.2805,18.7638,-79.12,-79.12
48379,180,7.2805,18.7638,-79.12,-79.12
48385,180,8.9079,18.7638,-79.12,-79.12
48385,180,8.9079,18.7638,-79.12,-79.12
48391,180,8.9079,18.1367,-79.12,-79.12
48391,180,8.9079,18.1367,-79.12,-79.12
48396,180,2.4839,18.1367,-79.12,-77.68
48396,180,2.4839,18.1367,-79.12,-79.12
48403,180,2.4839,18.2811,-79.12,-79.12
48403,180,2.4839,18.2811,-79.12,-79.12
48407,180,4.9679,18.2811,-79.12,-79.12
48407,180,4.9679,18.2811,-77.68,-79.12
48415,180,4.9679,18.3578,-79.12,-79.12
48415,180,4.9679,18.3578,-79.12,-79.12
48418,180,0.0000,18.3578,-79.12,-77.68
48418,180,0.0000,18.3578,-79.12,-79.12
48426,180,0.0000,18.4164,-79.12,-79.12
48427,180,0.0000,18.4164,-79.12,-79.12
48429,180,-0.0857,18.4164,-79.12,-79.12
48429,180,-0.0857,18.4164,-79.12,-79.12
48438,180,-0.0857,18.7007,-79.12,-79.12
48438,180,-0.0857,18.7007,-79.12,-79.12
48440,180,1.6274,18.7007,-79.12,-79.12
48440,180,1.6274,18.7007,-79.12,-79.12
48450,180,1.6274,17.9968,-79.12,-79.12
48450,180,1.6274,17.9968,-79.12,-79.12
48451,180,-3.8544,17.9968,-79.12,-79.12
48451,180,-3.8544,17.9968,-79.12,-79.12
48462,180,-3.8544,18.6691,-79.12,-79.12
48462,180,-3.8544,18.6691,-79.12,-79.12
48462,180,1.7131,18.6691,-79.12,-79.12
48462,180,1.7131,18.6691,-79.12,-79.12
48473,180,2.7409,18.6691,-79.12,-79.12
48473,180,2.7409,18.6691,-79.12,-79.12
48474,180,2.7409,18.3803,-79.12,-79.12
48474,180,2.7409,18.3803,-79.12,-79.12
48484,180,5.3105,18.3803,-79.12,-79.12
48484,180,5.3105,18.3803,-79.12,-79.12
48486,180,5.3105,18.7728,-79.12,-79.12
48486,180,5.3105,18.7728,-79.12,-79.12
48495,180,2.9122,18.7728,-79.12,-79.12
48495,180,2.9122,18.7728,-79.12,-79.12
48497,180,2.9122,18.6961,-79.12,-79.12
48498,180,2.9122,18.6961,-79.12,-79.12
48506,180,11.2206,18.6961,-79.12,-79.12
48506,180,11.2206,18.6961,-79.12,-79.12
48509,180,11.2206,17.6134,-79.12,-79.12
48509,180,11.2206,17.6134,-79.12,-79.12
48517,180,5.9101,17.6134,-79.12,-79.12
48517,180,5.9101,17.6134,-79.12,-79.12
48521,180,5.9101,18.2269,-79.12,-79.12
48521,180,5.9101,18.2269,-79.12,-79.12
48528,180,0.7709,18.2269,-79.12,-79.12
48528,180,0.7709,18.2269,-79.12,-79.12
48533,180,0.7709,18.5247,-79.12,-79.12
48533,180,0.7709,18.5247,-79.12,-79.12
48539,180,-1.7131,18.5247,-79.12,-77.68
48539,180,-1.7131,18.5247,-79.12,-79.12
48545,180,-1.7131,18.4164,-79.12,-77.68
48545,180,-1.7131,18.4164,-79.12,-79.12
48550,180,0.1713,18.4164,-79.12,-79.12
48550,180,0.1713,18.4164,-79.12,-79.12
48557,180,0.1713,18.7277,-79.12,-79.12
48557,180,0.1713,18.7277,-79.12,-79.12
48561,180,2.0557,18.7277,-79.12,-79.12
48561,180,2.0557,18.7277,-79.12,-79.12
48568,180,2.0557,18.5518,-79.12,-79.12
48568,180,2.0557,18.5518,-79.12,-79.12
48572,180,1.4561,18.5518,-79.12,-79.12
48572,180,1.4561,18.5518,-79.12,-79.12
48580,180,1.4561,19.0074,-79.12,-79.12
48580,180,1.4561,19.0074,-79.12,-79.12
48583,180,5.7388,19.0074,-79.12,-79.12
48583,180,5.7388,19.0074,-79.12,-79.12
48592,180,5.7388,18.3668,-79.12,-79.12
48592,180,5.7388,18.3668,-79.12,-79.12
48594,180,0.3426,18.3668,-79.12,-79.12
48594,180,0.3426,18.3668,-79.12,-79.12
48604,180,0.3426,18.5247,-79.12,-79.12
48604,180,0.3426,18.5247,-79.12,-79.12
48605,180,5.8244,18.5247,-79.12,-79.12
48605,180,5.8244,18.5247,-79.12,-79.12
48616,180,5.8244,18.4164,-79.12,-79.12
48616,180,-1.3704,18.4164,-79.12,-79.12
48616,180,-1.3704,18.4164,-79.12,-79.12
48627,180,2.2270,18.4164,-79.12,-79.12
48627,180,2.2270,18.4164,-79.12,-79.12
48628,180,2.2270,18.1638,-79.12,-79.12
48628,180,2.2270,18.1638,-79.12,-79.12
48638,180,0.8565,18.1638,-79.12,-79.12
48638,180,0.8565,18.1638,-79.12,-79.12
48639,180,0.8565,19.0029,-79.12,-79.12
48639,180,0.8565,19.0029,-79.12,-79.12
48649,180,3.0835,19.0029,-79.12,-79.12
48649,180,3.0835,19.0029,-79.12,-79.12
48651,180,3.0835,18.3487,-79.12,-79.12
48651,180,3.0835,18.3487,-79.12,-79.12
48660,180,0.8565,18.3487,-79.12,-79.12
48660,180,0.8565,18.3487,-79.12,-79.12
48663,180,0.8565,18.6691,-79.12,-79.12
48663,180,0.8565,18.6691,-79.12,-79.12
48671,180,-0.4283,18.6691,-79.12,-79.12
48671,180,-0.4283,18.6691,-79.12,-79.12
48675,180,-0.4283,18.7322,-79.12,-79.12
48675,180,-0.4283,18.7322,-79.12,-79.12
48682,180,1.9700,18.7322,-79.12,-79.12
48682,180,1.9700,18.7322,-79.12,-79.12
48687,180,1.9700,18.4300,-79.12,-79.12
48687,180,1.9700,18.4300,-79.12,-79.12
48693,180,0.1713,18.4300,-79.12,-79.12
48693,180,0.1713,18.4300,-79.12,-77.68
48699,180,0.1713,18.4300,-79.12,-79.12
48699,180,0.1713,18.4300,-79.12,-79.12
48704,180,3.6831,18.4300,-79.12,-79.12
48704,180,3.6831,18.4300,-79.12,-79.12
48710,180,3.6831,17.7216,-79.12,-79.12
48710,180,3.6831,17.7216,-79.12,-79.12
48715,180,-2.3983,17.7216,-79.12,-79.12
48715,180,-2.3983,17.7216,-79.12,-79.12
48722,180,-2.3983,18.4209,-79.12,-79.12
48722,180,-2.3983,18.4209,-79.12,-79.12
48726,180,1.1991,18.4209,-79.12,-79.12
48726,180,1.1991,18.4209,-79.12,-79.12
48734,180,1.1991,18.2314,-79.12,-79.12
48734,180,1.1991,18.2314,-79.12,-79.12
48737,180,-2.2270,18.2314,-79.12,-79.12
48737,180,-2.2270,18.2314,-79.12,-79.12
48746,180,-2.2270,18.4164,-79.12,-79.12
48746,180,-2.2270,18.4164,-79.12,-79.12
48747,180,-7.2805,18.4164,-79.12,-79.12
48748,180,-7.2805,18.4164,-79.12,-79.12
48758,180,-7.2805,18.9488,-79.12,-77.68
48758,180,-7.2805,18.9488,-79.12,-79.12
48758,180,-5.7388,18.9488,-79.12,-79.12
48759,180,-5.7388,18.9488,-79.12,-79.12
48769,180,-2.6552,18.9488,-79.12,-79.12
48770,180,-2.6552,17.9653,-79.12,-79.12
48770,180,-2.6552,17.9653,-79.12,-79.12
48780,180,1.0278,17.9653,-79.12,-79.12
48781,180,1.0278,17.9653,-79.12,-79.12
48781,180,1.0278,19.0841,-79.12,-79.12
48781,180,1.0278,19.0841,-79.12,-79.12
48791,180,-3.7687,19.0841,-79.12,-79.12
48791,180,-3.7687,19.0841,-79.12,-77.68
48793,180,-3.7687,18.9353,-79.12,-79.12
48793,180,-3.7687,18.9353,-79.12,-79.12
48802,180,-2.8266,18.9353,-79.12,-79.12
48802,180,-2.8266,18.9353,-79.12,-79.12
48805,180,-2.8266,18.5382,-79.12,-79.12
48805,180,-2.8266,18.5382,-79.12,-79.12
48813,180,-1.7131,18.5382,-79.12,-79.12
48813,180,-1.7131,18.5382,-79.12,-79.12
48817,180,-1.7131,18.7819,-79.12,-79.12
48817,180,-1.7131,18.7819,-79.12,-79.12
48824,180,5.9957,18.7819,-79.12,-79.12
48824,180,5.9957,18.7819,-77.68,-79.12
48829,180,5.9957,18.3848,-79.12,-79.12
48829,180,5.9957,18.3848,-79.12,-79.12
48835,180,-3.1692,18.3848,-79.12,-79.12
48835,180,-3.1692,18.3848,-79.12,-79.12
48841,180,-3.1692,18.9172,-79.12,-79.12
48841,180,-3.1692,18.9172,-79.12,-79.12
48846,180,4.5396,18.9172,-79.12,-79.12
48846,180,4.5396,18.9172,-79.12,-79.12
48852,180,4.5396,18.5563,-79.12,-79.12
48852,180,4.5396,18.5563,-79.12,-79.12
48857,180,2.9979,18.5563,-79.12,-79.12
48857,180,2.9979,18.5563,-79.12,-79.12
48864,180,2.9979,18.3533,-79.12,-79.12
48864,180,2.9979,18.3533,-79.12,-79.12
48868,180,7.5375,18.3533,-79.12,-79.12
48868,180,7.5375,18.3533,-79.12,-79.12
48876,180,7.5375,18.2450,-79.12,-79.12
48876,180,7.5375,18.2450,-79.12,-79.12
48879,180,6.6809,18.2450,-79.12,-79.12
48879,180,6.6809,18.2450,-79.12,-79.12
48888,180,6.6809,18.2314,-79.12,-79.12
48888,180,6.6809,18.2314,-79.12,-79.12
48890,180,1.8844,18.2314,-79.12,-79.12
48890,180,1.8844,18.2314,-79.12,-79.12
48900,180,1.8844,19.4000,-79.12,-79.12
48900,180,1.8844,19.4000,-79.12,-77.68
48901,180,9.1649,19.4000,-79.12,-79.12
48901,180,9.1649,19.4000,-79.12,-77.68
48911,180,9.1649,18.4164,-79.12,-79.12
48912,180,9.1649,18.4164,-79.12,-79.12
48912,180,7.6231,18.4164,-79.12,-79.12
48912,180,7.6231,18.4164,-79.12,-79.12
48923,180,3.8544,18.4164,-79.12,-79.12
48923,180,3.8544,18.4164,-79.12,-79.12
48923,180,3.8544,18.1502,-79.12,-79.12
48923,180,3.8544,18.1502,-79.12,-79.12
48934,180,-4.8822,18.1502,-77.68,-79.12
48934,180,-4.8822,18.1502,-79.12,-79.12
48935,180,-4.8822,18.3668,-79.12,-79.12
48935,180,-4.8822,18.3668,-79.12,-79.12
48945,180,-0.9422,18.3668,-79.12,-79.12
48945,180,-0.9422,18.3668,-79.12,-79.12
48947,180,-0.9422,18.1006,-79.12,-79.12
48947,180,-0.9422,18.1006,-79.12,-79.12
48956,180,-0.9422,18.1006,-79.12,-79.12
48956,180,-0.9422,18.1006,-79.12,-79.12
48959,180,-0.9422,18.5473,-79.12,-79.12
48959,180,-0.9422,18.5473,-79.12,-79.12
48967,180,10.6210,18.5473,-79.12,-79.12
48967,180,10.6210,18.5473,-79.12,-79.12
48971,180,10.6210,18.2314,-79.12,-79.12
48971,180,10.6210,18.2314,-79.12,-79.12
48978,180,7.7944,18.2314,-79.12,-79.12
48978,180,7.7944,18.2314,-79.12,-79.12
48982,180,7.7944,18.8044,-79.12,-79.12
48983,180,7.7944,18.8044,-79.12,-79.12
48989,180,5.3105,18.8044,-79.12,-79.12
48989,180,5.3105,18.8044,-79.12,-79.12
48994,180,5.3105,18.7232,-79.12,-79.12
48994,180,5.3105,18.7232,-79.12,-79.12
49000,180,-2.4839,18.7232,-79.12,-79.12
49000,180,-2.4839,18.7232,-79.12,-79.12
49006,180,-2.4839,19.1383,-79.12,-79.12
49006,180,-2.4839,19.1383,-79.12,-79.12
49011,180,-10.9636,19.1383,-79.12,-79.12
49011,180,-10.9636,19.1383,-79.12,-79.12
49018,180,-10.9636,19.2691,-79.12,-79.12
49018,180,-10.9636,19.2691,-79.12,-79.12
49022,180,-5.7388,19.2691,-79.12,-79.12
49022,180,-5.7388,19.2691,-79.12,-79.12
49030,180,-5.7388,18.3713,-79.12,-79.12
49030,180,-5.7388,18.3713,-79.12,-79.12
49033,180,-6.9379,18.3713,-79.12,-79.12
49033,180,-6.9379,18.3713,-79.12,-79.12
49042,180,-6.9379,19.0074,-79.12,-79.12
49042,180,-6.9379,19.0074,-79.12,-79.12
49044,180,-7.2805,19.0074,-79.12,-79.12
49044,180,-7.2805,19.0074,-79.12,-79.12
49053,180,-7.2805,18.6420,-79.12,-79.12
49054,180,-7.2805,18.6420,-79.12,-79.12
49055,180,1.3704,18.6420,-79.12,-79.12
49055,180,1.3704,18.6420,-79.12,-79.12
49065,180,1.3704,18.5924,-79.12,-79.12
49065,180,1.3704,18.5924,-79.12,-79.12
49066,180,7.2805,18.5924,-79.12,-79.12
49066,180,7.2805,18.5924,-79.12,-79.12
49077,180,1.6274,18.5924,-79.12,-79.12
49077,180,1.6274,18.5924,-79.12,-79.12
49077,180,1.6274,18.8044,-79.12,-79.12
49077,180,1.6274,18.8044,-79.12,-79.12
49088,180,1.3704,18.8044,-79.12,-79.12
49088,180,1.3704,18.8044,-79.12,-79.12
49089,180,1.3704,18.6285,-79.12,-79.12
49089,180,1.3704,18.6285,-79.12,-77.68
49099,180,5.7388,18.6285,-79.12,-79.12
49099,180,5.7388,18.6285,-79.12,-79.12
49101,180,5.7388,19.1563,-79.12,-79.12
49101,180,5.7388,19.1563,-79.12,-79.12
49110,180,7.6231,19.1563,-79.12,-79.12
49110,180,7.6231,19.1563,-79.12,-79.12
49113,180,7.6231,18.8225,-79.12,-79.12
49113,180,7.6231,18.8225,-79.12,-79.12
49121,180,4.7966,18.8225,-79.12,-79.12
49121,180,4.7966,18.8225,-79.12,-79.12
49124,180,4.7966,18.3307,-79.12,-79.12
49125,180,4.7966,18.3307,-79.12,-79.12
49132,180,-6.2527,18.3307,-79.12,-79.12
49132,180,-6.2527,18.3307,-79.12,-79.12
49136,180,-6.2527,18.6194,-79.12,-79.12
49136,180,-6.2527,18.6194,-79.12,-79.12
49143,180,0.6852,18.6194,-79.12,-79.12
49143,180,0.6852,18.6194,-79.12,-79.12
49148,180,0.6852,18.2314,-79.12,-77.68
49148,180,0.6852,18.2314,-79.12,-79.12
49154,180,3.6831,18.2314,-79.12,-79.12
49154,180,3.6831,18.2314,-79.12,-79.12
49160,180,3.6831,19.1293,-79.12,-79.12
49160,180,3.6831,19.1293,-79.12,-79.12
49165,180,4.7109,19.1293,-77.68,-77.68
49165,180,4.7109,19.1293,-79.12,-79.12
49172,180,4.7109,18.4931,-79.12,-79.12
49172,180,4.7109,18.4931,-79.12,-79.12
49176,180,0.4283,18.4931,-79.12,-79.12
49176,180,0.4283,18.4931,-79.12,-79.12
49184,180,0.4283,18.7954,-79.12,-77.68
49184,180,0.4283,18.7954,-79.12,-79.12
49187,180,-0.5139,18.7954,-79.12,-79.12
49187,180,-0.5139,18.7954,-79.12,-79.12
49195,180,-0.5139,18.7007,-79.12,-79.12
49196,180,-0.5139,18.7007,-79.12,-79.12
49197,180,-2.0557,18.7007,-79.12,-77.68
49198,180,-2.0557,18.7007,-79.12,-79.12
49207,180,-2.0557,17.7216,-79.12,-79.12
49207,180,-2.0557,17.7216,-79.12,-79.12
49208,180,1.7131,17.7216,-79.12,-79.12
49209,180,1.7131,17.7216,-79.12,-79.12
49219,180,1.7131,18.4931,-79.12,-79.12
49219,180,1.7131,18.4931,-79.12,-79.12
49219,180,0.0857,18.4931,-79.12,-79.12
49220,180,0.0857,18.4931,-79.12,-79.12
49230,180,1.9700,18.4931,-79.12,-79.12
49231,180,1.9700,18.4931,-79.12,-79.12
49231,180,1.9700,18.4931,-79.12,-79.12
49231,180,1.9700,18.4931,-79.12,-79.12
49241,180,2.0557,18.4931,-79.12,-77.68
49241,180,2.0557,18.4931,-79.12,-79.12
49243,180,2.0557,18.6600,-79.12,-79.12
49243,180,2.0557,18.6600,-79.12,-79.12
49252,180,-9.7645,18.6600,-79.12,-79.12
49252,180,-9.7645,18.6600,-79.12,-79.12
49255,180,-9.7645,18.2811,-79.12,-79.12
49255,180,-9.7645,18.2811,-79.12,-79.12
49263,180,-2.1413,18.2811,-79.12,-79.12
49263,180,-2.1413,18.2811,-79.12,-79.12
49266,180,-2.1413,18.4345,-79.12,-79.12
49267,180,-2.1413,18.4345,-79.12,-79.12
49274,180,2.0557,18.4345,-79.12,-79.12
49274,180,2.0557,18.4345,-79.12,-79.12
49278,180,2.0557,18.8992,-79.12,-79.12
49278,180,2.0557,18.8992,-79.12,-79.12
49285,180,1.7131,18.8992,-79.12,-79.12
49285,180,1.7131,18.8992,-79.12,-79.12
49290,180,1.7131,18.1954,-79.12,-79.12
49290,180,1.7131,18.1954,-79.12,-79.12
49296,180,-2.9979,18.1954,-79.12,-79.12
49296,180,-2.9979,18.1954,-79.12,-79.12
49302,180,-2.9979,18.5788,-79.12,-79.12
49302,180,-2.9979,18.5788,-79.12,-79.12
49307,180,-0.5139,18.5788,-79.12,-79.12
49307,180,-0.5139,18.5788,-79.12,-79.12
49314,180,-0.5139,18.4841,-79.12,-79.12
49314,180,-0.5139,18.4841,-79.12,-79.12
49318,180,3.5974,18.4841,-79.12,-79.12
49318,180,3.5974,18.4841,-79.12,-79.12
49326,180,3.5974,18.4841,-79.12,-79.12
49326,180,3.5974,18.4841,-79.12,-79.12
49329,180,11.0493,18.4841,-79.12,-79.12
49329,180,11.0493,18.4841,-79.12,-79.12
49337,180,11.0493,18.9668,-79.12,-79.12
49337,180,11.0493,18.9668,-79.12,-79.12
49340,180,2.3126,18.9668,-79.12,-79.12
49340,180,2.3126,18.9668,-79.12,-79.12
49349,180,2.3126,18.1141,-79.12,-79.12
49349,180,2.3126,18.1141,-79.12,-79.12
49351,180,3.4261,18.1141,-79.12,-79.12
49351,180,3.4261,18.1141,-79.12,-79.12
49361,180,3.4261,18.6014,-79.12,-79.12
49361,180,3.4261,18.6014,-79.12,-79.12
49362,180,4.7966,18.6014,-79.12,-79.12
49362,180,4.7966,18.6014,-79.12,-79.12
49373,180,4.7966,18.4254,-79.12,-79.12
49373,180,4.7966,18.4254,-79.12,-79.12
49373,180,1.9700,18.4254,-79.12,-79.12
49373,180,1.9700,18.4254,-79.12,-79.12
49384,180,5.2248,18.4254,-79.12,-79.12
49384,180,5.2248,18.4254,-79.12,-79.12
49385,180,5.2248,18.2766,-79.12,-79.12
49385,180,5.2248,18.2766,-79.12,-79.12
49395,180,-4.0257,18.2766,-79.12,-79.12
49395,180,-4.0257,18.2766,-77.68,-79.12
49397,180,-4.0257,18.4751,-79.12,-79.12
49406,180,1.5418,18.4751,-79.12,-79.12
49406,180,1.5418,18.4751,-79.12,-79.12
49408,180,1.5418,17.9517,-79.12,-79.12
49408,180,1.5418,17.9517,-79.12,-79.12
49417,180,-1.7131,17.9517,-79.12,-79.12
49417,180,-1.7131,17.9517,-79.12,-79.12
49420,180,-1.7131,18.8405,-79.12,-79.12
49420,180,-1.7131,18.8405,-79.12,-79.12
49428,180,1.7987,18.8405,-79.12,-79.12
49428,180,1.7987,18.8405,-79.12,-79.12
49432,180,1.7987,18.6240,-79.12,-79.12
49432,180,1.7987,18.6240,-79.12,-79.12
49439,180,5.9957,18.6240,-79.12,-79.12
49439,180,5.9957,18.6240,-79.12,-79.12
49444,180,5.9957,18.7638,-79.12,-79.12
49444,180,5.9957,18.7638,-79.12,-79.12
49450,180,-0.6852,18.7638,-79.12,-79.12
49450,180,-0.6852,18.7638,-79.12,-79.12
49456,180,-0.6852,18.6826,-79.12,-79.12
49456,180,-0.6852,18.6826,-79.12,-79.12
49461,180,-5.9957,18.6826,-79.12,-79.12
49461,180,-5.9957,18.6826,-79.12,-79.12
49468,180,-5.9957,18.1367,-79.12,-77.68
49468,180,-5.9957,18.1367,-79.12,-79.12
49472,180,-0.5996,18.1367,-79.12,-79.12
49472,180,-0.5996,18.1367,-79.12,-79.12
49479,180,-0.5996,18.7728,-79.12,-79.12
49479,180,-0.5996,18.7728,-79.12,-79.12
49483,180,7.5375,18.7728,-79.12,-79.12
49483,180,7.5375,18.7728,-79.12,-79.12
49491,180,7.5375,18.4390,-79.12,-79.12
49491,180,7.5375,18.4390,-79.12,-79.12
49494,180,-2.0557,18.4390,-79.12,-79.12
49494,180,-2.0557,18.4390,-79.12,-79.12
49503,180,-2.0557,18.7458,-79.12,-79.12
49503,180,-2.0557,18.7458,-79.12,-79.12
49505,180,2.1413,18.7458,-79.12,-79.12
49505,180,2.1413,18.7458,-79.12,-79.12
49515,180,2.1413,18.5247,-79.12,-79.12
49515,180,2.1413,18.5247,-79.12,-79.12
49516,180,7.2805,18.5247,-79.12,-79.12
49516,180,7.2805,18.5247,-79.12,-79.12
49527,180,7.2805,18.2269,-79.12,-79.12
49527,180,7.9657,18.2269,-79.12,-79.12
49527,180,7.9657,18.2269,-79.12,-79.12
49538,180,5.6531,18.2269,-79.12,-79.12
49538,180,5.6531,18.2269,-79.12,-79.12
49539,180,5.6531,18.0239,-79.12,-79.12
49539,180,5.6531,18.0239,-79.12,-79.12
49549,180,5.7388,18.0239,-79.12,-79.12
49549,180,5.7388,18.0239,-79.12,-79.12
49550,180,5.7388,17.4825,-79.12,-79.12
49550,180,5.7388,17.4825,-79.12,-79.12
49560,180,-0.0857,17.4825,-79.12,-77.68
49560,180,-0.0857,17.4825,-79.12,-79.12
49562,180,-0.0857,18.4841,-79.12,-79.12
49562,180,-0.0857,18.4841,-79.12,-79.12
49571,180,-2.9122,18.4841,-79.12,-79.12
49571,180,-2.9122,18.4841,-79.12,-79.12
49574,180,-2.9122,18.3623,-79.12,-79.12
49574,180,-2.9122,18.3623,-79.12,-79.12
49582,180,10.9636,18.3623,-79.12,-79.12
49582,180,10.9636,18.3623,-79.12,-79.12
49586,180,10.9636,18.2089,-79.12,-79.12
49586,180,10.9636,18.2089,-79.12,-79.12
49593,180,5.7388,18.2089,-79.12,-79.12
49593,180,5.7388,18.2089,-79.12,-79.12
49598,180,5.7388,18.0239,-79.12,-79.12
49598,180,5.7388,18.0239,-79.12,-79.12
49604,180,0.1713,18.0239,-79.12,-79.12
49604,180,0.1713,18.0239,-77.68,-79.12
49610,180,0.1713,17.7081,-79.12,-79.12
49610,180,0.1713,17.7081,-79.12,-79.12
49615,180,0.5139,17.7081,-79.12,-79.12
49615,180,0.5139,17.7081,-79.12,-79.12
49621,180,0.5139,18.5067,-79.12,-79.12
49621,180,0.5139,18.5067,-79.12,-79.12
49626,180,5.3961,18.5067,-79.12,-79.12
49626,180,5.3961,18.5067,-79.12,-79.12
49633,180,5.3961,18.2991,-79.12,-79.12
49633,180,5.3961,18.2991,-79.12,-79.12
49637,180,-1.4561,18.2991,-79.12,-79.12
49637,180,-1.4561,18.2991,-79.12,-79.12
49645,180,-1.4561,18.3578,-79.12,-79.12
49645,180,-1.4561,18.3578,-79.12,-79.12
49647,180,0.7709,18.3578,-79.12,-79.12
49648,180,0.7709,18.3578,-79.12,-79.12
49657,180,0.7709,18.2314,-79.12,-79.12
49657,180,0.7709,18.2314,-79.12,-79.12
49658,180,1.5418,18.2314,-79.12,-79.12
49659,180,1.5418,18.2314,-77.68,-79.12
49669,180,1.5418,17.6269,-79.12,-79.12
49669,180,1.5418,17.6269,-79.12,-79.12
49669,180,0.2570,17.6269,-79.12,-79.12
49669,180,0.2570,17.6269,-79.12,-79.12
49680,180,1.5418,17.6269,-79.12,-79.12
49680,180,1.5418,18.4119,-79.12,-79.12
49681,180,1.5418,18.4119,-79.12,-79.12
49691,180,-5.8244,18.4119,-79.12,-79.12
49691,180,-5.8244,18.4119,-79.12,-79.12
49692,180,-5.8244,17.9653,-79.12,-79.12
49692,180,-5.8244,17.9653,-79.12,-79.12
49702,180,-2.7409,17.9653,-79.12,-79.12
49702,180,-2.7409,17.9653,-79.12,-79.12
49704,180,-2.7409,17.7893,-79.12,-79.12
49704,180,-2.7409,17.7893,-79.12,-79.12
49713,180,1.6274,17.7893,-79.12,-79.12
49713,180,1.6274,17.7893,-79.12,-79.12
49716,180,1.6274,17.8615,-79.12,-79.12
49716,180,1.6274,17.8615,-79.12,-79.12
49724,180,5.9101,17.8615,-79.12,-79.12
49724,180,5.9101,17.8615,-79.12,-79.12
49728,180,5.9101,17.6540,-79.12,-79.12
49728,180,5.9101,17.6540,-79.12,-79.12
49735,180,-0.3426,17.6540,-79.12,-79.12
49735,180,-0.3426,17.6540,-79.12,-79.12
49740,180,-0.3426,18.0600,-79.12,-79.12
49740,180,-0.3426,18.0600,-79.12,-79.12
49746,180,2.9122,18.0600,-79.12,-79.12
49746,180,2.9122,18.0600,-79.12,-79.12
49751,180,2.9122,17.6043,-79.12,-79.12
49752,180,2.9122,17.6043,-79.12,-79.12
49757,180,-7.6231,17.6043,-79.12,-79.12
49757,180,-7.6231,17.6043,-79.12,-79.12
49763,180,-7.6231,18.0239,-79.12,-79.12
49763,180,-7.6231,18.0239,-77.68,-79.12
49768,180,-6.5953,18.0239,-79.12,-79.12
49768,180,-6.5953,18.0239,-79.12,-79.12
49775,180,-6.5953,18.1547,-79.12,-79.12
49775,180,-6.5953,18.1547,-79.12,-79.12
49779,180,0.6852,18.1547,-79.12,-79.12
49779,180,0.6852,18.1547,-79.12,-79.12
49787,180,0.6852,18.0059,-79.12,-79.12
49787,180,0.6852,18.0059,-79.12,-79.12
49790,180,4.1113,18.0059,-79.12,-79.12
49790,180,4.1113,18.0059,-79.12,-79.12
49799,180,4.1113,18.2134,-79.12,-79.12
49799,180,4.1113,18.2134,-79.12,-79.12
49801,180,6.5953,18.2134,-79.12,-79.12
49801,180,6.5953,18.2134,-79.12,-79.12
49811,180,6.5953,17.7532,-79.12,-79.12
49811,180,6.5953,17.7532,-79.12,-79.12
49812,180,-0.6852,17.7532,-79.12,-79.12
49812,180,-0.6852,17.7532,-79.12,-79.12
49822,180,-0.6852,17.7848,-79.12,-79.12
49823,180,-0.6852,17.7848,-79.12,-79.12
49823,180,-2.8266,17.7848,-79.12,-79.12
49823,180,-2.8266,17.7848,-77.68,-79.12
49834,180,-1.4561,17.7848,-79.12,-79.12
49834,180,-1.4561,17.7848,-79.12,-79.12
49834,180,-1.4561,17.9698,-79.12,-79.12
49834,180,-1.4561,17.9698,-79.12,-79.12
49845,180,6.9379,17.9698,-79.12,-79.12
49845,180,6.9379,17.9698,-79.12,-77.68
49846,180,6.9379,18.3984,-79.12,-79.12
49846,180,6.9379,18.3984,-79.12,-79.12
49856,180,-1.7131,18.3984,-79.12,-79.12
49856,180,-1.7131,18.3984,-79.12,-79.12
49858,180,-1.7131,19.0526,-79.12,-79.12
49858,180,-1.7131,19.0526,-79.12,-77.68
49867,180,2.3983,19.0526,-79.12,-79.12
49867,180,2.3983,19.0526,-79.12,-79.12
49870,180,2.3983,17.7261,-79.12,-79.12
49870,180,2.3983,17.7261,-79.12,-79.12
49878,180,0.5996,17.7261,-79.12,-79.12
49878,180,0.5996,17.7261,-79.12,-79.12
49882,180,0.5996,18.3848,-79.12,-79.12
49882,180,0.5996,18.3848,-79.12,-79.12
49889,180,-2.4839,18.3848,-79.12,-79.12
49889,180,-2.4839,18.3848,-79.12,-79.12
49893,180,-2.4839,18.4029,-79.12,-77.68
49893,180,-2.4839,18.4029,-79.12,-79.12
49900,180,0.5996,18.4029,-79.12,-79.12
49900,180,0.5996,18.4029,-79.12,-79.12
49905,180,0.5996,18.3036,-79.12,-79.12
49905,180,0.5996,18.3036,-79.12,-79.12
49911,180,-6.6809,18.3036,-79.12,-79.12
49911,180,-6.6809,18.3036,-79.12,-79.12
49917,180,-6.6809,18.5924,-79.12,-79.12
49917,180,-6.6809,18.5924,-79.12,-79.12
49922,180,-0.9422,18.5924,-79.12,-79.12
49922,180,-0.9422,18.5924,-79.12,-79.12
49929,180,-0.9422,18.3939,-79.12,-79.12
49929,180,-0.9422,18.3939,-79.12,-79.12
49933,180,-7.7088,18.3939,-79.12,-79.12
49933,180,-7.7088,18.3939,-79.12,-79.12
49941,180,-7.7088,19.0255,-79.12,-79.12
49941,180,-7.7088,19.0255,-79.12,-79.12
49944,180,1.4561,19.0255,-79.12,-79.12
49944,180,1.4561,19.0255,-79.12,-79.12
49953,180,1.4561,18.2179,-79.12,-77.68
49953,180,1.4561,18.2179,-79.12,-79.12
49955,180,5.2248,18.2179,-79.12,-79.12
49955,180,5.2248,18.2179,-79.12,-79.12
49964,180,5.2248,18.2540,-79.12,-79.12
49964,180,5.2248,18.2540,-79.12,-79.12
49966,180,6.2527,18.2540,-79.12,-79.12
49966,180,6.2527,18.2540,-79.12,-79.12
49976,180,6.2527,18.3848,-79.12,-79.12
49976,180,6.2527,18.3848,-79.12,-79.12
49977,180,-2.5696,18.3848,-79.12,-79.12
49977,180,-2.5696,18.3848,-79.12,-77.68
49988,180,-0.7709,18.3848,-79.12,-79.12
49988,180,-0.7709,18.3848,-79.12,-79.12
49988,180,-0.7709,17.4870,-79.12,-79.12
49988,180,-0.7709,17.4870,-79.12,-79.12
49999,180,-4.1970,17.4870,-79.12,-79.12
49999,180,-4.1970,17.4870,-79.12,-79.12
50000,180,-4.1970,18.4661,-79.12,-79.12
50000,180,-4.1970,18.4661,-79.12,-79.12
50010,180,-1.8844,18.4661,-79.12,-79.12
50010,180,-1.8844,18.4661,-79.12,-79.12
50012,180,-1.8844,18.0014,-79.12,-79.12
50012,180,-1.8844,18.0014,-79.12,-79.12
50021,180,2.9122,18.0014,-79.12,-79.12
50021,180,2.9122,18.0014,-79.12,-79.12
50024,180,2.9122,18.2405,-79.12,-79.12
50024,180,2.9122,18.2405,-79.12,-79.12
50032,180,-3.0835,18.2405,-79.12,-79.12
50032,180,-3.0835,18.2405,-79.12,-79.12
50035,180,-3.0835,18.3397,-79.12,-79.12
50035,180,-3.0835,18.3397,-79.12,-79.12
50043,180,-3.5974,18.3397,-79.12,-79.12
50043,180,-3.5974,18.3397,-79.12,-79.12
50047,180,-3.5974,17.7442,-79.12,-79.12
50047,180,-3.5974,17.7442,-79.12,-79.12
50054,180,-7.5375,17.7442,-79.12,-77.68
50054,180,-7.5375,17.7442,-79.12,-79.12
50059,180,-7.5375,18.2134,-79.12,-79.12
50059,180,-7.5375,18.2134,-79.12,-79.12
50065,180,2.1413,18.2134,-79.12,-79.12
50065,180,2.1413,18.2134,-79.12,-79.12
50071,180,2.1413,17.8750,-79.12,-79.12
50071,180,2.1413,17.8750,-79.12,-79.12
50076,180,2.9122,17.8750,-79.12,-79.12
50076,180,2.9122,17.8750,-79.12,-79.12
50083,180,2.9122,18.2044,-79.12,-79.12
50083,180,2.9122,18.2044,-79.12,-79.12
50086,180,6.6809,18.2044,-79.12,-79.12
50087,180,6.6809,18.2044,-79.12,-79.12
50095,180,6.6809,18.1863,-79.12,-79.12
50095,180,6.6809,18.1863,-79.12,-79.12
50097,180,2.0557,18.1863,-79.12,-79.12
50098,180,2.0557,18.1863,-79.12,-79.12
50106,180,2.0557,18.1141,-79.12,-79.12
50106,180,2.0557,18.1141,-79.12,-79.12
50108,180,3.6831,18.1141,-79.12,-79.12
50109,180,3.6831,18.1141,-79.12,-79.12
50118,180,3.6831,18.6781,-79.12,-79.12
50118,180,3.6831,18.6781,-79.12,-79.12
50119,180,6.7666,18.6781,-79.12,-79.12
50120,180,6.7666,18.6781,-77.68,-79.12
50130,180,6.7666,18.0014,-79.12,-79.12
50130,180,6.7666,18.0014,-79.12,-79.12
50130,180,5.7388,18.0014,-79.12,-79.12
50130,180,5.7388,18.0014,-79.12,-79.12
50141,180,3.5974,18.0014,-79.12,-79.12
50141,180,3.5974,18.0014,-79.12,-77.68
50142,180,3.5974,18.5427,-79.12,-79.12
50142,180,3.5974,18.5427,-77.68,-79.12
50152,180,-6.5096,18.5427,-79.12,-79.12
50152,180,-6.5096,18.5427,-79.12,-79.12
50154,180,-6.5096,18.3984,-79.12,-79.12
50154,180,-6.5096,18.3984,-79.12,-79.12
50163,180,-1.0278,18.3984,-79.12,-79.12
50163,180,-1.0278,18.3984,-79.12,-79.12
50165,180,-1.0278,17.9698,-79.12,-79.12
50166,180,-1.0278,17.9698,-79.12,-79.12
50174,180,-6.2527,17.9698,-79.12,-79.12
50174,180,-6.2527,17.9698,-79.12,-79.12
50177,180,-6.2527,17.9337,-79.12,-79.12
50177,180,-6.2527,17.9337,-79.12,-79.12
50185,180,9.1649,17.9337,-79.12,-79.12
50185,180,9.1649,17.9337,-79.12,-77.68
50189,180,9.1649,17.5051,-79.12,-79.12
50189,180,9.1649,17.5051,-79.12,-79.12
50196,180,2.3983,17.5051,-79.12,-79.12
50196,180,2.3983,17.5051,-79.12,-79.12
50201,180,2.3983,18.4706,-79.12,-79.12
50201,180,2.3983,18.4706,-77.68,-79.12
50207,180,-0.5996,18.4706,-79.12,-79.12
50207,180,-0.5996,18.4706,-79.12,-79.12
50213,180,-0.5996,18.1908,-79.12,-79.12
50213,180,-0.5996,18.1908,-79.12,-79.12
50218,180,-2.6552,18.1908,-77.68,-79.12
50218,180,-2.6552,18.1908,-79.12,-79.12
50225,180,-2.6552,18.4164,-79.12,-79.12
50225,180,-2.6552,18.4164,-79.12,-79.12
50229,180,-1.7987,18.4164,-79.12,-79.12
50229,180,-1.7987,18.4164,-79.12,-79.12
50236,180,-1.7987,18.6420,-79.12,-79.12
50237,180,-1.7987,18.6420,-79.12,-77.68
50240,180,3.5118,18.6420,-79.12,-79.12
50240,180,3.5118,18.6420,-79.12,-79.12
50248,180,3.5118,18.0826,-79.12,-79.12
50248,180,3.5118,18.0826,-79.12,-79.12
50251,180,4.7109,18.0826,-79.12,-79.12
50251,180,4.7109,18.0826,-79.12,-79.12
50260,180,4.7109,18.6149,-79.12,-79.12
50260,180,4.7109,18.6149,-79.12,-79.12
50262,180,3.4261,18.6149,-79.12,-79.12
50262,180,3.4261,18.6149,-79.12,-79.12
50272,180,3.4261,18.1096,-79.12,-79.12
50272,180,3.4261,18.1096,-79.12,-79.12
50273,180,-9.3362,18.1096,-79.12,-77.68
50273,180,-9.3362,18.1096,-79.12,-79.12
50284,180,-9.3362,18.0194,-79.12,-79.12
50284,180,-9.3362,18.0194,-79.12,-79.12
50284,180,-0.9422,18.0194,-79.12,-79.12
50284,180,-0.9422,18.0194,-79.12,-79.12
50295,180,2.9979,18.0194,-79.12,-79.12
50295,180,2.9979,18.0194,-79.12,-79.12
50296,180,2.9979,18.2946,-79.12,-79.12
50296,180,2.9979,18.2946,-79.12,-79.12
50306,180,7.5375,18.2946,-79.12,-79.12
50306,180,7.5375,18.2946,-79.12,-79.12
50307,180,7.5375,18.3127,-79.12,-79.12
50308,180,7.5375,18.3127,-79.12,-79.12
50317,180,2.9979,18.3127,-79.12,-79.12
50317,180,2.9979,18.3127,-79.12,-79.12
50319,180,2.9979,18.7232,-79.12,-79.12
50319,180,2.9979,18.7232,-79.12,-79.12
50328,180,-1.0278,18.7232,-79.12,-79.12
50328,180,-1.0278,18.7232,-79.12,-79.12
50331,180,-1.0278,18.1999,-79.12,-79.12
50331,180,-1.0278,18.1999,-79.12,-79.12
50339,180,1.1991,18.1999,-79.12,-79.12
50339,180,1.1991,18.1999,-79.12,-79.12
50343,180,1.1991,18.5021,-79.12,-79.12
50343,180,1.1991,18.5021,-79.12,-79.12
50350,180,-3.5974,18.5021,-79.12,-79.12
50350,180,-3.5974,18.5021,-79.12,-79.12
50355,180,-3.5974,18.6059,-79.12,-79.12
50355,180,-3.5974,18.6059,-79.12,-79.12
50361,180,0.6852,18.6059,-79.12,-79.12
50361,180,0.6852,18.6059,-79.12,-79.12
50367,180,0.6852,18.5067,-79.12,-79.12
50367,180,0.6852,18.5067,-79.12,-79.12
50372,180,-2.6552,18.5067,-79.12,-79.12
50372,180,-2.6552,18.5067,-79.12,-79.12
50378,180,-2.6552,18.7413,-79.12,-79.12
50378,180,-2.6552,18.7413,-79.12,-79.12
50383,180,5.0535,18.7413,-79.12,-79.12
50383,180,5.0535,18.7413,-79.12,-79.12
50390,180,5.0535,17.9968,-79.12,-79.12
50390,180,5.0535,17.9968,-79.12,-79.12
50394,180,5.2248,17.9968,-79.12,-79.12
50394,180,5.2248,17.9968,-79.12,-79.12
50402,180,5.2248,18.3758,-79.12,-79.12
50402,180,5.2248,18.3758,-79.12,-79.12
50405,180,-0.2570,18.3758,-79.12,-79.12
50405,180,-0.2570,18.3758,-79.12,-79.12
50414,180,-0.2570,17.7668,-79.12,-79.12
50414,180,-0.2570,17.7668,-79.12,-79.12
50416,180,0.6852,17.7668,-79.12,-79.12
50416,180,0.6852,17.7668,-79.12,-79.12
50426,180,0.6852,17.9562,-79.12,-79.12
50426,180,0.6852,17.9562,-79.12,-79.12
50427,180,1.1991,17.9562,-79.12,-79.12
50427,180,1.1991,17.9562,-79.12,-79.12
50438,180,1.1991,18.8631,-79.12,-79.12
50438,180,1.1991,18.8631,-79.12,-77.68
50438,180,0.1713,18.8631,-79.12,-79.12
50438,180,0.1713,18.8631,-77.68,-79.12
50449,180,-6.0814,18.8631,-79.12,-79.12
50449,180,-6.0814,18.8631,-79.12,-79.12
50449,180,-6.0814,18.2314,-79.12,-79.12
50449,180,-6.0814,18.2314,-79.12,-79.12
50460,180,6.5953,18.2314,-77.68,-79.12
50460,180,6.5953,18.2314,-79.12,-79.12
50461,180,6.5953,18.3442,-79.12,-79.12
50461,180,6.5953,18.3442,-79.12,-79.12
50471,180,4.9679,18.3442,-79.12,-79.12
50471,180,4.9679,18.3442,-79.12,-79.12
50473,180,4.9679,18.0284,-79.12,-79.12
50473,180,4.9679,18.0284,-79.12,-79.12
50482,180,4.1970,18.0284,-79.12,-79.12
50482,180,4.1970,18.0284,-79.12,-79.12
50485,180,4.1970,18.2450,-79.12,-79.12
50485,180,4.1970,18.2450,-79.12,-79.12
50493,180,-2.2270,18.2450,-79.12,-79.12
50493,180,-2.2270,18.2450,-79.12,-77.68
50497,180,-2.2270,18.5247,-79.12,-79.12
50497,180,-2.2270,18.5247,-79.12,-79.12
50504,180,7.5375,18.5247,-79.12,-79.12
50504,180,7.5375,18.5247,-79.12,-77.68
50509,180,7.5375,17.8344,-79.12,-79.12
50509,180,7.5375,17.8344,-79.12,-77.68
50515,180,-2.0557,17.8344,-79.12,-79.12
50515,180,-2.0557,17.8344,-79.12,-79.12
50520,180,-2.0557,18.6736,-79.12,-79.12
50520,180,-2.0557,18.6736,-79.12,-79.12
50526,180,-0.5139,18.6736,-79.12,-79.12
50526,180,-0.5139,18.6736,-79.12,-79.12
50532,180,-0.5139,18.6149,-79.12,-79.12
50532,180,-0.5139,18.6149,-79.12,-79.12
50536,180,6.2527,18.6149,-79.12,-79.12
50537,180,6.2527,18.6149,-79.12,-79.12
50544,180,6.2527,19.1157,-79.12,-79.12
50544,180,6.2527,19.1157,-79.12,-79.12
50547,180,5.9957,19.1157,-79.12,-79.12
50548,180,5.9957,19.1157,-79.12,-79.12
50556,180,5.9957,18.8405,-79.12,-79.12
50556,180,5.9957,18.8405,-79.12,-79.12
50558,180,-1.0278,18.8405,-79.12,-79.12
50559,180,-1.0278,18.8405,-79.12,-79.12
50568,180,-1.0278,18.0420,-79.12,-79.12
50568,180,-1.0278,18.0420,-79.12,-79.12
50569,180,-3.8544,18.0420,-79.12,-79.12
50569,180,-3.8544,18.0420,-79.12,-79.12
50580,180,-3.8544,18.3262,-79.12,-79.12
50580,180,-3.8544,18.3262,-79.12,-79.12
50580,180,-4.1113,18.3262,-79.12,-79.12
50580,180,-4.1113,18.3262,-77.68,-79.12
50591,180,-4.1113,17.8931,-79.12,-79.12
50591,180,-5.3105,17.8931,-79.12,-79.12
50591,180,-5.3105,17.8931,-79.12,-79.12
50602,180,0.3426,17.8931,-79.12,-79.12
50602,180,0.3426,17.8931,-79.12,-79.12
50603,180,0.3426,18.1232,-79.12,-79.12
50603,180,0.3426,18.1232,-79.12,-79.12
50613,180,3.4261,18.1232,-79.12,-79.12
50613,180,3.4261,18.1232,-79.12,-79.12
50615,180,3.4261,18.3172,-79.12,-79.12
50615,180,3.4261,18.3172,-79.12,-79.12
50624,180,3.5974,18.3172,-79.12,-79.12
50624,180,3.5974,18.3172,-79.12,-79.12
50627,180,3.5974,18.0690,-79.12,-79.12
50627,180,3.5974,18.0690,-79.12,-79.12
50635,180,-1.8844,18.0690,-79.12,-79.12
50635,180,-1.8844,18.0690,-79.12,-79.12
50639,180,-1.8844,18.4164,-79.12,-79.12
50639,180,-1.8844,18.4164,-79.12,-79.12
50646,180,-2.6552,18.4164,-79.12,-79.12
50646,180,-2.6552,18.4164,-79.12,-79.12
50650,180,-2.6552,17.5051,-79.12,-79.12
50651,180,-2.6552,17.5051,-79.12,-79.12
50657,180,-1.2848,17.5051,-79.12,-79.12
50657,180,-1.2848,17.5051,-79.12,-79.12
50662,180,-1.2848,18.0510,-79.12,-79.12
50662,180,-1.2848,18.0510,-79.12,-79.12
50668,180,5.9957,18.0510,-79.12,-79.12
50668,180,5.9957,18.0510,-79.12,-79.12
50674,180,5.9957,18.2224,-79.12,-79.12
50674,180,5.9957,18.2224,-79.12,-79.12
50679,180,0.8565,18.2224,-79.12,-79.12
50679,180,0.8565,18.2224,-79.12,-77.68
50686,180,0.8565,18.1051,-79.12,-79.12
50686,180,0.8565,18.1051,-79.12,-79.12
50690,180,-3.5974,18.1051,-79.12,-79.12
50690,180,-3.5974,18.1051,-79.12,-79.12
50698,180,-3.5974,18.4615,-79.12,-79.12
50698,180,-3.5974,18.4615,-79.12,-79.12
50701,180,-1.9700,18.4615,-79.12,-79.12
50701,180,-1.9700,18.4615,-79.12,-79.12
50710,180,-1.9700,17.7036,-79.12,-79.12
50710,180,-1.9700,17.7036,-79.12,-79.12
50712,180,-2.2270,17.7036,-79.12,-79.12
50712,180,-2.2270,17.7036,-79.12,-79.12
50721,180,-2.2270,18.0420,-79.12,-79.12
50722,180,-2.2270,18.0420,-79.12,-79.12
50723,180,9.0792,18.0420,-79.12,-79.12
50723,180,9.0792,18.0420,-79.12,-79.12
50733,180,9.0792,17.9923,-79.12,-79.12
50733,180,9.0792,17.9923,-79.12,-79.12
50734,180,-2.3983,17.9923,-79.12,-79.12
50734,180,-2.3983,17.9923,-79.12,-79.12
50745,180,3.5118,17.9923,-79.12,-79.12
50745,180,3.5118,17.9923,-79.12,-79.12
50745,180,3.5118,18.0059,-79.12,-79.12
50745,180,3.5118,18.0059,-79.12,-79.12
50756,180,18.7580,18.0059,-79.12,-79.12
50756,180,18.7580,18.0059,-79.12,-79.12
50757,180,18.7580,18.4570,-79.12,-79.12
50757,180,18.7580,18.4570,-79.12,-79.12
50767,180,161.5417,18.4570,-79.12,-77.68
50767,180,161.5417,18.4570,-79.12,-79.12
50769,180,161.5417,17.8750,-79.12,-79.12
50769,180,161.5417,17.8750,-79.12,-79.12
50778,180,421.4989,17.8750,-79.12,-79.12
50778,180,421.4989,17.8750,-79.12,-79.12
50781,180,421.4989,18.1051,-79.12,-79.12
50781,180,421.4989,18.1051,-79.12,-79.12
50789,180,571.7345,18.1051,-79.12,-79.12
50789,180,571.7345,18.1051,-79.12,-79.12
50792,180,571.7345,17.8074,-77.68,-79.12
50793,180,571.7345,17.8074,-79.12,-79.12
50800,180,600.0856,17.8074,-77.68,-79.12
50800,180,600.0856,17.8074,-79.12,-79.12
50804,180,600.0856,18.2134,-79.12,-79.12
50804,180,600.0856,18.2134,-79.12,-79.12
50811,180,588.1799,18.2134,-79.12,-77.68
50811,180,588.1799,18.2134,-79.12,-79.12
50816,180,588.1799,18.1457,-79.12,-79.12
50816,180,588.1799,18.1457,-79.12,-79.12
50822,180,614.6467,18.1457,-79.12,-79.12
50822,180,614.6467,18.1457,-77.68,-79.12
50828,180,614.6467,17.7036,-79.12,-79.12
50828,180,614.6467,17.7036,-79.12,-79.12
50833,180,641.8843,17.7036,-79.12,-79.12
50833,180,641.8843,17.7036,-79.12,-79.12
50840,180,641.8843,18.0239,-79.12,-79.12
50840,180,641.8843,18.0239,-79.12,-79.12
50844,180,677.6017,18.0239,-79.12,-79.12
50844,180,677.6017,18.0239,-79.12,-79.12
50852,180,677.6017,17.0539,-77.68,-79.12
50852,180,677.6017,17.0539,-79.12,-79.12
50855,180,722.9979,17.0539,-79.12,-79.12
50855,180,722.9979,17.0539,-79.12,-79.12
50863,180,722.9979,17.5953,-79.12,-79.12
50864,180,722.9979,17.5953,-79.12,-79.12
50866,180,774.3897,17.5953,-79.12,-79.12
50866,180,774.3897,17.5953,-79.12,-79.12
50875,180,774.3897,17.6585,-79.12,-79.12
50875,180,774.3897,17.6585,-79.12,-79.12
50877,180,797.4304,17.6585,-79.12,-79.12
50877,180,797.4304,17.6585,-79.12,-79.12
50887,180,797.4304,17.2208,-79.12,-79.12
50887,180,797.4304,17.2208,-79.12,-79.12
50888,180,819.7858,17.2208,-79.12,-79.12
50888,180,819.7858,17.2208,-79.12,-79.12
50899,180,847.0236,17.2208,-79.12,-79.12
50899,180,847.0236,17.2208,-79.12,-79.12
50899,180,847.0236,17.8660,-79.12,-79.12
50899,180,847.0236,17.8660,-79.12,-79.12
50910,180,867.7516,17.8660,-79.12,-79.12
50910,180,867.7516,17.8660,-79.12,-79.12
50911,180,867.7516,16.8915,-79.12,-79.12
50911,180,867.7516,16.8915,-79.12,-79.12
50921,180,880.1713,16.8915,-79.12,-79.12
50921,180,880.1713,16.8915,-79.12,-79.12
50923,180,880.1713,17.4780,-79.12,-79.12
50923,180,880.1713,17.4780,-79.12,-79.12
50932,180,885.3105,17.4780,-79.12,-79.12
50932,180,885.3105,17.4780,-77.68,-79.12
50934,180,885.3105,17.9382,-79.12,-79.12
50935,180,885.3105,17.9382,-79.12,-79.12
50943,180,910.5781,17.9382,-79.12,-79.12
50943,180,910.5781,17.9382,-79.12,-79.12
50946,180,910.5781,17.6630,-79.12,-79.12
50946,180,910.5781,17.6630,-79.12,-79.12
50954,180,932.3340,17.6630,-79.12,-79.12
50954,180,932.3340,17.6630,-79.12,-79.12
50958,180,932.3340,18.0104,-79.12,-79.12
50958,180,932.3340,18.0104,-79.12,-79.12
50965,180,964.1970,18.0104,-79.12,-79.12
50965,180,964.1970,18.0104,-79.12,-79.12
50970,180,964.1970,17.3156,-79.12,-79.12
50970,180,964.1970,17.3156,-79.12,-79.12
50975,180,1000.3426,17.3156,-79.12,-79.12
50976,180,1000.3426,17.3156,-79.12,-79.12
50982,180,1000.3426,17.5953,-79.12,-79.12
50982,180,1000.3426,17.5953,-79.12,-79.12
50986,180,1039.2291,17.5953,-79.12,-79.12
50987,180,1039.2291,17.5953,-79.12,-79.12
50994,180,1039.2291,17.3788,-79.12,-79.12
50994,180,1039.2291,17.3788,-79.12,-79.12
50997,180,1064.4111,17.3788,-79.12,-79.12
50998,180,1064.4111,17.3788,-79.12,-79.12
51005,180,1064.4111,17.2660,-77.68,-79.12
51005,180,1064.4111,17.2660,-79.12,-79.12
51008,180,1111.0920,17.2660,-79.12,-79.12
51008,180,1111.0920,17.2660,-79.12,-79.12
51017,180,1111.0920,17.7938,-79.12,-79.12
51017,180,1111.0920,17.7938,-79.12,-79.12
51019,180,1151.0920,17.7938,-79.12,-79.12
51019,180,1151.0920,17.7938,-79.12,-77.68
51029,180,1151.0920,17.4374,-79.12,-79.12
51029,180,1151.0920,17.4374,-79.12,-79.12
51030,180,1171.9915,17.4374,-79.12,-79.12
51030,180,1171.9915,17.4374,-79.12,-79.12
51041,180,1171.9915,18.5518,-79.12,-79.12
51041,180,1171.9915,18.5518,-79.12,-79.12
51041,180,1220.3854,18.5518,-79.12,-79.12
51041,180,1220.3854,18.5518,-79.12,-79.12
51052,180,1260.2141,18.5518,-79.12,-79.12
51052,180,1260.2141,18.5518,-79.12,-79.12
51053,180,1260.2141,18.4706,-79.12,-79.12
51053,180,1260.2141,18.4706,-79.12,-79.12
51063,180,1287.2805,18.4706,-79.12,-79.12
51063,180,1287.2805,18.4706,-79.12,-79.12
51065,180,1287.2805,17.9923,-79.12,-79.12
51065,180,1287.2805,17.9923,-79.12,-79.12
51074,180,1313.4904,17.9923,-79.12,-79.12
51074,180,1313.4904,17.9923,-79.12,-79.12
51076,180,1313.4904,18.4841,-79.12,-79.12
51076,180,1313.4904,18.4841,-79.12,-79.12
51085,180,1353.9186,18.4841,-79.12,-79.12
51085,180,1353.9186,18.4841,-79.12,-79.12
51088,180,1353.9186,18.1954,-79.12,-79.12
51088,180,1353.9186,18.1954,-79.12,-79.12
51096,180,1395.2034,18.1954,-79.12,-79.12
51096,180,1395.2034,18.1954,-79.12,-79.12
51100,180,1395.2034,18.4074,-79.12,-79.12
51100,180,1395.2034,18.4074,-79.12,-79.12
51107,180,1440.4282,18.4074,-79.12,-79.12
51107,180,1440.4282,18.4074,-79.12,-79.12
51112,180,1440.4282,17.9562,-79.12,-79.12
51112,180,1440.4282,17.9562,-79.12,-79.12
51118,180,1474.0900,17.9562,-79.12,-77.68
51118,180,1474.0900,17.9562,-79.12,-79.12
51124,180,1474.0900,18.1773,-79.12,-77.68
51124,180,1474.0900,18.1773,-79.12,-79.12
51129,180,1489.2505,18.1773,-79.12,-79.12
51129,180,1489.2505,18.1773,-79.12,-79.12
51136,180,1489.2505,18.2089,-79.12,-79.12
51136,180,1489.2505,18.2089,-79.12,-79.12
51140,180,1506.2955,18.2089,-79.12,-79.12
51140,180,1506.2955,18.2089,-79.12,-79.12
51147,180,1506.2955,17.5231,-79.12,-79.12
51147,180,1506.2955,17.5231,-79.12,-79.12
51151,180,1506.0386,17.5231,-79.12,-79.12
51151,180,1506.0386,17.5231,-79.12,-79.12
51159,180,1506.0386,18.5112,-79.12,-79.12
51159,180,1506.0386,18.5112,-79.12,-79.12
51162,180,1512.6338,18.5112,-79.12,-79.12
51162,180,1512.6338,18.5112,-79.12,-77.68
51171,180,1512.6338,18.0284,-79.12,-79.12
51171,180,1512.6338,18.0284,-79.12,-79.12
51173,180,1531.6488,18.0284,-79.12,-79.12
51173,180,1531.6488,18.0284,-79.12,-79.12
51183,180,1531.6488,17.9427,-79.12,-79.12
51183,180,1531.6488,17.9427,-79.12,-79.12
51184,180,1565.4818,17.9427,-79.12,-79.12
51184,180,1565.4818,17.9427,-79.12,-79.12
51195,180,1565.4818,17.7668,-79.12,-79.12
51195,180,1565.4818,17.7668,-79.12,-79.12
51195,180,1592.7195,17.7668,-79.12,-79.12
51195,180,1592.7195,17.7668,-79.12,-79.12
51206,180,1624.0685,17.7668,-79.12,-79.12
51206,180,1624.0685,17.7668,-79.12,-79.12
51207,180,1624.0685,17.5998,-79.12,-79.12
51207,180,1624.0685,17.5998,-79.12,-79.12
51217,180,1648.7366,17.5998,-79.12,-79.12
51217,180,1648.7366,17.5998,-79.12,-79.12
51218,180,1648.7366,18.2946,-79.12,-79.12
51218,180,1648.7366,18.2946,-79.12,-79.12
51228,180,1680.3427,18.2946,-79.12,-79.12
51228,180,1680.3427,18.2946,-79.12,-79.12
51230,180,1680.3427,17.7668,-79.12,-79.12
51230,180,1680.3427,17.7668,-79.12,-79.12
51239,180,1708.8651,17.7668,-79.12,-79.12
51239,180,1708.8651,17.7668,-79.12,-79.12
51242,180,1708.8651,18.1999,-79.12,-79.12
51242,180,1708.8651,18.1999,-77.68,-79.12
51250,180,1736.7024,18.1999,-79.12,-79.12
51250,180,1736.7024,18.1999,-79.12,-79.12
51254,180,1736.7024,18.1051,-79.12,-79.12
51254,180,1736.7024,18.1051,-79.12,-79.12
51261,180,1779.9572,18.1051,-79.12,-79.12
51261,180,1779.9572,18.1051,-79.12,-79.12
51266,180,1779.9572,18.3533,-79.12,-79.12
51266,180,1779.9572,18.3533,-79.12,-79.12
51272,180,1812.7623,18.3533,-79.12,-79.12
51272,180,1812.7623,18.3533,-79.12,-79.12
51278,180,1812.7623,18.8270,-79.12,-79.12
51278,180,1812.7623,18.8270,-79.12,-79.12
51283,180,1841.3705,18.8270,-79.12,-79.12
51283,180,1841.3705,18.8270,-79.12,-79.12
51289,180,1841.3705,17.9607,-79.12,-79.12
51289,180,1841.3705,17.9607,-79.12,-79.12
51294,180,1853.5332,17.9607,-79.12,-79.12
51294,180,1853.5332,17.9607,-79.12,-79.12
51301,180,1853.5332,18.2856,-79.12,-79.12
51301,180,1853.5332,18.2856,-79.12,-79.12
51305,180,1850.9636,18.2856,-79.12,-79.12
51305,180,1850.9636,18.2856,-79.12,-79.12
51313,180,1850.9636,18.0600,-79.12,-79.12
51313,180,1850.9636,18.0600,-79.12,-79.12
51316,180,1834.0043,18.0600,-79.12,-79.12
51316,180,1834.0043,18.0600,-79.12,-79.12
51325,180,1834.0043,17.9111,-79.12,-79.12
51325,180,1834.0043,17.9111,-79.12,-79.12
51327,180,1809.9358,17.9111,-79.12,-79.12
51327,180,1809.9358,17.9111,-79.12,-79.12
51337,180,1809.9358,17.9743,-79.12,-79.12
51337,180,1809.9358,17.9743,-79.12,-77.68
51338,180,1783.2976,17.9743,-79.12,-79.12
51338,180,1783.2976,17.9743,-79.12,-79.12
51349,180,1783.2976,17.3923,-79.12,-79.12
51349,180,1758.2869,17.3923,-79.12,-79.12
51349,180,1758.2869,17.3923,-79.12,-79.12
51360,180,1746.3811,17.3923,-79.12,-79.12
51360,180,1746.3811,17.3923,-79.12,-79.12
51360,180,1746.3811,17.8976,-79.12,-79.12
51360,180,1746.3811,17.8976,-79.12,-79.12
51371,180,1721.9700,17.8976,-79.12,-79.12
51371,180,1721.9700,17.8976,-79.12,-79.12
51372,180,1721.9700,17.9833,-79.12,-79.12
51372,180,1721.9700,17.9833,-79.12,-79.12
51382,180,1686.6809,17.9833,-79.12,-79.12
51382,180,1686.6809,17.9833,-79.12,-79.12
51384,180,1686.6809,17.6946,-79.12,-79.12
51384,180,1686.6809,17.6946,-79.12,-79.12
51393,180,1636.4026,17.6946,-79.12,-79.12
51393,180,1636.4026,17.6946,-79.12,-79.12
51396,180,1636.4026,18.1096,-79.12,-79.12
51396,180,1636.4026,18.1096,-79.12,-77.68
51404,180,1579.2720,18.1096,-79.12,-79.12
51404,180,1579.2720,18.1096,-79.12,-79.12
51408,180,1579.2720,18.1051,-79.12,-79.12
51408,180,1579.2720,18.1051,-79.12,-79.12
51415,180,1487.8801,18.1051,-79.12,-79.12
51415,180,1487.8801,18.1051,-79.12,-79.12
51420,180,1487.8801,18.9353,-79.12,-79.12
51420,180,1487.8801,18.9353,-79.12,-79.12
51425,180,1377.0449,18.9353,-79.12,-79.12
51426,180,1377.0449,18.9353,-79.12,-79.12
51431,180,1377.0449,18.1141,-79.12,-79.12
51431,180,1377.0449,18.1141,-79.12,-79.12
51436,180,1229.5503,18.1141,-79.12,-79.12
51437,180,1229.5503,18.1141,-79.12,-79.12
51443,180,1229.5503,18.0194,-79.12,-79.12
51443,180,1229.5503,18.0194,-79.12,-79.12
51447,180,1051.2206,18.0194,-79.12,-79.12
51448,180,1051.2206,18.0194,-79.12,-79.12
51455,180,1051.2206,18.2450,-79.12,-79.12
51455,180,1051.2206,18.2450,-79.12,-79.12
51458,180,862.6124,18.2450,-79.12,-77.68
51458,180,862.6124,18.2450,-79.12,-79.12
51467,180,862.6124,17.5592,-79.12,-79.12
51467,180,862.6124,17.5592,-79.12,-79.12
51469,180,667.9229,17.5592,-79.12,-79.12
51469,180,667.9229,17.5592,-79.12,-79.12
51479,180,667.9229,18.0194,-79.12,-77.68
51479,180,667.9229,18.0194,-79.12,-79.12
51480,180,466.5525,18.0194,-79.12,-79.12
51480,180,466.5525,18.0194,-79.12,-79.12
51491,180,466.5525,17.9923,-79.12,-79.12
51491,180,466.5525,17.9923,-79.12,-79.12
51491,180,271.5203,17.9923,-79.12,-79.12
51491,180,271.5203,17.9923,-79.12,-79.12
51502,180,124.7966,17.9923,-79.12,-79.12
51502,180,124.7966,17.9923,-79.12,-79.12
51502,180,124.7966,18.3803,-79.12,-79.12
51503,180,124.7966,18.3803,-79.12,-79.12
51513,180,29.3790,18.3803,-79.12,-79.12
51513,180,29.3790,18.3803,-79.12,-79.12
51514,180,29.3790,18.1863,-79.12,-79.12
51514,180,29.3790,18.1863,-79.12,-79.12
51524,180,-17.9872,18.1863,-79.12,-77.68
51524,180,-17.9872,18.1863,-79.12,-79.12
51526,180,-17.9872,18.2360,-79.12,-79.12
51526,180,-17.9872,18.2360,-79.12,-79.12
51535,180,-18.5867,18.2360,-79.12,-79.12
51535,180,-18.5867,18.2360,-79.12,-79.12
51538,180,-18.5867,19.3684,-79.12,-79.12
51538,180,-18.5867,19.3684,-77.68,-79.12
51546,180,0.5139,19.3684,-79.12,-79.12
51546,180,0.5139,19.3684,-79.12,-79.12
51550,180,0.5139,18.5202,-79.12,-79.12
51550,180,0.5139,18.5202,-79.12,-79.12
51557,180,5.3961,18.5202,-79.12,-79.12
51557,180,5.3961,18.5202,-79.12,-77.68
51562,180,5.3961,18.6961,-79.12,-79.12
51562,180,5.3961,18.6961,-77.68,-79.12
51568,180,-1.1135,18.6961,-79.12,-77.68
51568,180,-1.1135,18.6961,-79.12,-79.12
51573,180,-1.1135,18.7232,-79.12,-79.12
51573,180,-1.1135,18.7232,-79.12,-79.12
51579,180,10.7923,18.7232,-79.12,-79.12
51579,180,10.7923,18.7232,-79.12,-79.12
51585,180,10.7923,18.5021,-79.12,-79.12
51585,180,10.7923,18.5021,-79.12,-79.12
51590,180,8.9936,18.5021,-79.12,-79.12
51590,180,8.9936,18.5021,-79.12,-79.12
51597,180,8.9936,18.4119,-79.12,-79.12
51597,180,8.9936,18.4119,-79.12,-79.12
51601,180,5.9957,18.4119,-79.12,-79.12
51601,180,5.9957,18.4119,-79.12,-79.12
51609,180,5.9957,17.9743,-79.12,-79.12
51609,180,5.9957,17.9743,-79.12,-79.12
51612,180,-3.3405,17.9743,-79.12,-77.68
51612,180,-3.3405,17.9743,-79.12,-79.12
51621,180,-3.3405,18.5337,-79.12,-79.12
51621,180,-3.3405,18.5337,-79.12,-79.12
51623,180,-0.7709,18.5337,-79.12,-79.12
51623,180,-0.7709,18.5337,-79.12,-79.12
51633,180,-0.7709,18.2856,-79.12,-79.12
51633,180,-0.7709,18.2856,-79.12,-79.12
51634,180,4.7966,18.2856,-79.12,-79.12
51634,180,4.7966,18.2856,-79.12,-79.12
51644,180,4.7966,18.3803,-79.12,-79.12
51644,180,4.7966,18.3803,-79.12,-79.12
51645,180,10.9636,18.3803,-79.12,-79.12
51645,180,10.9636,18.3803,-79.12,-79.12
51656,180,-1.4561,18.3803,-79.12,-79.12
51656,180,-1.4561,18.3803,-77.68,-79.12
51656,180,-1.4561,18.5067,-79.12,-79.12
51656,180,-1.4561,18.5067,-79.12,-79.12
51667,180,1.0278,18.5067,-79.12,-79.12
51667,180,1.0278,18.5067,-79.12,-79.12
51668,180,1.0278,17.4103,-79.12,-79.12
51668,180,1.0278,17.4103,-79.12,-79.12
51678,180,6.7666,17.4103,-79.12,-79.12
51678,180,6.7666,17.4103,-79.12,-79.12
51680,180,6.7666,17.9968,-79.12,-79.12
51680,180,6.7666,17.9968,-79.12,-79.12
51689,180,5.0535,17.9968,-79.12,-79.12
51689,180,5.0535,17.9968,-79.12,-79.12
51692,180,5.0535,18.1232,-79.12,-79.12
51692,180,5.0535,18.1232,-79.12,-79.12
51700,180,0.0000,18.1232,-79.12,-79.12
51700,180,0.0000,18.1232,-79.12,-79.12
51704,180,0.0000,18.4074,-79.12,-79.12
51704,180,0.0000,18.4074,-79.12,-79.12
51711,180,-4.5396,18.4074,-79.12,-79.12
51711,180,-4.5396,18.4074,-79.12,-79.12
51715,180,-4.5396,18.4390,-79.12,-79.12
51715,180,-4.5396,18.4390,-79.12,-79.12
51722,180,11.0493,18.4390,-79.12,-79.12
51722,180,11.0493,18.4390,-79.12,-79.12
51727,180,11.0493,17.8705,-79.12,-79.12
51727,180,11.0493,17.8705,-79.12,-79.12
51733,180,1.5418,17.8705,-79.12,-79.12
51733,180,1.5418,17.8705,-79.12,-79.12
51739,180,1.5418,18.2856,-79.12,-77.68
51739,180,1.5418,18.2856,-79.12,-79.12
51744,180,-4.2827,18.2856,-79.12,-79.12
51744,180,-4.2827,18.2856,-79.12,-79.12
51751,180,-4.2827,17.9382,-79.12,-79.12
51751,180,-4.2827,17.9382,-77.68,-79.12
51755,180,9.6788,17.9382,-79.12,-77.68
51755,180,9.6788,17.9382,-79.12,-79.12
51763,180,9.6788,18.2811,-79.12,-79.12
51763,180,9.6788,18.2811,-79.12,-79.12
51766,180,7.7088,18.2811,-79.12,-79.12
51766,180,7.7088,18.2811,-79.12,-77.68
51775,180,7.7088,18.4345,-79.12,-79.12
51775,180,7.7088,18.4345,-79.12,-79.12
51777,180,1.0278,18.4345,-79.12,-79.12
51777,180,1.0278,18.4345,-79.12,-77.68
51786,180,1.0278,17.8074,-79.12,-79.12
51786,180,1.0278,17.8074,-79.12,-79.12
51788,180,2.3126,17.8074,-79.12,-79.12
51788,180,2.3126,17.8074,-79.12,-79.12
51798,180,2.3126,18.3623,-79.12,-79.12
51798,180,2.3126,18.3623,-79.12,-79.12
51799,180,4.6253,18.3623,-79.12,-79.12
51799,180,4.6253,18.3623,-79.12,-79.12
51810,180,5.5675,18.3623,-79.12,-79.12
51810,180,5.5675,18.3623,-79.12,-79.12
51810,180,5.5675,18.1593,-79.12,-79.12
51810,180,5.5675,18.1593,-79.12,-79.12
51821,180,-0.4283,18.1593,-79.12,-79.12
51821,180,-0.4283,18.1593,-79.12,-79.12
51822,180,-0.4283,18.2360,-79.12,-79.12
51822,180,-0.4283,18.2360,-79.12,-79.12
51832,180,-5.6531,18.2360,-79.12,-79.12
51832,180,-5.6531,18.2360,-79.12,-79.12
51834,180,-5.6531,18.0374,-79.12,-79.12
51834,180,-5.6531,18.0374,-79.12,-79.12
51843,180,-0.9422,18.0374,-79.12,-79.12
51843,180,-0.9422,18.0374,-77.68,-79.12
51846,180,-0.9422,18.1999,-79.12,-79.12
51846,180,-0.9422,18.1999,-79.12,-79.12
51854,180,-1.6274,18.1999,-79.12,-79.12
51854,180,-1.6274,18.1999,-79.12,-79.12
51857,180,-1.6274,18.3307,-79.12,-79.12
51857,180,-1.6274,18.3307,-79.12,-79.12
51865,180,3.3405,18.3307,-79.12,-79.12
51865,180,3.3405,18.3307,-79.12,-79.12
51869,180,3.3405,17.9517,-79.12,-79.12
51869,180,3.3405,17.9517,-79.12,-77.68
51875,180,2.6552,17.9517,-79.12,-79.12
51876,180,2.6552,17.9517,-79.12,-77.68
51881,180,2.6552,18.4841,-79.12,-79.12
51881,180,2.6552,18.4841,-79.12,-79.12
51886,180,4.4540,18.4841,-79.12,-79.12
51887,180,4.4540,18.4841,-79.12,-79.12
51893,180,4.4540,18.2766,-79.12,-79.12
51893,180,4.4540,18.2766,-79.12,-79.12
51897,180,-3.8544,18.2766,-79.12,-79.12
51898,180,-3.8544,18.2766,-79.12,-79.12
51905,180,-3.8544,17.9292,-79.12,-79.12
51905,180,-3.8544,17.9292,-79.12,-79.12
51908,180,-5.3105,17.9292,-79.12,-79.12
51908,180,-5.3105,17.9292,-79.12,-79.12
51917,180,-5.3105,17.9607,-79.12,-79.12
51917,180,-5.3105,17.9607,-79.12,-79.12
51919,180,7.6231,17.9607,-79.12,-79.12
51919,180,7.6231,17.9607,-79.12,-79.12
51928,180,7.6231,17.7216,-79.12,-79.12
51928,180,7.6231,17.7216,-79.12,-79.12
51930,180,2.7409,17.7216,-79.12,-79.12
51930,180,2.7409,17.7216,-79.12,-79.12
51940,180,2.7409,18.1773,-79.12,-79.12
51940,180,2.7409,18.1773,-79.12,-79.12
51941,180,7.2805,18.1773,-79.12,-79.12
51941,180,7.2805,18.1773,-79.12,-79.12
51952,180,7.2805,18.2314,-79.12,-79.12
51952,180,7.2805,18.2314,-79.12,-79.12
51952,180,-1.7987,18.2314,-79.12,-79.12
51952,180,-1.7987,18.2314,-79.12,-79.12
51963,180,4.6253,18.2314,-79.12,-79.12
51963,180,4.6253,18.2314,-79.12,-79.12
51964,180,4.6253,18.1728,-79.12,-79.12
51964,180,4.6253,18.1728,-79.12,-79.12
51974,180,-1.3704,18.1728,-79.12,-79.12
51974,180,-1.3704,18.1728,-79.12,-79.12
51976,180,-1.3704,18.0329,-79.12,-79.12
51976,180,-1.3704,18.0329,-79.12,-79.12
51985,180,-2.3126,18.0329,-79.12,-79.12
51985,180,-2.3126,18.0329,-79.12,-79.12
51988,180,-2.3126,17.7352,-79.12,-79.12
51988,180,-2.3126,17.7352,-79.12,-79.12
51996,180,-8.5653,17.7352,-79.12,-79.12
51996,180,-8.5653,17.7352,-79.12,-79.12
51999,180,-8.5653,18.5924,-79.12,-79.12
51999,180,-8.5653,18.5924,-79.12,-79.12
52007,180,-9.1649,18.5924,-79.12,-79.12
52007,180,-9.1649,18.5924,-79.12,-79.12
52011,180,-9.1649,17.6946,-79.12,-79.12
52011,180,-9.1649,17.6946,-79.12,-79.12
52018,180,-7.1092,17.6946,-79.12,-77.68
52018,180,-7.1092,17.6946,-79.12,-79.12
52023,180,-7.1092,17.9427,-79.12,-79.12
52023,180,-7.1092,17.9427,-79.12,-79.12
52029,180,-3.3405,17.9427,-79.12,-79.12
52029,180,-3.3405,17.9427,-79.12,-79.12
52035,180,-3.3405,17.9156,-79.12,-79.12
52035,180,-3.3405,17.9156,-79.12,-79.12
52040,180,2.9979,17.9156,-79.12,-79.12
52040,180,2.9979,17.9156,-79.12,-79.12
52047,180,2.9979,17.9247,-79.12,-79.12
52047,180,2.9979,17.9247,-79.12,-79.12
52051,180,-1.3704,17.9247,-79.12,-79.12
52051,180,-1.3704,17.9247,-79.12,-79.12
52059,180,-1.3704,18.3533,-79.12,-79.12
52059,180,-1.3704,18.3533,-79.12,-79.12
52062,180,9.9358,18.3533,-79.12,-79.12
52062,180,9.9358,18.3533,-79.12,-79.12
52070,180,9.9358,17.1712,-79.12,-79.12
52070,180,9.9358,17.1712,-79.12,-79.12
52073,180,7.4518,17.1712,-79.12,-79.12
52073,180,7.4518,17.1712,-79.12,-79.12
52082,180,7.4518,17.1938,-79.12,-79.12
52082,180,7.4518,17.1938,-79.12,-79.12
52084,180,2.9979,17.1938,-79.12,-79.12
52084,180,2.9979,17.1938,-79.12,-79.12
52094,180,2.9979,17.2614,-79.12,-79.12
52094,180,2.9979,17.2614,-79.12,-79.12
52095,180,-2.2270,17.2614,-77.68,-79.12
52095,180,-2.2270,17.2614,-79.12,-79.12
52106,180,-2.2270,17.6765,-79.12,-79.12
52106,180,-2.2270,17.6765,-79.12,-79.12
52106,180,-1.0278,17.6765,-79.12,-79.12
52106,180,-1.0278,17.6765,-79.12,-79.12
52117,180,-12.2484,17.6765,-79.12,-79.12
52117,180,-12.2484,17.6765,-79.12,-79.12
52118,180,-12.2484,18.4886,-79.12,-79.12
52118,180,-12.2484,18.4886,-79.12,-79.12
52128,180,-9.9358,18.4886,-79.12,-77.68
52128,180,-9.9358,18.4886,-79.12,-79.12
52130,180,-9.9358,17.6494,-79.12,-79.12
52130,180,-9.9358,17.6494,-79.12,-79.12
52139,180,-10.3640,17.6494,-79.12,-79.12
52139,180,-10.3640,17.6494,-79.12,-79.12
52141,180,-10.3640,18.0690,-79.12,-79.12
52141,180,-10.3640,18.0690,-79.12,-79.12
52150,180,-3.6831,18.0690,-79.12,-79.12
52150,180,-3.6831,18.0690,-79.12,-79.12
52153,180,-3.6831,17.8615,-79.12,-79.12
52153,180,-3.6831,17.8615,-79.12,-79.12
52161,180,0.0857,17.8615,-79.12,-79.12
52161,180,0.0857,17.8615,-79.12,-79.12
52165,180,0.0857,18.0104,-79.12,-79.12
52165,180,0.0857,18.0104,-79.12,-79.12
52172,180,-9.5931,18.0104,-79.12,-79.12
52172,180,-9.5931,18.0104,-79.12,-79.12
52177,180,-9.5931,18.3036,-79.12,-79.12
52177,180,-9.5931,18.3036,-79.12,-79.12
52183,180,2.9122,18.3036,-79.12,-79.12
52183,180,2.9122,18.3036,-79.12,-79.12
52189,180,2.9122,17.3472,-79.12,-79.12
52189,180,2.9122,17.3472,-79.12,-79.12
52194,180,3.2548,17.3472,-79.12,-79.12
52194,180,3.2548,17.3472,-79.12,-79.12
52201,180,3.2548,17.8931,-79.12,-79.12
52201,180,3.2548,17.8931,-79.12,-79.12
52205,180,4.4540,17.8931,-79.12,-79.12
52205,180,4.4540,17.8931,-79.12,-79.12
52212,180,4.4540,17.6043,-79.12,-79.12
52212,180,4.4540,17.6043,-79.12,-79.12
52216,180,-3.2548,17.6043,-79.12,-79.12
52216,180,-3.2548,17.6043,-79.12,-79.12
52224,180,-3.2548,17.6765,-79.12,-79.12
52224,180,-3.2548,17.6765,-79.12,-79.12
52227,180,-7.0236,17.6765,-79.12,-79.12
52227,180,-7.0236,17.6765,-79.12,-79.12
52236,180,-7.0236,18.1547,-79.12,-79.12
52236,180,-7.0236,18.1547,-79.12,-79.12
52238,180,-4.9679,18.1547,-79.12,-79.12
52238,180,-4.9679,18.1547,-79.12,-79.12
52248,180,-4.9679,17.5998,-79.12,-79.12
52248,180,-4.9679,17.5998,-79.12,-79.12
52249,180,-3.8544,17.5998,-79.12,-79.12
52249,180,-3.8544,17.5998,-79.12,-79.12
52260,180,0.4283,17.5998,-79.12,-79.12
52260,180,0.4283,17.7938,-79.12,-79.12
52260,180,0.4283,17.7938,-79.12,-79.12
52271,180,-1.7987,17.7938,-79.12,-79.12
52271,180,-1.7987,17.7938,-79.12,-79.12
52271,180,-1.7987,17.2208,-79.12,-79.12
52272,180,-1.7987,17.2208,-79.12,-79.12
52282,180,-2.3983,17.2208,-79.12,-79.12
52282,180,-2.3983,17.2208,-79.12,-79.12
52283,180,-2.3983,17.2479,-79.12,-79.12
52283,180,-2.3983,17.2479,-79.12,-79.12
52293,180,-2.4839,17.2479,-79.12,-79.12
52293,180,-2.4839,17.2479,-79.12,-77.68
52295,180,-2.4839,17.8119,-79.12,-79.12
52295,180,-2.4839,17.8119,-79.12,-79.12
52304,180,4.5396,17.8119,-79.12,-79.12
52304,180,4.5396,17.8119,-79.12,-79.12
52307,180,4.5396,17.2795,-79.12,-79.12
52307,180,4.5396,17.2795,-79.12,-79.12
52315,180,7.4518,17.2795,-79.12,-77.68
52315,180,7.4518,17.2795,-79.12,-79.12
52319,180,7.4518,17.7532,-79.12,-79.12
52319,180,7.4518,17.7532,-79.12,-79.12
52325,180,7.6231,17.7532,-79.12,-79.12
52326,180,7.6231,17.7532,-79.12,-79.12
52331,180,7.6231,17.3291,-79.12,-79.12
52331,180,7.6231,17.3291,-79.12,-79.12
52336,180,4.3683,17.3291,-79.12,-79.12
52337,180,4.3683,17.3291,-79.12,-79.12
52342,180,4.3683,17.3607,-79.12,-79.12
52343,180,4.3683,17.3607,-79.12,-79.12
52347,180,5.1392,17.3607,-79.12,-79.12
52348,180,5.1392,17.3607,-79.12,-79.12
52354,180,5.1392,17.3066,-79.12,-79.12
52354,180,5.1392,17.3066,-79.12,-79.12
52358,180,10.7923,17.3066,-79.12,-79.12
52358,180,10.7923,17.3066,-79.12,-79.12
52366,180,10.7923,17.0584,-79.12,-79.12
52366,180,10.7923,17.0584,-79.12,-79.12
52369,180,4.9679,17.0584,-79.12,-79.12
52369,180,4.9679,17.0584,-79.12,-79.12
52378,180,4.9679,17.6449,-79.12,-79.12
52378,180,4.9679,17.6449,-79.12,-79.12
52380,180,4.7109,17.6449,-79.12,-79.12
52380,180,4.7109,17.6449,-79.12,-79.12
52390,180,4.7109,17.0945,-79.12,-79.12
52390,180,4.7109,17.0945,-79.12,-79.12
52391,180,1.9700,17.0945,-79.12,-79.12
52391,180,1.9700,17.0945,-79.12,-79.12
52402,180,1.9700,17.6404,-79.12,-79.12
52402,180,1.9700,17.6404,-79.12,-79.12
52402,180,0.3426,17.6404,-79.12,-79.12
52402,180,0.3426,17.6404,-79.12,-79.12
52413,180,8.3940,17.6404,-79.12,-79.12
52413,180,8.3940,17.6404,-79.12,-79.12
52413,180,8.3940,17.4690,-79.12,-79.12
52414,180,8.3940,17.4690,-79.12,-79.12
52424,180,12.6767,17.4690,-79.12,-79.12
52424,180,12.6767,17.4690,-79.12,-79.12
52425,180,12.6767,17.2389,-79.12,-79.12
52425,180,12.6767,17.2389,-79.12,-79.12
52435,180,6.7666,17.2389,-79.12,-79.12
52435,180,6.7666,17.2389,-79.12,-79.12
52437,180,6.7666,18.2044,-79.12,-79.12
52437,180,6.7666,18.2044,-79.12,-79.12
52446,180,6.5096,18.2044,-79.12,-79.12
52446,180,6.5096,18.2044,-79.12,-79.12
52449,180,6.5096,17.8074,-79.12,-79.12
52449,180,6.5096,17.8074,-79.12,-79.12
52457,180,7.1092,17.8074,-79.12,-79.12
52457,180,7.1092,17.8074,-79.12,-79.12
52461,180,7.1092,17.9382,-79.12,-79.12
52461,180,7.1092,17.9382,-79.12,-79.12
52468,180,6.3383,17.9382,-79.12,-79.12
52468,180,6.3383,17.9382,-79.12,-79.12
52473,180,6.3383,17.6134,-79.12,-79.12
52473,180,6.3383,17.6134,-79.12,-79.12
52479,180,1.5418,17.6134,-79.12,-79.12
52479,180,1.5418,17.6134,-79.12,-79.12
52484,180,1.5418,17.6494,-79.12,-79.12
52485,180,1.5418,17.6494,-79.12,-79.12
52490,180,-5.9957,17.6494,-79.12,-79.12
52490,180,-5.9957,17.6494,-79.12,-79.12
52496,180,-5.9957,18.2269,-79.12,-79.12
52496,180,-5.9957,18.2269,-79.12,-79.12
52501,180,-0.0857,18.2269,-79.12,-79.12
52501,180,-0.0857,18.2269,-79.12,-79.12
52508,180,-0.0857,17.9517,-79.12,-79.12
52508,180,-0.0857,17.9517,-79.12,-79.12
52512,180,-4.0257,17.9517,-79.12,-79.12
52512,180,-4.0257,17.9517,-79.12,-79.12
52520,180,-4.0257,18.1502,-79.12,-79.12
52520,180,-4.0257,18.1502,-79.12,-79.12
52523,180,-1.1991,18.1502,-79.12,-79.12
52523,180,-1.1991,18.1502,-79.12,-79.12
52532,180,-1.1991,18.0826,-79.12,-79.12
52532,180,-1.1991,18.0826,-79.12,-79.12
52534,180,0.5139,18.0826,-79.12,-79.12
52534,180,0.5139,18.0826,-79.12,-79.12
52544,180,0.5139,18.3397,-79.12,-77.68
52544,180,0.5139,18.3397,-79.12,-79.12
52545,180,1.0278,18.3397,-79.12,-79.12
52545,180,1.0278,18.3397,-79.12,-79.12
52555,180,1.0278,18.8721,-79.12,-79.12
52556,180,1.0278,18.8721,-79.12,-79.12
52556,180,-1.5418,18.8721,-79.12,-79.12
52556,180,-1.5418,18.8721,-79.12,-79.12
52567,180,-3.9400,18.8721,-79.12,-79.12
52567,180,-3.9400,18.8721,-79.12,-79.12
52567,180,-3.9400,18.3127,-79.12,-79.12
52567,180,-3.9400,18.3127,-79.12,-79.12
52578,180,3.1692,18.3127,-79.12,-79.12
52578,180,3.1692,18.3127,-79.12,-79.12
52579,180,3.1692,18.7322,-79.12,-79.12
52579,180,3.1692,18.7322,-79.12,-79.12
52589,180,2.8266,18.7322,-79.12,-79.12
52589,180,2.8266,18.7322,-79.12,-79.12
52591,180,2.8266,18.1367,-79.12,-79.12
52591,180,2.8266,18.1367,-79.12,-79.12
52600,180,-0.1713,18.1367,-79.12,-79.12
52600,180,-0.1713,18.1367,-79.12,-79.12
52603,180,-0.1713,17.9247,-79.12,-79.12
52603,180,-0.1713,17.9247,-79.12,-79.12
52611,180,-4.6253,17.9247,-79.12,-79.12
52611,180,-4.6253,17.9247,-79.12,-77.68
52615,180,-4.6253,18.1051,-79.12,-79.12
52615,180,-4.6253,18.1051,-79.12,-79.12
52622,180,-3.1692,18.1051,-79.12,-79.12
52622,180,-3.1692,18.1051,-79.12,-79.12
52626,180,-3.1692,17.6449,-79.12,-79.12
52627,180,-3.1692,17.6449,-79.12,-79.12
52633,180,-1.1991,17.6449,-79.12,-79.12
52633,180,-1.1991,17.6449,-79.12,-79.12
52638,180,-1.1991,18.1999,-79.12,-77.68
52638,180,-1.1991,18.1999,-79.12,-79.12
52644,180,6.7666,18.1999,-79.12,-79.12
52644,180,6.7666,18.1999,-79.12,-77.68
52650,180,6.7666,17.6630,-79.12,-79.12
52650,180,6.7666,17.6630,-79.12,-79.12
52655,180,2.9979,17.6630,-79.12,-79.12
52655,180,2.9979,17.6630,-79.12,-79.12
52662,180,2.9979,17.9653,-79.12,-79.12
52662,180,2.9979,17.9653,-79.12,-79.12
52666,180,4.6253,17.9653,-79.12,-79.12
52666,180,4.6253,17.9653,-79.12,-79.12
52674,180,4.6253,18.1051,-79.12,-79.12
52674,180,4.6253,18.1051,-79.12,-79.12
52677,180,2.0557,18.1051,-79.12,-79.12
52677,180,2.0557,18.1051,-79.12,-79.12
52686,180,2.0557,18.0239,-79.12,-79.12
52686,180,2.0557,18.0239,-79.12,-79.12
52688,180,0.0857,18.0239,-79.12,-79.12
52688,180,0.0857,18.0239,-79.12,-79.12
52697,180,0.0857,18.4164,-79.12,-79.12
52698,180,0.0857,18.4164,-79.12,-79.12
52699,180,6.5096,18.4164,-79.12,-79.12
52699,180,6.5096,18.4164,-79.12,-79.12
52709,180,6.5096,18.0059,-79.12,-79.12
52709,180,6.5096,18.0059,-79.12,-79.12
52710,180,0.7709,18.0059,-79.12,-79.12
52710,180,0.7709,18.0059,-79.12,-79.12
52721,180,-3.5974,18.0059,-79.12,-79.12
52721,180,-3.5974,18.0059,-79.12,-79.12
52721,180,-3.5974,18.5788,-79.12,-79.12
52721,180,-3.5974,18.5788,-79.12,-79.12
52732,180,-3.3405,18.5788,-79.12,-79.12
52732,180,-3.3405,18.5788,-79.12,-79.12
52733,180,-3.3405,17.3968,-79.12,-79.12
52733,180,-3.3405,17.3968,-79.12,-79.12
52743,180,3.8544,17.3968,-79.12,-79.12
52743,180,3.8544,17.3968,-79.12,-79.12
52745,180,3.8544,17.4825,-79.12,-79.12
52745,180,3.8544,17.4825,-79.12,-79.12
52754,180,0.9422,17.4825,-79.12,-79.12
52754,180,0.9422,17.4825,-79.12,-79.12
52757,180,0.9422,17.9427,-79.12,-79.12
52757,180,0.9422,17.9427,-79.12,-79.12
52765,180,9.4218,17.9427,-79.12,-79.12
52765,180,9.4218,17.9427,-79.12,-79.12
52768,180,9.4218,17.0133,-79.12,-79.12
52769,180,9.4218,17.0133,-79.12,-79.12
52776,180,1.4561,17.0133,-79.12,-79.12
52776,180,1.4561,17.0133,-79.12,-79.12
52780,180,1.4561,17.5773,-79.12,-79.12
52780,180,1.4561,17.5773,-79.12,-79.12
52786,180,-8.9079,17.5773,-79.12,-79.12
52787,180,-8.9079,17.5773,-77.68,-79.12
52792,180,-8.9079,17.4690,-79.12,-79.12
52792,180,-8.9079,17.4690,-79.12,-79.12
52797,180,1.7987,17.4690,-79.12,-79.12
52798,180,1.7987,17.4690,-79.12,-79.12
52804,180,1.7987,17.1216,-79.12,-79.12
52804,180,1.7987,17.1216,-79.12,-79.12
52808,180,1.8844,17.1216,-79.12,-79.12
52809,180,1.8844,17.1216,-79.12,-79.12
52816,180,1.8844,17.2163,-79.12,-79.12
52816,180,1.8844,17.2163,-79.12,-79.12
52819,180,0.7709,17.2163,-79.12,-79.12
52819,180,0.7709,17.2163,-79.12,-79.12
52828,180,0.7709,17.2885,-79.12,-79.12
52828,180,0.7709,17.2885,-79.12,-79.12
52830,180,0.9422,17.2885,-79.12,-79.12
52830,180,0.9422,17.2885,-79.12,-79.12
52839,180,0.9422,17.9427,-79.12,-79.12
52840,180,0.9422,17.9427,-79.12,-79.12
52841,180,-0.4283,17.9427,-79.12,-79.12
52841,180,-0.4283,17.9427,-79.12,-79.12
52851,180,-0.4283,17.4013,-79.12,-79.12
52851,180,-0.4283,17.4013,-79.12,-79.12
52852,180,-6.7666,17.4013,-79.12,-79.12
52852,180,-6.7666,17.4013,-79.12,-79.12
52863,180,-6.7666,17.1848,-79.12,-79.12
52863,180,-6.7666,17.1848,-79.12,-79.12
52863,180,2.5696,17.1848,-79.12,-79.12
52863,180,2.5696,17.1848,-79.12,-79.12
52874,180,-0.6852,17.1848,-79.12,-79.12
52874,180,-0.6852,17.1848,-79.12,-79.12
52875,180,-0.6852,17.3201,-79.12,-79.12
52875,180,-0.6852,17.3201,-79.12,-79.12
52885,180,6.3383,17.3201,-79.12,-79.12
52885,180,6.3383,17.3201,-79.12,-79.12
52887,180,6.3383,17.3201,-79.12,-79.12
52887,180,6.3383,17.3201,-79.12,-79.12
52896,180,-1.6274,17.3201,-79.12,-79.12
52896,180,-1.6274,17.3201,-79.12,-79.12
52899,180,-1.6274,18.0420,-79.12,-79.12
52899,180,-1.6274,18.0420,-79.12,-79.12
52907,180,-0.9422,18.0420,-79.12,-79.12
52907,180,-0.9422,18.0420,-79.12,-79.12
52910,180,-0.9422,17.5412,-79.12,-77.68
52911,180,-0.9422,17.5412,-79.12,-79.12
52918,180,8.9936,17.5412,-79.12,-79.12
52918,180,8.9936,17.5412,-79.12,-79.12
52922,180,8.9936,17.6314,-79.12,-79.12
52922,180,8.9936,17.6314,-79.12,-79.12
52929,180,3.2548,17.6314,-79.12,-79.12
52929,180,3.2548,17.6314,-79.12,-79.12
52934,180,3.2548,17.8660,-79.12,-79.12
52934,180,3.2548,17.8660,-79.12,-79.12
52940,180,0.0857,17.8660,-79.12,-79.12
52940,180,0.0857,17.8660,-79.12,-79.12
52946,180,0.0857,17.5908,-79.12,-79.12
52946,180,0.0857,17.5908,-79.12,-79.12
52951,180,-6.4240,17.5908,-79.12,-79.12
52951,180,-6.4240,17.5908,-79.12,-79.12
52958,180,-6.4240,18.4706,-79.12,-79.12
52958,180,-6.4240,18.4706,-79.12,-79.12
52962,180,-5.6531,18.4706,-79.12,-79.12
52962,180,-5.6531,18.4706,-79.12,-79.12
52970,180,-5.6531,17.8841,-79.12,-79.12
52970,180,-5.6531,17.8841,-79.12,-79.12
52973,180,-2.9979,17.8841,-79.12,-79.12
52973,180,-2.9979,17.8841,-79.12,-79.12
52981,180,-2.9979,18.2224,-79.12,-79.12
52982,180,-2.9979,18.2224,-79.12,-79.12
52984,180,5.8244,18.2224,-79.12,-79.12
52984,180,5.8244,18.2224,-79.12,-79.12
52993,180,5.8244,18.2540,-79.12,-79.12
52993,180,5.8244,18.2540,-79.12,-79.12
52995,180,-5.3961,18.2540,-79.12,-79.12
52995,180,-5.3961,18.2540,-79.12,-79.12
53005,180,-5.3961,17.7036,-79.12,-79.12
53005,180,-5.3961,17.7036,-79.12,-79.12
53006,180,-6.3383,17.7036,-79.12,-79.12
53006,180,-6.3383,17.7036,-79.12,-79.12
53017,180,-6.3383,17.7983,-79.12,-79.12
53017,180,1.5418,17.7983,-79.12,-79.12
53017,180,1.5418,17.7983,-79.12,-79.12
53028,180,-2.9979,17.7983,-79.12,-79.12
53028,180,-2.9979,17.7983,-79.12,-79.12
53029,180,-2.9979,17.2750,-79.12,-79.12
53029,180,-2.9979,17.2750,-79.12,-79.12
53039,180,2.9979,17.2750,-79.12,-79.12
53039,180,2.9979,17.2750,-79.12,-79.12
53041,180,2.9979,18.1322,-79.12,-79.12
53041,180,2.9979,18.1322,-79.12,-79.12
53050,180,-3.8544,18.1322,-79.12,-79.12
53050,180,-3.8544,18.1322,-79.12,-79.12
53052,180,-3.8544,17.4645,-79.12,-79.12
53053,180,-3.8544,17.4645,-79.12,-79.12
53061,180,-0.1713,17.4645,-79.12,-79.12
53061,180,-0.1713,17.4645,-79.12,-79.12
53064,180,-0.1713,16.9862,-79.12,-79.12
53064,180,-0.1713,16.9862,-79.12,-79.12
53072,180,2.3126,16.9862,-79.12,-79.12
53072,180,2.3126,16.9862,-79.12,-79.12
53076,180,2.3126,17.6901,-79.12,-79.12
53076,180,2.3126,17.6901,-79.12,-79.12
53083,180,-1.2848,17.6901,-79.12,-79.12
53083,180,-1.2848,17.6901,-79.12,-79.12
53088,180,-1.2848,17.4600,-79.12,-79.12
53088,180,-1.2848,17.4600,-77.68,-79.12
53094,180,-4.7966,17.4600,-79.12,-79.12
53094,180,-4.7966,17.4600,-79.12,-79.12
53100,180,-4.7966,17.6855,-79.12,-79.12
53100,180,-4.7966,17.6855,-79.12,-79.12
53105,180,6.5953,17.6855,-79.12,-79.12
53105,180,6.5953,17.6855,-77.68,-79.12
53112,180,6.5953,17.4239,-79.12,-79.12
53112,180,6.5953,17.4239,-79.12,-79.12
53116,180,5.8244,17.4239,-79.12,-79.12
53116,180,5.8244,17.4239,-79.12,-79.12
53123,180,5.8244,17.9833,-79.12,-79.12
53124,180,5.8244,17.9833,-79.12,-79.12
53127,180,6.7666,17.9833,-79.12,-79.12
53127,180,6.7666,17.9833,-79.12,-79.12
53135,180,6.7666,18.1412,-79.12,-79.12
53135,180,6.7666,18.1412,-79.12,-79.12
53138,180,-2.9122,18.1412,-79.12,-79.12
53138,180,-2.9122,18.1412,-79.12,-79.12
53147,180,-2.9122,16.9501,-79.12,-79.12
53147,180,-2.9122,16.9501,-79.12,-79.12
53149,180,-1.5418,16.9501,-79.12,-79.12
53149,180,-1.5418,16.9501,-79.12,-79.12
53159,180,-1.5418,17.6088,-79.12,-79.12
53159,180,-1.5418,17.6088,-79.12,-79.12
53160,180,-2.7409,17.6088,-79.12,-79.12
53160,180,-2.7409,17.6088,-79.12,-79.12
53171,180,-2.8266,17.6088,-79.12,-79.12
53171,180,-2.8266,17.6088,-79.12,-79.12
53171,180,-2.8266,17.6043,-79.12,-79.12
53171,180,-2.8266,17.6043,-79.12,-79.12
53182,180,3.5118,17.6043,-79.12,-79.12
53182,180,3.5118,17.6043,-79.12,-77.68
53183,180,3.5118,17.8841,-79.12,-79.12
53183,180,3.5118,17.8841,-79.12,-79.12
53193,180,-2.3983,17.8841,-79.12,-79.12
53193,180,-2.3983,17.8841,-79.12,-79.12
53194,180,-2.3983,17.9833,-79.12,-79.12
53194,180,-2.3983,17.9833,-79.12,-79.12
53204,180,3.8544,17.9833,-79.12,-79.12
53204,180,3.8544,17.9833,-79.12,-79.12
53206,180,3.8544,17.3833,-79.12,-79.12
53206,180,3.8544,17.3833,-79.12,-79.12
53215,180,-1.7131,17.3833,-79.12,-79.12
53215,180,-1.7131,17.3833,-79.12,-79.12
53218,180,-1.7131,17.6179,-79.12,-79.12
53218,180,-1.7131,17.6179,-79.12,-79.12
53226,180,-4.8822,17.6179,-79.12,-79.12
53226,180,-4.8822,17.6179,-79.12,-79.12
53230,180,-4.8822,16.8780,-79.12,-79.12
53230,180,-4.8822,16.8780,-79.12,-79.12
53236,180,-1.5418,16.8780,-79.12,-79.12
53237,180,-1.5418,16.8780,-79.12,-79.12
53242,180,-1.5418,17.3517,-79.12,-79.12
53242,180,-1.5418,17.3517,-79.12,-79.12
53247,180,1.5418,17.3517,-79.12,-79.12
53248,180,1.5418,17.3517,-79.12,-79.12
53254,180,1.5418,17.5773,-79.12,-79.12
53254,180,1.5418,17.5773,-79.12,-79.12
53258,180,1.6274,17.5773,-79.12,-79.12
53259,180,1.6274,17.5773,-79.12,-79.12
53265,180,1.6274,17.3697,-79.12,-79.12
53265,180,1.6274,17.3697,-79.12,-79.12
53269,180,3.7687,17.3697,-79.12,-79.12
53270,180,3.7687,17.3697,-79.12,-79.12
53277,180,3.7687,17.7803,-79.12,-79.12
53277,180,3.7687,17.7803,-79.12,-79.12
53280,180,9.9358,17.7803,-79.12,-79.12
53280,180,9.9358,17.7803,-79.12,-79.12
53289,180,9.9358,17.2840,-79.12,-79.12
53289,180,9.9358,17.2840,-79.12,-79.12
53291,180,-2.0557,17.2840,-79.12,-79.12
53291,180,-2.0557,17.2840,-77.68,-79.12
53301,180,-2.0557,17.9292,-79.12,-79.12
53301,180,-2.0557,17.9292,-79.12,-79.12
53302,180,-0.5139,17.9292,-79.12,-79.12
53302,180,-0.5139,17.9292,-79.12,-79.12
53313,180,-0.5139,17.6314,-79.12,-79.12
53313,180,-0.5139,17.6314,-79.12,-79.12
53313,180,-2.3126,17.6314,-79.12,-79.12
53313,180,-2.3126,17.6314,-79.12,-79.12
53324,180,3.7687,17.6314,-79.12,-79.12
53324,180,3.7687,17.6314,-79.12,-79.12
53325,180,3.7687,17.0223,-79.12,-79.12
53325,180,3.7687,17.0223,-79.12,-79.12
53335,180,1.7987,17.0223,-79.12,-79.12
53335,180,1.7987,17.0223,-79.12,-79.12
53336,180,1.7987,17.6043,-79.12,-79.12
53336,180,1.7987,17.6043,-79.12,-79.12
53346,180,0.5139,17.6043,-79.12,-79.12
53346,180,0.5139,17.6043,-79.12,-79.12
53348,180,0.5139,17.3201,-79.12,-79.12
53348,180,0.5139,17.3201,-79.12,-79.12
53357,180,5.4818,17.3201,-79.12,-79.12
53357,180,5.4818,17.3201,-79.12,-79.12
53360,180,5.4818,17.6088,-79.12,-79.12
53360,180,5.4818,17.6088,-79.12,-79.12
53368,180,10.2784,17.6088,-79.12,-79.12
53368,180,10.2784,17.6088,-79.12,-79.12
53372,180,10.2784,16.8103,-79.12,-79.12
53372,180,10.2784,16.8103,-79.12,-79.12
53379,180,6.6809,16.8103,-79.12,-79.12
53379,180,6.6809,16.8103,-79.12,-79.12
53384,180,6.6809,16.9050,-79.12,-79.12
53384,180,6.6809,16.9050,-79.12,-79.12
53390,180,-4.6253,16.9050,-79.12,-79.12
53390,180,-4.6253,16.9050,-79.12,-79.12
53396,180,-4.6253,17.6585,-79.12,-79.12
53396,180,-4.6253,17.6585,-79.12,-79.12
53401,180,1.5418,17.6585,-79.12,-79.12
53401,180,1.5418,17.6585,-79.12,-79.12
53407,180,1.5418,17.2840,-79.12,-79.12
53407,180,1.5418,17.2840,-79.12,-79.12
53412,180,1.0278,17.2840,-79.12,-77.68
53412,180,1.0278,17.2840,-79.12,-79.12
53419,180,1.0278,17.5276,-79.12,-79.12
53419,180,1.0278,17.5276,-79.12,-79.12
53423,180,1.8844,17.5276,-79.12,-79.12
53423,180,1.8844,17.5276,-79.12,-79.12
53431,180,1.8844,17.1487,-79.12,-79.12
53431,180,1.8844,17.1487,-79.12,-77.68
53434,180,-5.5675,17.1487,-79.12,-79.12
53434,180,-5.5675,17.1487,-79.12,-77.68
53443,180,-5.5675,17.3652,-79.12,-79.12
53443,180,-5.5675,17.3652,-79.12,-79.12
53445,180,6.6809,17.3652,-79.12,-79.12
53445,180,6.6809,17.3652,-79.12,-79.12
53455,180,6.6809,17.5502,-79.12,-79.12
53455,180,6.6809,17.5502,-79.12,-79.12
53456,180,8.0514,17.5502,-79.12,-79.12
53456,180,8.0514,17.5502,-79.12,-79.12
53467,180,8.0514,16.8193,-79.12,-79.12
53467,180,8.0514,16.8193,-79.12,-79.12
53467,180,3.1692,16.8193,-79.12,-79.12
53467,180,3.1692,16.8193,-79.12,-77.68
53478,180,-0.8565,16.8193,-79.12,-79.12
53478,180,-0.8565,16.8193,-79.12,-79.12
53478,180,-0.8565,17.2614,-79.12,-79.12
53478,180,-0.8565,17.2614,-79.12,-79.12
53489,180,-1.7987,17.2614,-79.12,-79.12
53489,180,-1.7987,17.2614,-79.12,-79.12
53490,180,-1.7987,17.0449,-79.12,-79.12
53490,180,-1.7987,17.0449,-79.12,-79.12
53500,180,2.2270,17.0449,-79.12,-79.12
53500,180,2.2270,17.0449,-77.68,-79.12
53502,180,2.2270,17.7307,-79.12,-79.12
53502,180,2.2270,17.7307,-79.12,-79.12
53511,180,-3.8544,17.7307,-79.12,-79.12
53511,180,-3.8544,17.7307,-79.12,-79.12
53514,180,-3.8544,17.9156,-79.12,-79.12
53514,180,-3.8544,17.9156,-79.12,-79.12
53522,180,7.8801,17.9156,-79.12,-79.12
53522,180,7.8801,17.9156,-79.12,-79.12
53526,180,7.8801,17.2389,-79.12,-79.12
53526,180,7.8801,17.2389,-79.12,-79.12
53533,180,4.5396,17.2389,-79.12,-79.12
53533,180,4.5396,17.2389,-79.12,-79.12
53538,180,4.5396,17.7848,-79.12,-79.12
53538,180,4.5396,17.7848,-79.12,-79.12
53544,180,5.7388,17.7848,-79.12,-79.12
53544,180,5.7388,17.7848,-79.12,-79.12
53549,180,5.7388,17.1938,-79.12,-79.12
53549,180,5.7388,17.1938,-79.12,-79.12
53555,180,-1.7131,17.1938,-79.12,-79.12
53555,180,-1.7131,17.1938,-79.12,-79.12
53561,180,-1.7131,17.5863,-79.12,-79.12
53561,180,-1.7131,17.5863,-79.12,-79.12
53566,180,0.5996,17.5863,-77.68,-79.12
53566,180,0.5996,17.5863,-79.12,-79.12
53573,180,0.5996,17.2795,-79.12,-79.12
53573,180,0.5996,17.2795,-79.12,-79.12
53577,180,-2.1413,17.2795,-79.12,-79.12
53577,180,-2.1413,17.2795,-79.12,-79.12
53585,180,-2.1413,17.4509,-79.12,-79.12
53585,180,-2.1413,17.4509,-79.12,-79.12
53588,180,-1.7987,17.4509,-79.12,-79.12
53588,180,-1.7987,17.4509,-79.12,-79.12
53597,180,-1.7987,17.9607,-79.12,-79.12
53597,180,-1.7987,17.9607,-79.12,-77.68
53599,180,4.7109,17.9607,-79.12,-79.12
53599,180,4.7109,17.9607,-79.12,-79.12
53609,180,4.7109,17.1261,-79.12,-79.12
53609,180,4.7109,17.1261,-79.12,-79.12
53610,180,0.4283,17.1261,-79.12,-79.12
53610,180,0.4283,17.1261,-79.12,-79.12
53620,180,0.4283,17.6043,-79.12,-79.12
53620,180,0.4283,17.6043,-79.12,-79.12
53621,180,-2.5696,17.6043,-79.12,-79.12
53621,180,-2.5696,17.6043,-79.12,-79.12
53632,180,-3.9400,17.6043,-79.12,-79.12
53632,180,-3.9400,17.6043,-79.12,-77.68
53632,180,-3.9400,17.1848,-79.12,-79.12
53632,180,-3.9400,17.1848,-79.12,-79.12
53643,180,5.5675,17.1848,-79.12,-79.12
53643,180,5.5675,17.1848,-79.12,-79.12
53644,180,5.5675,17.1577,-79.12,-79.12
53644,180,5.5675,17.1577,-79.12,-79.12
53654,180,3.4261,17.1577,-79.12,-79.12
53654,180,3.4261,17.1577,-79.12,-79.12
53656,180,3.4261,17.3788,-79.12,-79.12
53656,180,3.4261,17.3788,-79.12,-79.12
53665,180,9.1649,17.3788,-79.12,-79.12
53665,180,9.1649,17.3788,-79.12,-79.12
53668,180,9.1649,16.4042,-79.12,-79.12
53668,180,9.1649,16.4042,-79.12,-79.12
53676,180,8.1370,16.4042,-79.12,-79.12
53676,180,8.1370,16.4042,-79.12,-79.12
53680,180,8.1370,17.0945,-79.12,-79.12
53680,180,8.1370,17.0945,-79.12,-79.12
53686,180,0.5139,17.0945,-79.12,-79.12
53687,180,0.5139,17.0945,-79.12,-79.12
