14658,180,-5.2248,18.5969,-79.12,-79.12
14658,180,-5.2248,18.5969,-79.12,-79.12
14658,180,-5.2248,18.5788,-79.12,-79.12
14658,180,-5.2248,18.5788,-79.12,-79.12
14669,180,3.2548,18.5788,-79.12,-79.12
14669,180,3.2548,18.5788,-79.12,-79.12
14670,180,3.2548,18.3081,-79.12,-79.12
14670,180,3.2548,18.3081,-79.12,-79.12
14680,180,-6.1670,18.3081,-79.12,-79.12
14680,180,-6.1670,18.3081,-79.12,-79.12
14682,180,-6.1670,17.9382,-79.12,-79.12
14682,180,-6.1670,17.9382,-79.12,-79.12
14690,180,-4.5396,17.9382,-79.12,-79.12
14691,180,-4.5396,17.9382,-79.12,-79.12
14694,180,-4.5396,17.5953,-79.12,-79.12
14694,180,-4.5396,17.5953,-79.12,-79.12
14701,180,-5.1392,17.5953,-79.12,-79.12
14702,180,-5.1392,17.5953,-79.12,-79.12
14706,180,-5.1392,17.9427,-79.12,-79.12
14706,180,-5.1392,17.9427,-79.12,-79.12
14712,180,4.7966,17.9427,-79.12,-79.12
14712,180,4.7966,17.9427,-79.12,-79.12
14718,180,4.7966,17.9247,-79.12,-79.12
14718,180,4.7966,17.9247,-79.12,-77.68
14723,180,-9.6788,17.9247,-79.12,-79.12
14723,180,-9.6788,17.9247,-79.12,-79.12
14729,180,-9.6788,17.8841,-79.12,-79.12
14729,180,-9.6788,17.8841,-79.12,-79.12
14734,180,-11.9058,17.8841,-79.12,-79.12
14734,180,-11.9058,17.8841,-79.12,-79.12
14741,180,-11.9058,18.1683,-79.12,-79.12
14741,180,-11.9058,18.1683,-79.12,-79.12
14745,180,-7.1949,18.1683,-79.12,-79.12
14745,180,-7.1949,18.1683,-79.12,-79.12
14753,180,-7.1949,18.0826,-79.12,-79.12
14753,180,-7.1949,18.0826,-79.12,-79.12
14756,180,-8.7366,18.0826,-79.12,-79.12
14756,180,-8.7366,18.0826,-79.12,-79.12
14765,180,-8.7366,17.9923,-79.12,-79.12
14765,180,-8.7366,17.9923,-79.12,-77.68
14767,180,-5.7388,17.9923,-79.12,-77.68
14767,180,-5.7388,17.9923,-79.12,-79.12
14777,180,-5.7388,17.9201,-79.12,-79.12
14777,180,-5.7388,17.9201,-79.12,-79.12
14778,180,-7.2805,17.9201,-79.12,-79.12
14778,180,-7.2805,17.9201,-79.12,-79.12
14788,180,-7.2805,18.1322,-79.12,-79.12
14789,180,-7.2805,18.1322,-79.12,-79.12
14789,180,-1.7987,18.1322,-79.12,-79.12
14789,180,-1.7987,18.1322,-79.12,-79.12
14800,180,-1.0278,18.1322,-79.12,-79.12
14800,180,-1.0278,18.1322,-79.12,-79.12
14800,180,-1.0278,17.9201,-79.12,-79.12
14800,180,-1.0278,17.9201,-79.12,-79.12
14811,180,10.4497,17.9201,-79.12,-79.12
14811,180,10.4497,17.9201,-79.12,-79.12
14812,180,10.4497,17.7442,-79.12,-77.68
14812,180,10.4497,17.7442,-79.12,-79.12
14822,180,-0.3426,17.7442,-79.12,-79.12
14822,180,-0.3426,17.7442,-79.12,-77.68
14824,180,-0.3426,17.6991,-79.12,-79.12
14824,180,-0.3426,17.6991,-79.12,-79.12
14833,180,3.4261,17.6991,-79.12,-79.12
14833,180,3.4261,17.6991,-79.12,-79.12
14836,180,3.4261,17.6314,-79.12,-79.12
14836,180,3.4261,17.6314,-79.12,-79.12
14844,180,3.7687,17.6314,-79.12,-79.12
14844,180,3.7687,17.6314,-79.12,-79.12
14848,180,3.7687,17.9337,-77.68,-79.12
14848,180,3.7687,17.9337,-79.12,-79.12
14855,180,4.6253,17.9337,-79.12,-79.12
14855,180,4.6253,17.9337,-79.12,-79.12
14859,180,4.6253,17.9878,-77.68,-79.12
14859,180,4.6253,17.9878,-79.12,-79.12
14866,180,-2.6552,17.9878,-79.12,-79.12
14866,180,-2.6552,17.9878,-79.12,-79.12
14871,180,-2.6552,17.7983,-79.12,-79.12
14871,180,-2.6552,17.7983,-79.12,-79.12
14877,180,-9.5075,17.7983,-79.12,-79.12
14877,180,-9.5075,17.7983,-79.12,-79.12
14883,180,-9.5075,17.7803,-79.12,-79.12
14883,180,-9.5075,17.7803,-79.12,-79.12
14888,180,-3.6831,17.7803,-79.12,-79.12
14888,180,-3.6831,17.7803,-77.68,-79.12
14895,180,-3.6831,17.7307,-79.12,-79.12
14895,180,-3.6831,17.7307,-79.12,-79.12
14899,180,0.1713,17.7307,-79.12,-79.12
14899,180,0.1713,17.7307,-79.12,-79.12
14907,180,0.1713,18.2269,-79.12,-79.12
14907,180,0.1713,18.2269,-79.12,-79.12
14910,180,0.0857,18.2269,-79.12,-79.12
14910,180,0.0857,18.2269,-79.12,-79.12
14919,180,0.0857,18.2405,-79.12,-79.12
14919,180,0.0857,18.2405,-79.12,-79.12
14921,180,-4.6253,18.2405,-79.12,-79.12
14921,180,-4.6253,18.2405,-79.12,-79.12
14930,180,-4.6253,18.2766,-79.12,-79.12
14930,180,-4.6253,18.2766,-79.12,-79.12
14932,180,6.6809,18.2766,-79.12,-79.12
14932,180,6.6809,18.2766,-77.68,-79.12
14942,180,6.6809,18.1683,-79.12,-79.12
14942,180,6.6809,18.1683,-79.12,-79.12
14943,180,3.4261,18.1683,-79.12,-79.12
14943,180,3.4261,18.1683,-79.12,-79.12
14954,180,3.6831,18.1683,-79.12,-79.12
14954,180,3.6831,18.1683,-79.12,-79.12
14954,180,3.6831,17.9427,-79.12,-79.12
14954,180,3.6831,17.9427,-79.12,-79.12
14965,180,-7.1949,17.9427,-79.12,-79.12
14965,180,-7.1949,17.9427,-79.12,-79.12
14966,180,-7.1949,18.0555,-79.12,-79.12
14966,180,-7.1949,18.0555,-79.12,-79.12
14976,180,-3.5974,18.0555,-79.12,-79.12
14976,180,-3.5974,18.0555,-79.12,-79.12
14978,180,-3.5974,17.6179,-79.12,-79.12
14978,180,-3.5974,17.6179,-79.12,-79.12
14987,180,7.4518,17.6179,-79.12,-79.12
14987,180,7.4518,17.6179,-79.12,-79.12
14989,180,7.4518,17.5682,-79.12,-79.12
14990,180,7.4518,17.5682,-79.12,-79.12
14997,180,2.4839,17.5682,-79.12,-79.12
14998,180,2.4839,17.5682,-79.12,-79.12
15001,180,2.4839,17.7081,-79.12,-79.12
15001,180,2.4839,17.7081,-79.12,-79.12
15008,180,1.7131,17.7081,-79.12,-79.12
15009,180,1.7131,17.7081,-79.12,-79.12
15013,180,1.7131,17.8525,-79.12,-79.12
15013,180,1.7131,17.8525,-79.12,-79.12
15019,180,-11.8201,17.8525,-79.12,-79.12
15019,180,-11.8201,17.8525,-79.12,-79.12
15025,180,-11.8201,17.8434,-79.12,-79.12
15025,180,-11.8201,17.8434,-79.12,-79.12
15030,180,-4.9679,17.8434,-79.12,-79.12
15030,180,-4.9679,17.8434,-79.12,-79.12
15037,180,-4.9679,17.1351,-79.12,-79.12
15037,180,-4.9679,17.1351,-79.12,-77.68
15041,180,-11.3062,17.1351,-79.12,-79.12
15041,180,-11.3062,17.1351,-79.12,-79.12
15049,180,-11.3062,16.9547,-79.12,-79.12
15049,180,-11.3062,16.9547,-79.12,-79.12
15052,180,-4.8822,16.9547,-79.12,-79.12
15052,180,-4.8822,16.9547,-79.12,-79.12
15060,180,-4.8822,17.3562,-79.12,-79.12
15061,180,-4.8822,17.3562,-79.12,-79.12
15063,180,-0.6852,17.3562,-79.12,-79.12
15063,180,-0.6852,17.3562,-79.12,-79.12
15072,180,-0.6852,17.2434,-79.12,-79.12
15072,180,-0.6852,17.2434,-79.12,-79.12
15074,180,5.6531,17.2434,-79.12,-79.12
15074,180,5.6531,17.2434,-79.12,-79.12
15084,180,5.6531,17.4690,-79.12,-79.12
15084,180,5.6531,17.4690,-79.12,-79.12
15085,180,-1.2848,17.4690,-77.68,-79.12
15085,180,-1.2848,17.4690,-79.12,-79.12
15096,180,-1.2848,17.5998,-79.12,-79.12
15096,180,-1.2848,17.5998,-79.12,-79.12
15096,180,-7.5375,17.5998,-79.12,-79.12
15096,180,-7.5375,17.5998,-79.12,-79.12
15107,180,-3.6831,17.5998,-79.12,-79.12
15107,180,-3.6831,17.5998,-79.12,-79.12
15108,180,-3.6831,17.6449,-79.12,-79.12
15108,180,-3.6831,17.6449,-79.12,-79.12
15118,180,-0.7709,17.6449,-79.12,-79.12
15118,180,-0.7709,17.6449,-79.12,-79.12
15120,180,-0.7709,17.3923,-79.12,-79.12
15120,180,-0.7709,17.3923,-79.12,-79.12
15129,180,8.0514,17.3923,-79.12,-79.12
15129,180,8.0514,17.3923,-79.12,-79.12
15131,180,8.0514,17.2254,-79.12,-79.12
15131,180,8.0514,17.2254,-79.12,-79.12
15140,180,0.4283,17.2254,-79.12,-79.12
15140,180,0.4283,17.2254,-79.12,-79.12
15143,180,0.4283,17.3878,-79.12,-79.12
15143,180,0.4283,17.3878,-79.12,-79.12
15151,180,2.2270,17.3878,-79.12,-79.12
15151,180,2.2270,17.3878,-79.12,-79.12
15155,180,2.2270,17.3607,-79.12,-79.12
15155,180,2.2270,17.3607,-79.12,-79.12
15162,180,-1.7131,17.3607,-79.12,-79.12
15162,180,-1.7131,17.3607,-79.12,-79.12
15167,180,-1.7131,17.6901,-79.12,-79.12
15167,180,-1.7131,17.6901,-79.12,-79.12
15173,180,6.9379,17.6901,-79.12,-79.12
15173,180,6.9379,17.6901,-79.12,-79.12
15179,180,6.9379,17.5728,-79.12,-79.12
15179,180,6.9379,17.5728,-79.12,-79.12
15184,180,-7.4518,17.5728,-79.12,-79.12
15184,180,-7.4518,17.5728,-79.12,-79.12
15191,180,-7.4518,17.2163,-79.12,-79.12
15191,180,-7.4518,17.2163,-79.12,-79.12
15195,180,-3.3405,17.2163,-79.12,-79.12
15195,180,-3.3405,17.2163,-79.12,-79.12
15202,180,-3.3405,17.4239,-79.12,-79.12
15202,180,-3.3405,17.4239,-79.12,-79.12
15206,180,1.1991,17.4239,-79.12,-79.12
15206,180,1.1991,17.4239,-79.12,-79.12
15214,180,1.1991,17.7352,-79.12,-79.12
15214,180,1.1991,17.7352,-79.12,-79.12
15217,180,-3.2548,17.7352,-79.12,-79.12
15217,180,-3.2548,17.7352,-79.12,-79.12
15226,180,-3.2548,18.2901,-79.12,-79.12
15226,180,-3.2548,18.2901,-79.12,-79.12
15228,180,3.5118,18.2901,-79.12,-79.12
15228,180,3.5118,18.2901,-79.12,-79.12
15238,180,3.5118,18.1096,-79.12,-79.12
15238,180,3.5118,18.1096,-79.12,-79.12
15239,180,-11.0493,18.1096,-79.12,-79.12
15239,180,-11.0493,18.1096,-79.12,-79.12
15250,180,-11.0493,17.6359,-79.12,-79.12
15250,180,-11.0493,17.6359,-79.12,-79.12
15250,180,0.3426,17.6359,-79.12,-79.12
15250,180,0.3426,17.6359,-79.12,-79.12
15261,180,-0.5996,17.6359,-79.12,-79.12
15261,180,-0.5996,17.6359,-79.12,-79.12
15261,180,-0.5996,17.8119,-79.12,-79.12
15262,180,-0.5996,17.8119,-79.12,-79.12
15272,180,0.9422,17.8119,-79.12,-79.12
15272,180,0.9422,17.8119,-79.12,-77.68
15273,180,0.9422,17.8434,-79.12,-79.12
15273,180,0.9422,17.8434,-79.12,-79.12
15283,180,-9.7645,17.8434,-79.12,-79.12
15283,180,-9.7645,17.8434,-79.12,-79.12
15285,180,-9.7645,17.8434,-79.12,-79.12
15285,180,-9.7645,17.8434,-79.12,-79.12
15294,180,-1.3704,17.8434,-79.12,-79.12
15294,180,-1.3704,17.8434,-79.12,-79.12
15297,180,-1.3704,17.5502,-79.12,-79.12
15297,180,-1.3704,17.5502,-79.12,-79.12
15305,180,-3.4261,17.5502,-79.12,-79.12
15305,180,-3.4261,17.5502,-79.12,-79.12
15309,180,-3.4261,17.6314,-79.12,-79.12
15309,180,-3.4261,17.6314,-79.12,-79.12
15316,180,-7.9657,17.6314,-79.12,-79.12
15316,180,-7.9657,17.6314,-79.12,-79.12
15321,180,-7.9657,18.1457,-79.12,-79.12
15321,180,-7.9657,18.1457,-79.12,-77.68
15326,180,-1.4561,18.1457,-79.12,-79.12
15327,180,-1.4561,18.1457,-79.12,-79.12
15332,180,-1.4561,18.1232,-79.12,-77.68
15332,180,-1.4561,18.1232,-79.12,-79.12
15337,180,-7.6231,18.1232,-79.12,-79.12
15338,180,-7.6231,18.1232,-79.12,-79.12
15344,180,-7.6231,17.6855,-79.12,-77.68
15344,180,-7.6231,17.6855,-79.12,-79.12
15348,180,3.5974,17.6855,-79.12,-79.12
15349,180,3.5974,17.6855,-79.12,-79.12
15356,180,3.5974,17.7261,-79.12,-79.12
15356,180,3.5974,17.7261,-79.12,-79.12
15359,180,-2.7409,17.7261,-79.12,-79.12
15359,180,-2.7409,17.7261,-79.12,-79.12
15368,180,-2.7409,17.9607,-79.12,-79.12
15368,180,-2.7409,17.9607,-79.12,-79.12
15370,180,3.1692,17.9607,-79.12,-79.12
15370,180,3.1692,17.9607,-79.12,-79.12
15380,180,3.1692,17.9517,-79.12,-79.12
15380,180,3.1692,17.9517,-79.12,-79.12
15381,180,1.7131,17.9517,-79.12,-77.68
15381,180,1.7131,17.9517,-79.12,-79.12
15392,180,1.7131,17.7442,-79.12,-79.12
15392,180,1.7131,17.7442,-79.12,-79.12
15392,180,9.3362,17.7442,-79.12,-79.12
15392,180,9.3362,17.7442,-79.12,-79.12
15403,180,-5.0535,17.7442,-79.12,-79.12
15403,180,-5.0535,17.7442,-79.12,-79.12
15403,180,-5.0535,18.1863,-79.12,-79.12
15403,180,-5.0535,18.1863,-79.12,-79.12
15414,180,-2.5696,18.1863,-79.12,-79.12
15414,180,-2.5696,18.1863,-79.12,-79.12
15415,180,-2.5696,17.8164,-79.12,-79.12
15415,180,-2.5696,17.8164,-79.12,-79.12
15425,180,-10.2784,17.8164,-79.12,-79.12
15425,180,-10.2784,17.8164,-79.12,-79.12
15427,180,-10.2784,17.6946,-79.12,-79.12
15427,180,-10.2784,17.6946,-79.12,-79.12
15436,180,-10.7066,17.6946,-79.12,-79.12
15436,180,-10.7066,17.6946,-79.12,-79.12
15439,180,-10.7066,17.6720,-79.12,-79.12
15439,180,-10.7066,17.6720,-79.12,-79.12
15447,180,-3.5974,17.6720,-79.12,-79.12
15447,180,-3.5974,17.6720,-79.12,-79.12
15451,180,-3.5974,17.6720,-79.12,-77.68
15451,180,-3.5974,17.6720,-79.12,-79.12
15458,180,-4.0257,17.6720,-79.12,-79.12
15458,180,-4.0257,17.6720,-79.12,-79.12
15462,180,-4.0257,17.8028,-79.12,-79.12
15463,180,-4.0257,17.8028,-79.12,-79.12
15469,180,-1.8844,17.8028,-79.12,-79.12
15469,180,-1.8844,17.8028,-79.12,-79.12
15474,180,-1.8844,17.7983,-79.12,-79.12
15474,180,-1.8844,17.7983,-79.12,-79.12
15480,180,-5.3961,17.7983,-79.12,-79.12
15480,180,-5.3961,17.7983,-79.12,-79.12
15486,180,-5.3961,17.6179,-79.12,-79.12
15486,180,-5.3961,17.6179,-79.12,-79.12
15491,180,9.9358,17.6179,-79.12,-79.12
15491,180,9.9358,17.6179,-79.12,-79.12
15498,180,9.9358,17.4509,-79.12,-79.12
15498,180,9.9358,17.4509,-79.12,-79.12
15502,180,2.9122,17.4509,-79.12,-79.12
15502,180,2.9122,17.4509,-79.12,-79.12
15510,180,2.9122,17.8119,-79.12,-79.12
15510,180,2.9122,17.8119,-79.12,-79.12
15513,180,-1.7131,17.8119,-79.12,-79.12
15513,180,-1.7131,17.8119,-79.12,-79.12
15522,180,-1.7131,18.0374,-79.12,-79.12
15522,180,-1.7131,18.0374,-79.12,-79.12
15524,180,-2.9122,18.0374,-79.12,-77.68
15524,180,-2.9122,18.0374,-79.12,-79.12
15533,180,-2.9122,18.4480,-79.12,-79.12
15534,180,-2.9122,18.4480,-79.12,-79.12
15535,180,0.4283,18.4480,-79.12,-79.12
15535,180,0.4283,18.4480,-79.12,-79.12
15545,180,0.4283,18.5653,-79.12,-79.12
15545,180,0.4283,18.5653,-79.12,-79.12
15546,180,-2.3126,18.5653,-77.68,-79.12
15546,180,-2.3126,18.5653,-79.12,-79.12
15557,180,-9.2505,18.5653,-79.12,-79.12
15557,180,-9.2505,18.5653,-79.12,-79.12
15557,180,-9.2505,17.7216,-79.12,-79.12
15557,180,-9.2505,17.7216,-79.12,-79.12
15568,180,-3.2548,17.7216,-79.12,-77.68
15568,180,-3.2548,17.7216,-79.12,-79.12
15569,180,-3.2548,17.6088,-77.68,-79.12
15569,180,-3.2548,17.6088,-79.12,-79.12
15579,180,-10.8779,17.6088,-79.12,-79.12
15579,180,-10.8779,17.6088,-79.12,-79.12
15581,180,-10.8779,17.3878,-79.12,-79.12
15581,180,-10.8779,17.3878,-79.12,-79.12
15590,180,-10.8779,17.3878,-79.12,-79.12
15590,180,-10.8779,17.3878,-79.12,-79.12
15593,180,-10.8779,17.2163,-79.12,-79.12
15593,180,-10.8779,17.2163,-79.12,-79.12
15601,180,-10.1071,17.2163,-79.12,-77.68
15601,180,-10.1071,17.2163,-79.12,-79.12
15604,180,-10.1071,17.4870,-79.12,-77.68
15605,180,-10.1071,17.4870,-79.12,-79.12
15612,180,-4.7966,17.4870,-79.12,-79.12
15612,180,-4.7966,17.4870,-79.12,-79.12
15616,180,-4.7966,17.5682,-79.12,-79.12
15616,180,-4.7966,17.5682,-79.12,-79.12
15623,180,-10.1071,17.5682,-79.12,-79.12
15623,180,-10.1071,17.5682,-79.12,-79.12
15628,180,-10.1071,17.9472,-79.12,-79.12
15628,180,-10.1071,17.9472,-79.12,-79.12
15633,180,-6.3383,17.9472,-79.12,-79.12
15634,180,-6.3383,17.9472,-79.12,-79.12
15640,180,-6.3383,18.0645,-79.12,-79.12
15640,180,-6.3383,18.0645,-79.12,-79.12
15644,180,-11.8201,18.0645,-79.12,-79.12
15645,180,-11.8201,18.0645,-79.12,-79.12
15652,180,-11.8201,17.9968,-79.12,-79.12
15652,180,-11.8201,17.9968,-79.12,-79.12
15655,180,-14.5610,17.9968,-79.12,-79.12
15656,180,-14.5610,17.9968,-79.12,-77.68
15664,180,-14.5610,18.1141,-79.12,-77.68
15664,180,-14.5610,18.1141,-79.12,-79.12
15666,180,-12.3340,18.1141,-79.12,-79.12
15666,180,-12.3340,18.1141,-79.12,-79.12
15675,180,-12.3340,18.0916,-79.12,-79.12
15675,180,-12.3340,18.0916,-79.12,-79.12
15677,180,-3.5118,18.0916,-79.12,-77.68
15677,180,-3.5118,18.0916,-79.12,-79.12
15687,180,-3.5118,18.0420,-77.68,-79.12
15687,180,-3.5118,18.0420,-79.12,-79.12
15688,180,-3.5974,18.0420,-79.12,-79.12
15688,180,-3.5974,18.0420,-79.12,-79.12
15699,180,-3.5974,17.4239,-79.12,-79.12
15699,180,-3.5974,17.4239,-79.12,-79.12
15699,180,-6.4240,17.4239,-79.12,-79.12
15699,180,-6.4240,17.4239,-79.12,-79.12
15710,180,3.3405,17.4239,-79.12,-79.12
15710,180,3.3405,17.4239,-79.12,-79.12
15711,180,3.3405,17.4284,-79.12,-79.12
15711,180,3.3405,17.4284,-79.12,-79.12
15721,180,-9.9358,17.4284,-79.12,-79.12
15721,180,-9.9358,17.4284,-79.12,-79.12
15723,180,-9.9358,17.6810,-79.12,-79.12
15723,180,-9.9358,17.6810,-79.12,-79.12
15732,180,-7.6231,17.6810,-79.12,-79.12
15732,180,-7.6231,17.6810,-79.12,-79.12
15735,180,-7.6231,17.7352,-79.12,-79.12
15735,180,-7.6231,17.7352,-79.12,-79.12
15743,180,-11.2206,17.7352,-79.12,-79.12
15743,180,-11.2206,17.7352,-79.12,-79.12
15746,180,-11.2206,17.6585,-79.12,-79.12
15746,180,-11.2206,17.6585,-79.12,-79.12
15754,180,-5.2248,17.6585,-79.12,-79.12
15754,180,-5.2248,17.6585,-79.12,-79.12
15758,180,-5.2248,17.6765,-79.12,-79.12
15758,180,-5.2248,17.6765,-79.12,-79.12
15765,180,0.0000,17.6765,-79.12,-79.12
15765,180,0.0000,17.6765,-79.12,-79.12
15770,180,0.0000,18.0555,-77.68,-79.12
15770,180,0.0000,18.0555,-79.12,-79.12
15776,180,2.4839,18.0555,-79.12,-77.68
15776,180,2.4839,18.0555,-79.12,-79.12
15782,180,2.4839,17.9292,-79.12,-79.12
15782,180,2.4839,17.9292,-79.12,-79.12
15787,180,4.1113,17.9292,-79.12,-79.12
15787,180,4.1113,17.9292,-79.12,-79.12
15794,180,4.1113,17.2705,-79.12,-79.12
15794,180,4.1113,17.2705,-79.12,-79.12
15798,180,-1.7131,17.2705,-79.12,-79.12
15798,180,-1.7131,17.2705,-79.12,-79.12
15806,180,-1.7131,17.1351,-79.12,-79.12
15806,180,-1.7131,17.1351,-79.12,-79.12
15809,180,-4.2827,17.1351,-79.12,-79.12
15809,180,-4.2827,17.1351,-79.12,-79.12
15817,180,-4.2827,17.5773,-79.12,-79.12
15817,180,-4.2827,17.5773,-79.12,-79.12
15820,180,-6.8522,17.5773,-79.12,-79.12
15820,180,-6.8522,17.5773,-79.12,-79.12
15829,180,-6.8522,18.1999,-79.12,-79.12
15829,180,-6.8522,18.1999,-79.12,-79.12
15831,180,4.4540,18.1999,-79.12,-79.12
15831,180,4.4540,18.1999,-79.12,-79.12
15841,180,4.4540,18.3578,-79.12,-79.12
15841,180,4.4540,18.3578,-79.12,-79.12
15842,180,-5.6531,18.3578,-79.12,-79.12
15842,180,-5.6531,18.3578,-79.12,-79.12
15853,180,-5.6531,17.8074,-77.68,-79.12
15853,180,-0.8565,17.8074,-79.12,-79.12
15853,180,-0.8565,17.8074,-79.12,-79.12
15864,180,-5.3105,17.8074,-79.12,-79.12
15864,180,-5.3105,17.8074,-79.12,-79.12
15865,180,-5.3105,17.8389,-79.12,-79.12
15865,180,-5.3105,17.8389,-79.12,-79.12
15875,180,-2.4839,17.8389,-79.12,-79.12
15875,180,-2.4839,17.8389,-79.12,-79.12
15876,180,-2.4839,18.0781,-79.12,-79.12
15877,180,-2.4839,18.0781,-79.12,-79.12
15886,180,1.7987,18.0781,-79.12,-79.12
15886,180,1.7987,18.0781,-79.12,-79.12
15888,180,1.7987,17.6810,-79.12,-79.12
15888,180,1.7987,17.6810,-79.12,-79.12
15897,180,0.3426,17.6810,-79.12,-79.12
15897,180,0.3426,17.6810,-79.12,-79.12
15900,180,0.3426,17.8209,-79.12,-79.12
15900,180,0.3426,17.8209,-79.12,-79.12
15908,180,-4.0257,17.8209,-79.12,-79.12
15908,180,-4.0257,17.8209,-79.12,-79.12
15912,180,-4.0257,18.0871,-79.12,-79.12
15912,180,-4.0257,18.0871,-79.12,-77.68
15919,180,-8.9079,18.0871,-79.12,-79.12
15919,180,-8.9079,18.0871,-79.12,-79.12
15924,180,-8.9079,17.8480,-79.12,-79.12
15924,180,-8.9079,17.8480,-79.12,-79.12
15930,180,-0.0857,17.8480,-79.12,-79.12
15930,180,-0.0857,17.8480,-79.12,-79.12
15936,180,-0.0857,17.5592,-79.12,-79.12
15936,180,-0.0857,17.5592,-77.68,-79.12
15941,180,1.2848,17.5592,-79.12,-79.12
15941,180,1.2848,17.5592,-79.12,-79.12
15947,180,1.2848,17.7893,-79.12,-79.12
15948,180,1.2848,17.7893,-79.12,-79.12
15952,180,0.3426,17.7893,-79.12,-79.12
15952,180,0.3426,17.7893,-79.12,-79.12
15959,180,0.3426,17.6088,-79.12,-79.12
15959,180,0.3426,17.6088,-79.12,-79.12
15963,180,-8.3940,17.6088,-79.12,-79.12
15963,180,-8.3940,17.6088,-79.12,-79.12
15971,180,-8.3940,17.4013,-79.12,-79.12
15971,180,-8.3940,17.4013,-79.12,-79.12
15973,180,4.1113,17.4013,-79.12,-79.12
15974,180,4.1113,17.4013,-79.12,-79.12
15983,180,4.1113,17.9427,-79.12,-79.12
15983,180,4.1113,17.9427,-79.12,-79.12
15984,180,-5.0535,17.9427,-79.12,-79.12
15985,180,-5.0535,17.9427,-79.12,-79.12
15995,180,-5.0535,18.3307,-79.12,-79.12
15995,180,-5.0535,18.3307,-79.12,-79.12
15995,180,-5.3961,18.3307,-77.68,-79.12
15996,180,-5.3961,18.3307,-79.12,-79.12
16006,180,-0.9422,18.3307,-79.12,-79.12
16006,180,-0.9422,18.3307,-79.12,-79.12
16007,180,-0.9422,18.4029,-79.12,-79.12
16007,180,-0.9422,18.4029,-79.12,-79.12
16017,180,0.5139,18.4029,-79.12,-79.12
16017,180,0.5139,18.4029,-79.12,-79.12
16018,180,0.5139,17.9111,-79.12,-79.12
16018,180,0.5139,17.9111,-79.12,-79.12
16028,180,3.5118,17.9111,-79.12,-79.12
16028,180,3.5118,17.9111,-79.12,-79.12
16030,180,3.5118,17.7442,-79.12,-79.12
16030,180,3.5118,17.7442,-79.12,-79.12
16039,180,-6.2527,17.7442,-79.12,-79.12
16039,180,-6.2527,17.7442,-79.12,-79.12
16042,180,-6.2527,18.0059,-79.12,-79.12
16042,180,-6.2527,18.0059,-79.12,-79.12
16050,180,5.3105,18.0059,-79.12,-79.12
16050,180,5.3105,18.0059,-79.12,-79.12
16054,180,5.3105,17.9698,-79.12,-79.12
16054,180,5.3105,17.9698,-79.12,-79.12
16061,180,-0.7709,17.9698,-79.12,-79.12
16061,180,-0.7709,17.9698,-79.12,-79.12
16066,180,-0.7709,18.0239,-79.12,-79.12
16066,180,-0.7709,18.0239,-79.12,-79.12
16072,180,4.7109,18.0239,-79.12,-79.12
16072,180,4.7109,18.0239,-79.12,-79.12
16078,180,4.7109,18.0871,-79.12,-79.12
16078,180,4.7109,18.0871,-79.12,-79.12
16083,180,-2.9122,18.0871,-79.12,-79.12
16083,180,-2.9122,18.0871,-79.12,-79.12
16089,180,-2.9122,17.8389,-79.12,-79.12
16089,180,-2.9122,17.8389,-79.12,-79.12
16094,180,-7.7944,17.8389,-79.12,-79.12
16094,180,-7.7944,17.8389,-79.12,-79.12
16101,180,-7.7944,17.4690,-79.12,-77.68
16101,180,-7.7944,17.4690,-79.12,-79.12
16105,180,-6.6809,17.4690,-79.12,-79.12
16105,180,-6.6809,17.4690,-79.12,-79.12
16113,180,-6.6809,17.6675,-79.12,-79.12
16113,180,-6.6809,17.6675,-79.12,-79.12
16116,180,-6.0814,17.6675,-79.12,-79.12
16116,180,-6.0814,17.6675,-79.12,-79.12
16125,180,-6.0814,17.9382,-79.12,-79.12
16125,180,-6.0814,17.9382,-79.12,-79.12
16127,180,-0.2570,17.9382,-79.12,-77.68
16127,180,-0.2570,17.9382,-79.12,-79.12
16137,180,-0.2570,17.8525,-79.12,-79.12
16137,180,-0.2570,17.8525,-79.12,-79.12
16138,180,-1.7987,17.8525,-79.12,-79.12
16138,180,-1.7987,17.8525,-79.12,-79.12
16149,180,-1.7987,17.8750,-79.12,-79.12
16149,180,-1.7987,17.8750,-79.12,-79.12
16149,180,1.7987,17.8750,-79.12,-79.12
16149,180,1.7987,17.8750,-79.12,-79.12
16160,180,-7.6231,17.8750,-79.12,-79.12
16160,180,-7.6231,17.8750,-79.12,-79.12
16160,180,-7.6231,17.6901,-79.12,-79.12
16160,180,-7.6231,17.6901,-79.12,-79.12
16171,180,-9.5075,17.6901,-79.12,-79.12
16171,180,-9.5075,17.6901,-79.12,-79.12
16172,180,-9.5075,17.6810,-79.12,-79.12
16172,180,-9.5075,17.6810,-79.12,-79.12
16182,180,-14.9036,17.6810,-79.12,-79.12
16182,180,-14.9036,17.6810,-79.12,-79.12
16184,180,-14.9036,17.6585,-79.12,-79.12
16184,180,-14.9036,17.6585,-79.12,-79.12
16193,180,1.4561,17.6585,-79.12,-77.68
16193,180,1.4561,17.6585,-79.12,-79.12
16196,180,1.4561,17.2840,-79.12,-79.12
16196,180,1.4561,17.2840,-79.12,-79.12
16204,180,-0.1713,17.2840,-79.12,-79.12
16204,180,-0.1713,17.2840,-79.12,-79.12
16208,180,-0.1713,17.2073,-79.12,-79.12
16208,180,-0.1713,17.2073,-79.12,-79.12
16215,180,4.1970,17.2073,-79.12,-79.12
16215,180,4.1970,17.2073,-79.12,-79.12
16220,180,4.1970,17.5096,-79.12,-79.12
16220,180,4.1970,17.5096,-79.12,-79.12
16226,180,-0.5996,17.5096,-79.12,-79.12
16226,180,-0.5996,17.5096,-79.12,-79.12
16231,180,-0.5996,17.7713,-79.12,-79.12
16231,180,-0.5996,17.7713,-79.12,-79.12
16237,180,-5.3961,17.7713,-79.12,-79.12
16237,180,-5.3961,17.7713,-79.12,-79.12
16243,180,-5.3961,17.9968,-79.12,-79.12
16243,180,-5.3961,17.9968,-79.12,-79.12
16248,180,-3.9400,17.9968,-79.12,-79.12
16248,180,-3.9400,17.9968,-79.12,-79.12
16255,180,-3.9400,17.7668,-79.12,-79.12
16255,180,-3.9400,17.7668,-79.12,-79.12
16259,180,-1.1135,17.7668,-79.12,-79.12
16259,180,-1.1135,17.7668,-79.12,-79.12
16267,180,-1.1135,17.3472,-79.12,-79.12
16267,180,-1.1135,17.3472,-79.12,-79.12
16270,180,4.1113,17.3472,-79.12,-79.12
16270,180,4.1113,17.3472,-79.12,-79.12
16279,180,4.1113,17.1441,-79.12,-79.12
16279,180,4.1113,17.1441,-79.12,-79.12
16281,180,-5.7388,17.1441,-79.12,-79.12
16281,180,-5.7388,17.1441,-79.12,-79.12
16290,180,-5.7388,17.3788,-79.12,-79.12
16291,180,-5.7388,17.3788,-79.12,-79.12
16292,180,-5.4818,17.3788,-79.12,-79.12
16292,180,-5.4818,17.3788,-79.12,-79.12
16302,180,-5.4818,17.5773,-79.12,-79.12
16302,180,-5.4818,17.5773,-79.12,-79.12
16303,180,-0.8565,17.5773,-79.12,-77.68
16303,180,-0.8565,17.5773,-77.68,-79.12
16314,180,10.2784,17.5773,-79.12,-79.12
16314,180,10.2784,17.5773,-79.12,-79.12
16314,180,10.2784,17.2750,-79.12,-79.12
16314,180,10.2784,17.2750,-79.12,-79.12
16325,180,0.7709,17.2750,-79.12,-77.68
16325,180,0.7709,17.2750,-79.12,-79.12
16326,180,0.7709,17.6449,-79.12,-79.12
16326,180,0.7709,17.6449,-79.12,-79.12
16336,180,0.4283,17.6449,-79.12,-79.12
16336,180,0.4283,17.6449,-79.12,-79.12
16338,180,0.4283,18.0239,-79.12,-79.12
16338,180,0.4283,18.0239,-79.12,-79.12
16346,180,3.4261,18.0239,-79.12,-79.12
16347,180,3.4261,18.0239,-79.12,-79.12
16350,180,3.4261,17.9517,-79.12,-79.12
16350,180,3.4261,17.9517,-79.12,-79.12
16357,180,2.2270,17.9517,-79.12,-79.12
16358,180,2.2270,17.9517,-77.68,-79.12
16361,180,2.2270,17.6134,-77.68,-79.12
16362,180,2.2270,17.6134,-79.12,-79.12
16368,180,4.0257,17.6134,-79.12,-79.12
16368,180,4.0257,17.6134,-79.12,-79.12
16373,180,4.0257,17.3968,-79.12,-79.12
16373,180,4.0257,17.3968,-79.12,-79.12
16379,180,-3.5118,17.3968,-79.12,-79.12
16379,180,-3.5118,17.3968,-79.12,-79.12
16385,180,-3.5118,17.4825,-79.12,-79.12
16385,180,-3.5118,17.4825,-79.12,-79.12
16390,180,-2.3126,17.4825,-79.12,-79.12
16390,180,-2.3126,17.4825,-79.12,-79.12
16397,180,-2.3126,17.5502,-79.12,-79.12
16397,180,-2.3126,17.5502,-79.12,-79.12
16401,180,-11.3919,17.5502,-79.12,-79.12
16401,180,-11.3919,17.5502,-79.12,-79.12
16409,180,-11.3919,17.8705,-79.12,-79.12
16409,180,-11.3919,17.8705,-79.12,-79.12
16412,180,0.8565,17.8705,-79.12,-79.12
16412,180,0.8565,17.8705,-79.12,-79.12
16421,180,0.8565,17.6404,-79.12,-79.12
16421,180,0.8565,17.6404,-79.12,-79.12
16423,180,-5.5675,17.6404,-79.12,-79.12
16423,180,-5.5675,17.6404,-79.12,-79.12
16432,180,-5.5675,17.3878,-79.12,-77.68
16433,180,-5.5675,17.3878,-79.12,-77.68
16434,180,-3.0835,17.3878,-79.12,-79.12
16434,180,-3.0835,17.3878,-79.12,-79.12
16444,180,-3.0835,17.6946,-79.12,-79.12
16444,180,-3.0835,17.6946,-79.12,-79.12
16445,180,-2.1413,17.6946,-79.12,-79.12
16445,180,-2.1413,17.6946,-79.12,-79.12
16456,180,-2.1413,17.5592,-79.12,-79.12
16456,180,-4.6253,17.5592,-79.12,-79.12
16456,180,-4.6253,17.5592,-79.12,-79.12
16467,180,-5.2248,17.5592,-79.12,-79.12
16467,180,-5.2248,17.5592,-79.12,-79.12
16468,180,-5.2248,17.7577,-79.12,-79.12
16468,180,-5.2248,17.7577,-79.12,-79.12
16478,180,-9.5075,17.7577,-79.12,-79.12
16478,180,-9.5075,17.7577,-79.12,-79.12
16480,180,-9.5075,17.6088,-79.12,-79.12
16480,180,-9.5075,17.6088,-79.12,-79.12
16489,180,-8.3084,17.6088,-79.12,-79.12
16489,180,-8.3084,17.6088,-79.12,-79.12
16492,180,-8.3084,17.4825,-79.12,-79.12
16492,180,-8.3084,17.4825,-79.12,-79.12
16500,180,-7.1949,17.4825,-79.12,-79.12
16500,180,-7.1949,17.4825,-79.12,-79.12
16503,180,-7.1949,17.9698,-79.12,-79.12
16503,180,-7.1949,17.9698,-77.68,-77.68
16511,180,-0.3426,17.9698,-79.12,-79.12
16511,180,-0.3426,17.9698,-79.12,-79.12
16515,180,-0.3426,17.8931,-77.68,-79.12
16515,180,-0.3426,17.8931,-79.12,-79.12
16522,180,-1.4561,17.8931,-79.12,-79.12
16522,180,-1.4561,17.8931,-79.12,-79.12
16527,180,-1.4561,17.9743,-79.12,-79.12
16527,180,-1.4561,17.9743,-79.12,-79.12
16533,180,5.3961,17.9743,-79.12,-79.12
16533,180,5.3961,17.9743,-79.12,-79.12
16539,180,5.3961,18.1096,-79.12,-79.12
16539,180,5.3961,18.1096,-79.12,-79.12
16544,180,2.3126,18.1096,-79.12,-77.68
16544,180,2.3126,18.1096,-79.12,-79.12
16551,180,2.3126,17.9923,-79.12,-79.12
16551,180,2.3126,17.9923,-79.12,-79.12
16555,180,10.5353,17.9923,-79.12,-79.12
16555,180,10.5353,17.9923,-79.12,-79.12
16563,180,10.5353,17.4961,-79.12,-79.12
16563,180,10.5353,17.4961,-79.12,-79.12
16566,180,8.1370,17.4961,-79.12,-79.12
16566,180,8.1370,17.4961,-79.12,-79.12
16574,180,8.1370,17.5998,-79.12,-79.12
16574,180,8.1370,17.5998,-79.12,-79.12
16577,180,-1.7131,17.5998,-79.12,-79.12
16577,180,-1.7131,17.5998,-79.12,-79.12
16586,180,-1.7131,17.7803,-79.12,-79.12
16586,180,-1.7131,17.7803,-79.12,-79.12
16588,180,3.3405,17.7803,-79.12,-79.12
16588,180,3.3405,17.7803,-79.12,-79.12
16598,180,3.3405,17.6855,-79.12,-79.12
16598,180,3.3405,17.6855,-79.12,-79.12
16599,180,0.0000,17.6855,-79.12,-79.12
16599,180,0.0000,17.6855,-79.12,-79.12
16610,180,7.7944,17.6855,-79.12,-77.68
16610,180,7.7944,17.6855,-79.12,-79.12
16610,180,7.7944,18.0735,-79.12,-79.12
16610,180,7.7944,18.0735,-79.12,-79.12
16621,180,-1.8844,18.0735,-79.12,-79.12
16621,180,-1.8844,18.0735,-79.12,-79.12
16622,180,-1.8844,18.1954,-79.12,-79.12
16622,180,-1.8844,18.1954,-79.12,-79.12
16632,180,7.6231,18.1954,-79.12,-79.12
16632,180,7.6231,18.1954,-79.12,-79.12
16634,180,7.6231,17.8931,-79.12,-79.12
16634,180,7.6231,17.8931,-79.12,-79.12
16643,180,0.1713,17.8931,-79.12,-79.12
16643,180,0.1713,17.8931,-79.12,-79.12
16645,180,0.1713,17.7307,-79.12,-79.12
16645,180,0.1713,17.7307,-79.12,-79.12
16654,180,1.6274,17.7307,-79.12,-79.12
16654,180,1.6274,17.7307,-79.12,-79.12
16657,180,1.6274,17.5592,-79.12,-79.12
16657,180,1.6274,17.5592,-79.12,-79.12
16665,180,1.1135,17.5592,-79.12,-79.12
16665,180,1.1135,17.5592,-79.12,-79.12
16669,180,1.1135,17.3878,-79.12,-79.12
16669,180,1.1135,17.3878,-79.12,-79.12
16676,180,7.0236,17.3878,-79.12,-79.12
16676,180,7.0236,17.3878,-79.12,-79.12
16681,180,7.0236,17.6494,-79.12,-79.12
16681,180,7.0236,17.6494,-79.12,-79.12
16687,180,1.2848,17.6494,-79.12,-79.12
16687,180,1.2848,17.6494,-79.12,-77.68
16693,180,1.2848,17.5682,-79.12,-79.12
16693,180,1.2848,17.5682,-79.12,-79.12
16698,180,-8.7366,17.5682,-79.12,-79.12
16698,180,-8.7366,17.5682,-79.12,-79.12
16704,180,-8.7366,17.5502,-79.12,-77.68
16705,180,-8.7366,17.5502,-79.12,-77.68
16708,180,-1.7131,17.5502,-79.12,-79.12
16709,180,-1.7131,17.5502,-79.12,-79.12
16716,180,-1.7131,17.6720,-79.12,-79.12
16716,180,-1.7131,17.6720,-79.12,-79.12
16719,180,-7.3662,17.6720,-79.12,-79.12
16720,180,-7.3662,17.6720,-79.12,-79.12
16728,180,-7.3662,18.0871,-79.12,-79.12
16728,180,-7.3662,18.0871,-79.12,-79.12
16730,180,-7.2805,18.0871,-79.12,-79.12
16730,180,-7.2805,18.0871,-79.12,-79.12
16740,180,-7.2805,18.7954,-79.12,-79.12
16740,180,-7.2805,18.7954,-79.12,-79.12
16741,180,-14.3041,18.7954,-79.12,-79.12
16741,180,-14.3041,18.7954,-79.12,-79.12
16752,180,-14.3041,18.2901,-79.12,-79.12
16752,180,-14.3041,18.2901,-79.12,-79.12
16752,180,3.0835,18.2901,-79.12,-77.68
16752,180,3.0835,18.2901,-79.12,-79.12
16763,180,4.6253,18.2901,-79.12,-79.12
16763,180,4.6253,18.2901,-79.12,-79.12
16764,180,4.6253,17.5592,-79.12,-79.12
16764,180,4.6253,17.5592,-79.12,-79.12
16774,180,1.3704,17.5592,-79.12,-79.12
16774,180,1.3704,17.5592,-79.12,-79.12
16775,180,1.3704,17.7216,-79.12,-79.12
16776,180,1.3704,17.7216,-79.12,-79.12
16785,180,-2.4839,17.7216,-77.68,-77.68
16785,180,-2.4839,17.7216,-79.12,-79.12
16787,180,-2.4839,17.7397,-79.12,-79.12
16787,180,-2.4839,17.7397,-79.12,-77.68
16796,180,-5.9101,17.7397,-79.12,-79.12
16796,180,-5.9101,17.7397,-79.12,-79.12
16799,180,-5.9101,17.1216,-79.12,-79.12
16799,180,-5.9101,17.1216,-79.12,-79.12
16807,180,-2.9122,17.1216,-79.12,-79.12
16807,180,-2.9122,17.1216,-79.12,-79.12
16811,180,-2.9122,17.2073,-79.12,-79.12
16811,180,-2.9122,17.2073,-79.12,-79.12
16818,180,-4.5396,17.2073,-79.12,-79.12
16818,180,-4.5396,17.2073,-79.12,-79.12
16823,180,-4.5396,17.3381,-79.12,-79.12
16823,180,-4.5396,17.3381,-79.12,-79.12
16829,180,5.4818,17.3381,-79.12,-79.12
16829,180,5.4818,17.3381,-79.12,-79.12
16835,180,5.4818,17.4554,-79.12,-79.12
16835,180,5.4818,17.4554,-79.12,-79.12
16840,180,85.3961,17.4554,-79.12,-79.12
16840,180,85.3961,17.4554,-79.12,-79.12
16846,180,85.3961,17.8389,-79.12,-79.12
16846,180,85.3961,17.8389,-79.12,-79.12
16851,180,195.1178,17.8389,-79.12,-79.12
16851,180,195.1178,17.8389,-79.12,-79.12
16858,180,195.1178,17.8705,-79.12,-79.12
16858,180,195.1178,17.8705,-79.12,-79.12
16862,180,254.4754,17.8705,-79.12,-79.12
16862,180,254.4754,17.8705,-79.12,-79.12
16870,180,254.4754,17.4825,-79.12,-79.12
16870,180,254.4754,17.4825,-79.12,-79.12
16873,180,314.0899,17.4825,-79.12,-79.12
16873,180,314.0899,17.4825,-77.68,-79.12
16882,180,314.0899,17.2750,-79.12,-79.12
16882,180,314.0899,17.2750,-79.12,-79.12
16884,180,374.4754,17.2750,-79.12,-79.12
16884,180,374.4754,17.2750,-79.12,-79.12
16894,180,374.4754,17.4464,-79.12,-79.12
16894,180,374.4754,17.4464,-79.12,-79.12
16895,180,454.5610,17.4464,-79.12,-79.12
16895,180,454.5610,17.4464,-79.12,-79.12
16906,180,454.5610,17.7893,-79.12,-79.12
16906,180,454.5610,17.7893,-79.12,-79.12
16906,180,508.6081,17.7893,-79.12,-79.12
16906,180,508.6081,17.7893,-79.12,-79.12
16917,180,539.4432,17.7893,-79.12,-79.12
16917,180,539.4432,17.7893,-79.12,-79.12
16917,180,539.4432,17.9923,-79.12,-79.12
16917,180,539.4432,17.9923,-79.12,-79.12
16928,180,584.8394,17.9923,-79.12,-79.12
16928,180,584.8394,17.9923,-79.12,-79.12
16929,180,584.8394,17.5637,-79.12,-79.12
16929,180,584.8394,17.5637,-79.12,-79.12
16939,180,661.7559,17.5637,-79.12,-79.12
16939,180,661.7559,17.5637,-79.12,-77.68
16941,180,661.7559,17.7397,-79.12,-79.12
16941,180,661.7559,17.7397,-79.12,-79.12
16950,180,752.6339,17.7397,-79.12,-79.12
16950,180,752.6339,17.7397,-77.68,-79.12
16953,180,752.6339,17.6404,-79.12,-79.12
16953,180,752.6339,17.6404,-79.12,-79.12
16961,180,833.9186,17.6404,-79.12,-79.12
16961,180,833.9186,17.6404,-79.12,-79.12
16965,180,833.9186,17.5096,-79.12,-79.12
16965,180,833.9186,17.5096,-79.12,-79.12
16972,180,934.6467,17.5096,-79.12,-77.68
16972,180,934.6467,17.5096,-79.12,-79.12
16976,180,934.6467,17.7036,-79.12,-79.12
16977,180,934.6467,17.7036,-79.12,-79.12
16983,180,1020.4711,17.7036,-79.12,-77.68
16983,180,1020.4711,17.7036,-79.12,-79.12
16988,180,1020.4711,17.8434,-79.12,-79.12
16988,180,1020.4711,17.8434,-79.12,-79.12
16994,180,1104.5824,17.8434,-79.12,-79.12
16994,180,1104.5824,17.8434,-79.12,-79.12
17000,180,1104.5824,17.5908,-79.12,-79.12
17000,180,1104.5824,17.5908,-79.12,-79.12
17005,180,1162.2269,17.5908,-79.12,-79.12
17005,180,1162.2269,17.5908,-79.12,-79.12
17012,180,1162.2269,17.3788,-79.12,-79.12
17012,180,1162.2269,17.3788,-79.12,-79.12
17016,180,1201.3705,17.3788,-79.12,-79.12
17016,180,1201.3705,17.3788,-79.12,-79.12
17024,180,1201.3705,17.4509,-79.12,-79.12
17024,180,1201.3705,17.4509,-79.12,-79.12
17027,180,1237.3447,17.4509,-79.12,-79.12
17027,180,1237.3447,17.4509,-79.12,-79.12
17036,180,1237.3447,17.5141,-79.12,-79.12
17036,180,1237.3447,17.5141,-79.12,-79.12
17038,180,1283.7687,17.5141,-79.12,-79.12
17038,180,1283.7687,17.5141,-79.12,-79.12
17047,180,1283.7687,17.5367,-79.12,-79.12
17047,180,1283.7687,17.5367,-79.12,-79.12
17049,180,1336.3597,17.5367,-79.12,-79.12
17049,180,1336.3597,17.5367,-79.12,-79.12
17059,180,1336.3597,17.6946,-79.12,-79.12
17059,180,1336.3597,17.6946,-79.12,-79.12
17059,180,1355.5460,17.6946,-79.12,-79.12
17060,180,1355.5460,17.6946,-79.12,-79.12
17070,180,1377.3019,17.6946,-79.12,-79.12
17071,180,1377.3019,17.6946,-79.12,-79.12
17071,180,1377.3019,17.7803,-79.12,-79.12
17071,180,1377.3019,17.7803,-79.12,-79.12
17081,180,1407.0236,17.7803,-79.12,-79.12
17082,180,1407.0236,17.7803,-79.12,-79.12
17083,180,1407.0236,17.6991,-79.12,-79.12
17083,180,1407.0236,17.6991,-79.12,-79.12
17092,180,1439.3147,17.6991,-79.12,-79.12
17092,180,1439.3147,17.6991,-79.12,-79.12
17095,180,1439.3147,17.4239,-79.12,-79.12
17095,180,1439.3147,17.4239,-79.12,-79.12
17103,180,1461.6702,17.4239,-79.12,-79.12
17103,180,1461.6702,17.4239,-79.12,-79.12
17107,180,1461.6702,17.1171,-79.12,-79.12
17107,180,1461.6702,17.1171,-79.12,-79.12
17114,180,1505.4390,17.1171,-79.12,-79.12
17114,180,1505.4390,17.1171,-79.12,-79.12
17118,180,1505.4390,16.8554,-79.12,-79.12
17118,180,1505.4390,16.8554,-79.12,-79.12
17125,180,1549.0364,16.8554,-79.12,-79.12
17125,180,1549.0364,16.8554,-79.12,-79.12
17130,180,1549.0364,17.4148,-79.12,-79.12
17130,180,1549.0364,17.4148,-79.12,-79.12
17136,180,1593.9186,17.4148,-79.12,-79.12
17136,180,1593.9186,17.4148,-79.12,-79.12
17142,180,1593.9186,17.8299,-79.12,-79.12
17142,180,1593.9186,17.8299,-79.12,-79.12
17147,180,1616.0171,17.8299,-79.12,-77.68
17147,180,1616.0171,17.8299,-79.12,-79.12
17154,180,1616.0171,17.9337,-79.12,-79.12
17154,180,1616.0171,17.9337,-79.12,-79.12
17158,180,1625.4390,17.9337,-79.12,-79.12
17158,180,1625.4390,17.9337,-79.12,-79.12
17166,180,1625.4390,18.0781,-79.12,-79.12
17166,180,1625.4390,18.0781,-79.12,-79.12
17169,180,1650.4497,18.0781,-79.12,-79.12
17169,180,1650.4497,18.0781,-79.12,-79.12
17177,180,1650.4497,17.7983,-79.12,-79.12
17178,180,1650.4497,17.7983,-79.12,-79.12
17180,180,1678.8008,17.7983,-79.12,-79.12
17180,180,1678.8008,17.7983,-79.12,-79.12
17189,180,1678.8008,17.6675,-79.12,-77.68
17189,180,1678.8008,17.6675,-79.12,-79.12
17191,180,1717.1735,17.6675,-79.12,-79.12
17191,180,1717.1735,17.6675,-79.12,-79.12
17201,180,1717.1735,17.7577,-79.12,-79.12
17201,180,1717.1735,17.7577,-79.12,-79.12
17202,180,1749.3790,17.7577,-79.12,-79.12
17202,180,1749.3790,17.7577,-79.12,-79.12
17213,180,1749.3790,17.5321,-79.12,-77.68
17213,180,1749.3790,17.5321,-79.12,-77.68
17213,180,1798.4583,17.5321,-79.12,-79.12
17213,180,1798.4583,17.5321,-79.12,-79.12
17224,180,1827.0664,17.5321,-79.12,-79.12
17224,180,1827.0664,17.5321,-79.12,-79.12
17225,180,1827.0664,17.6088,-79.12,-79.12
17225,180,1827.0664,17.6088,-79.12,-79.12
17235,180,1849.3362,17.6088,-79.12,-79.12
17235,180,1849.3362,17.6088,-79.12,-79.12
17237,180,1849.3362,17.6675,-79.12,-79.12
17237,180,1849.3362,17.6675,-79.12,-79.12
17246,180,1862.7837,17.6675,-79.12,-79.12
17246,180,1862.7837,17.6675,-79.12,-79.12
17248,180,1862.7837,17.9968,-79.12,-79.12
17249,180,1862.7837,17.9968,-79.12,-79.12
17257,180,1879.3147,17.9968,-79.12,-79.12
17257,180,1879.3147,17.9968,-79.12,-79.12
17260,180,1879.3147,18.1818,-79.12,-79.12
17260,180,1879.3147,18.1818,-79.12,-79.12
17268,180,1895.7601,18.1818,-79.12,-79.12
17268,180,1895.7601,18.1818,-79.12,-79.12
17272,180,1895.7601,18.2675,-79.12,-79.12
17272,180,1895.7601,18.2675,-79.12,-79.12
17279,180,1900.9850,18.2675,-79.12,-79.12
17279,180,1900.9850,18.2675,-79.12,-79.12
17284,180,1900.9850,18.0871,-79.12,-79.12
17284,180,1900.9850,18.0871,-79.12,-79.12
17290,180,1923.3405,18.0871,-79.12,-79.12
17290,180,1923.3405,18.0871,-79.12,-79.12
17296,180,1923.3405,17.8795,-79.12,-79.12
17296,180,1923.3405,17.8795,-79.12,-79.12
17301,180,1933.1049,17.8795,-79.12,-79.12
17301,180,1933.1049,17.8795,-79.12,-79.12
17308,180,1933.1049,17.7126,-79.12,-79.12
17308,180,1933.1049,17.7126,-79.12,-77.68
17312,180,1957.4304,17.7126,-79.12,-79.12
17312,180,1957.4304,17.7126,-79.12,-79.12
17319,180,1957.4304,18.0194,-79.12,-79.12
17319,180,1957.4304,18.0194,-79.12,-77.68
17323,180,1949.9785,18.0194,-79.12,-79.12
17323,180,1949.9785,18.0194,-79.12,-79.12
17331,180,1949.9785,17.8886,-79.12,-79.12
17331,180,1949.9785,17.8886,-79.12,-79.12
17334,180,1949.6360,17.8886,-79.12,-79.12
17334,180,1949.6360,17.8886,-79.12,-79.12
17343,180,1949.6360,17.8389,-79.12,-79.12
17343,180,1949.6360,17.8389,-79.12,-79.12
17345,180,1940.0428,17.8389,-79.12,-79.12
17345,180,1940.0428,17.8389,-79.12,-79.12
17355,180,1940.0428,17.8028,-79.12,-79.12
17355,180,1940.0428,17.8028,-79.12,-79.12
17356,180,1940.4711,17.8028,-79.12,-79.12
17356,180,1940.4711,17.8028,-79.12,-79.12
17367,180,1932.6766,17.8028,-79.12,-79.12
17367,180,1932.6766,17.8299,-79.12,-79.12
17367,180,1932.6766,17.8299,-79.12,-79.12
17378,180,1926.4240,17.8299,-79.12,-79.12
17378,180,1926.4240,17.8299,-79.12,-79.12
17379,180,1926.4240,17.5818,-79.12,-79.12
17379,180,1926.4240,17.5818,-79.12,-79.12
17389,180,1917.0021,17.5818,-79.12,-77.68
17389,180,1917.0021,17.5818,-79.12,-79.12
17390,180,1917.0021,17.6269,-79.12,-79.12
17390,180,1917.0021,17.6269,-79.12,-79.12
17400,180,1896.7024,17.6269,-79.12,-79.12
17400,180,1896.7024,17.6269,-79.12,-77.68
17402,180,1896.7024,17.4735,-79.12,-79.12
17402,180,1896.7024,17.4735,-79.12,-79.12
17411,180,1898.7581,17.4735,-79.12,-79.12
17411,180,1898.7581,17.4735,-79.12,-79.12
17414,180,1898.7581,17.2028,-79.12,-79.12
17414,180,1898.7581,17.2028,-79.12,-79.12
17422,180,1890.8779,17.2028,-79.12,-79.12
17422,180,1890.8779,17.2028,-79.12,-79.12
17426,180,1890.8779,17.5141,-79.12,-79.12
17426,180,1890.8779,17.5141,-79.12,-79.12
17432,180,1882.7408,17.5141,-79.12,-79.12
17433,180,1882.7408,17.5141,-79.12,-79.12
17438,180,1882.7408,17.5006,-79.12,-79.12
17438,180,1882.7408,17.5006,-79.12,-79.12
17443,180,1865.6102,17.5006,-79.12,-79.12
17444,180,1865.6102,17.5006,-79.12,-79.12
17449,180,1865.6102,17.3652,-79.12,-79.12
17450,180,1865.6102,17.3652,-79.12,-79.12
17454,180,1857.7302,17.3652,-79.12,-79.12
17455,180,1857.7302,17.3652,-79.12,-79.12
17461,180,1857.7302,17.2479,-79.12,-79.12
17461,180,1857.7302,17.2479,-79.12,-79.12
17465,180,1825.5247,17.2479,-79.12,-79.12
17465,180,1825.5247,17.2479,-79.12,-79.12
17473,180,1825.5247,16.9592,-79.12,-79.12
17473,180,1825.5247,16.9592,-79.12,-79.12
17476,180,1789.0364,16.9592,-79.12,-79.12
17476,180,1789.0364,16.9592,-79.12,-79.12
17485,180,1789.0364,17.0133,-79.12,-79.12
17485,180,1789.0364,17.0133,-79.12,-79.12
17487,180,1754.6895,17.0133,-79.12,-79.12
17487,180,1754.6895,17.0133,-79.12,-79.12
17497,180,1754.6895,17.0629,-79.12,-79.12
17497,180,1754.6895,17.0629,-79.12,-79.12
17498,180,1705.6102,17.0629,-79.12,-79.12
17498,180,1705.6102,17.0629,-79.12,-79.12
17509,180,1705.6102,17.2614,-79.12,-77.68
17509,180,1705.6102,17.2614,-79.12,-79.12
17509,180,1670.8351,17.2614,-79.12,-79.12
17509,180,1670.8351,17.2614,-79.12,-79.12
17520,180,1604.7109,17.2614,-79.12,-79.12
17520,180,1604.7109,17.2614,-79.12,-79.12
17520,180,1604.7109,17.3427,-79.12,-79.12
17520,180,1604.7109,17.3427,-79.12,-79.12
17531,180,1532.3340,17.3427,-79.12,-79.12
17531,180,1532.3340,17.3427,-79.12,-79.12
17532,180,1532.3340,17.4284,-79.12,-79.12
17532,180,1532.3340,17.4284,-79.12,-79.12
17542,180,1420.7280,17.4284,-79.12,-79.12
17542,180,1420.7280,17.4284,-79.12,-79.12
17544,180,1420.7280,17.7216,-79.12,-79.12
17544,180,1420.7280,17.7216,-79.12,-79.12
17553,180,1305.9529,17.7216,-79.12,-79.12
17553,180,1305.9529,17.7216,-79.12,-79.12
17556,180,1305.9529,17.7893,-79.12,-79.12
17556,180,1305.9529,17.7893,-79.12,-79.12
17564,180,1165.9957,17.7893,-79.12,-79.12
17564,180,1165.9957,17.7893,-79.12,-79.12
17568,180,1165.9957,17.5412,-79.12,-79.12
17568,180,1165.9957,17.5412,-79.12,-79.12
17575,180,1025.8672,17.5412,-79.12,-79.12
17575,180,1025.8672,17.5412,-79.12,-79.12
17580,180,1025.8672,17.1035,-79.12,-79.12
17580,180,1025.8672,17.1035,-79.12,-79.12
17586,180,894.4753,17.1035,-79.12,-79.12
17586,180,894.4753,17.1035,-79.12,-77.68
17591,180,894.4753,17.3562,-79.12,-79.12
17591,180,894.4753,17.3562,-79.12,-79.12
17597,180,773.7045,17.3562,-79.12,-79.12
17597,180,773.7045,17.3562,-79.12,-79.12
17603,180,773.7045,17.5502,-79.12,-79.12
17603,180,773.7045,17.5502,-79.12,-79.12
17608,180,670.0642,17.5502,-79.12,-79.12
17608,180,670.0642,17.5502,-79.12,-79.12
17615,180,670.0642,17.6043,-79.12,-79.12
17615,180,670.0642,17.6043,-79.12,-79.12
17619,180,557.1735,17.6043,-79.12,-79.12
17619,180,557.1735,17.6043,-79.12,-79.12
17627,180,557.1735,17.5637,-79.12,-79.12
17627,180,557.1735,17.5637,-79.12,-79.12
17630,180,467.4090,17.5637,-79.12,-79.12
17630,180,467.4090,17.5637,-79.12,-79.12
17639,180,467.4090,17.3066,-79.12,-79.12
17639,180,467.4090,17.3066,-79.12,-77.68
17641,180,372.8480,17.3066,-79.12,-79.12
17641,180,372.8480,17.3066,-79.12,-79.12
17651,180,372.8480,17.2073,-79.12,-79.12
17651,180,372.8480,17.2073,-79.12,-79.12
17652,180,311.6917,17.2073,-79.12,-79.12
17652,180,311.6917,17.2073,-79.12,-79.12
17662,180,311.6917,17.1577,-79.12,-79.12
17662,180,311.6917,17.1577,-79.12,-79.12
17663,180,240.8565,17.1577,-79.12,-79.12
17663,180,240.8565,17.1577,-79.12,-77.68
17674,180,179.7002,17.1577,-79.12,-79.12
17674,180,179.7002,17.1577,-79.12,-79.12
17674,180,179.7002,17.1171,-79.12,-79.12
17674,180,179.7002,17.1171,-79.12,-79.12
17685,180,121.9700,17.1171,-79.12,-79.12
17685,180,121.9700,17.1171,-79.12,-77.68
17686,180,121.9700,17.2434,-79.12,-79.12
17686,180,121.9700,17.2434,-79.12,-79.12
17696,180,85.3961,17.2434,-79.12,-77.68
17696,180,85.3961,17.2434,-79.12,-79.12
17698,180,85.3961,17.5863,-79.12,-79.12
17698,180,85.3961,17.5863,-79.12,-79.12
17707,180,62.2698,17.5863,-79.12,-79.12
17707,180,62.2698,17.5863,-79.12,-79.12
17710,180,62.2698,17.6134,-79.12,-79.12
17710,180,62.2698,17.6134,-79.12,-79.12
17718,180,42.3983,17.6134,-79.12,-79.12
17718,180,42.3983,17.6134,-79.12,-79.12
17721,180,42.3983,17.5186,-79.12,-79.12
17722,180,42.3983,17.5186,-79.12,-79.12
17729,180,26.5525,17.5186,-79.12,-79.12
17729,180,26.5525,17.5186,-79.12,-79.12
17733,180,26.5525,17.4058,-79.12,-79.12
17733,180,26.5525,17.4058,-79.12,-79.12
17740,180,6.9379,17.4058,-79.12,-79.12
17740,180,6.9379,17.4058,-79.12,-79.12
17745,180,6.9379,17.4645,-79.12,-79.12
17745,180,6.9379,17.4645,-79.12,-79.12
17751,180,17.0450,17.4645,-79.12,-79.12
17751,180,17.0450,17.4645,-79.12,-79.12
17757,180,17.0450,17.4509,-79.12,-77.68
17757,180,17.0450,17.4509,-79.12,-79.12
17762,180,2.9122,17.4509,-79.12,-79.12
17762,180,2.9122,17.4509,-79.12,-79.12
17769,180,2.9122,17.1712,-79.12,-79.12
17769,180,2.9122,17.1712,-79.12,-79.12
17773,180,4.7109,17.1712,-79.12,-79.12
17773,180,4.7109,17.1712,-79.12,-79.12
17781,180,4.7109,17.3833,-79.12,-79.12
17781,180,4.7109,17.3833,-79.12,-77.68
17784,180,2.1413,17.3833,-79.12,-79.12
17784,180,2.1413,17.3833,-79.12,-79.12
17792,180,2.1413,17.6720,-79.12,-79.12
17792,180,2.1413,17.6720,-79.12,-79.12
17795,180,-0.4283,17.6720,-79.12,-79.12
17795,180,-0.4283,17.6720,-79.12,-79.12
17804,180,-0.4283,17.5998,-79.12,-79.12
17804,180,-0.4283,17.5998,-79.12,-79.12
17805,180,-3.2548,17.5998,-79.12,-79.12
17806,180,-3.2548,17.5998,-79.12,-79.12
17816,180,-3.2548,17.2254,-79.12,-79.12
17816,180,-3.2548,17.2254,-79.12,-79.12
17816,180,-4.1113,17.2254,-79.12,-79.12
17817,180,-4.1113,17.2254,-79.12,-79.12
17827,180,-3.9400,17.2254,-79.12,-79.12
17828,180,-3.9400,17.2254,-79.12,-79.12
17828,180,-3.9400,17.2434,-79.12,-79.12
17828,180,-3.9400,17.2434,-79.12,-79.12
17838,180,1.9700,17.2434,-79.12,-79.12
17838,180,1.9700,17.2434,-79.12,-77.68
17840,180,1.9700,17.4013,-79.12,-79.12
17840,180,1.9700,17.4013,-79.12,-79.12
17849,180,9.6788,17.4013,-79.12,-79.12
17849,180,9.6788,17.4013,-79.12,-79.12
17852,180,9.6788,17.2254,-79.12,-79.12
17852,180,9.6788,17.2254,-77.68,-79.12
17860,180,3.8544,17.2254,-79.12,-79.12
17860,180,3.8544,17.2254,-79.12,-79.12
17863,180,3.8544,17.1261,-79.12,-79.12
17863,180,3.8544,17.1261,-79.12,-79.12
17871,180,6.9379,17.1261,-79.12,-79.12
17871,180,6.9379,17.1261,-79.12,-79.12
17875,180,6.9379,17.5728,-79.12,-79.12
17875,180,6.9379,17.5728,-79.12,-79.12
17882,180,1.1135,17.5728,-79.12,-79.12
17882,180,1.1135,17.5728,-79.12,-79.12
17887,180,1.1135,17.9247,-79.12,-79.12
17887,180,1.1135,17.9247,-79.12,-79.12
17893,180,7.4518,17.9247,-79.12,-79.12
17893,180,7.4518,17.9247,-79.12,-79.12
17899,180,7.4518,17.6224,-79.12,-79.12
17899,180,7.4518,17.6224,-79.12,-79.12
17904,180,2.2270,17.6224,-79.12,-79.12
17904,180,2.2270,17.6224,-79.12,-79.12
17911,180,2.2270,17.2975,-79.12,-79.12
17911,180,2.2270,17.2975,-79.12,-79.12
17915,180,-0.3426,17.2975,-79.12,-79.12
17915,180,-0.3426,17.2975,-79.12,-79.12
17922,180,-0.3426,17.0088,-79.12,-79.12
17923,180,-0.3426,17.0088,-79.12,-79.12
17926,180,-3.5118,17.0088,-79.12,-79.12
17926,180,-3.5118,17.0088,-79.12,-79.12
17934,180,-3.5118,17.4103,-79.12,-79.12
17934,180,-3.5118,17.4103,-79.12,-79.12
17937,180,-1.6274,17.4103,-79.12,-79.12
17937,180,-1.6274,17.4103,-79.12,-79.12
17946,180,-1.6274,17.6585,-79.12,-79.12
17946,180,-1.6274,17.6585,-79.12,-79.12
17948,180,3.1692,17.6585,-79.12,-79.12
17948,180,3.1692,17.6585,-79.12,-79.12
17958,180,3.1692,17.5637,-79.12,-79.12
17958,180,3.1692,17.5637,-79.12,-77.68
17959,180,3.0835,17.5637,-79.12,-79.12
17959,180,3.0835,17.5637,-79.12,-79.12
17970,180,3.0835,17.2163,-79.12,-79.12
17970,180,3.0835,17.2163,-79.12,-79.12
17970,180,4.6253,17.2163,-79.12,-79.12
17970,180,4.6253,17.2163,-79.12,-79.12
17981,180,-2.4839,17.2163,-79.12,-79.12
17981,180,-2.4839,17.2163,-79.12,-79.12
17982,180,-2.4839,17.1035,-79.12,-79.12
17982,180,-2.4839,17.1035,-79.12,-79.12
17992,180,3.2548,17.1035,-79.12,-79.12
17992,180,3.2548,17.1035,-79.12,-79.12
17993,180,3.2548,17.0629,-79.12,-79.12
17994,180,3.2548,17.0629,-79.12,-79.12
18003,180,3.5118,17.0629,-79.12,-79.12
18003,180,3.5118,17.0629,-79.12,-79.12
18005,180,3.5118,17.2750,-79.12,-79.12
18005,180,3.5118,17.2750,-79.12,-79.12
18014,180,10.4497,17.2750,-79.12,-79.12
18014,180,10.4497,17.2750,-79.12,-79.12
18017,180,10.4497,17.5547,-79.12,-79.12
18017,180,10.4497,17.5547,-79.12,-79.12
18025,180,10.5353,17.5547,-79.12,-79.12
18025,180,10.5353,17.5547,-79.12,-79.12
18029,180,10.5353,17.7216,-79.12,-79.12
18029,180,10.5353,17.7216,-79.12,-79.12
18036,180,26.7238,17.7216,-79.12,-79.12
18036,180,26.7238,17.7216,-79.12,-79.12
18041,180,26.7238,17.4194,-79.12,-79.12
18041,180,26.7238,17.4194,-79.12,-79.12
18047,180,53.9615,17.4194,-79.12,-79.12
18047,180,53.9615,17.4194,-79.12,-79.12
18053,180,53.9615,17.3833,-79.12,-79.12
18053,180,53.9615,17.3833,-77.68,-79.12
18058,180,64.3255,17.3833,-79.12,-79.12
18058,180,64.3255,17.3833,-79.12,-79.12
18064,180,64.3255,17.6630,-79.12,-79.12
18064,180,64.3255,17.6630,-79.12,-79.12
18069,180,95.2463,17.6630,-79.12,-79.12
18069,180,95.2463,17.6630,-79.12,-79.12
18076,180,95.2463,17.1667,-79.12,-79.12
18076,180,95.2463,17.1667,-79.12,-79.12
18080,180,118.8009,17.1667,-79.12,-79.12
18080,180,118.8009,17.1667,-79.12,-79.12
18088,180,118.8009,17.2885,-79.12,-79.12
18088,180,118.8009,17.2885,-79.12,-79.12
18091,180,158.8865,17.2885,-79.12,-79.12
18091,180,158.8865,17.2885,-79.12,-79.12
18100,180,158.8865,17.9833,-79.12,-79.12
18100,180,158.8865,17.9833,-79.12,-79.12
18102,180,201.8844,17.9833,-79.12,-79.12
18102,180,201.8844,17.9833,-79.12,-79.12
18112,180,201.8844,18.2675,-79.12,-79.12
18112,180,201.8844,18.2675,-79.12,-79.12
18113,180,243.2548,18.2675,-79.12,-79.12
18113,180,243.2548,18.2675,-79.12,-79.12
18124,180,243.2548,18.0014,-79.12,-79.12
18124,180,243.2548,18.0014,-79.12,-79.12
18124,180,273.3191,18.0014,-79.12,-79.12
18124,180,273.3191,18.0014,-79.12,-79.12
18135,180,335.8458,18.0014,-79.12,-79.12
18135,180,335.8458,18.0014,-79.12,-79.12
18135,180,335.8458,17.7397,-79.12,-79.12
18135,180,335.8458,17.7397,-79.12,-79.12
18146,180,392.4625,17.7397,-79.12,-79.12
18146,180,392.4625,17.7397,-79.12,-79.12
18147,180,392.4625,17.6404,-79.12,-79.12
18147,180,392.4625,17.6404,-79.12,-79.12
18157,180,440.8565,17.6404,-79.12,-79.12
18157,180,440.8565,17.6404,-79.12,-79.12
18159,180,440.8565,17.5998,-79.12,-79.12
18159,180,440.8565,17.5998,-79.12,-79.12
18168,180,507.7516,17.5998,-79.12,-79.12
18168,180,507.7516,17.5998,-79.12,-79.12
18171,180,507.7516,17.4419,-79.12,-79.12
18171,180,507.7516,17.4419,-79.12,-79.12
18179,180,569.1649,17.4419,-79.12,-79.12
18179,180,569.1649,17.4419,-79.12,-79.12
18183,180,569.1649,17.2344,-79.12,-79.12
18183,180,569.1649,17.2344,-79.12,-79.12
18189,180,630.5781,17.2344,-79.12,-79.12
18190,180,630.5781,17.2344,-79.12,-79.12
18194,180,630.5781,17.2073,-79.12,-79.12
18195,180,630.5781,17.2073,-79.12,-79.12
18200,180,677.3447,17.2073,-79.12,-79.12
18201,180,677.3447,17.2073,-79.12,-79.12
18206,180,677.3447,17.8119,-79.12,-79.12
18206,180,677.3447,17.8119,-79.12,-79.12
18211,180,739.8715,17.8119,-79.12,-79.12
18211,180,739.8715,17.8119,-79.12,-79.12
18218,180,739.8715,17.6449,-79.12,-79.12
18218,180,739.8715,17.6449,-79.12,-79.12
18222,180,780.9850,17.6449,-79.12,-79.12
18222,180,780.9850,17.6449,-79.12,-79.12
18230,180,780.9850,17.2254,-79.12,-79.12
18230,180,780.9850,17.2254,-79.12,-79.12
18233,180,835.4604,17.2254,-79.12,-79.12
18233,180,835.4604,17.2254,-77.68,-79.12
18242,180,835.4604,17.1351,-79.12,-79.12
18242,180,835.4604,17.1351,-79.12,-79.12
18244,180,872.5482,17.1351,-79.12,-79.12
18244,180,872.5482,17.1351,-79.12,-79.12
18254,180,872.5482,17.2840,-79.12,-79.12
18254,180,872.5482,17.2840,-79.12,-79.12
18255,180,919.0578,17.2840,-79.12,-79.12
18255,180,919.0578,17.2840,-79.12,-79.12
18265,180,919.0578,17.6179,-79.12,-79.12
18266,180,919.0578,17.6179,-79.12,-79.12
18266,180,966.1670,17.6179,-79.12,-79.12
18266,180,966.1670,17.6179,-79.12,-79.12
18277,180,1013.9614,17.6179,-79.12,-79.12
18277,180,1013.9614,17.5141,-79.12,-79.12
18277,180,1013.9614,17.5141,-79.12,-79.12
18288,180,1052.5054,17.5141,-79.12,-79.12
18288,180,1052.5054,17.5141,-79.12,-79.12
18289,180,1052.5054,17.3021,-79.12,-79.12
18289,180,1052.5054,17.3021,-79.12,-77.68
18299,180,1075.7173,17.3021,-79.12,-79.12
18299,180,1075.7173,17.3021,-79.12,-79.12
18301,180,1075.7173,17.3156,-79.12,-79.12
18301,180,1075.7173,17.3156,-79.12,-79.12
18310,180,1111.8629,17.3156,-79.12,-79.12
18310,180,1111.8629,17.3156,-79.12,-79.12
18313,180,1111.8629,17.3833,-79.12,-79.12
18313,180,1111.8629,17.3833,-79.12,-79.12
18321,180,1146.2955,17.3833,-79.12,-79.12
18321,180,1146.2955,17.3833,-79.12,-79.12
18325,180,1146.2955,17.3336,-79.12,-79.12
18325,180,1146.2955,17.3336,-79.12,-79.12
18332,180,1194.6895,17.3336,-79.12,-79.12
18332,180,1194.6895,17.3336,-79.12,-79.12
18336,180,1194.6895,17.2840,-79.12,-79.12
18336,180,1194.6895,17.2840,-79.12,-79.12
18343,180,1219.1006,17.2840,-79.12,-79.12
18343,180,1219.1006,17.2840,-79.12,-79.12
18348,180,1219.1006,17.2208,-79.12,-79.12
18348,180,1219.1006,17.2208,-79.12,-79.12
18354,180,1249.4219,17.2208,-79.12,-79.12
18354,180,1249.4219,17.2208,-79.12,-79.12
18360,180,1249.4219,17.4735,-79.12,-79.12
18360,180,1249.4219,17.4735,-79.12,-79.12
18365,180,1274.1755,17.4735,-79.12,-79.12
18365,180,1274.1755,17.4735,-79.12,-79.12
18372,180,1274.1755,17.4239,-79.12,-79.12
18372,180,1274.1755,17.4239,-79.12,-79.12
18376,180,1298.9293,17.4239,-79.12,-79.12
18376,180,1298.9293,17.4239,-79.12,-79.12
18384,180,1298.9293,17.4419,-79.12,-79.12
18384,180,1298.9293,17.4419,-79.12,-79.12
18387,180,1330.2783,17.4419,-79.12,-79.12
18387,180,1330.2783,17.4419,-79.12,-79.12
18396,180,1330.2783,17.3517,-79.12,-79.12
18396,180,1330.2783,17.3517,-79.12,-79.12
18398,180,1360.9421,17.3517,-79.12,-79.12
18398,180,1360.9421,17.3517,-79.12,-79.12
18407,180,1360.9421,17.2118,-79.12,-79.12
18407,180,1360.9421,17.2118,-77.68,-79.12
18409,180,1386.6381,17.2118,-79.12,-79.12
18409,180,1386.6381,17.2118,-79.12,-79.12
18419,180,1386.6381,17.2389,-79.12,-79.12
18419,180,1386.6381,17.2389,-79.12,-79.12
18420,180,1411.8201,17.2389,-79.12,-79.12
18420,180,1411.8201,17.2389,-79.12,-79.12
18431,180,1444.1113,17.2389,-79.12,-79.12
18431,180,1444.1113,17.2389,-79.12,-79.12
18431,180,1444.1113,17.4239,-79.12,-79.12
18431,180,1444.1113,17.4239,-79.12,-79.12
18442,180,1463.7260,17.4239,-79.12,-79.12
18442,180,1463.7260,17.4239,-79.12,-79.12
18443,180,1463.7260,17.3156,-79.12,-79.12
18443,180,1463.7260,17.3156,-79.12,-79.12
18453,180,1487.4518,17.3156,-79.12,-79.12
18453,180,1487.4518,17.3156,-77.68,-79.12
18455,180,1487.4518,17.1081,-79.12,-79.12
18455,180,1487.4518,17.1081,-79.12,-79.12
18464,180,1503.3833,17.1081,-79.12,-79.12
18464,180,1503.3833,17.1081,-79.12,-79.12
18466,180,1503.3833,17.3607,-79.12,-79.12
18467,180,1503.3833,17.3607,-79.12,-79.12
18475,180,1543.6403,17.3607,-79.12,-79.12
18475,180,1543.6403,17.3607,-79.12,-79.12
18478,180,1543.6403,17.2299,-79.12,-79.12
18478,180,1543.6403,17.2299,-79.12,-79.12
18486,180,1566.2527,17.2299,-79.12,-79.12
18486,180,1566.2527,17.2299,-79.12,-79.12
18490,180,1566.2527,17.1622,-79.12,-79.12
18490,180,1566.2527,17.1622,-79.12,-79.12
18497,180,1600.5996,17.1622,-79.12,-79.12
18497,180,1600.5996,17.1622,-79.12,-79.12
18502,180,1600.5996,17.6991,-79.12,-79.12
18502,180,1600.5996,17.6991,-79.12,-79.12
18508,180,1633.9186,17.6991,-79.12,-79.12
18508,180,1633.9186,17.6991,-79.12,-79.12
18514,180,1633.9186,17.4915,-79.12,-79.12
18514,180,1633.9186,17.4915,-79.12,-77.68
18519,180,1652.8479,17.4915,-77.68,-79.12
18519,180,1652.8479,17.4915,-79.12,-79.12
18526,180,1652.8479,17.1667,-79.12,-79.12
18526,180,1652.8479,17.1667,-79.12,-79.12
18530,180,1679.4004,17.1667,-79.12,-79.12
18530,180,1679.4004,17.1667,-79.12,-79.12
18537,180,1679.4004,17.2795,-79.12,-79.12
18537,180,1679.4004,17.2795,-79.12,-79.12
18541,180,1688.5653,17.2795,-79.12,-77.68
18541,180,1688.5653,17.2795,-79.12,-79.12
18549,180,1688.5653,17.6314,-79.12,-79.12
18549,180,1688.5653,17.6314,-79.12,-79.12
18552,180,1726.0813,17.6314,-79.12,-79.12
18552,180,1726.0813,17.6314,-79.12,-79.12
18561,180,1726.0813,17.4554,-79.12,-79.12
18561,180,1726.0813,17.4554,-79.12,-79.12
18562,180,1748.8651,17.4554,-79.12,-79.12
18563,180,1748.8651,17.4554,-79.12,-79.12
18573,180,1748.8651,16.7877,-79.12,-79.12
18573,180,1748.8651,16.7877,-79.12,-79.12
18573,180,1774.3041,16.7877,-79.12,-79.12
18574,180,1774.3041,16.7877,-79.12,-77.68
18584,180,1788.3512,16.7877,-79.12,-79.12
18585,180,1788.3512,16.7877,-79.12,-79.12
18585,180,1788.3512,16.7426,-79.12,-77.68
18585,180,1788.3512,16.7426,-79.12,-79.12
18595,180,1809.5931,16.7426,-77.68,-79.12
18595,180,1809.5931,16.7426,-79.12,-79.12
18597,180,1809.5931,16.9862,-79.12,-79.12
18597,180,1809.5931,16.9862,-79.12,-79.12
18606,180,1829.6360,16.9862,-79.12,-79.12
18606,180,1829.6360,16.9862,-79.12,-79.12
18608,180,1829.6360,16.9817,-79.12,-79.12
18608,180,1829.6360,16.9817,-79.12,-79.12
18617,180,1848.9080,16.9817,-79.12,-79.12
18617,180,1848.9080,16.9817,-79.12,-79.12
18620,180,1848.9080,17.0900,-79.12,-79.12
18620,180,1848.9080,17.0900,-79.12,-79.12
18628,180,1878.6295,17.0900,-79.12,-79.12
18628,180,1878.6295,17.0900,-79.12,-79.12
18632,180,1878.6295,17.0674,-79.12,-79.12
18632,180,1878.6295,17.0674,-79.12,-77.68
18639,180,1886.1670,17.0674,-79.12,-77.68
18639,180,1886.1670,17.0674,-79.12,-79.12
18644,180,1886.1670,17.1712,-79.12,-79.12
18644,180,1886.1670,17.1712,-79.12,-79.12
18650,180,1909.4646,17.1712,-79.12,-79.12
18650,180,1909.4646,17.1712,-79.12,-77.68
18656,180,1909.4646,17.2975,-79.12,-79.12
18656,180,1909.4646,17.2975,-79.12,-79.12
18661,180,1913.6616,17.2975,-79.12,-79.12
18661,180,1913.6616,17.2975,-79.12,-79.12
18667,180,1913.6616,17.6359,-79.12,-77.68
18668,180,1913.6616,17.6359,-79.12,-79.12
18672,180,1923.6831,17.6359,-79.12,-79.12
18672,180,1923.6831,17.6359,-79.12,-79.12
18679,180,1923.6831,17.2930,-79.12,-79.12
18679,180,1923.6831,17.2930,-79.12,-79.12
18683,180,1928.0514,17.2930,-79.12,-79.12
18683,180,1928.0514,17.2930,-79.12,-79.12
18691,180,1928.0514,16.8554,-79.12,-79.12
18691,180,1928.0514,16.8554,-79.12,-79.12
18694,180,1954.9464,16.8554,-79.12,-79.12
18694,180,1954.9464,16.8554,-79.12,-79.12
18703,180,1954.9464,17.1983,-79.12,-79.12
18703,180,1954.9464,17.1983,-79.12,-79.12
18705,180,1970.8779,17.1983,-79.12,-79.12
18705,180,1970.8779,17.1983,-77.68,-79.12
18715,180,1970.8779,17.1667,-79.12,-79.12
18715,180,1970.8779,17.1667,-79.12,-79.12
18716,180,1982.7837,17.1667,-79.12,-79.12
18716,180,1982.7837,17.1667,-79.12,-79.12
18727,180,1982.7837,17.2975,-79.12,-79.12
18727,180,1982.7837,17.2975,-79.12,-79.12
18727,180,1993.8330,17.2975,-79.12,-79.12
18727,180,1993.8330,17.2975,-79.12,-79.12
18738,180,2001.0278,17.2975,-79.12,-79.12
18738,180,2001.0278,17.2975,-79.12,-79.12
18738,180,2001.0278,17.1938,-79.12,-79.12
18739,180,2001.0278,17.1938,-79.12,-79.12
18749,180,2010.7922,17.1938,-79.12,-77.68
18749,180,2010.7922,17.1938,-79.12,-79.12
18750,180,2010.7922,17.3427,-79.12,-79.12
18750,180,2010.7922,17.3427,-79.12,-79.12
18760,180,2006.9379,17.3427,-79.12,-79.12
18760,180,2006.9379,17.3427,-79.12,-79.12
18762,180,2006.9379,17.3788,-79.12,-79.12
18762,180,2006.9379,17.3788,-79.12,-79.12
18771,180,2020.8137,17.3788,-79.12,-79.12
18771,180,2020.8137,17.3788,-79.12,-79.12
18774,180,2020.8137,17.4915,-79.12,-79.12
18774,180,2020.8137,17.4915,-79.12,-79.12
18782,180,2022.0985,17.4915,-79.12,-79.12
18782,180,2022.0985,17.4915,-79.12,-79.12
18786,180,2022.0985,17.2118,-79.12,-79.12
18786,180,2022.0985,17.2118,-79.12,-79.12
18793,180,2038.9722,17.2118,-79.12,-79.12
18793,180,2038.9722,17.2118,-77.68,-77.68
18798,180,2038.9722,16.9456,-79.12,-79.12
18798,180,2038.9722,16.9456,-79.12,-77.68
18804,180,2041.0278,16.9456,-79.12,-79.12
18804,180,2041.0278,16.9456,-79.12,-79.12
18809,180,2041.0278,17.0088,-79.12,-79.12
18809,180,2041.0278,17.0088,-79.12,-79.12
18815,180,2045.5674,17.0088,-79.12,-79.12
18815,180,2045.5674,17.0088,-79.12,-79.12
18821,180,2045.5674,17.2073,-77.68,-77.68
18821,180,2045.5674,17.2073,-79.12,-79.12
18826,180,2044.5396,17.2073,-79.12,-79.12
18826,180,2044.5396,17.2073,-79.12,-79.12
18833,180,2044.5396,16.9411,-79.12,-79.12
18833,180,2044.5396,16.9411,-79.12,-79.12
18837,180,2050.1926,16.9411,-79.12,-79.12
18837,180,2050.1926,16.9411,-79.12,-79.12
18845,180,2050.1926,17.2479,-79.12,-79.12
18845,180,2050.1926,17.2479,-79.12,-79.12
18848,180,2047.4518,17.2479,-79.12,-79.12
18848,180,2047.4518,17.2479,-79.12,-79.12
18857,180,2047.4518,17.0043,-79.12,-79.12
18857,180,2047.4518,17.0043,-79.12,-79.12
18859,180,2040.9421,17.0043,-79.12,-79.12
18859,180,2040.9421,17.0043,-79.12,-79.12
18869,180,2040.9421,17.0404,-79.12,-79.12
18869,180,2040.9421,17.0404,-79.12,-79.12
18870,180,2054.3896,17.0404,-79.12,-79.12
18870,180,2054.3896,17.0404,-79.12,-79.12
18880,180,2054.3896,17.3517,-79.12,-79.12
18880,180,2054.3896,17.3517,-79.12,-79.12
18881,180,2049.5930,17.3517,-79.12,-79.12
18881,180,2049.5930,17.3517,-79.12,-77.68
18892,180,2038.5438,17.3517,-79.12,-79.12
18892,180,2038.5438,17.3517,-79.12,-77.68
18892,180,2038.5438,17.5006,-77.68,-79.12
18892,180,2038.5438,17.5006,-79.12,-79.12
18903,180,2017.4733,17.5006,-79.12,-79.12
18903,180,2017.4733,17.5006,-77.68,-79.12
18904,180,2017.4733,17.7893,-79.12,-79.12
18904,180,2017.4733,17.7893,-79.12,-79.12
18914,180,2018.5011,17.7893,-79.12,-79.12
18914,180,2018.5011,17.7893,-79.12,-79.12
18916,180,2018.5011,17.5682,-79.12,-79.12
18916,180,2018.5011,17.5682,-79.12,-79.12
18925,180,2006.8522,17.5682,-79.12,-79.12
18925,180,2006.8522,17.5682,-79.12,-79.12
18928,180,2006.8522,17.5096,-79.12,-79.12
18928,180,2006.8522,17.5096,-79.12,-79.12
18936,180,1998.9722,17.5096,-79.12,-79.12
18936,180,1998.9722,17.5096,-79.12,-79.12
18939,180,1998.9722,17.5367,-79.12,-79.12
18940,180,1998.9722,17.5367,-79.12,-79.12
18946,180,1974.2184,17.5367,-79.12,-79.12
18947,180,1974.2184,17.5367,-79.12,-79.12
18951,180,1974.2184,17.4329,-79.12,-79.12
18951,180,1974.2184,17.4329,-79.12,-79.12
18957,180,1941.3276,17.4329,-79.12,-79.12
18958,180,1941.3276,17.4329,-79.12,-79.12
18963,180,1941.3276,17.5998,-79.12,-79.12
18963,180,1941.3276,17.5998,-79.12,-79.12
18968,180,1904.0685,17.5998,-79.12,-79.12
18968,180,1904.0685,17.5998,-79.12,-79.12
18975,180,1904.0685,17.6224,-79.12,-77.68
18975,180,1904.0685,17.6224,-79.12,-79.12
18979,180,1830.0642,17.6224,-79.12,-79.12
18979,180,1830.0642,17.6224,-79.12,-79.12
18987,180,1830.0642,17.5276,-79.12,-79.12
18987,180,1830.0642,17.5276,-79.12,-79.12
18990,180,1738.7581,17.5276,-79.12,-79.12
18990,180,1738.7581,17.5276,-79.12,-79.12
18999,180,1738.7581,17.4464,-79.12,-79.12
18999,180,1738.7581,17.4464,-79.12,-79.12
19001,180,1634.9464,17.4464,-79.12,-79.12
19001,180,1634.9464,17.4464,-79.12,-79.12
19010,180,1634.9464,17.1487,-79.12,-79.12
19011,180,1634.9464,17.1487,-79.12,-79.12
19012,180,1535.8458,17.1487,-79.12,-79.12
19012,180,1535.8458,17.1487,-79.12,-79.12
19022,180,1535.8458,16.9050,-79.12,-79.12
19022,180,1535.8458,16.9050,-79.12,-79.12
19023,180,1427.0664,16.9050,-79.12,-79.12
19023,180,1427.0664,16.9050,-79.12,-79.12
19034,180,1427.0664,17.0855,-79.12,-79.12
19034,180,1427.0664,17.0855,-79.12,-79.12
19034,180,1333.1906,17.0855,-79.12,-79.12
19034,180,1333.1906,17.0855,-79.12,-79.12
19045,180,1234.8608,17.0855,-79.12,-79.12
19045,180,1234.8608,17.0855,-79.12,-79.12
19046,180,1234.8608,17.0629,-79.12,-79.12
19046,180,1234.8608,17.0629,-79.12,-79.12
19056,180,1131.9915,17.0629,-79.12,-79.12
19056,180,1131.9915,17.0629,-79.12,-79.12
19058,180,1131.9915,17.3336,-79.12,-79.12
19058,180,1131.9915,17.3336,-79.12,-79.12
19067,180,1021.6702,17.3336,-79.12,-79.12
19067,180,1021.6702,17.3336,-79.12,-79.12
19070,180,1021.6702,17.4600,-79.12,-79.12
19070,180,1021.6702,17.4600,-79.12,-79.12
19078,180,915.9743,17.4600,-79.12,-79.12
19078,180,915.9743,17.4600,-79.12,-79.12
19081,180,915.9743,17.2028,-79.12,-79.12
19081,180,915.9743,17.2028,-79.12,-79.12
19089,180,808.0514,17.2028,-79.12,-79.12
19089,180,808.0514,17.2028,-79.12,-79.12
19093,180,808.0514,17.2840,-79.12,-79.12
19093,180,808.0514,17.2840,-79.12,-79.12
19100,180,691.1349,17.2840,-79.12,-79.12
19100,180,691.1349,17.2840,-79.12,-79.12
19105,180,691.1349,17.3291,-79.12,-79.12
19105,180,691.1349,17.3291,-79.12,-79.12
19111,180,578.5867,17.3291,-79.12,-79.12
19111,180,578.5867,17.3291,-79.12,-79.12
19117,180,578.5867,17.1351,-79.12,-79.12
19117,180,578.5867,17.1351,-79.12,-79.12
19122,180,468.1799,17.1351,-79.12,-79.12
19122,180,468.1799,17.1351,-79.12,-79.12
19129,180,468.1799,17.0990,-79.12,-79.12
19129,180,468.1799,17.0990,-79.12,-79.12
19133,180,381.4989,17.0990,-79.12,-79.12
19133,180,381.4989,17.0990,-79.12,-79.12
19141,180,381.4989,17.4148,-79.12,-79.12
19141,180,381.4989,17.4148,-79.12,-77.68
19144,180,296.2741,17.4148,-79.12,-77.68
19144,180,296.2741,17.4148,-79.12,-79.12
19152,180,296.2741,17.6224,-79.12,-77.68
19152,180,296.2741,17.6224,-79.12,-79.12
19155,180,225.1820,17.6224,-79.12,-77.68
19155,180,225.1820,17.6224,-79.12,-79.12
19164,180,225.1820,17.3336,-79.12,-79.12
19164,180,225.1820,17.3336,-79.12,-79.12
19166,180,155.6317,17.3336,-79.12,-79.12
19166,180,155.6317,17.3336,-79.12,-79.12
19176,180,155.6317,17.1216,-79.12,-79.12
19176,180,155.6317,17.1216,-79.12,-79.12
19177,180,112.8908,17.1216,-79.12,-79.12
19177,180,112.8908,17.1216,-79.12,-79.12
19188,180,82.9122,17.1216,-79.12,-79.12
19188,180,82.9122,16.9456,-79.12,-79.12
19188,180,82.9122,16.9456,-79.12,-79.12
19199,180,49.9358,16.9456,-79.12,-79.12
19199,180,49.9358,16.9456,-79.12,-79.12
19200,180,49.9358,16.9862,-79.12,-79.12
19200,180,49.9358,16.9862,-79.12,-79.12
19210,180,28.2655,16.9862,-79.12,-79.12
19210,180,28.2655,16.9862,-79.12,-79.12
19212,180,28.2655,17.2254,-79.12,-79.12
19212,180,28.2655,17.2254,-79.12,-79.12
19221,180,9.4218,17.2254,-79.12,-79.12
19221,180,9.4218,17.2254,-79.12,-79.12
19223,180,9.4218,17.3968,-79.12,-79.12
19223,180,9.4218,17.3968,-79.12,-79.12
19232,180,3.7687,17.3968,-79.12,-79.12
19232,180,3.7687,17.3968,-79.12,-77.68
19235,180,3.7687,17.2750,-79.12,-77.68
19235,180,3.7687,17.2750,-79.12,-77.68
19243,180,4.5396,17.2750,-77.68,-79.12
19243,180,4.5396,17.2750,-79.12,-79.12
19247,180,4.5396,16.7561,-79.12,-79.12
19247,180,4.5396,16.7561,-79.12,-79.12
19254,180,12.5054,16.7561,-79.12,-79.12
19254,180,12.5054,16.7561,-79.12,-79.12
19259,180,12.5054,16.6704,-79.12,-79.12
19259,180,12.5054,16.6704,-79.12,-77.68
19265,180,6.1670,16.6704,-77.68,-79.12
19265,180,6.1670,16.6704,-79.12,-79.12
19271,180,6.1670,17.6224,-79.12,-79.12
19271,180,6.1670,17.6224,-79.12,-79.12
19276,180,15.3319,17.6224,-79.12,-79.12
19276,180,15.3319,17.6224,-79.12,-79.12
19283,180,15.3319,17.6540,-79.12,-79.12
19283,180,15.3319,17.6540,-79.12,-79.12
19287,180,5.7388,17.6540,-79.12,-79.12
19287,180,5.7388,17.6540,-79.12,-79.12
19294,180,5.7388,17.4148,-79.12,-79.12
19294,180,5.7388,17.4148,-79.12,-79.12
19298,180,6.2527,17.4148,-79.12,-79.12
19298,180,6.2527,17.4148,-79.12,-79.12
19306,180,6.2527,16.9862,-79.12,-79.12
19306,180,6.2527,16.9862,-79.12,-79.12
19309,180,9.5931,16.9862,-79.12,-79.12
19309,180,9.5931,16.9862,-79.12,-79.12
19318,180,9.5931,17.1171,-79.12,-79.12
19318,180,9.5931,17.1171,-79.12,-79.12
19319,180,7.0236,17.1171,-79.12,-79.12
19320,180,7.0236,17.1171,-79.12,-79.12
19330,180,7.0236,17.0765,-79.12,-79.12
19330,180,7.0236,17.0765,-79.12,-79.12
19330,180,7.4518,17.0765,-77.68,-79.12
19331,180,7.4518,17.0765,-77.68,-79.12
19341,180,-2.9122,17.0765,-79.12,-79.12
19342,180,-2.9122,17.0765,-77.68,-79.12
19342,180,-2.9122,16.9276,-79.12,-79.12
19342,180,-2.9122,16.9276,-79.12,-79.12
19352,180,9.5931,16.9276,-79.12,-79.12
19352,180,9.5931,16.9276,-79.12,-79.12
19354,180,9.5931,17.1487,-79.12,-79.12
19354,180,9.5931,17.1487,-77.68,-79.12
19363,180,3.4261,17.1487,-79.12,-79.12
19363,180,3.4261,17.1487,-79.12,-79.12
19365,180,3.4261,17.0178,-79.12,-79.12
19365,180,3.4261,17.0178,-79.12,-79.12
19374,180,4.7966,17.0178,-79.12,-79.12
19374,180,4.7966,17.0178,-79.12,-79.12
19377,180,4.7966,16.9321,-79.12,-79.12
19377,180,4.7966,16.9321,-79.12,-77.68
19385,180,1.0278,16.9321,-79.12,-79.12
19385,180,1.0278,16.9321,-77.68,-79.12
19389,180,1.0278,17.0133,-79.12,-79.12
19389,180,1.0278,17.0133,-79.12,-79.12
19396,180,1.2848,17.0133,-79.12,-79.12
19396,180,1.2848,17.0133,-79.12,-79.12
19401,180,1.2848,17.0855,-79.12,-79.12
19401,180,1.2848,17.0855,-77.68,-79.12
19407,180,3.9400,17.0855,-79.12,-79.12
19407,180,3.9400,17.0855,-79.12,-79.12
19413,180,3.9400,16.8328,-79.12,-79.12
19413,180,3.9400,16.8328,-79.12,-79.12
19418,180,3.5118,16.8328,-79.12,-79.12
19418,180,3.5118,16.8328,-79.12,-79.12
19425,180,3.5118,16.9276,-79.12,-79.12
19425,180,3.5118,16.9276,-79.12,-79.12
19429,180,5.0535,16.9276,-79.12,-79.12
19429,180,5.0535,16.9276,-79.12,-79.12
19436,180,5.0535,16.8013,-79.12,-79.12
19436,180,5.0535,16.8013,-79.12,-79.12
19440,180,5.5675,16.8013,-79.12,-79.12
19440,180,5.5675,16.8013,-79.12,-79.12
19448,180,5.5675,16.9908,-79.12,-79.12
19448,180,5.5675,16.9908,-79.12,-79.12
19451,180,11.1349,16.9908,-79.12,-79.12
19451,180,11.1349,16.9908,-79.12,-79.12
19460,180,11.1349,17.1487,-79.12,-77.68
19460,180,11.1349,17.1487,-79.12,-79.12
19462,180,0.9422,17.1487,-79.12,-79.12
19462,180,0.9422,17.1487,-79.12,-79.12
19472,180,0.9422,17.3788,-79.12,-79.12
19472,180,0.9422,17.3788,-79.12,-79.12
19473,180,-2.4839,17.3788,-79.12,-79.12
19473,180,-2.4839,17.3788,-79.12,-79.12
19484,180,-2.4839,17.3156,-79.12,-79.12
19484,180,-2.4839,17.3156,-79.12,-79.12
19484,180,-6.9379,17.3156,-79.12,-79.12
19484,180,-6.9379,17.3156,-79.12,-77.68
19495,180,3.3405,17.3156,-79.12,-79.12
19495,180,3.3405,17.3156,-77.68,-79.12
19495,180,3.3405,17.1396,-77.68,-79.12
19496,180,3.3405,17.1396,-77.68,-79.12
19506,180,1.7131,17.1396,-79.12,-79.12
19506,180,1.7131,17.1396,-79.12,-79.12
19507,180,1.7131,17.1802,-79.12,-79.12
19507,180,1.7131,17.1802,-79.12,-79.12
19517,180,9.4218,17.1802,-79.12,-77.68
19517,180,9.4218,17.1802,-79.12,-79.12
19519,180,9.4218,17.0584,-79.12,-79.12
19519,180,9.4218,17.0584,-79.12,-79.12
19528,180,10.4497,17.0584,-79.12,-79.12
19528,180,10.4497,17.0584,-79.12,-79.12
19531,180,10.4497,17.3472,-79.12,-79.12
19531,180,10.4497,17.3472,-79.12,-79.12
19539,180,6.9379,17.3472,-79.12,-79.12
19539,180,6.9379,17.3472,-77.68,-79.12
19543,180,6.9379,17.2614,-79.12,-79.12
19543,180,6.9379,17.2614,-79.12,-79.12
19550,180,11.5632,17.2614,-79.12,-79.12
19550,180,11.5632,17.2614,-77.68,-79.12
19555,180,11.5632,17.2750,-79.12,-79.12
19555,180,11.5632,17.2750,-79.12,-79.12
19561,180,19.5289,17.2750,-79.12,-79.12
19561,180,19.5289,17.2750,-79.12,-79.12
19566,180,19.5289,17.3156,-79.12,-79.12
19567,180,19.5289,17.3156,-79.12,-79.12
19572,180,47.3662,17.3156,-77.68,-79.12
19572,180,47.3662,17.3156,-79.12,-79.12
19578,180,47.3662,17.1487,-79.12,-79.12
19578,180,47.3662,17.1487,-79.12,-79.12
19583,180,60.2998,17.1487,-79.12,-79.12
19583,180,60.2998,17.1487,-79.12,-79.12
19590,180,60.2998,17.2208,-79.12,-79.12
19590,180,60.2998,17.2208,-79.12,-79.12
19594,180,94.4754,17.2208,-79.12,-79.12
19594,180,94.4754,17.2208,-79.12,-77.68
19602,180,94.4754,17.0449,-79.12,-79.12
19602,180,94.4754,17.0449,-79.12,-79.12
19605,180,171.8201,17.0449,-79.12,-79.12
19605,180,171.8201,17.0449,-79.12,-79.12
19614,180,171.8201,17.2660,-79.12,-79.12
19614,180,171.8201,17.2660,-79.12,-79.12
19616,180,289.4218,17.2660,-79.12,-79.12
19616,180,289.4218,17.2660,-79.12,-79.12
19626,180,289.4218,17.5592,-79.12,-79.12
19626,180,289.4218,17.5592,-79.12,-79.12
19627,180,366.3383,17.5592,-79.12,-79.12
19627,180,366.3383,17.5592,-79.12,-79.12
19637,180,366.3383,16.8013,-79.12,-79.12
19638,180,366.3383,16.8013,-79.12,-79.12
19638,180,440.6852,16.8013,-79.12,-79.12
19638,180,440.6852,16.8013,-79.12,-77.68
19649,180,518.2869,16.8013,-79.12,-79.12
19649,180,518.2869,16.8013,-79.12,-79.12
19649,180,518.2869,16.9998,-79.12,-79.12
19649,180,518.2869,16.9998,-79.12,-79.12
19660,180,619.9572,16.9998,-79.12,-79.12
19660,180,619.9572,16.9998,-79.12,-79.12
19661,180,619.9572,17.4103,-79.12,-79.12
19661,180,619.9572,17.4103,-79.12,-79.12
19671,180,721.1992,17.4103,-79.12,-79.12
19671,180,721.1992,17.4103,-79.12,-79.12
19673,180,721.1992,17.0539,-79.12,-79.12
19673,180,721.1992,17.0539,-79.12,-79.12
19682,180,804.8822,17.0539,-79.12,-79.12
19682,180,804.8822,17.0539,-79.12,-79.12
19685,180,804.8822,17.1081,-79.12,-77.68
19685,180,804.8822,17.1081,-79.12,-79.12
19693,180,903.4689,17.1081,-79.12,-79.12
19693,180,903.4689,17.1081,-79.12,-79.12
19697,180,903.4689,17.2660,-79.12,-79.12
19697,180,903.4689,17.2660,-79.12,-79.12
19704,180,975.4175,17.2660,-79.12,-79.12
19704,180,975.4175,17.2660,-79.12,-79.12
19708,180,975.4175,16.9095,-79.12,-79.12
19709,180,975.4175,16.9095,-79.12,-79.12
19714,180,1050.0214,16.9095,-79.12,-79.12
19715,180,1050.0214,16.9095,-79.12,-79.12
19720,180,1050.0214,16.6253,-79.12,-79.12
19720,180,1050.0214,16.6253,-79.12,-79.12
19725,180,1106.5525,16.6253,-79.12,-79.12
19726,180,1106.5525,16.6253,-79.12,-79.12
19732,180,1106.5525,17.1757,-79.12,-79.12
19732,180,1106.5525,17.1757,-79.12,-79.12
19736,180,1162.0557,17.1757,-79.12,-79.12
19737,180,1162.0557,17.1757,-79.12,-79.12
19744,180,1162.0557,17.2660,-79.12,-79.12
19744,180,1162.0557,17.2660,-79.12,-77.68
19747,180,1194.8608,17.2660,-79.12,-79.12
19747,180,1194.8608,17.2660,-79.12,-79.12
19756,180,1194.8608,16.9456,-79.12,-79.12
19756,180,1194.8608,16.9456,-79.12,-79.12
19758,180,1200.9421,16.9456,-79.12,-79.12
19758,180,1200.9421,16.9456,-79.12,-79.12
19768,180,1200.9421,16.5712,-79.12,-79.12
19768,180,1200.9421,16.5712,-79.12,-79.12
19769,180,1191.7773,16.5712,-79.12,-79.12
19769,180,1191.7773,16.5712,-79.12,-79.12
19779,180,1191.7773,16.6975,-79.12,-79.12
19780,180,1191.7773,16.6975,-79.12,-79.12
19780,180,1177.5588,16.6975,-79.12,-79.12
19780,180,1177.5588,16.6975,-79.12,-79.12
19791,180,1177.5588,16.8825,-79.12,-79.12
19791,180,1165.9957,16.8825,-79.12,-79.12
19791,180,1165.9957,16.8825,-79.12,-79.12
19802,180,1131.3918,16.8825,-79.12,-79.12
19802,180,1131.3918,16.8825,-79.12,-79.12
19803,180,1131.3918,16.8825,-79.12,-79.12
19803,180,1131.3918,16.8825,-79.12,-79.12
19813,180,1113.5760,16.8825,-79.12,-79.12
19813,180,1113.5760,16.8825,-79.12,-79.12
19815,180,1113.5760,16.7110,-79.12,-79.12
19815,180,1113.5760,16.7110,-79.12,-79.12
19824,180,1075.2034,16.7110,-79.12,-79.12
19824,180,1075.2034,16.7110,-79.12,-79.12
19827,180,1075.2034,17.0133,-79.12,-79.12
19827,180,1075.2034,17.0133,-79.12,-79.12
19835,180,1041.7987,17.0133,-79.12,-79.12
19835,180,1041.7987,17.0133,-79.12,-79.12
19839,180,1041.7987,17.0674,-79.12,-79.12
19839,180,1041.7987,17.0674,-79.12,-79.12
19846,180,987.4090,17.0674,-79.12,-79.12
19846,180,987.4090,17.0674,-79.12,-79.12
19850,180,987.4090,17.4735,-79.12,-79.12
19850,180,987.4090,17.4735,-79.12,-77.68
19857,180,930.1071,17.4735,-79.12,-79.12
19857,180,930.1071,17.4735,-79.12,-79.12
19862,180,930.1071,17.4509,-79.12,-79.12
19862,180,930.1071,17.4509,-79.12,-79.12
19868,180,856.7023,17.4509,-79.12,-79.12
19868,180,856.7023,17.4509,-79.12,-79.12
19874,180,856.7023,17.1893,-79.12,-79.12
19874,180,856.7023,17.1893,-79.12,-79.12
19879,180,761.9700,17.1893,-79.12,-79.12
19879,180,761.9700,17.1893,-79.12,-79.12
19886,180,761.9700,17.4464,-79.12,-79.12
19886,180,761.9700,17.4464,-79.12,-79.12
19890,180,658.9293,17.4464,-79.12,-79.12
19890,180,658.9293,17.4464,-79.12,-79.12
19898,180,658.9293,17.3652,-79.12,-77.68
19898,180,658.9293,17.3652,-79.12,-79.12
19901,180,549.8073,17.3652,-79.12,-77.68
19901,180,549.8073,17.3652,-79.12,-79.12
19910,180,549.8073,17.2479,-79.12,-79.12
19910,180,549.8073,17.2479,-79.12,-79.12
19912,180,460.4711,17.2479,-79.12,-79.12
19912,180,460.4711,17.2479,-79.12,-79.12
19921,180,460.4711,17.0449,-79.12,-79.12
19921,180,460.4711,17.0449,-79.12,-79.12
19923,180,359.3148,17.0449,-79.12,-79.12
19923,180,359.3148,17.0449,-79.12,-77.68
19933,180,359.3148,16.4900,-79.12,-79.12
19933,180,359.3148,16.4900,-79.12,-79.12
19934,180,278.3726,16.4900,-79.12,-79.12
19934,180,278.3726,16.4900,-79.12,-79.12
19945,180,195.9743,16.4900,-79.12,-79.12
19945,180,195.9743,16.4900,-79.12,-79.12
19945,180,195.9743,16.5486,-79.12,-79.12
19945,180,195.9743,16.5486,-79.12,-79.12
19956,180,125.5675,16.5486,-79.12,-79.12
19956,180,125.5675,16.5486,-79.12,-79.12
19957,180,125.5675,16.6343,-79.12,-77.68
19957,180,125.5675,16.6343,-79.12,-79.12
19967,180,69.2077,16.6343,-79.12,-79.12
19967,180,69.2077,16.6343,-79.12,-79.12
19969,180,69.2077,16.9411,-79.12,-79.12
19969,180,69.2077,16.9411,-79.12,-79.12
19978,180,32.0343,16.9411,-79.12,-79.12
19978,180,32.0343,16.9411,-79.12,-79.12
19981,180,32.0343,17.2389,-79.12,-79.12
19981,180,32.0343,17.2389,-79.12,-79.12
19989,180,12.2484,17.2389,-79.12,-79.12
19989,180,12.2484,17.2389,-79.12,-79.12
19992,180,12.2484,17.0765,-79.12,-79.12
19992,180,12.2484,17.0765,-79.12,-79.12
20000,180,-1.3704,17.0765,-79.12,-79.12
20000,180,-1.3704,17.0765,-79.12,-79.12
20004,180,-1.3704,16.8644,-79.12,-79.12
20004,180,-1.3704,16.8644,-79.12,-79.12
20011,180,8.1370,16.8644,-79.12,-79.12
20011,180,8.1370,16.8644,-79.12,-79.12
20016,180,8.1370,16.6569,-79.12,-79.12
20016,180,8.1370,16.6569,-79.12,-79.12
20022,180,0.7709,16.6569,-79.12,-79.12
20022,180,0.7709,16.6569,-79.12,-79.12
20028,180,0.7709,16.1245,-79.12,-77.68
20028,180,0.7709,16.1245,-79.12,-79.12
20033,180,7.8801,16.1245,-79.12,-79.12
20033,180,7.8801,16.1245,-77.68,-79.12
20040,180,7.8801,16.5351,-79.12,-79.12
20040,180,7.8801,16.5351,-79.12,-79.12
20044,180,-1.9700,16.5351,-79.12,-79.12
20044,180,-1.9700,16.5351,-79.12,-79.12
20052,180,-1.9700,17.0765,-79.12,-79.12
20052,180,-1.9700,17.0765,-79.12,-79.12
20055,180,5.6531,17.0765,-79.12,-79.12
20055,180,5.6531,17.0765,-79.12,-79.12
20063,180,5.6531,17.2705,-79.12,-79.12
20063,180,5.6531,17.2705,-77.68,-79.12
20066,180,-1.7987,17.2705,-79.12,-79.12
20066,180,-1.7987,17.2705,-79.12,-79.12
20075,180,-1.7987,17.1532,-79.12,-79.12
20075,180,-1.7987,17.1532,-79.12,-79.12
20077,180,1.0278,17.1532,-79.12,-79.12
20077,180,1.0278,17.1532,-79.12,-79.12
20087,180,1.0278,17.1532,-79.12,-77.68
20087,180,1.0278,17.1532,-79.12,-79.12
20088,180,1.5418,17.1532,-79.12,-79.12
20088,180,1.5418,17.1532,-79.12,-79.12
20099,180,0.0857,17.1532,-79.12,-79.12
20099,180,0.0857,17.1532,-79.12,-79.12
20099,180,0.0857,17.2569,-79.12,-79.12
20099,180,0.0857,17.2569,-79.12,-79.12
20109,180,-0.6852,17.2569,-79.12,-79.12
20110,180,-0.6852,17.2569,-79.12,-79.12
20111,180,-0.6852,16.9682,-79.12,-79.12
20111,180,-0.6852,16.9682,-79.12,-79.12
20120,180,1.0278,16.9682,-79.12,-79.12
20121,180,1.0278,16.9682,-79.12,-79.12
20123,180,1.0278,16.7607,-79.12,-79.12
20123,180,1.0278,16.7607,-79.12,-79.12
20131,180,7.6231,16.7607,-79.12,-79.12
20132,180,7.6231,16.7607,-79.12,-79.12
20134,180,7.6231,16.8734,-79.12,-79.12
20134,180,7.6231,16.8734,-79.12,-79.12
20142,180,4.9679,16.8734,-79.12,-79.12
20142,180,4.9679,16.8734,-79.12,-79.12
20146,180,4.9679,16.9501,-79.12,-79.12
20146,180,4.9679,16.9501,-79.12,-79.12
20153,180,8.4797,16.9501,-79.12,-79.12
20153,180,8.4797,16.9501,-77.68,-79.12
20158,180,8.4797,17.0449,-79.12,-79.12
20158,180,8.4797,17.0449,-77.68,-79.12
20164,180,-2.9122,17.0449,-79.12,-79.12
20164,180,-2.9122,17.0449,-79.12,-79.12
20170,180,-2.9122,17.1441,-79.12,-79.12
20170,180,-2.9122,17.1441,-79.12,-79.12
20175,180,2.4839,17.1441,-79.12,-79.12
20175,180,2.4839,17.1441,-79.12,-79.12
20182,180,2.4839,16.8509,-79.12,-77.68
20182,180,2.4839,16.8509,-79.12,-79.12
20186,180,-1.6274,16.8509,-79.12,-79.12
20186,180,-1.6274,16.8509,-79.12,-79.12
20194,180,-1.6274,16.5261,-79.12,-79.12
20194,180,-1.6274,16.5261,-79.12,-79.12
20197,180,0.4283,16.5261,-79.12,-79.12
20197,180,0.4283,16.5261,-79.12,-79.12
20205,180,0.4283,16.6524,-79.12,-79.12
20205,180,0.4283,16.6524,-79.12,-77.68
20208,180,3.2548,16.6524,-79.12,-79.12
20208,180,3.2548,16.6524,-79.12,-79.12
20217,180,3.2548,16.7155,-79.12,-79.12
20217,180,3.2548,16.7155,-79.12,-79.12
20219,180,5.9101,16.7155,-79.12,-79.12
20219,180,5.9101,16.7155,-79.12,-79.12
20229,180,5.9101,16.8058,-79.12,-79.12
20229,180,5.9101,16.8058,-79.12,-79.12
20230,180,7.6231,16.8058,-79.12,-79.12
20230,180,7.6231,16.8058,-79.12,-79.12
20241,180,7.6231,17.0314,-79.12,-79.12
20241,180,7.6231,17.0314,-79.12,-79.12
20241,180,-7.7944,17.0314,-79.12,-79.12
20241,180,-7.7944,17.0314,-79.12,-79.12
20252,180,-2.1413,17.0314,-79.12,-77.68
20252,180,-2.1413,17.0314,-79.12,-79.12
20253,180,-2.1413,16.9592,-79.12,-79.12
20253,180,-2.1413,16.9592,-79.12,-79.12
20263,180,38.4582,16.9592,-79.12,-79.12
20263,180,38.4582,16.9592,-79.12,-79.12
20264,180,38.4582,16.6749,-79.12,-79.12
20265,180,38.4582,16.6749,-79.12,-79.12
20274,180,331.1349,16.6749,-79.12,-79.12
20274,180,331.1349,16.6749,-79.12,-79.12
20276,180,331.1349,16.5351,-79.12,-79.12
20276,180,331.1349,16.5351,-79.12,-79.12
20285,180,458.5011,16.5351,-79.12,-79.12
20285,180,458.5011,16.5351,-79.12,-79.12
20288,180,458.5011,16.8509,-79.12,-79.12
20288,180,458.5011,16.8509,-79.12,-79.12
20296,180,493.0193,16.8509,-79.12,-79.12
20296,180,493.0193,16.8509,-79.12,-79.12
20300,180,493.0193,16.9998,-79.12,-79.12
20300,180,493.0193,16.9998,-79.12,-79.12
20307,180,468.7794,16.9998,-77.68,-77.68
20307,180,468.7794,16.9998,-79.12,-79.12
20312,180,468.7794,16.8915,-79.12,-79.12
20312,180,468.7794,16.8915,-79.12,-79.12
20318,180,535.6745,16.8915,-79.12,-79.12
20318,180,535.6745,16.8915,-79.12,-79.12
20324,180,535.6745,16.9727,-79.12,-79.12
20324,180,535.6745,16.9727,-79.12,-79.12
20329,180,619.6146,16.9727,-79.12,-79.12
20329,180,619.6146,16.9727,-79.12,-79.12
20335,180,619.6146,16.9456,-79.12,-79.12
20336,180,619.6146,16.9456,-79.12,-79.12
20340,180,672.2912,16.9456,-79.12,-79.12
20340,180,672.2912,16.9456,-79.12,-79.12
20347,180,672.2912,17.3833,-79.12,-79.12
20347,180,672.2912,17.3833,-79.12,-79.12
20351,180,732.3340,17.3833,-79.12,-79.12
20351,180,732.3340,17.3833,-79.12,-77.68
20359,180,732.3340,17.2660,-79.12,-79.12
20359,180,732.3340,17.2660,-79.12,-79.12
20362,180,806.1670,17.2660,-79.12,-77.68
20362,180,806.1670,17.2660,-79.12,-79.12
20371,180,806.1670,16.9862,-79.12,-79.12
20371,180,806.1670,16.9862,-79.12,-79.12
20373,180,890.0214,16.9862,-79.12,-79.12
20373,180,890.0214,16.9862,-79.12,-79.12
20383,180,890.0214,17.0720,-79.12,-77.68
20383,180,890.0214,17.0720,-79.12,-79.12
20384,180,937.3019,17.0720,-79.12,-79.12
20384,180,937.3019,17.0720,-79.12,-79.12
20395,180,937.3019,17.1848,-79.12,-79.12
20395,180,937.3019,17.1848,-79.12,-79.12
20395,180,988.4368,17.1848,-79.12,-79.12
20395,180,988.4368,17.1848,-79.12,-79.12
20406,180,1034.8608,17.1848,-79.12,-79.12
20406,180,1034.8608,17.1848,-79.12,-79.12
20406,180,1034.8608,17.0629,-77.68,-79.12
20407,180,1034.8608,17.0629,-79.12,-79.12
20417,180,1082.2269,17.0629,-79.12,-79.12
20417,180,1082.2269,17.0629,-79.12,-79.12
20418,180,1082.2269,16.8780,-79.12,-79.12
20418,180,1082.2269,16.8780,-79.12,-79.12
20428,180,1112.4625,16.8780,-79.12,-79.12
20428,180,1112.4625,16.8780,-79.12,-79.12
20430,180,1112.4625,16.5351,-79.12,-79.12
20430,180,1112.4625,16.5351,-79.12,-79.12
20439,180,1137.5588,16.5351,-79.12,-79.12
20439,180,1137.5588,16.5351,-79.12,-79.12
20442,180,1137.5588,16.7877,-79.12,-79.12
20442,180,1137.5588,16.7877,-79.12,-79.12
20450,180,1175.4176,16.7877,-79.12,-79.12
20450,180,1175.4176,16.7877,-79.12,-79.12
20454,180,1175.4176,17.0765,-79.12,-79.12
20454,180,1175.4176,17.0765,-79.12,-79.12
20461,180,1192.9764,17.0765,-79.12,-79.12
20461,180,1192.9764,17.0765,-77.68,-79.12
20466,180,1192.9764,17.0359,-79.12,-79.12
20466,180,1192.9764,17.0359,-79.12,-77.68
20472,180,1211.9915,17.0359,-79.12,-79.12
20472,180,1211.9915,17.0359,-79.12,-79.12
20477,180,1211.9915,16.8193,-79.12,-79.12
20477,180,1211.9915,16.8193,-79.12,-79.12
20483,180,1202.5696,16.8193,-79.12,-79.12
20483,180,1202.5696,16.8193,-79.12,-79.12
20489,180,1202.5696,17.0359,-79.12,-79.12
20489,180,1202.5696,17.0359,-79.12,-79.12
20494,180,1213.8757,17.0359,-79.12,-79.12
20494,180,1213.8757,17.0359,-79.12,-79.12
20501,180,1213.8757,17.1171,-79.12,-79.12
20501,180,1213.8757,17.1171,-79.12,-79.12
20504,180,1217.6445,17.1171,-79.12,-79.12
20505,180,1217.6445,17.1171,-79.12,-79.12
20513,180,1217.6445,16.8734,-79.12,-79.12
20513,180,1217.6445,16.8734,-79.12,-79.12
20515,180,1228.0942,16.8734,-79.12,-79.12
20516,180,1228.0942,16.8734,-79.12,-79.12
20525,180,1228.0942,16.7065,-79.12,-79.12
20525,180,1228.0942,16.7065,-79.12,-79.12
20526,180,1233.7473,16.7065,-79.12,-79.12
20527,180,1233.7473,16.7065,-79.12,-79.12
20537,180,1233.7473,16.8374,-79.12,-79.12
20537,180,1233.7473,16.8374,-79.12,-79.12
20537,180,1246.0813,16.8374,-79.12,-79.12
20537,180,1246.0813,16.8374,-79.12,-79.12
20548,180,1257.1306,16.8374,-79.12,-79.12
20548,180,1257.1306,16.8374,-79.12,-79.12
20549,180,1257.1306,16.8374,-79.12,-79.12
20559,180,1267.3234,16.8374,-79.12,-79.12
20559,180,1267.3234,16.8374,-79.12,-79.12
20560,180,1267.3234,16.8283,-79.12,-79.12
20560,180,1267.3234,16.8283,-79.12,-79.12
20570,180,1286.1670,16.8283,-79.12,-79.12
20570,180,1286.1670,16.8283,-79.12,-79.12
20572,180,1286.1670,16.5351,-79.12,-79.12
20572,180,1286.1670,16.5351,-79.12,-79.12
20581,180,1304.4111,16.5351,-79.12,-77.68
20581,180,1304.4111,16.5351,-79.12,-79.12
20584,180,1304.4111,16.5170,-79.12,-79.12
20584,180,1304.4111,16.5170,-79.12,-79.12
20592,180,1337.1306,16.5170,-79.12,-79.12
20592,180,1337.1306,16.5170,-79.12,-79.12
20596,180,1337.1306,16.7922,-79.12,-79.12
20596,180,1337.1306,16.7922,-79.12,-77.68
20603,180,1357.7729,16.7922,-79.12,-79.12
20603,180,1357.7729,16.7922,-79.12,-79.12
20608,180,1357.7729,16.7471,-79.12,-79.12
20608,180,1357.7729,16.7471,-79.12,-79.12
20614,180,1384.7538,16.7471,-79.12,-79.12
20614,180,1384.7538,16.7471,-79.12,-79.12
20619,180,1384.7538,16.8238,-79.12,-79.12
20619,180,1384.7538,16.8238,-79.12,-79.12
20625,180,1395.2034,16.8238,-79.12,-79.12
20625,180,1395.2034,16.8238,-79.12,-79.12
20631,180,1395.2034,16.7787,-79.12,-79.12
20631,180,1395.2034,16.7787,-79.12,-79.12
20636,180,1409.6788,16.7787,-79.12,-79.12
20636,180,1409.6788,16.7787,-79.12,-79.12
20643,180,1409.6788,16.7561,-79.12,-79.12
20643,180,1409.6788,16.7561,-79.12,-79.12
20647,180,1398.9722,16.7561,-79.12,-79.12
20647,180,1398.9722,16.7561,-79.12,-79.12
20655,180,1398.9722,16.8419,-79.12,-79.12
20655,180,1398.9722,16.8419,-79.12,-79.12
20658,180,1377.2163,16.8419,-79.12,-79.12
20658,180,1377.2163,16.8419,-79.12,-79.12
20667,180,1377.2163,16.6343,-79.12,-79.12
20667,180,1377.2163,16.6343,-79.12,-77.68
20669,180,1364.7109,16.6343,-79.12,-79.12
20669,180,1364.7109,16.6343,-79.12,-79.12
20679,180,1364.7109,16.6524,-79.12,-79.12
20679,180,1364.7109,16.6524,-79.12,-79.12
20680,180,1366.5096,16.6524,-79.12,-79.12
20680,180,1366.5096,16.6524,-79.12,-79.12
20690,180,1366.5096,16.5306,-79.12,-79.12
20690,180,1366.5096,16.5306,-79.12,-79.12
20691,180,1387.0664,16.5306,-79.12,-79.12
20691,180,1387.0664,16.5306,-79.12,-77.68
20702,180,1391.0920,16.5306,-79.12,-79.12
20702,180,1391.0920,16.5306,-79.12,-79.12
20702,180,1391.0920,16.9682,-79.12,-79.12
20702,180,1391.0920,16.9682,-79.12,-79.12
20713,180,1398.3726,16.9682,-79.12,-79.12
20713,180,1398.3726,16.9682,-79.12,-79.12
20714,180,1398.3726,17.0674,-79.12,-79.12
20714,180,1398.3726,17.0674,-79.12,-79.12
20724,180,1377.7302,17.0674,-79.12,-79.12
20724,180,1377.7302,17.0674,-79.12,-79.12
20726,180,1377.7302,17.1577,-79.12,-79.12
20726,180,1377.7302,17.1577,-79.12,-79.12
20735,180,1367.3662,17.1577,-79.12,-79.12
20735,180,1367.3662,17.1577,-79.12,-79.12
20738,180,1367.3662,17.1757,-79.12,-79.12
20738,180,1367.3662,17.1757,-79.12,-79.12
20746,180,1332.5909,17.1757,-79.12,-79.12
20746,180,1332.5909,17.1757,-79.12,-79.12
20749,180,1332.5909,17.1351,-79.12,-79.12
20750,180,1332.5909,17.1351,-79.12,-79.12
20757,180,1313.4047,17.1351,-79.12,-79.12
20757,180,1313.4047,17.1351,-79.12,-79.12
20761,180,1313.4047,17.0133,-79.12,-79.12
20761,180,1313.4047,17.0133,-79.12,-79.12
20768,180,1281.6274,17.0133,-79.12,-79.12
20768,180,1281.6274,17.0133,-79.12,-79.12
20773,180,1281.6274,17.1441,-79.12,-79.12
20773,180,1281.6274,17.1441,-79.12,-79.12
20779,180,1225.4390,17.1441,-79.12,-79.12
20779,180,1225.4390,17.1441,-79.12,-79.12
20785,180,1225.4390,16.9276,-79.12,-79.12
20785,180,1225.4390,16.9276,-79.12,-79.12
20790,180,1168.6510,16.9276,-79.12,-79.12
20790,180,1168.6510,16.9276,-79.12,-79.12
20797,180,1168.6510,16.3727,-79.12,-79.12
20797,180,1168.6510,16.3727,-79.12,-79.12
20801,180,1095.5032,16.3727,-79.12,-79.12
20801,180,1095.5032,16.3727,-79.12,-79.12
20809,180,1095.5032,17.0314,-79.12,-79.12
20809,180,1095.5032,17.0314,-79.12,-79.12
20812,180,1005.5674,17.0314,-79.12,-79.12
20812,180,1005.5674,17.0314,-79.12,-79.12
20820,180,1005.5674,17.0900,-79.12,-79.12
20821,180,1005.5674,17.0900,-79.12,-79.12
20823,180,891.3918,17.0900,-79.12,-79.12
20823,180,891.3918,17.0900,-79.12,-79.12
20832,180,891.3918,16.8238,-79.12,-79.12
20832,180,891.3918,16.8238,-79.12,-79.12
20834,180,778.4154,16.8238,-79.12,-79.12
20834,180,778.4154,16.8238,-79.12,-79.12
20844,180,778.4154,17.1035,-79.12,-79.12
20844,180,778.4154,17.1035,-79.12,-79.12
20845,180,647.9658,17.1035,-79.12,-79.12
20845,180,647.9658,17.1035,-79.12,-79.12
20856,180,536.7880,17.1035,-79.12,-79.12
20856,180,536.7880,17.1035,-79.12,-79.12
20856,180,536.7880,17.2795,-79.12,-79.12
20856,180,536.7880,17.2795,-79.12,-79.12
20867,180,426.2098,17.2795,-77.68,-79.12
20867,180,426.2098,17.2795,-79.12,-79.12
20868,180,426.2098,16.7516,-79.12,-79.12
20868,180,426.2098,16.7516,-79.12,-79.12
20878,180,356.7452,16.7516,-79.12,-79.12
20878,180,356.7452,16.7516,-79.12,-79.12
20880,180,356.7452,16.9366,-79.12,-79.12
20880,180,356.7452,16.9366,-79.12,-79.12
20888,180,298.7580,16.9366,-79.12,-79.12
20889,180,298.7580,16.9366,-77.68,-79.12
20891,180,298.7580,17.0900,-79.12,-79.12
20891,180,298.7580,17.0900,-79.12,-79.12
20899,180,237.8587,17.0900,-79.12,-79.12
20900,180,237.8587,17.0900,-79.12,-79.12
20903,180,237.8587,17.1983,-79.12,-79.12
20903,180,237.8587,17.1983,-79.12,-79.12
20910,180,178.2441,17.1983,-79.12,-79.12
20911,180,178.2441,17.1983,-79.12,-79.12
20915,180,178.2441,16.9998,-79.12,-79.12
20915,180,178.2441,16.9998,-79.12,-79.12
20921,180,115.4604,16.9998,-79.12,-79.12
20921,180,115.4604,16.9998,-79.12,-79.12
20927,180,115.4604,17.2705,-79.12,-79.12
20927,180,115.4604,17.2705,-77.68,-79.12
20932,180,88.0514,17.2705,-79.12,-79.12
20932,180,88.0514,17.2705,-79.12,-79.12
20939,180,88.0514,17.0584,-79.12,-79.12
20939,180,88.0514,17.0584,-79.12,-79.12
20943,180,50.9636,17.0584,-79.12,-79.12
20943,180,50.9636,17.0584,-79.12,-79.12
20951,180,50.9636,16.8374,-79.12,-79.12
20951,180,50.9636,16.8374,-79.12,-79.12
20954,180,30.4069,16.8374,-79.12,-79.12
20954,180,30.4069,16.8374,-79.12,-79.12
20962,180,30.4069,16.4313,-79.12,-79.12
20962,180,30.4069,16.4313,-79.12,-79.12
20965,180,8.3940,16.4313,-79.12,-79.12
20965,180,8.3940,16.4313,-79.12,-79.12
20974,180,8.3940,16.2869,-79.12,-79.12
20974,180,8.3940,16.2869,-79.12,-79.12
20976,180,-1.7987,16.2869,-79.12,-79.12
20976,180,-1.7987,16.2869,-79.12,-77.68
20986,180,-1.7987,16.3140,-79.12,-79.12
20986,180,-1.7987,16.3140,-77.68,-79.12
20987,180,-4.7109,16.3140,-79.12,-79.12
20987,180,-4.7109,16.3140,-79.12,-77.68
20998,180,-4.7109,16.4584,-79.12,-79.12
20998,180,-4.7109,16.4584,-79.12,-79.12
20998,180,-2.8266,16.4584,-79.12,-79.12
20998,180,-2.8266,16.4584,-79.12,-79.12
21009,180,2.3983,16.4584,-79.12,-79.12
21009,180,2.3983,16.4584,-79.12,-79.12
21010,180,2.3983,16.5892,-79.12,-79.12
21010,180,2.3983,16.5892,-79.12,-79.12
21020,180,0.5996,16.5892,-79.12,-79.12
21020,180,0.5996,16.5892,-79.12,-79.12
21021,180,0.5996,16.3952,-79.12,-79.12
21022,180,0.5996,16.3952,-79.12,-79.12
21031,180,9.5075,16.3952,-79.12,-79.12
21031,180,9.5075,16.3952,-79.12,-79.12
21033,180,9.5075,16.0253,-79.12,-79.12
21033,180,9.5075,16.0253,-79.12,-79.12
21042,180,-1.7987,16.0253,-79.12,-79.12
21042,180,-1.7987,16.0253,-79.12,-79.12
21045,180,-1.7987,16.4178,-79.12,-79.12
21045,180,-1.7987,16.4178,-79.12,-79.12
21053,180,7.9657,16.4178,-79.12,-79.12
21053,180,7.9657,16.4178,-79.12,-79.12
21057,180,7.9657,16.4088,-79.12,-79.12
21057,180,7.9657,16.4088,-79.12,-79.12
21064,180,5.1392,16.4088,-79.12,-79.12
21064,180,5.1392,16.4088,-79.12,-79.12
21069,180,5.1392,16.5080,-79.12,-79.12
21069,180,5.1392,16.5080,-79.12,-79.12
21075,180,18.4154,16.5080,-79.12,-79.12
21075,180,18.4154,16.5080,-79.12,-79.12
21081,180,18.4154,16.5035,-79.12,-79.12
21081,180,18.4154,16.5035,-79.12,-79.12
21086,180,10.3640,16.5035,-79.12,-79.12
21086,180,10.3640,16.5035,-79.12,-79.12
21092,180,10.3640,16.3050,-79.12,-79.12
21093,180,10.3640,16.3050,-79.12,-79.12
21097,180,6.8522,16.3050,-79.12,-79.12
21097,180,6.8522,16.3050,-79.12,-79.12
21104,180,6.8522,16.5261,-79.12,-79.12
21104,180,6.8522,16.5261,-79.12,-79.12
21108,180,1.4561,16.5261,-79.12,-79.12
21108,180,1.4561,16.5261,-79.12,-79.12
21116,180,1.4561,16.6298,-79.12,-79.12
21116,180,1.4561,16.6298,-79.12,-79.12
21119,180,2.8266,16.6298,-79.12,-79.12
21119,180,2.8266,16.6298,-79.12,-79.12
21128,180,2.8266,16.6343,-79.12,-79.12
21128,180,2.8266,16.6343,-79.12,-79.12
21130,180,109.1221,16.6343,-79.12,-79.12
21130,180,109.1221,16.6343,-79.12,-79.12
21140,180,109.1221,16.4584,-79.12,-79.12
21140,180,109.1221,16.4584,-79.12,-79.12
21141,180,414.9036,16.4584,-79.12,-79.12
21141,180,414.9036,16.4584,-79.12,-79.12
21152,180,414.9036,16.4900,-79.12,-79.12
21152,180,414.9036,16.4900,-79.12,-79.12
21152,180,414.8180,16.4900,-79.12,-79.12
21152,180,414.8180,16.4900,-79.12,-79.12
21163,180,425.2677,16.4900,-79.12,-79.12
21163,180,425.2677,16.4900,-79.12,-79.12
21163,180,425.2677,16.5351,-79.12,-79.12
21163,180,425.2677,16.5351,-79.12,-79.12
21174,180,488.9936,16.5351,-79.12,-79.12
21174,180,488.9936,16.5351,-79.12,-79.12
21175,180,488.9936,16.3005,-79.12,-79.12
21175,180,488.9936,16.3005,-79.12,-79.12
21185,180,496.7880,16.3005,-79.12,-79.12
21185,180,496.7880,16.3005,-79.12,-79.12
21187,180,496.7880,16.3636,-79.12,-79.12
21187,180,496.7880,16.3636,-79.12,-79.12
21196,180,538.0728,16.3636,-79.12,-79.12
21196,180,538.0728,16.3636,-79.12,-79.12
21199,180,538.0728,16.6028,-79.12,-79.12
21199,180,538.0728,16.6028,-79.12,-79.12
21207,180,584.8394,16.6028,-79.12,-79.12
21207,180,584.8394,16.6028,-79.12,-79.12
21211,180,584.8394,16.8374,-79.12,-79.12
21211,180,584.8394,16.8374,-79.12,-79.12
21218,180,640.6852,16.8374,-79.12,-79.12
21218,180,640.6852,16.8374,-79.12,-79.12
21223,180,640.6852,16.9186,-79.12,-79.12
21223,180,640.6852,16.9186,-79.12,-79.12
21229,180,712.1199,16.9186,-79.12,-77.68
21229,180,712.1199,16.9186,-79.12,-79.12
21234,180,712.1199,16.6659,-77.68,-79.12
21234,180,712.1199,16.6659,-79.12,-77.68
21240,180,765.9100,16.6659,-79.12,-79.12
21240,180,765.9100,16.6659,-79.12,-79.12
21246,180,765.9100,16.5215,-79.12,-79.12
21246,180,765.9100,16.5215,-79.12,-79.12
21251,180,817.6445,16.5215,-79.12,-79.12
21251,180,817.6445,16.5215,-79.12,-79.12
21258,180,817.6445,16.6795,-79.12,-79.12
21258,180,817.6445,16.6795,-79.12,-79.12
21262,180,853.4475,16.6795,-79.12,-79.12
21262,180,853.4475,16.6795,-79.12,-79.12
21270,180,853.4475,16.9772,-79.12,-79.12
21270,180,853.4475,16.9772,-79.12,-79.12
21272,180,896.1028,16.9772,-79.12,-79.12
21273,180,896.1028,16.9772,-79.12,-79.12
21282,180,896.1028,16.9908,-79.12,-79.12
21282,180,896.1028,16.9908,-79.12,-79.12
21283,180,922.4839,16.9908,-79.12,-79.12
21284,180,922.4839,16.9908,-79.12,-79.12
21294,180,922.4839,16.8599,-79.12,-79.12
21294,180,922.4839,16.8599,-79.12,-79.12
21294,180,966.5953,16.8599,-79.12,-79.12
21294,180,966.5953,16.8599,-79.12,-79.12
21305,180,966.5953,17.0404,-79.12,-79.12
21305,180,995.8886,17.0404,-79.12,-79.12
21305,180,995.8886,17.0404,-79.12,-79.12
21316,180,1041.4561,17.0404,-77.68,-77.68
21316,180,1041.4561,17.0404,-79.12,-79.12
21317,180,1041.4561,16.5712,-79.12,-79.12
21317,180,1041.4561,16.5712,-79.12,-79.12
21327,180,1086.5953,16.5712,-79.12,-79.12
21327,180,1086.5953,16.5712,-79.12,-79.12
21329,180,1086.5953,16.4539,-79.12,-79.12
21329,180,1086.5953,16.4539,-79.12,-79.12
21338,180,1137.4733,16.4539,-79.12,-79.12
21338,180,1137.4733,16.4539,-79.12,-79.12
21341,180,1137.4733,16.0072,-79.12,-79.12
21341,180,1137.4733,16.0072,-79.12,-79.12
21349,180,1178.7581,16.0072,-79.12,-77.68
21349,180,1178.7581,16.0072,-79.12,-79.12
21353,180,1178.7581,16.2915,-79.12,-79.12
21353,180,1178.7581,16.2915,-79.12,-79.12
21360,180,1206.9379,16.2915,-79.12,-79.12
21360,180,1206.9379,16.2915,-79.12,-79.12
21364,180,1206.9379,16.6524,-79.12,-79.12
21365,180,1206.9379,16.6524,-79.12,-79.12
21371,180,1242.7408,16.6524,-79.12,-79.12
21371,180,1242.7408,16.6524,-79.12,-79.12
21376,180,1242.7408,16.2373,-79.12,-79.12
21376,180,1242.7408,16.2373,-79.12,-79.12
21382,180,1256.4454,16.2373,-79.12,-79.12
21382,180,1256.4454,16.2373,-79.12,-79.12
21388,180,1256.4454,16.2689,-79.12,-79.12
21388,180,1256.4454,16.2689,-79.12,-79.12
21393,180,1269.2933,16.2689,-79.12,-79.12
21393,180,1269.2933,16.2689,-79.12,-79.12
21400,180,1269.2933,16.2238,-79.12,-77.68
21400,180,1269.2933,16.2238,-79.12,-79.12
21404,180,1257.6445,16.2238,-79.12,-79.12
21404,180,1257.6445,16.2238,-77.68,-79.12
21412,180,1257.6445,16.0298,-79.12,-79.12
21412,180,1257.6445,16.0298,-79.12,-79.12
21415,180,1268.0085,16.0298,-79.12,-79.12
21415,180,1268.0085,16.0298,-79.12,-79.12
21424,180,1268.0085,16.3456,-79.12,-79.12
21424,180,1268.0085,16.3456,-79.12,-79.12
21426,180,1286.8522,16.3456,-79.12,-79.12
21426,180,1286.8522,16.3456,-79.12,-79.12
21435,180,1286.8522,16.1200,-79.12,-79.12
21435,180,1286.8522,16.1200,-79.12,-79.12
21437,180,1301.1562,16.1200,-79.12,-79.12
21437,180,1301.1562,16.1200,-79.12,-79.12
21447,180,1301.1562,16.0749,-79.12,-79.12
21447,180,1301.1562,16.0749,-79.12,-79.12
21448,180,1291.1349,16.0749,-79.12,-79.12
21448,180,1291.1349,16.0749,-79.12,-79.12
21459,180,1256.7880,16.0749,-79.12,-79.12
21459,180,1256.7880,16.0749,-79.12,-77.68
21459,180,1256.7880,16.3321,-79.12,-79.12
21459,180,1256.7880,16.3321,-79.12,-79.12
21470,180,1196.6595,16.3321,-79.12,-79.12
21470,180,1196.6595,16.3321,-79.12,-79.12
21471,180,1196.6595,16.4313,-79.12,-79.12
21471,180,1196.6595,16.4313,-79.12,-79.12
21481,180,1115.6317,16.4313,-79.12,-79.12
21481,180,1115.6317,16.4313,-79.12,-79.12
21483,180,1115.6317,16.6975,-79.12,-79.12
21483,180,1115.6317,16.6975,-79.12,-79.12
21492,180,1046.0813,16.6975,-79.12,-79.12
21492,180,1046.0813,16.6975,-79.12,-79.12
21495,180,1046.0813,16.6388,-79.12,-79.12
21495,180,1046.0813,16.6388,-79.12,-79.12
21503,180,945.6959,16.6388,-79.12,-79.12
21503,180,945.6959,16.6388,-79.12,-79.12
21506,180,945.6959,16.5576,-79.12,-79.12
21506,180,945.6959,16.5576,-79.12,-79.12
21514,180,836.2313,16.5576,-79.12,-79.12
21514,180,836.2313,16.5576,-79.12,-79.12
21518,180,836.2313,16.5667,-79.12,-79.12
21518,180,836.2313,16.5667,-79.12,-79.12
21525,180,705.5246,16.5667,-79.12,-79.12
21525,180,705.5246,16.5667,-79.12,-79.12
21530,180,705.5246,16.5892,-79.12,-79.12
21530,180,705.5246,16.5892,-79.12,-79.12
21536,180,579.6146,16.5892,-79.12,-79.12
21536,180,579.6146,16.5892,-79.12,-79.12
21542,180,579.6146,16.6298,-79.12,-79.12
21542,180,579.6146,16.6298,-79.12,-79.12
21547,180,428.9507,16.6298,-79.12,-79.12
21547,180,428.9507,16.6298,-79.12,-79.12
21554,180,428.9507,16.6118,-79.12,-79.12
21554,180,428.9507,16.6118,-79.12,-79.12
21558,180,303.2976,16.6118,-79.12,-79.12
21558,180,303.2976,16.6118,-79.12,-79.12
21566,180,303.2976,16.6298,-79.12,-79.12
21566,180,303.2976,16.6298,-79.12,-79.12
21569,180,200.5139,16.6298,-79.12,-79.12
21569,180,200.5139,16.6298,-79.12,-79.12
21577,180,200.5139,16.3952,-79.12,-79.12
21577,180,200.5139,16.3952,-79.12,-79.12
21580,180,132.8480,16.3952,-79.12,-79.12
21580,180,132.8480,16.3952,-79.12,-79.12
21589,180,132.8480,16.4674,-79.12,-79.12
21589,180,132.8480,16.4674,-79.12,-79.12
21591,180,92.3340,16.4674,-79.12,-79.12
21591,180,92.3340,16.4674,-79.12,-79.12
21601,180,92.3340,16.4719,-79.12,-79.12
21601,180,92.3340,16.4719,-79.12,-79.12
21602,180,26.2955,16.4719,-79.12,-79.12
21602,180,26.2955,16.4719,-79.12,-79.12
21613,180,5.9957,16.4719,-79.12,-79.12
21613,180,5.9957,16.4719,-79.12,-79.12
21613,180,5.9957,16.5351,-79.12,-79.12
21613,180,5.9957,16.5351,-79.12,-79.12
21624,180,-5.2248,16.5351,-79.12,-79.12
21624,180,-5.2248,16.5351,-79.12,-79.12
21625,180,-5.2248,16.3140,-79.12,-79.12
21625,180,-5.2248,16.3140,-79.12,-77.68
21635,180,3.9400,16.3140,-79.12,-79.12
21635,180,3.9400,16.3140,-79.12,-79.12
21636,180,3.9400,16.2463,-79.12,-79.12
21637,180,3.9400,16.2463,-79.12,-79.12
21645,180,4.8822,16.2463,-79.12,-79.12
21646,180,4.8822,16.2463,-79.12,-79.12
21648,180,4.8822,16.5215,-79.12,-79.12
21648,180,4.8822,16.5215,-79.12,-79.12
21656,180,9.7645,16.5215,-79.12,-77.68
21657,180,9.7645,16.5215,-79.12,-79.12
21660,180,9.7645,16.6659,-79.12,-79.12
21660,180,9.7645,16.6659,-79.12,-79.12
21667,180,8.9936,16.6659,-79.12,-79.12
21668,180,8.9936,16.6659,-79.12,-79.12
21672,180,8.9936,16.6208,-79.12,-79.12
21672,180,8.9936,16.6208,-79.12,-79.12
21678,180,7.9657,16.6208,-79.12,-79.12
21678,180,7.9657,16.6208,-79.12,-79.12
21684,180,7.9657,16.5667,-79.12,-79.12
21684,180,7.9657,16.5667,-79.12,-79.12
21689,180,9.4218,16.5667,-79.12,-79.12
21689,180,9.4218,16.5667,-79.12,-77.68
21696,180,9.4218,16.5802,-79.12,-79.12
21696,180,9.4218,16.5802,-79.12,-79.12
21700,180,8.3084,16.5802,-79.12,-79.12
21700,180,8.3084,16.5802,-79.12,-79.12
21707,180,8.3084,16.5441,-79.12,-79.12
21708,180,8.3084,16.5441,-79.12,-79.12
21711,180,10.9636,16.5441,-79.12,-79.12
21711,180,10.9636,16.5441,-79.12,-79.12
21719,180,10.9636,16.8058,-79.12,-79.12
21719,180,10.9636,16.8058,-79.12,-79.12
21722,180,5.8244,16.8058,-79.12,-79.12
21722,180,5.8244,16.8058,-79.12,-79.12
21731,180,5.8244,16.9095,-79.12,-77.68
21731,180,5.8244,16.9095,-79.12,-79.12
21733,180,9.5075,16.9095,-79.12,-79.12
21733,180,9.5075,16.9095,-79.12,-79.12
21743,180,9.5075,16.7020,-79.12,-79.12
21743,180,9.5075,16.7020,-79.12,-79.12
21744,180,7.7088,16.7020,-79.12,-79.12
21744,180,7.7088,16.7020,-77.68,-79.12
21755,180,7.7088,16.3275,-79.12,-79.12
21755,180,7.7088,16.3275,-79.12,-79.12
21755,180,8.8223,16.3275,-79.12,-79.12
21755,180,8.8223,16.3275,-79.12,-79.12
21766,180,1.9700,16.3275,-79.12,-79.12
21766,180,1.9700,16.3275,-79.12,-79.12
21767,180,1.9700,16.3050,-79.12,-79.12
21767,180,1.9700,16.3050,-79.12,-79.12
21777,180,13.1049,16.3050,-79.12,-77.68
21777,180,13.1049,16.3050,-79.12,-79.12
21778,180,13.1049,16.8328,-79.12,-79.12
21778,180,13.1049,16.8328,-79.12,-79.12
21788,180,10.6210,16.8328,-79.12,-79.12
21788,180,10.6210,16.8328,-79.12,-79.12
21790,180,10.6210,17.1893,-79.12,-79.12
21790,180,10.6210,17.1893,-79.12,-79.12
21799,180,3.4261,17.1893,-79.12,-79.12
21799,180,3.4261,17.1893,-79.12,-79.12
21802,180,3.4261,17.1126,-79.12,-79.12
21802,180,3.4261,17.1126,-79.12,-79.12
21810,180,5.8244,17.1126,-79.12,-79.12
21810,180,5.8244,17.1126,-79.12,-79.12
21814,180,5.8244,16.8780,-79.12,-79.12
21814,180,5.8244,16.8780,-79.12,-77.68
21821,180,-1.2848,16.8780,-79.12,-79.12
21821,180,-1.2848,16.8780,-79.12,-79.12
21826,180,-1.2848,16.4313,-79.12,-79.12
21826,180,-1.2848,16.4313,-79.12,-79.12
21832,180,1.1991,16.4313,-79.12,-79.12
21832,180,1.1991,16.4313,-79.12,-79.12
21838,180,1.1991,16.1381,-79.12,-79.12
21838,180,1.1991,16.1381,-79.12,-79.12
21843,180,-6.4240,16.1381,-79.12,-77.68
21843,180,-6.4240,16.1381,-79.12,-79.12
21849,180,-6.4240,15.9937,-79.12,-79.12
21849,180,-6.4240,15.9937,-79.12,-79.12
21854,180,3.0835,15.9937,-79.12,-79.12
21854,180,3.0835,15.9937,-79.12,-79.12
21861,180,3.0835,16.3952,-79.12,-79.12
21861,180,3.0835,16.3952,-79.12,-79.12
21865,180,-2.5696,16.3952,-79.12,-79.12
21865,180,-2.5696,16.3952,-79.12,-79.12
21873,180,-2.5696,16.1787,-79.12,-77.68
21873,180,-2.5696,16.1787,-79.12,-79.12
21876,180,4.9679,16.1787,-79.12,-79.12
21876,180,4.9679,16.1787,-79.12,-79.12
21885,180,4.9679,16.0117,-79.12,-79.12
21885,180,4.9679,16.0117,-79.12,-79.12
21887,180,34.3469,16.0117,-79.12,-79.12
21887,180,34.3469,16.0117,-79.12,-79.12
21897,180,34.3469,15.9982,-79.12,-79.12
21897,180,34.3469,15.9982,-79.12,-79.12
21898,180,367.8801,15.9982,-79.12,-79.12
21898,180,367.8801,15.9982,-79.12,-79.12
21909,180,367.8801,16.5351,-79.12,-79.12
21909,180,367.8801,16.5351,-79.12,-79.12
21909,180,594.6038,16.5351,-79.12,-79.12
21909,180,594.6038,16.5351,-79.12,-79.12
21920,180,598.2869,16.5351,-79.12,-79.12
21920,180,598.2869,16.5351,-79.12,-79.12
21920,180,598.2869,16.7471,-79.12,-79.12
21920,180,598.2869,16.7471,-79.12,-79.12
21931,180,506.3812,16.7471,-79.12,-79.12
21931,180,506.3812,16.7471,-79.12,-77.68
21932,180,506.3812,16.7561,-79.12,-79.12
21932,180,506.3812,16.7561,-77.68,-79.12
21942,180,461.4133,16.7561,-79.12,-79.12
21942,180,461.4133,16.7561,-79.12,-79.12
21944,180,461.4133,16.5937,-79.12,-79.12
21944,180,461.4133,16.5937,-79.12,-79.12
21953,180,423.6403,16.5937,-79.12,-79.12
21953,180,423.6403,16.5937,-79.12,-79.12
21956,180,423.6403,15.9576,-79.12,-79.12
21956,180,423.6403,15.9576,-79.12,-79.12
21964,180,338.0728,15.9576,-79.12,-79.12
21964,180,338.0728,15.9576,-79.12,-79.12
21968,180,338.0728,16.2418,-79.12,-79.12
21968,180,338.0728,16.2418,-79.12,-79.12
21975,180,242.3126,16.2418,-79.12,-79.12
21975,180,242.3126,16.2418,-79.12,-79.12
21980,180,242.3126,16.8419,-79.12,-79.12
21980,180,242.3126,16.8419,-79.12,-79.12
21986,180,142.5268,16.8419,-79.12,-79.12
21986,180,142.5268,16.8419,-79.12,-79.12
21991,180,142.5268,16.9231,-79.12,-79.12
21991,180,142.5268,16.9231,-79.12,-79.12
21997,180,68.6938,16.9231,-79.12,-77.68
21997,180,68.6938,16.9231,-79.12,-79.12
22003,180,68.6938,16.8374,-79.12,-79.12
22003,180,68.6938,16.8374,-79.12,-79.12
22008,180,15.1606,16.8374,-79.12,-79.12
22008,180,15.1606,16.8374,-79.12,-79.12
22015,180,15.1606,16.5667,-79.12,-79.12
22015,180,15.1606,16.5667,-79.12,-79.12
22019,180,1.4561,16.5667,-79.12,-79.12
22019,180,1.4561,16.5667,-79.12,-79.12
22027,180,1.4561,16.8374,-79.12,-79.12
22027,180,1.4561,16.8374,-79.12,-79.12
22030,180,9.6788,16.8374,-79.12,-79.12
22030,180,9.6788,16.8374,-79.12,-79.12
22039,180,9.6788,16.4448,-79.12,-79.12
22039,180,9.6788,16.4448,-79.12,-79.12
22040,180,1.4561,16.4448,-79.12,-79.12
22041,180,1.4561,16.4448,-79.12,-79.12
22051,180,1.4561,16.1245,-79.12,-79.12
22051,180,1.4561,16.1245,-77.68,-79.12
22051,180,3.9400,16.1245,-79.12,-79.12
22052,180,3.9400,16.1245,-79.12,-79.12
22062,180,3.9400,16.6163,-79.12,-79.12
22062,180,2.3983,16.6163,-79.12,-79.12
22062,180,2.3983,16.6163,-79.12,-79.12
22073,180,3.5118,16.6163,-79.12,-79.12
22073,180,3.5118,16.6163,-79.12,-79.12
22074,180,3.5118,16.8148,-79.12,-79.12
22074,180,3.5118,16.8148,-79.12,-79.12
22084,180,0.0857,16.8148,-77.68,-79.12
22084,180,0.0857,16.8148,-79.12,-79.12
22086,180,0.0857,16.5937,-79.12,-79.12
22086,180,0.0857,16.5937,-79.12,-79.12
22095,180,11.0493,16.5937,-79.12,-79.12
22095,180,11.0493,16.5937,-79.12,-79.12
22098,180,11.0493,17.0674,-79.12,-79.12
22098,180,11.0493,17.0674,-79.12,-79.12
22106,180,7.5375,17.0674,-79.12,-79.12
22106,180,7.5375,17.0674,-79.12,-79.12
22110,180,7.5375,17.2028,-79.12,-79.12
22110,180,7.5375,17.2028,-79.12,-79.12
22117,180,9.5931,17.2028,-79.12,-79.12
22117,180,9.5931,17.2028,-79.12,-79.12
22121,180,9.5931,16.8644,-79.12,-79.12
22122,180,9.5931,16.8644,-79.12,-79.12
22128,180,3.5118,16.8644,-79.12,-79.12
22128,180,3.5118,16.8644,-79.12,-79.12
22133,180,3.5118,16.7155,-79.12,-79.12
22133,180,3.5118,16.7155,-79.12,-79.12
22139,180,8.7366,16.7155,-79.12,-79.12
22139,180,8.7366,16.7155,-79.12,-79.12
22145,180,8.7366,16.5802,-79.12,-79.12
22145,180,8.7366,16.5802,-79.12,-79.12
22150,180,13.7045,16.5802,-79.12,-79.12
22150,180,13.7045,16.5802,-79.12,-79.12
22157,180,13.7045,16.6163,-79.12,-79.12
22157,180,13.7045,16.6163,-79.12,-79.12
22161,180,3.1692,16.6163,-79.12,-79.12
22161,180,3.1692,16.6163,-79.12,-79.12
22169,180,3.1692,16.4584,-79.12,-79.12
22169,180,3.1692,16.4584,-79.12,-79.12
22172,180,6.0814,16.4584,-79.12,-79.12
22172,180,6.0814,16.4584,-77.68,-79.12
22181,180,6.0814,16.5215,-79.12,-79.12
22181,180,6.0814,16.5215,-79.12,-79.12
22183,180,-6.1670,16.5215,-79.12,-79.12
22183,180,-6.1670,16.5215,-79.12,-79.12
22192,180,-6.1670,16.9231,-79.12,-79.12
22193,180,-6.1670,16.9231,-79.12,-79.12
22194,180,1.8844,16.9231,-79.12,-79.12
22194,180,1.8844,16.9231,-79.12,-79.12
22204,180,1.8844,16.9817,-79.12,-79.12
22204,180,1.8844,16.9817,-79.12,-79.12
22205,180,0.1713,16.9817,-79.12,-79.12
22205,180,0.1713,16.9817,-79.12,-79.12
22216,180,13.0193,16.9817,-79.12,-79.12
22216,180,13.0193,16.9817,-79.12,-79.12
22216,180,13.0193,16.5351,-79.12,-79.12
22216,180,13.0193,16.5351,-79.12,-79.12
22227,180,314.1756,16.5351,-79.12,-79.12
22227,180,314.1756,16.5351,-79.12,-79.12
22228,180,314.1756,17.0404,-79.12,-79.12
22228,180,314.1756,17.0404,-79.12,-79.12
22238,180,705.7816,17.0404,-79.12,-79.12
22238,180,705.7816,17.0404,-79.12,-79.12
22240,180,705.7816,16.8509,-79.12,-79.12
22240,180,705.7816,16.8509,-79.12,-79.12
22249,180,453.7901,16.8509,-79.12,-79.12
22249,180,453.7901,16.8509,-79.12,-79.12
22252,180,453.7901,16.4403,-79.12,-79.12
22252,180,453.7901,16.4403,-77.68,-79.12
22260,180,212.2484,16.4403,-79.12,-79.12
22260,180,212.2484,16.4403,-79.12,-79.12
22263,180,212.2484,16.4494,-79.12,-79.12
22263,180,212.2484,16.4494,-79.12,-79.12
22271,180,89.9358,16.4494,-79.12,-79.12
22271,180,89.9358,16.4494,-79.12,-79.12
22275,180,89.9358,16.2283,-79.12,-79.12
22275,180,89.9358,16.2283,-79.12,-79.12
22282,180,26.7238,16.2283,-79.12,-79.12
22282,180,26.7238,16.2283,-79.12,-79.12
22287,180,26.7238,16.4268,-79.12,-79.12
22287,180,26.7238,16.4268,-79.12,-79.12
22293,180,19.2719,16.4268,-79.12,-79.12
22293,180,19.2719,16.4268,-79.12,-79.12
22299,180,19.2719,17.0223,-77.68,-79.12
22299,180,19.2719,17.0223,-79.12,-79.12
22304,180,-4.8822,17.0223,-79.12,-79.12
22304,180,-4.8822,17.0223,-79.12,-79.12
22311,180,-4.8822,16.7291,-79.12,-79.12
22311,180,-4.8822,16.7291,-79.12,-79.12
22315,180,-3.1692,16.7291,-79.12,-79.12
22315,180,-3.1692,16.7291,-79.12,-79.12
22323,180,-3.1692,16.5892,-79.12,-77.68
22323,180,-3.1692,16.5892,-79.12,-79.12
22326,180,11.7345,16.5892,-79.12,-77.68
22326,180,11.7345,16.5892,-79.12,-77.68
22334,180,11.7345,16.8599,-79.12,-79.12
22334,180,11.7345,16.8599,-79.12,-79.12
22337,180,6.7666,16.8599,-79.12,-79.12
22337,180,6.7666,16.8599,-79.12,-79.12
22346,180,6.7666,16.7832,-79.12,-79.12
22346,180,6.7666,16.7832,-79.12,-79.12
22348,180,-1.4561,16.7832,-79.12,-79.12
22348,180,-1.4561,16.7832,-79.12,-79.12
22358,180,-1.4561,16.8464,-79.12,-79.12
22358,180,-1.4561,16.8464,-79.12,-79.12
22359,180,11.3919,16.8464,-79.12,-79.12
22359,180,11.3919,16.8464,-79.12,-79.12
22370,180,27.4946,16.8464,-79.12,-79.12
22370,180,27.4946,16.8464,-79.12,-79.12
22370,180,27.4946,16.5667,-79.12,-79.12
22370,180,27.4946,16.5667,-79.12,-73.36
22381,180,10.2784,16.5667,-79.12,-79.12
22381,180,10.2784,16.5667,-79.12,-79.12
22382,180,10.2784,16.4042,-79.12,-79.12
22382,180,10.2784,16.4042,-77.68,-79.12
22392,180,-5.3105,16.4042,-79.12,-79.12
22392,180,-5.3105,16.4042,-79.12,-79.12
22394,180,-5.3105,16.6073,-79.12,-79.12
22394,180,-5.3105,16.6073,-79.12,-79.12
22403,180,-1.1991,16.6073,-79.12,-79.12
22403,180,-1.1991,16.6073,-79.12,-79.12
22405,180,-1.1991,17.0133,-79.12,-79.12
22405,180,-1.1991,17.0133,-79.12,-79.12
22414,180,10.2784,17.0133,-79.12,-79.12
22414,180,10.2784,17.0133,-79.12,-79.12
22417,180,10.2784,16.8599,-79.12,-79.12
22417,180,10.2784,16.8599,-79.12,-79.12
22424,180,6.8522,16.8599,-79.12,-79.12
22425,180,6.8522,16.8599,-79.12,-79.12
22429,180,6.8522,16.8148,-79.12,-79.12
22429,180,6.8522,16.8148,-79.12,-79.12
22435,180,10.2784,16.8148,-79.12,-79.12
22436,180,10.2784,16.8148,-79.12,-79.12
22441,180,10.2784,16.5847,-79.12,-77.68
22441,180,10.2784,16.5847,-79.12,-79.12
22446,180,14.9893,16.5847,-79.12,-79.12
22447,180,14.9893,16.5847,-79.12,-77.68
22453,180,14.9893,16.7516,-79.12,-79.12
22453,180,14.9893,16.7516,-79.12,-79.12
22457,180,18.8437,16.7516,-79.12,-79.12
22457,180,18.8437,16.7516,-79.12,-77.68
22464,180,18.8437,16.7561,-79.12,-79.12
22465,180,18.8437,16.7561,-79.12,-79.12
22468,180,5.1392,16.7561,-79.12,-77.68
22468,180,5.1392,16.7561,-79.12,-79.12
22476,180,5.1392,16.6930,-79.12,-79.12
22476,180,5.1392,16.6930,-79.12,-79.12
22479,180,-0.6852,16.6930,-79.12,-79.12
22479,180,-0.6852,16.6930,-79.12,-79.12
22488,180,-0.6852,16.5621,-77.68,-79.12
22488,180,-0.6852,16.5621,-79.12,-79.12
22490,180,9.7645,16.5621,-79.12,-79.12
22490,180,9.7645,16.5621,-79.12,-79.12
22500,180,9.7645,16.8825,-79.12,-79.12
22500,180,9.7645,16.8825,-79.12,-79.12
22501,180,10.8779,16.8825,-79.12,-79.12
22501,180,10.8779,16.8825,-79.12,-77.68
22512,180,10.8779,16.4809,-79.12,-79.12
22512,180,10.8779,16.4809,-79.12,-79.12
22512,180,4.1970,16.4809,-79.12,-79.12
22512,180,4.1970,16.4809,-79.12,-79.12
22523,180,-2.4839,16.4809,-77.68,-79.12
22523,180,-2.4839,16.4809,-79.12,-79.12
22524,180,-2.4839,16.3456,-79.12,-79.12
22524,180,-2.4839,16.3456,-79.12,-79.12
22534,180,22.9550,16.3456,-79.12,-79.12
22534,180,22.9550,16.3456,-79.12,-79.12
22535,180,22.9550,16.1381,-79.12,-79.12
22536,180,22.9550,16.1381,-79.12,-79.12
22545,180,340.2998,16.1381,-79.12,-79.12
22545,180,340.2998,16.1381,-79.12,-79.12
22547,180,340.2998,16.4178,-79.12,-79.12
22547,180,340.2998,16.4178,-79.12,-79.12
22556,180,476.5739,16.4178,-79.12,-79.12
22556,180,476.5739,16.4178,-79.12,-79.12
22559,180,476.5739,16.4403,-79.12,-79.12
22559,180,476.5739,16.4403,-79.12,-79.12
22567,180,358.3726,16.4403,-79.12,-79.12
22567,180,358.3726,16.4403,-79.12,-79.12
22571,180,358.3726,16.8554,-79.12,-79.12
22571,180,358.3726,16.8554,-79.12,-79.12
22578,180,261.9272,16.8554,-79.12,-79.12
22578,180,261.9272,16.8554,-79.12,-79.12
22583,180,261.9272,17.0449,-79.12,-79.12
22583,180,261.9272,17.0449,-79.12,-79.12
22589,180,160.4283,17.0449,-79.12,-79.12
22589,180,160.4283,17.0449,-79.12,-77.68
22595,180,160.4283,16.8103,-79.12,-79.12
22595,180,160.4283,16.8103,-79.12,-79.12
22600,180,75.8886,16.8103,-79.12,-79.12
22600,180,75.8886,16.8103,-79.12,-79.12
22606,180,75.8886,16.3275,-79.12,-79.12
22606,180,75.8886,16.3275,-79.12,-77.68
22611,180,21.1563,16.3275,-79.12,-79.12
22611,180,21.1563,16.3275,-79.12,-79.12
22618,180,21.1563,16.4223,-79.12,-79.12
22618,180,21.1563,16.4223,-79.12,-79.12
22622,180,-18.1585,16.4223,-79.12,-79.12
22622,180,-18.1585,16.4223,-79.12,-79.12
22630,180,-18.1585,16.3411,-79.12,-79.12
22630,180,-18.1585,16.3411,-79.12,-79.12
22633,180,2.1413,16.3411,-79.12,-79.12
22633,180,2.1413,16.3411,-79.12,-79.12
22642,180,2.1413,16.2238,-79.12,-79.12
22642,180,2.1413,16.2238,-79.12,-79.12
22644,180,1.5418,16.2238,-79.12,-79.12
22644,180,1.5418,16.2238,-79.12,-79.12
22654,180,1.5418,15.7907,-79.12,-79.12
22654,180,1.5418,15.7907,-79.12,-79.12
22655,180,0.0857,15.7907,-79.12,-79.12
22655,180,0.0857,15.7907,-79.12,-79.12
22666,180,0.0857,16.2824,-79.12,-79.12
22666,180,0.0857,16.2824,-79.12,-79.12
22666,180,4.9679,16.2824,-79.12,-79.12
22666,180,4.9679,16.2824,-79.12,-79.12
22677,180,14.6467,16.2824,-79.12,-79.12
22677,180,14.6467,16.2824,-79.12,-79.12
22677,180,14.6467,16.5982,-79.12,-79.12
22677,180,14.6467,16.5982,-79.12,-79.12
22688,180,6.5096,16.5982,-79.12,-79.12
22688,180,6.5096,16.5982,-79.12,-79.12
22689,180,6.5096,16.6840,-79.12,-79.12
22689,180,6.5096,16.6840,-79.12,-79.12
22699,180,-7.8801,16.6840,-79.12,-79.12
22699,180,-7.8801,16.6840,-79.12,-79.12
22701,180,-7.8801,16.8419,-79.12,-79.12
22701,180,-7.8801,16.8419,-79.12,-79.12
22710,180,-3.9400,16.8419,-79.12,-79.12
22710,180,-3.9400,16.8419,-79.12,-79.12
22713,180,-3.9400,16.7110,-79.12,-79.12
22713,180,-3.9400,16.7110,-79.12,-79.12
22721,180,0.2570,16.7110,-79.12,-79.12
22721,180,0.2570,16.7110,-79.12,-79.12
22725,180,0.2570,16.5667,-79.12,-79.12
22725,180,0.2570,16.5667,-79.12,-79.12
22732,180,3.7687,16.5667,-79.12,-79.12
22732,180,3.7687,16.5667,-79.12,-79.12
22737,180,3.7687,16.7020,-79.12,-79.12
22737,180,3.7687,16.7020,-79.12,-79.12
22743,180,-6.1670,16.7020,-79.12,-79.12
22743,180,-6.1670,16.7020,-79.12,-79.12
22748,180,-6.1670,16.6659,-79.12,-79.12
22748,180,-6.1670,16.6659,-79.12,-79.12
22754,180,3.1692,16.6659,-79.12,-77.68
22754,180,3.1692,16.6659,-79.12,-79.12
22760,180,3.1692,16.4674,-79.12,-79.12
22760,180,3.1692,16.4674,-79.12,-79.12
22765,180,-6.2527,16.4674,-79.12,-79.12
22765,180,-6.2527,16.4674,-79.12,-79.12
22772,180,-6.2527,16.3546,-79.12,-79.12
22772,180,-6.2527,16.3546,-79.12,-79.12
22776,180,-1.8844,16.3546,-79.12,-79.12
22776,180,-1.8844,16.3546,-79.12,-79.12
22784,180,-1.8844,16.3140,-79.12,-79.12
22784,180,-1.8844,16.3140,-79.12,-79.12
22787,180,-4.0257,16.3140,-79.12,-79.12
22787,180,-4.0257,16.3140,-79.12,-79.12
22796,180,-4.0257,16.4494,-79.12,-79.12
22796,180,-4.0257,16.4494,-79.12,-79.12
22798,180,0.6852,16.4494,-77.68,-79.12
22798,180,0.6852,16.4494,-79.12,-79.12
22807,180,0.6852,16.7652,-79.12,-79.12
22808,180,0.6852,16.7652,-79.12,-79.12
22808,180,-0.5139,16.7652,-79.12,-79.12
22809,180,-0.5139,16.7652,-79.12,-79.12
22819,180,-0.5139,17.1126,-79.12,-77.68
22819,180,-0.5139,17.1126,-79.12,-79.12
22819,180,-2.5696,17.1126,-79.12,-79.12
22820,180,-2.5696,17.1126,-79.12,-79.12
22830,180,-3.6831,17.1126,-79.12,-79.12
22831,180,-3.6831,17.1126,-79.12,-79.12
22831,180,-3.6831,17.0043,-79.12,-79.12
22831,180,-3.6831,17.0043,-79.12,-79.12
22841,180,-4.5396,17.0043,-79.12,-77.68
22841,180,-4.5396,17.0043,-79.12,-79.12
22843,180,-4.5396,16.5441,-79.12,-79.12
22843,180,-4.5396,16.5441,-79.12,-79.12
22852,180,5.3105,16.5441,-79.12,-77.68
22852,180,5.3105,16.5441,-79.12,-79.12
22855,180,5.3105,16.3952,-79.12,-79.12
22855,180,5.3105,16.3952,-79.12,-79.12
22863,180,9.3362,16.3952,-79.12,-79.12
22863,180,9.3362,16.3952,-79.12,-77.68
22867,180,9.3362,16.5261,-79.12,-77.68
22867,180,9.3362,16.5261,-79.12,-79.12
22874,180,307.0664,16.5261,-79.12,-79.12
22874,180,307.0664,16.5261,-79.12,-79.12
22878,180,307.0664,16.8328,-79.12,-79.12
22879,180,307.0664,16.8328,-79.12,-79.12
22885,180,527.4518,16.8328,-79.12,-77.68
22885,180,527.4518,16.8328,-79.12,-79.12
22890,180,527.4518,16.7291,-79.12,-79.12
22890,180,527.4518,16.7291,-79.12,-79.12
22896,180,384.7538,16.7291,-79.12,-79.12
22896,180,384.7538,16.7291,-79.12,-79.12
22902,180,384.7538,16.5531,-79.12,-79.12
22902,180,384.7538,16.5531,-79.12,-79.12
22907,180,277.3448,16.5531,-79.12,-79.12
22907,180,277.3448,16.5531,-79.12,-79.12
22914,180,277.3448,16.6434,-79.12,-79.12
22914,180,277.3448,16.6434,-79.12,-79.12
22918,180,168.8223,16.6434,-79.12,-79.12
22918,180,168.8223,16.6434,-79.12,-79.12
22926,180,168.8223,16.6208,-79.12,-77.68
22926,180,168.8223,16.6208,-79.12,-79.12
22929,180,106.7238,16.6208,-79.12,-79.12
22929,180,106.7238,16.6208,-79.12,-79.12
22938,180,106.7238,16.6930,-79.12,-79.12
22938,180,106.7238,16.6930,-79.12,-79.12
22940,180,67.9229,16.6930,-79.12,-79.12
22940,180,67.9229,16.6930,-79.12,-79.12
22949,180,67.9229,16.6795,-79.12,-79.12
22949,180,67.9229,16.6795,-79.12,-79.12
22951,180,19.4433,16.6795,-79.12,-79.12
22951,180,19.4433,16.6795,-79.12,-79.12
22961,180,19.4433,16.5847,-79.12,-77.68
22961,180,19.4433,16.5847,-79.12,-79.12
22962,180,-1.1991,16.5847,-79.12,-79.12
22962,180,-1.1991,16.5847,-79.12,-79.12
22973,180,-1.1991,16.5441,-79.12,-79.12
22973,180,18.3298,16.5441,-79.12,-79.12
22973,180,18.3298,16.5441,-79.12,-79.12
22984,180,-3.8544,16.5441,-79.12,-79.12
22984,180,-3.8544,16.5441,-79.12,-79.12
22985,180,-3.8544,16.2869,-79.12,-79.12
22985,180,-3.8544,16.2869,-79.12,-79.12
22995,180,-3.6831,16.2869,-79.12,-79.12
22995,180,-3.6831,16.2869,-79.12,-79.12
22997,180,-3.6831,16.0117,-79.12,-79.12
22997,180,-3.6831,16.0117,-79.12,-79.12
23006,180,0.5139,16.0117,-79.12,-79.12
23006,180,0.5139,16.0117,-79.12,-79.12
23009,180,0.5139,16.1832,-79.12,-79.12
23009,180,0.5139,16.1832,-79.12,-79.12
23017,180,17.1306,16.1832,-79.12,-79.12
23017,180,17.1306,16.1832,-79.12,-79.12
23020,180,17.1306,16.3050,-79.12,-79.12
23020,180,17.1306,16.3050,-79.12,-79.12
23028,180,7.5375,16.3050,-79.12,-79.12
23028,180,7.5375,16.3050,-79.12,-79.12
23032,180,7.5375,16.3817,-79.12,-79.12
23032,180,7.5375,16.3817,-79.12,-79.12
23039,180,-2.4839,16.3817,-79.12,-79.12
23039,180,-2.4839,16.3817,-79.12,-79.12
23044,180,-2.4839,16.4674,-79.12,-79.12
23044,180,-2.4839,16.4674,-79.12,-79.12
23050,180,-1.4561,16.4674,-79.12,-79.12
23050,180,-1.4561,16.4674,-79.12,-79.12
23056,180,-1.4561,16.4584,-79.12,-79.12
23056,180,-1.4561,16.4584,-79.12,-79.12
23061,180,-1.3704,16.4584,-79.12,-79.12
23061,180,-1.3704,16.4584,-79.12,-77.68
23068,180,-1.3704,16.6434,-79.12,-79.12
23068,180,-1.3704,16.6434,-79.12,-79.12
23072,180,7.2805,16.6434,-79.12,-79.12
23072,180,7.2805,16.6434,-79.12,-79.12
23080,180,7.2805,16.5486,-79.12,-79.12
23080,180,7.2805,16.5486,-79.12,-79.12
23083,180,4.4540,16.5486,-79.12,-79.12
23083,180,4.4540,16.5486,-79.12,-79.12
23091,180,4.4540,16.6795,-79.12,-79.12
23091,180,4.4540,16.6795,-79.12,-79.12
23094,180,14.1328,16.6795,-79.12,-79.12
23094,180,14.1328,16.6795,-79.12,-79.12
23103,180,14.1328,16.4629,-79.12,-79.12
23103,180,14.1328,16.4629,-79.12,-79.12
23105,180,-2.7409,16.4629,-79.12,-79.12
23105,180,-2.7409,16.4629,-79.12,-79.12
23115,180,-2.7409,16.6569,-79.12,-79.12
23115,180,-2.7409,16.6569,-77.68,-79.12
23116,180,-0.3426,16.6569,-79.12,-79.12
23116,180,-0.3426,16.6569,-79.12,-79.12
23127,180,-7.0236,16.6569,-79.12,-79.12
23127,180,-7.0236,16.6569,-79.12,-79.12
23127,180,-7.0236,16.8328,-79.12,-79.12
23127,180,-7.0236,16.8328,-79.12,-79.12
23138,180,2.2270,16.8328,-79.12,-79.12
23138,180,2.2270,16.8328,-79.12,-77.68
23139,180,2.2270,16.4088,-79.12,-79.12
23139,180,2.2270,16.4088,-79.12,-79.12
23149,180,0.5139,16.4088,-79.12,-79.12
23149,180,0.5139,16.4088,-79.12,-79.12
23150,180,0.5139,16.2418,-79.12,-79.12
23151,180,0.5139,16.2418,-79.12,-79.12
23160,180,-2.5696,16.2418,-79.12,-79.12
23160,180,-2.5696,16.2418,-79.12,-79.12
23162,180,-2.5696,15.9892,-79.12,-79.12
23162,180,-2.5696,15.9892,-79.12,-77.68
23171,180,3.9400,15.9892,-79.12,-79.12
23171,180,3.9400,15.9892,-79.12,-79.12
23174,180,3.9400,16.3005,-79.12,-79.12
23174,180,3.9400,16.3005,-79.12,-79.12
23182,180,0.1713,16.3005,-79.12,-79.12
23182,180,0.1713,16.3005,-79.12,-79.12
23186,180,0.1713,16.6073,-79.12,-79.12
23186,180,0.1713,16.6073,-79.12,-79.12
23193,180,7.2805,16.6073,-79.12,-79.12
23193,180,7.2805,16.6073,-79.12,-79.12
23198,180,7.2805,16.6975,-79.12,-79.12
23198,180,7.2805,16.6975,-79.12,-79.12
23203,180,-3.3405,16.6975,-79.12,-79.12
23204,180,-3.3405,16.6975,-79.12,-79.12
23210,180,-3.3405,16.5125,-79.12,-77.68
23210,180,-3.3405,16.5125,-79.12,-79.12
23214,180,-1.4561,16.5125,-79.12,-79.12
23215,180,-1.4561,16.5125,-79.12,-79.12
23221,180,-1.4561,16.5215,-79.12,-79.12
23222,180,-1.4561,16.5215,-79.12,-77.68
23225,180,-3.5974,16.5215,-79.12,-79.12
23226,180,-3.5974,16.5215,-79.12,-77.68
23233,180,-3.5974,16.5757,-79.12,-79.12
23233,180,-3.5974,16.5757,-77.68,-79.12
23236,180,-1.8844,16.5757,-79.12,-79.12
23236,180,-1.8844,16.5757,-79.12,-77.68
23245,180,-1.8844,16.4584,-79.12,-79.12
23245,180,-1.8844,16.4584,-79.12,-79.12
23247,180,-2.9122,16.4584,-79.12,-79.12
23247,180,-2.9122,16.4584,-79.12,-79.12
23257,180,-2.9122,16.1516,-79.12,-79.12
23257,180,-2.9122,16.1516,-79.12,-79.12
23258,180,-2.4839,16.1516,-79.12,-79.12
23258,180,-2.4839,16.1516,-79.12,-79.12
23269,180,-2.4839,16.2824,-79.12,-79.12
23269,180,-2.4839,16.2824,-79.12,-79.12
23269,180,0.7709,16.2824,-79.12,-79.12
23269,180,0.7709,16.2824,-79.12,-79.12
23280,180,-1.6274,16.2824,-79.12,-79.12
23280,180,-1.6274,16.2824,-79.12,-79.12
23281,180,-1.6274,15.9847,-79.12,-79.12
23281,180,-1.6274,15.9847,-79.12,-79.12
23291,180,2.6552,15.9847,-79.12,-79.12
23291,180,2.6552,15.9847,-79.12,-79.12
23292,180,2.6552,15.8854,-79.12,-79.12
23292,180,2.6552,15.8854,-79.12,-79.12
23302,180,-1.3704,15.8854,-79.12,-79.12
23302,180,-1.3704,15.8854,-79.12,-79.12
23304,180,-1.3704,16.2508,-79.12,-79.12
23304,180,-1.3704,16.2508,-79.12,-79.12
23313,180,5.0535,16.2508,-79.12,-79.12
23313,180,5.0535,16.2508,-79.12,-79.12
23316,180,5.0535,16.4719,-79.12,-79.12
23316,180,5.0535,16.4719,-79.12,-79.12
23324,180,1.5418,16.4719,-79.12,-79.12
23324,180,1.5418,16.4719,-79.12,-79.12
23328,180,1.5418,16.6298,-79.12,-79.12
23328,180,1.5418,16.6298,-79.12,-79.12
23335,180,120.1713,16.6298,-79.12,-79.12
23335,180,120.1713,16.6298,-79.12,-79.12
23340,180,120.1713,16.6208,-79.12,-79.12
23340,180,120.1713,16.6208,-79.12,-79.12
23346,180,71.5203,16.6208,-79.12,-77.68
23346,180,71.5203,16.6208,-79.12,-79.12
23352,180,71.5203,16.2734,-79.12,-79.12
23352,180,71.5203,16.2734,-79.12,-79.12
23357,180,25.6103,16.2734,-79.12,-79.12
23357,180,25.6103,16.2734,-79.12,-79.12
23363,180,25.6103,15.8087,-79.12,-79.12
23363,180,25.6103,15.8087,-79.12,-79.12
23368,180,7.1092,15.8087,-79.12,-79.12
23368,180,7.1092,15.8087,-79.12,-79.12
23375,180,7.1092,15.9125,-79.12,-79.12
23375,180,7.1092,15.9125,-79.12,-79.12
23379,180,4.5396,15.9125,-79.12,-79.12
23379,180,4.5396,15.9125,-79.12,-79.12
23387,180,4.5396,15.6869,-79.12,-79.12
23387,180,4.5396,15.6869,-79.12,-79.12
23390,180,60.2141,15.6869,-77.68,-79.12
23390,180,60.2141,15.6869,-79.12,-79.12
23399,180,60.2141,15.7546,-79.12,-79.12
23399,180,60.2141,15.7546,-79.12,-79.12
23401,180,138.2441,15.7546,-79.12,-79.12
23401,180,138.2441,15.7546,-79.12,-79.12
23411,180,138.2441,16.6434,-79.12,-79.12
23411,180,138.2441,16.6434,-79.12,-79.12
23412,180,112.8908,16.6434,-79.12,-79.12
23412,180,112.8908,16.6434,-79.12,-79.12
23423,180,112.8908,17.0494,-79.12,-79.12
23423,180,112.8908,17.0494,-79.12,-79.12
23423,180,112.4625,17.0494,-79.12,-79.12
23423,180,112.4625,17.0494,-79.12,-79.12
23434,180,94.1328,17.0494,-79.12,-79.12
23434,180,94.1328,17.0494,-79.12,-79.12
23434,180,94.1328,16.8283,-79.12,-79.12
23434,180,94.1328,16.8283,-79.12,-79.12
23445,180,52.4197,16.8283,-79.12,-79.12
23445,180,52.4197,16.8283,-79.12,-79.12
23446,180,52.4197,16.3546,-79.12,-79.12
23446,180,52.4197,16.3546,-79.12,-79.12
23456,180,35.8030,16.3546,-79.12,-79.12
23456,180,35.8030,16.3546,-79.12,-79.12
23458,180,35.8030,16.2463,-79.12,-79.12
23458,180,35.8030,16.2463,-79.12,-79.12
23467,180,3.8544,16.2463,-79.12,-79.12
23467,180,3.8544,16.2463,-79.12,-79.12
23470,180,3.8544,16.3050,-79.12,-79.12
23470,180,3.8544,16.3050,-79.12,-79.12
23478,180,-2.2270,16.3050,-77.68,-79.12
23478,180,-2.2270,16.3050,-79.12,-79.12
23482,180,-2.2270,16.3005,-79.12,-79.12
23482,180,-2.2270,16.3005,-79.12,-79.12
23489,180,36.4026,16.3005,-79.12,-79.12
23489,180,36.4026,16.3005,-79.12,-79.12
23494,180,36.4026,16.0614,-79.12,-79.12
23494,180,36.4026,16.0614,-79.12,-79.12
23500,180,116.4026,16.0614,-79.12,-79.12
23500,180,116.4026,16.0614,-79.12,-79.12
23505,180,116.4026,16.3005,-79.12,-77.68
23505,180,116.4026,16.3005,-79.12,-79.12
23511,180,118.9722,16.3005,-79.12,-79.12
23511,180,118.9722,16.3005,-79.12,-79.12
23517,180,118.9722,16.4584,-79.12,-79.12
23517,180,118.9722,16.4584,-79.12,-79.12
23522,180,92.6767,16.4584,-79.12,-79.12
23522,180,92.6767,16.4584,-79.12,-79.12
23529,180,92.6767,16.1471,-79.12,-79.12
23529,180,92.6767,16.1471,-79.12,-79.12
23533,180,50.1927,16.1471,-79.12,-79.12
23533,180,50.1927,16.1471,-79.12,-79.12
23541,180,50.1927,16.3275,-79.12,-79.12
23541,180,50.1927,16.3275,-79.12,-79.12
23544,180,3.6831,16.3275,-79.12,-79.12
23544,180,3.6831,16.3275,-79.12,-79.12
23553,180,3.6831,15.9982,-79.12,-79.12
23553,180,3.6831,15.9982,-79.12,-79.12
23555,180,3.9400,15.9982,-79.12,-79.12
23555,180,3.9400,15.9982,-79.12,-79.12
23565,180,3.9400,15.9711,-79.12,-79.12
23565,180,3.9400,15.9711,-79.12,-79.12
23566,180,2.6552,15.9711,-79.12,-79.12
23566,180,2.6552,15.9711,-79.12,-79.12
23576,180,2.6552,16.0343,-79.12,-79.12
23576,180,2.6552,16.0343,-79.12,-79.12
23577,180,56.1028,16.0343,-79.12,-79.12
23577,180,56.1028,16.0343,-79.12,-79.12
23587,180,103.6403,16.0343,-79.12,-79.12
23588,180,103.6403,16.0343,-79.12,-79.12
23588,180,103.6403,16.0298,-79.12,-79.12
23588,180,103.6403,16.0298,-79.12,-79.12
23598,180,99.1006,16.0298,-79.12,-79.12
23599,180,99.1006,16.0298,-79.12,-79.12
23600,180,99.1006,16.1200,-79.12,-79.12
23600,180,99.1006,16.1200,-79.12,-79.12
23609,180,90.6210,16.1200,-79.12,-79.12
23610,180,90.6210,16.1200,-79.12,-79.12
23612,180,90.6210,16.2689,-79.12,-79.12
23612,180,90.6210,16.2689,-79.12,-79.12
23620,180,43.2548,16.2689,-79.12,-79.12
23620,180,43.2548,16.2689,-79.12,-79.12
23624,180,43.2548,16.3050,-79.12,-79.12
23624,180,43.2548,16.3050,-79.12,-79.12
23631,180,13.2762,16.3050,-79.12,-79.12
23631,180,13.2762,16.3050,-79.12,-79.12
23635,180,13.2762,16.4133,-79.12,-79.12
23636,180,13.2762,16.4133,-79.12,-79.12
23642,180,18.3298,16.4133,-79.12,-79.12
23642,180,18.3298,16.4133,-79.12,-79.12
23647,180,18.3298,16.3546,-79.12,-79.12
23647,180,18.3298,16.3546,-79.12,-79.12
23653,180,118.4582,16.3546,-79.12,-77.68
23653,180,118.4582,16.3546,-79.12,-79.12
23659,180,118.4582,16.2193,-79.12,-79.12
23659,180,118.4582,16.2193,-79.12,-79.12
23664,180,126.8522,16.2193,-79.12,-79.12
23664,180,126.8522,16.2193,-79.12,-79.12
23671,180,126.8522,16.2599,-79.12,-79.12
23671,180,126.8522,16.2599,-79.12,-79.12
23675,180,111.3490,16.2599,-79.12,-79.12
23675,180,111.3490,16.2599,-79.12,-79.12
23683,180,111.3490,16.3772,-79.12,-79.12
23683,180,111.3490,16.3772,-79.12,-79.12
23686,180,68.4368,16.3772,-79.12,-79.12
23686,180,68.4368,16.3772,-79.12,-79.12
23695,180,68.4368,16.7742,-79.12,-79.12
23695,180,68.4368,16.7742,-79.12,-79.12
23697,180,24.8394,16.7742,-79.12,-77.68
23697,180,24.8394,16.7742,-79.12,-79.12
23706,180,24.8394,16.7426,-79.12,-79.12
23707,180,24.8394,16.7426,-79.12,-79.12
23708,180,0.4283,16.7426,-79.12,-79.12
23708,180,0.4283,16.7426,-79.12,-79.12
23718,180,0.4283,16.0523,-79.12,-79.12
23718,180,0.4283,16.0523,-79.12,-79.12
23719,180,7.9657,16.0523,-79.12,-79.12
23719,180,7.9657,16.0523,-79.12,-79.12
23730,180,62.3555,15.7185,-79.12,-79.12
23730,180,62.3555,15.7185,-79.12,-79.12
23741,180,122.2270,15.7185,-79.12,-79.12
23741,180,122.2270,15.7185,-79.12,-79.12
23742,180,122.2270,16.0839,-79.12,-77.68
23742,180,122.2270,16.0839,-79.12,-79.12
23752,180,141.9272,16.0839,-79.12,-79.12
23752,180,141.9272,16.0839,-79.12,-79.12
23754,180,141.9272,15.9035,-79.12,-79.12
23754,180,141.9272,15.9035,-79.12,-79.12
23763,180,104.7537,15.9035,-79.12,-79.12
23763,180,104.7537,15.9035,-79.12,-79.12
23766,180,104.7537,16.1110,-79.12,-79.12
23766,180,104.7537,16.1110,-79.12,-79.12
23774,180,65.7816,16.1110,-79.12,-79.12
23774,180,65.7816,16.1110,-79.12,-79.12
23777,180,65.7816,16.5170,-79.12,-79.12
23777,180,65.7816,16.5170,-79.12,-79.12
23785,180,26.2955,16.5170,-79.12,-79.12
23785,180,26.2955,16.5170,-79.12,-79.12
23789,180,26.2955,16.6569,-79.12,-79.12
23789,180,26.2955,16.6569,-79.12,-77.68
23796,180,99.3576,16.6569,-79.12,-79.12
23796,180,99.3576,16.6569,-79.12,-79.12
23801,180,99.3576,16.4900,-79.12,-77.68
23801,180,99.3576,16.4900,-79.12,-79.12
23807,180,181.4989,16.4900,-79.12,-77.68
23807,180,181.4989,16.4900,-79.12,-79.12
23813,180,181.4989,16.3501,-79.12,-79.12
23813,180,181.4989,16.3501,-79.12,-79.12
23818,180,180.8994,16.3501,-79.12,-79.12
23818,180,180.8994,16.3501,-79.12,-79.12
23825,180,180.8994,16.4042,-79.12,-79.12
23825,180,180.8994,16.4042,-77.68,-79.12
23829,180,159.8287,16.4042,-79.12,-79.12
23829,180,159.8287,16.4042,-79.12,-79.12
23837,180,159.8287,16.4900,-79.12,-79.12
23837,180,159.8287,16.4900,-79.12,-79.12
23840,180,111.1777,16.4900,-79.12,-77.68
23840,180,111.1777,16.4900,-79.12,-79.12
23848,180,111.1777,16.2283,-79.12,-79.12
23848,180,111.1777,16.2283,-79.12,-79.12
23851,180,53.9615,16.2283,-79.12,-79.12
23851,180,53.9615,16.2283,-79.12,-79.12
23860,180,53.9615,16.1741,-79.12,-79.12
23860,180,53.9615,16.1741,-79.12,-79.12
23862,180,8.5653,16.1741,-79.12,-79.12
23862,180,8.5653,16.1741,-79.12,-79.12
23872,180,8.5653,16.3952,-79.12,-79.12
23872,180,8.5653,16.3952,-79.12,-79.12
23873,180,22.3555,16.3952,-79.12,-79.12
23873,180,22.3555,16.3952,-79.12,-79.12
23884,180,111.5203,16.3952,-79.12,-79.12
23884,180,111.5203,16.3952,-79.12,-79.12
23884,180,111.5203,16.7155,-79.12,-79.12
23884,180,111.5203,16.7155,-77.68,-79.12
23895,180,175.5032,16.7155,-79.12,-79.12
23895,180,175.5032,16.7155,-79.12,-79.12
23896,180,175.5032,16.6704,-79.12,-77.68
23896,180,175.5032,16.6704,-79.12,-79.12
23906,180,166.0814,16.6704,-79.12,-77.68
23906,180,166.0814,16.6704,-79.12,-79.12
23908,180,166.0814,16.2012,-79.12,-79.12
23908,180,166.0814,16.2012,-79.12,-77.68
23917,180,116.8308,16.2012,-79.12,-79.12
23917,180,116.8308,16.2012,-79.12,-79.12
23919,180,116.8308,16.0839,-79.12,-79.12
23919,180,116.8308,16.0839,-79.12,-79.12
23928,180,49.5075,16.0839,-79.12,-79.12
23928,180,49.5075,16.0839,-79.12,-79.12
23931,180,49.5075,16.2102,-79.12,-79.12
23931,180,49.5075,16.2102,-79.12,-79.12
23939,180,10.1071,16.2102,-79.12,-79.12
23939,180,10.1071,16.2102,-79.12,-79.12
23943,180,10.1071,16.3230,-79.12,-79.12
23943,180,10.1071,16.3230,-79.12,-77.68
23950,180,76.2313,16.3230,-79.12,-77.68
23950,180,76.2313,16.3230,-79.12,-79.12
23955,180,76.2313,16.2554,-79.12,-79.12
23955,180,76.2313,16.2554,-79.12,-79.12
23961,180,162.9979,16.2554,-79.12,-79.12
23961,180,162.9979,16.2554,-79.12,-79.12
23967,180,162.9979,15.9531,-79.12,-79.12
23967,180,162.9979,15.9531,-79.12,-79.12
23972,180,202.0557,15.9531,-79.12,-79.12
23972,180,202.0557,15.9531,-79.12,-79.12
23979,180,202.0557,15.7726,-79.12,-79.12
23979,180,202.0557,15.7726,-79.12,-79.12
23982,180,180.4711,15.7726,-79.12,-79.12
23983,180,180.4711,15.7726,-79.12,-79.12
23990,180,180.4711,15.6734,-79.12,-79.12
23990,180,180.4711,15.6734,-79.12,-79.12
23993,180,139.1006,15.6734,-79.12,-79.12
23994,180,139.1006,15.6734,-79.12,-79.12
24002,180,139.1006,15.7410,-79.12,-79.12
24002,180,139.1006,15.7410,-79.12,-79.12
24004,180,80.2570,15.7410,-79.12,-79.12
24005,180,80.2570,15.7410,-79.12,-79.12
24014,180,80.2570,15.8809,-79.12,-79.12
24014,180,80.2570,15.8809,-79.12,-79.12
24015,180,49.5931,15.8809,-79.12,-79.12
24015,180,49.5931,15.8809,-79.12,-79.12
24026,180,49.5931,15.9215,-79.12,-79.12
24026,180,49.5931,15.9215,-77.68,-79.12
24026,180,20.6424,15.9215,-79.12,-79.12
24026,180,20.6424,15.9215,-79.12,-79.12
24037,180,66.1242,15.9215,-79.12,-79.12
24037,180,66.1242,15.9215,-77.68,-79.12
24038,180,66.1242,16.5080,-79.12,-79.12
24038,180,66.1242,16.5080,-79.12,-79.12
24048,180,99.8715,16.5080,-79.12,-79.12
24048,180,99.8715,16.5080,-79.12,-79.12
24049,180,99.8715,16.6479,-79.12,-79.12
24050,180,99.8715,16.6479,-77.68,-79.12
24059,180,79.5717,16.6479,-79.12,-79.12
24059,180,79.5717,16.6479,-79.12,-79.12
24061,180,79.5717,16.1200,-79.12,-79.12
24061,180,79.5717,16.1200,-77.68,-79.12
24070,180,43.5974,16.1200,-79.12,-79.12
24070,180,43.5974,16.1200,-79.12,-79.12
24073,180,43.5974,16.1335,-79.12,-79.12
24073,180,43.5974,16.1335,-79.12,-79.12
24081,180,1.1135,16.1335,-79.12,-79.12
24081,180,1.1135,16.1335,-79.12,-79.12
24085,180,1.1135,16.0298,-79.12,-79.12
24085,180,1.1135,16.0298,-79.12,-79.12
24092,180,8.1370,16.0298,-79.12,-79.12
24092,180,8.1370,16.0298,-79.12,-79.12
24097,180,8.1370,16.0343,-79.12,-79.12
24097,180,8.1370,16.0343,-79.12,-79.12
24103,180,5.9101,16.0343,-79.12,-79.12
24103,180,5.9101,16.0343,-77.68,-79.12
24109,180,5.9101,16.2689,-79.12,-79.12
24109,180,5.9101,16.2689,-79.12,-77.68
24114,180,4.6253,16.2689,-79.12,-79.12
24114,180,4.6253,16.2689,-79.12,-79.12
24120,180,4.6253,16.2373,-79.12,-79.12
24121,180,4.6253,16.2373,-79.12,-79.12
24125,180,-9.3362,16.2373,-79.12,-79.12
24125,180,-9.3362,16.2373,-79.12,-79.12
24132,180,-9.3362,16.5576,-79.12,-79.12
24132,180,-9.3362,16.5576,-79.12,-79.12
24136,180,3.0835,16.5576,-79.12,-79.12
24136,180,3.0835,16.5576,-79.12,-79.12
24144,180,3.0835,16.4900,-79.12,-79.12
24144,180,3.0835,16.4900,-79.12,-79.12
24147,180,-0.0857,16.4900,-79.12,-79.12
24147,180,-0.0857,16.4900,-79.12,-79.12
24156,180,-0.0857,15.7140,-79.12,-79.12
24156,180,-0.0857,15.7140,-79.12,-79.12
24158,180,6.1670,15.7140,-79.12,-79.12
24158,180,6.1670,15.7140,-79.12,-79.12
24168,180,6.1670,15.8944,-79.12,-79.12
24168,180,6.1670,15.8944,-79.12,-79.12
24169,180,5.2248,15.8944,-79.12,-79.12
24169,180,5.2248,15.8944,-79.12,-77.68
24180,180,5.2248,16.1606,-79.12,-79.12
24180,180,5.2248,16.1606,-79.12,-79.12
24180,180,-5.0535,16.1606,-79.12,-79.12
24180,180,-5.0535,16.1606,-79.12,-79.12
24191,180,2.5696,16.1606,-79.12,-79.12
24191,180,2.5696,16.1606,-79.12,-79.12
24191,180,2.5696,16.1155,-79.12,-79.12
24191,180,2.5696,16.1155,-79.12,-79.12
24202,180,3.4261,16.1155,-79.12,-79.12
24202,180,3.4261,16.1155,-79.12,-79.12
24203,180,3.4261,16.0659,-79.12,-79.12
24203,180,3.4261,16.0659,-79.12,-79.12
24213,180,9.5075,16.0659,-79.12,-79.12
24213,180,9.5075,16.0659,-79.12,-77.68
24215,180,9.5075,15.6463,-79.12,-79.12
24215,180,9.5075,15.6463,-79.12,-79.12
24224,180,4.3683,15.6463,-79.12,-79.12
24224,180,4.3683,15.6463,-79.12,-79.12
24227,180,4.3683,15.9170,-79.12,-79.12
24227,180,4.3683,15.9170,-79.12,-79.12
24235,180,2.8266,15.9170,-79.12,-79.12
24235,180,2.8266,15.9170,-79.12,-79.12
24239,180,2.8266,16.4042,-79.12,-79.12
24239,180,2.8266,16.4042,-79.12,-79.12
24246,180,-5.9101,16.4042,-79.12,-79.12
24246,180,-5.9101,16.4042,-79.12,-79.12
24251,180,-5.9101,16.4719,-79.12,-79.12
24251,180,-5.9101,16.4719,-79.12,-79.12
24257,180,2.9979,16.4719,-79.12,-79.12
24257,180,2.9979,16.4719,-79.12,-79.12
24262,180,2.9979,16.2960,-79.12,-79.12
24262,180,2.9979,16.2960,-79.12,-77.68
24268,180,3.5974,16.2960,-77.68,-79.12
24268,180,3.5974,16.2960,-79.12,-79.12
24274,180,3.5974,16.2960,-79.12,-79.12
24274,180,3.5974,16.2960,-79.12,-79.12
24279,180,5.9101,16.2960,-79.12,-79.12
24279,180,5.9101,16.2960,-79.12,-79.12
24286,180,5.9101,16.3681,-79.12,-79.12
24286,180,5.9101,16.3681,-79.12,-79.12
24290,180,-0.4283,16.3681,-79.12,-79.12
24290,180,-0.4283,16.3681,-79.12,-79.12
24298,180,-0.4283,16.5712,-79.12,-79.12
24298,180,-0.4283,16.5712,-79.12,-79.12
24301,180,-1.1991,16.5712,-79.12,-79.12
24301,180,-1.1991,16.5712,-79.12,-79.12
24310,180,-1.1991,16.5125,-79.12,-79.12
24310,180,-1.1991,16.5125,-79.12,-79.12
24312,180,6.8522,16.5125,-79.12,-79.12
24312,180,6.8522,16.5125,-79.12,-79.12
24322,180,6.8522,16.2373,-79.12,-79.12
24322,180,6.8522,16.2373,-79.12,-79.12
24323,180,-5.9101,16.2373,-79.12,-79.12
24323,180,-5.9101,16.2373,-79.12,-79.12
24333,180,-5.9101,16.2960,-79.12,-79.12
24333,180,-5.9101,16.2960,-79.12,-79.12
24334,180,-5.2248,16.2960,-79.12,-79.12
24334,180,-5.2248,16.2960,-79.12,-79.12
24345,180,-6.1670,16.2960,-79.12,-79.12
24345,180,-6.1670,16.2960,-79.12,-79.12
24345,180,-6.1670,15.7410,-79.12,-79.12
24345,180,-6.1670,15.7410,-79.12,-79.12
24356,180,-2.1413,15.7410,-79.12,-79.12
24356,180,-2.1413,15.7410,-79.12,-79.12
24357,180,-2.1413,15.9666,-79.12,-79.12
24357,180,-2.1413,15.9666,-79.12,-79.12
24366,180,-4.1970,15.9666,-79.12,-79.12
24367,180,-4.1970,15.9666,-79.12,-79.12
24369,180,-4.1970,16.3230,-79.12,-79.12
24369,180,-4.1970,16.3230,-79.12,-79.12
24377,180,6.3383,16.3230,-79.12,-79.12
24378,180,6.3383,16.3230,-79.12,-79.12
24381,180,6.3383,16.1877,-79.12,-79.12
24381,180,6.3383,16.1877,-79.12,-79.12
24388,180,3.6831,16.1877,-79.12,-79.12
24389,180,3.6831,16.1877,-79.12,-79.12
24393,180,3.6831,16.0343,-79.12,-79.12
24393,180,3.6831,16.0343,-79.12,-79.12
24399,180,1.9700,16.0343,-79.12,-79.12
24399,180,1.9700,16.0343,-79.12,-79.12
24404,180,1.9700,16.2869,-79.12,-79.12
24404,180,1.9700,16.2869,-79.12,-79.12
24410,180,0.7709,16.2869,-79.12,-77.68
24410,180,0.7709,16.2869,-79.12,-79.12
24416,180,0.7709,16.0839,-79.12,-79.12
24416,180,0.7709,16.0839,-79.12,-79.12
24421,180,-8.1370,16.0839,-79.12,-79.12
24421,180,-8.1370,16.0839,-79.12,-79.12
24428,180,-8.1370,16.0072,-79.12,-79.12
24428,180,-8.1370,16.0072,-79.12,-79.12
24432,180,-4.1970,16.0072,-79.12,-79.12
24432,180,-4.1970,16.0072,-79.12,-79.12
24440,180,-4.1970,15.7997,-79.12,-79.12
24440,180,-4.1970,15.7997,-79.12,-79.12
24443,180,-6.2527,15.7997,-79.12,-79.12
24443,180,-6.2527,15.7997,-79.12,-79.12
24452,180,-6.2527,16.0749,-79.12,-79.12
24452,180,-6.2527,16.0749,-79.12,-79.12
24454,180,7.1092,16.0749,-79.12,-79.12
24454,180,7.1092,16.0749,-79.12,-79.12
24463,180,7.1092,15.9756,-79.12,-79.12
24464,180,7.1092,15.9756,-79.12,-79.12
24465,180,0.5139,15.9756,-79.12,-79.12
24465,180,0.5139,15.9756,-79.12,-79.12
24475,180,0.5139,15.6869,-79.12,-79.12
24475,180,0.5139,15.6869,-79.12,-79.12
24476,180,0.6852,15.6869,-79.12,-79.12
24476,180,0.6852,15.6869,-79.12,-79.12
24487,180,0.6852,15.6869,-79.12,-79.12
24487,180,2.9122,15.6869,-79.12,-79.12
24487,180,2.9122,15.6869,-79.12,-79.12
24498,180,4.0257,15.6869,-79.12,-77.68
24498,180,4.0257,15.6869,-79.12,-79.12
24499,180,4.0257,15.9170,-79.12,-79.12
24499,180,4.0257,15.9170,-79.12,-77.68
24509,180,2.3983,15.9170,-79.12,-79.12
24509,180,2.3983,15.9170,-79.12,-79.12
24511,180,2.3983,16.4629,-79.12,-79.12
24511,180,2.3983,16.4629,-79.12,-79.12
24520,180,-0.3426,16.4629,-79.12,-79.12
24520,180,-0.3426,16.4629,-79.12,-79.12
24523,180,-0.3426,16.5306,-79.12,-79.12
24523,180,-0.3426,16.5306,-79.12,-79.12
24531,180,5.9101,16.5306,-79.12,-79.12
24531,180,5.9101,16.5306,-79.12,-79.12
24534,180,5.9101,16.5035,-79.12,-79.12
24535,180,5.9101,16.5035,-79.12,-79.12
24542,180,-7.5375,16.5035,-79.12,-79.12
24542,180,-7.5375,16.5035,-79.12,-79.12
24546,180,-7.5375,16.4268,-79.12,-79.12
24546,180,-7.5375,16.4268,-79.12,-79.12
24553,180,1.7987,16.4268,-79.12,-79.12
24553,180,1.7987,16.4268,-79.12,-77.68
24558,180,1.7987,15.9486,-79.12,-79.12
24558,180,1.7987,15.9486,-79.12,-79.12
24564,180,1.7987,15.9486,-79.12,-79.12
24564,180,1.7987,15.9486,-79.12,-79.12
24570,180,1.7987,15.6959,-79.12,-79.12
24570,180,1.7987,15.6959,-79.12,-79.12
24575,180,10.3640,15.6959,-79.12,-79.12
24575,180,10.3640,15.6959,-79.12,-79.12
24582,180,10.3640,15.9125,-79.12,-79.12
24582,180,10.3640,15.9125,-79.12,-79.12
24586,180,-2.1413,15.9125,-79.12,-79.12
24586,180,-2.1413,15.9125,-79.12,-79.12
24594,180,-2.1413,16.0975,-79.12,-79.12
24594,180,-2.1413,16.0975,-79.12,-79.12
24597,180,0.2570,16.0975,-79.12,-79.12
24597,180,0.2570,16.0975,-79.12,-79.12
24605,180,0.2570,15.8899,-79.12,-79.12
24606,180,0.2570,15.8899,-79.12,-79.12
24608,180,-0.7709,15.8899,-79.12,-79.12
24608,180,-0.7709,15.8899,-79.12,-79.12
24617,180,-0.7709,15.7681,-79.12,-79.12
24617,180,-0.7709,15.7681,-79.12,-79.12
24619,180,4.0257,15.7681,-79.12,-79.12
24619,180,4.0257,15.7681,-79.12,-79.12
24629,180,4.0257,16.3952,-79.12,-79.12
24629,180,4.0257,16.3952,-79.12,-79.12
24630,180,3.1692,16.3952,-79.12,-79.12
24630,180,3.1692,16.3952,-79.12,-79.12
24641,180,0.0857,16.3952,-79.12,-79.12
24641,180,0.0857,16.3952,-79.12,-79.12
24641,180,0.0857,16.5802,-79.12,-79.12
24641,180,0.0857,16.5802,-79.12,-77.68
24652,180,7.0236,16.5802,-79.12,-79.12
24652,180,7.0236,16.5802,-79.12,-79.12
24653,180,7.0236,16.8148,-79.12,-79.12
24653,180,7.0236,16.8148,-79.12,-79.12
24663,180,-7.7944,16.8148,-79.12,-79.12
24663,180,-7.7944,16.8148,-79.12,-79.12
24665,180,-7.7944,17.0539,-79.12,-79.12
24665,180,-7.7944,17.0539,-79.12,-79.12
24674,180,-0.7709,17.0539,-79.12,-79.12
24674,180,-0.7709,17.0539,-79.12,-77.68
24676,180,-0.7709,16.7561,-79.12,-79.12
24676,180,-0.7709,16.7561,-79.12,-79.12
24685,180,-1.5418,16.7561,-79.12,-79.12
24685,180,-1.5418,16.7561,-79.12,-79.12
24688,180,-1.5418,16.1065,-79.12,-79.12
24688,180,-1.5418,16.1065,-79.12,-79.12
24696,180,3.1692,16.1065,-79.12,-79.12
24696,180,3.1692,16.1065,-79.12,-77.68
24700,180,3.1692,15.8628,-79.12,-79.12
24700,180,3.1692,15.8628,-79.12,-79.12
24707,180,-5.0535,15.8628,-79.12,-79.12
24707,180,-5.0535,15.8628,-79.12,-79.12
24712,180,-5.0535,15.8403,-79.12,-79.12
24712,180,-5.0535,15.8403,-79.12,-79.12
24718,180,-1.7987,15.8403,-79.12,-79.12
24718,180,-1.7987,15.8403,-79.12,-79.12
24724,180,-1.7987,16.2057,-79.12,-79.12
24724,180,-1.7987,16.2057,-79.12,-79.12
24729,180,0.0857,16.2057,-79.12,-79.12
24729,180,0.0857,16.2057,-79.12,-79.12
24736,180,0.0857,16.4133,-79.12,-79.12
24736,180,0.0857,16.4133,-79.12,-79.12
24740,180,-0.9422,16.4133,-79.12,-79.12
24740,180,-0.9422,16.4133,-79.12,-79.12
24747,180,-0.9422,16.3907,-79.12,-79.12
24747,180,-0.9422,16.3907,-79.12,-79.12
24751,180,1.7987,16.3907,-79.12,-79.12
24751,180,1.7987,16.3907,-79.12,-79.12
24759,180,1.7987,16.1335,-79.12,-79.12
24759,180,1.7987,16.1335,-79.12,-79.12
24761,180,-7.2805,16.1335,-79.12,-79.12
24762,180,-7.2805,16.1335,-79.12,-79.12
24771,180,-7.2805,16.1832,-79.12,-79.12
24771,180,-7.2805,16.1832,-79.12,-79.12
24772,180,1.0278,16.1832,-79.12,-79.12
24773,180,1.0278,16.1832,-79.12,-79.12
24783,180,1.0278,16.1335,-79.12,-79.12
24783,180,1.0278,16.1335,-79.12,-79.12
24783,180,0.1713,16.1335,-79.12,-79.12
24783,180,0.1713,16.1335,-79.12,-79.12
24794,180,4.9679,16.1335,-79.12,-79.12
24794,180,4.9679,16.1335,-79.12,-79.12
24795,180,4.9679,15.7771,-79.12,-79.12
24795,180,4.9679,15.7771,-79.12,-79.12
24805,180,-3.0835,15.7771,-79.12,-79.12
24805,180,-3.0835,15.7771,-79.12,-79.12
24807,180,-3.0835,15.7726,-79.12,-77.68
24807,180,-3.0835,15.7726,-79.12,-79.12
24816,180,3.2548,15.7726,-79.12,-79.12
24816,180,3.2548,15.7726,-79.12,-79.12
24818,180,3.2548,15.8403,-79.12,-79.12
24818,180,3.2548,15.8403,-79.12,-79.12
24827,180,-4.7966,15.8403,-79.12,-79.12
24827,180,-4.7966,15.8403,-79.12,-79.12
24830,180,-4.7966,15.3936,-79.12,-79.12
24830,180,-4.7966,15.3936,-79.12,-79.12
24838,180,-3.5118,15.3936,-79.12,-79.12
24838,180,-3.5118,15.3936,-79.12,-79.12
24842,180,-3.5118,15.4748,-79.12,-79.12
24842,180,-3.5118,15.4748,-79.12,-79.12
24849,180,1.2848,15.4748,-79.12,-79.12
24849,180,1.2848,15.4748,-79.12,-79.12
24854,180,1.2848,15.9441,-79.12,-79.12
24854,180,1.2848,15.9441,-79.12,-79.12
24860,180,8.9079,15.9441,-79.12,-79.12
24860,180,8.9079,15.9441,-79.12,-79.12
24866,180,8.9079,16.0027,-79.12,-79.12
24866,180,8.9079,16.0027,-77.68,-79.12
24871,180,8.6510,16.0027,-79.12,-79.12
24871,180,8.6510,16.0027,-79.12,-79.12
24878,180,8.6510,15.7997,-79.12,-79.12
24878,180,8.6510,15.7997,-79.12,-79.12
24882,180,-3.7687,15.7997,-79.12,-79.12
24882,180,-3.7687,15.7997,-79.12,-79.12
24889,180,-3.7687,16.1290,-79.12,-79.12
24889,180,-3.7687,16.1290,-79.12,-77.68
24893,180,1.7987,16.1290,-79.12,-79.12
24893,180,1.7987,16.1290,-79.12,-79.12
24901,180,1.7987,16.1110,-79.12,-79.12
24901,180,1.7987,16.1110,-79.12,-79.12
24904,180,-7.0236,16.1110,-79.12,-79.12
24904,180,-7.0236,16.1110,-79.12,-79.12
24913,180,-7.0236,15.7997,-79.12,-79.12
24913,180,-7.0236,15.7997,-79.12,-79.12
24915,180,-4.7966,15.7997,-79.12,-79.12
24915,180,-4.7966,15.7997,-79.12,-79.12
24925,180,-4.7966,16.0433,-79.12,-79.12
24925,180,-4.7966,16.0433,-79.12,-79.12
24926,180,-11.2206,16.0433,-79.12,-79.12
24926,180,-11.2206,16.0433,-79.12,-79.12
24937,180,-11.2206,16.1065,-79.12,-77.68
24937,180,-11.2206,16.1065,-79.12,-79.12
24937,180,-8.5653,16.1065,-77.68,-79.12
24937,180,-8.5653,16.1065,-79.12,-79.12
24948,180,-5.8244,16.1065,-79.12,-79.12
24948,180,-5.8244,16.1065,-79.12,-77.68
24948,180,-5.8244,16.5215,-79.12,-79.12
24949,180,-5.8244,16.5215,-79.12,-79.12
24959,180,-1.3704,16.5215,-79.12,-79.12
24959,180,-1.3704,16.5215,-79.12,-79.12
24960,180,-1.3704,16.3275,-79.12,-79.12
24960,180,-1.3704,16.3275,-79.12,-79.12
24970,180,-0.8565,16.3275,-79.12,-79.12
24970,180,-0.8565,16.3275,-79.12,-79.12
24972,180,-0.8565,16.1110,-79.12,-79.12
24972,180,-0.8565,16.1110,-79.12,-79.12
24981,180,-5.9957,16.1110,-79.12,-79.12
24981,180,-5.9957,16.1110,-79.12,-79.12
24984,180,-5.9957,16.2960,-79.12,-79.12
24984,180,-5.9957,16.2960,-79.12,-79.12
24992,180,3.4261,16.2960,-79.12,-79.12
24992,180,3.4261,16.2960,-79.12,-79.12
24996,180,3.4261,16.3185,-79.12,-79.12
24996,180,3.4261,16.3185,-79.12,-79.12
25003,180,4.0257,16.3185,-79.12,-79.12
25003,180,4.0257,16.3185,-79.12,-79.12
25008,180,4.0257,16.2012,-79.12,-79.12
25008,180,4.0257,16.2012,-79.12,-79.12
25014,180,10.4497,16.2012,-79.12,-79.12
25014,180,10.4497,16.2012,-79.12,-79.12
25019,180,10.4497,16.2508,-79.12,-79.12
25019,180,10.4497,16.2508,-79.12,-79.12
25025,180,-2.3126,16.2508,-79.12,-79.12
25025,180,-2.3126,16.2508,-79.12,-79.12
25031,180,-2.3126,16.1245,-79.12,-79.12
25031,180,-2.3126,16.1245,-79.12,-79.12
25036,180,2.5696,16.1245,-79.12,-77.68
25036,180,2.5696,16.1245,-79.12,-79.12
25043,180,2.5696,15.7636,-79.12,-79.12
25043,180,2.5696,15.7636,-79.12,-79.12
25047,180,-4.7966,15.7636,-79.12,-79.12
25047,180,-4.7966,15.7636,-79.12,-79.12
25055,180,-4.7966,15.7771,-79.12,-77.68
25055,180,-4.7966,15.7771,-79.12,-79.12
25058,180,-6.1670,15.7771,-79.12,-79.12
25058,180,-6.1670,15.7771,-79.12,-77.68
25067,180,-6.1670,15.8403,-79.12,-79.12
25067,180,-6.1670,15.8403,-79.12,-79.12
25069,180,3.5118,15.8403,-79.12,-79.12
25069,180,3.5118,15.8403,-79.12,-79.12
25079,180,3.5118,15.8719,-79.12,-79.12
25079,180,3.5118,15.8719,-79.12,-79.12
25080,180,10.4497,15.8719,-79.12,-79.12
25080,180,10.4497,15.8719,-79.12,-79.12
25090,180,10.4497,15.9576,-79.12,-79.12
25090,180,10.4497,15.9576,-79.12,-79.12
25091,180,6.5096,15.9576,-79.12,-79.12
25091,180,6.5096,15.9576,-79.12,-79.12
25102,180,-1.1135,15.9576,-79.12,-79.12
25102,180,-1.1135,15.9576,-79.12,-79.12
25102,180,-1.1135,15.8313,-79.12,-79.12
25102,180,-1.1135,15.8313,-79.12,-79.12
25113,180,12.0771,15.8313,-79.12,-79.12
25113,180,12.0771,15.8313,-79.12,-79.12
25114,180,12.0771,15.8313,-79.12,-79.12
25114,180,12.0771,15.8313,-79.12,-77.68
25124,180,4.4540,15.8313,-79.12,-79.12
25124,180,4.4540,15.8313,-79.12,-77.68
25126,180,4.4540,16.1200,-79.12,-79.12
25126,180,4.4540,16.1200,-77.68,-79.12
25134,180,3.5974,16.1200,-79.12,-79.12
25135,180,3.5974,16.1200,-79.12,-79.12
25138,180,3.5974,16.2148,-79.12,-79.12
25138,180,3.5974,16.2148,-79.12,-79.12
25145,180,-4.4540,16.2148,-79.12,-79.12
25146,180,-4.4540,16.2148,-79.12,-79.12
25150,180,-4.4540,16.2824,-79.12,-79.12
25150,180,-4.4540,16.2824,-79.12,-79.12
25156,180,-4.1970,16.2824,-79.12,-79.12
25156,180,-4.1970,16.2824,-79.12,-79.12
25161,180,-4.1970,16.1065,-79.12,-79.12
25161,180,-4.1970,16.1065,-79.12,-79.12
25167,180,2.2270,16.1065,-79.12,-79.12
25167,180,2.2270,16.1065,-79.12,-79.12
25173,180,2.2270,15.9711,-79.12,-79.12
25173,180,2.2270,15.9711,-79.12,-77.68
25178,180,5.7388,15.9711,-79.12,-79.12
25178,180,5.7388,15.9711,-79.12,-79.12
25185,180,5.7388,15.5741,-79.12,-79.12
25185,180,5.7388,15.5741,-79.12,-79.12
25189,180,9.0792,15.5741,-79.12,-79.12
25189,180,9.0792,15.5741,-79.12,-77.68
25197,180,9.0792,15.6779,-79.12,-79.12
25197,180,9.0792,15.6779,-79.12,-79.12
25200,180,-0.0857,15.6779,-79.12,-79.12
25200,180,-0.0857,15.6779,-79.12,-79.12
25209,180,-0.0857,16.0614,-79.12,-79.12
25209,180,-0.0857,16.0614,-79.12,-79.12
25211,180,0.8565,16.0614,-79.12,-79.12
25211,180,0.8565,16.0614,-79.12,-79.12
25221,180,0.8565,16.0749,-79.12,-79.12
25221,180,0.8565,16.0749,-79.12,-79.12
25222,180,-5.9957,16.0749,-79.12,-79.12
25222,180,-5.9957,16.0749,-79.12,-79.12
25232,180,-5.9957,16.3546,-79.12,-79.12
25232,180,-5.9957,16.3546,-79.12,-79.12
25233,180,10.3640,16.3546,-79.12,-79.12
25233,180,10.3640,16.3546,-79.12,-79.12
25244,180,-0.5996,16.4945,-79.12,-79.12
25244,180,-0.5996,16.4945,-79.12,-79.12
25255,180,8.0514,16.4945,-79.12,-79.12
25255,180,8.0514,16.4945,-79.12,-79.12
25256,180,8.0514,16.2238,-79.12,-79.12
25256,180,8.0514,16.2238,-79.12,-79.12
25266,180,-0.6852,16.2238,-79.12,-79.12
25266,180,-0.6852,16.2238,-79.12,-79.12
25268,180,-0.6852,16.0298,-79.12,-79.12
25268,180,-0.6852,16.0298,-79.12,-79.12
25277,180,-3.0835,16.0298,-77.68,-79.12
25277,180,-3.0835,16.0298,-79.12,-79.12
25280,180,-3.0835,15.8222,-79.12,-79.12
25280,180,-3.0835,15.8222,-79.12,-79.12
25288,180,0.0000,15.8222,-79.12,-79.12
25288,180,0.0000,15.8222,-79.12,-79.12
25291,180,0.0000,15.6959,-79.12,-79.12
25292,180,0.0000,15.6959,-79.12,-79.12
25299,180,3.0835,15.6959,-79.12,-79.12
25299,180,3.0835,15.6959,-79.12,-77.68
25303,180,3.0835,15.8583,-79.12,-79.12
25303,180,3.0835,15.8583,-79.12,-79.12
25310,180,6.7666,15.8583,-79.12,-79.12
25310,180,6.7666,15.8583,-79.12,-79.12
25315,180,6.7666,16.1200,-79.12,-79.12
25315,180,6.7666,16.1200,-79.12,-79.12
25321,180,6.1670,16.1200,-79.12,-79.12
25321,180,6.1670,16.1200,-79.12,-79.12
25327,180,6.1670,16.4042,-79.12,-79.12
25327,180,6.1670,16.4042,-79.12,-79.12
25332,180,11.0493,16.4042,-79.12,-79.12
25332,180,11.0493,16.4042,-79.12,-79.12
25339,180,11.0493,16.3321,-79.12,-79.12
25339,180,11.0493,16.3321,-79.12,-79.12
25343,180,4.7966,16.3321,-79.12,-79.12
25343,180,4.7966,16.3321,-79.12,-79.12
25351,180,4.7966,16.4809,-79.12,-79.12
25351,180,4.7966,16.4809,-79.12,-79.12
25354,180,10.1071,16.4809,-79.12,-77.68
25354,180,10.1071,16.4809,-79.12,-79.12
25362,180,10.1071,15.7681,-79.12,-79.12
25363,180,10.1071,15.7681,-79.12,-79.12
25365,180,3.2548,15.7681,-79.12,-79.12
25365,180,3.2548,15.7681,-79.12,-79.12
25374,180,3.2548,15.5380,-79.12,-79.12
25374,180,3.2548,15.5380,-79.12,-79.12
25376,180,5.7388,15.5380,-79.12,-79.12
25376,180,5.7388,15.5380,-79.12,-79.12
25386,180,5.7388,15.8538,-79.12,-79.12
25386,180,5.7388,15.8538,-77.68,-79.12
25387,180,5.5675,15.8538,-79.12,-79.12
25387,180,5.5675,15.8538,-79.12,-79.12
25398,180,4.6253,15.8538,-79.12,-77.68
25398,180,4.6253,15.8538,-79.12,-79.12
25398,180,4.6253,15.9847,-79.12,-79.12
25398,180,4.6253,15.9847,-79.12,-79.12
25409,180,-0.5139,15.9847,-79.12,-79.12
25409,180,-0.5139,15.9847,-77.68,-79.12
25410,180,-0.5139,15.8719,-79.12,-79.12
25410,180,-0.5139,15.8719,-79.12,-79.12
25420,180,1.7987,15.8719,-79.12,-79.12
25420,180,1.7987,15.8719,-79.12,-79.12
25422,180,1.7987,16.0343,-79.12,-79.12
25422,180,1.7987,16.0343,-79.12,-79.12
25431,180,4.9679,16.0343,-79.12,-79.12
25431,180,4.9679,16.0343,-79.12,-79.12
25433,180,4.9679,15.9621,-79.12,-79.12
25434,180,4.9679,15.9621,-79.12,-79.12
25442,180,-6.0814,15.9621,-79.12,-79.12
25442,180,-6.0814,15.9621,-79.12,-79.12
25445,180,-6.0814,16.1155,-79.12,-79.12
25445,180,-6.0814,16.1155,-79.12,-79.12
25453,180,4.8822,16.1155,-79.12,-79.12
25453,180,4.8822,16.1155,-79.12,-79.12
25457,180,4.8822,16.2463,-79.12,-79.12
25457,180,4.8822,16.2463,-79.12,-79.12
25464,180,-8.4797,16.2463,-79.12,-77.68
25464,180,-8.4797,16.2463,-79.12,-79.12
25469,180,-8.4797,16.2779,-79.12,-79.12
25469,180,-8.4797,16.2779,-77.68,-79.12
25475,180,-0.5139,16.2779,-79.12,-79.12
25475,180,-0.5139,16.2779,-79.12,-79.12
25481,180,-0.5139,15.9621,-79.12,-79.12
25481,180,-0.5139,15.9621,-79.12,-79.12
25486,180,-3.4261,15.9621,-79.12,-79.12
25486,180,-3.4261,15.9621,-79.12,-79.12
25493,180,-3.4261,16.0208,-79.12,-79.12
25493,180,-3.4261,16.0208,-79.12,-77.68
25496,180,-0.2570,16.0208,-79.12,-79.12
25497,180,-0.2570,16.0208,-79.12,-79.12
25504,180,-0.2570,16.1471,-79.12,-79.12
25504,180,-0.2570,16.1471,-79.12,-79.12
25507,180,-1.2848,16.1471,-79.12,-79.12
25508,180,-1.2848,16.1471,-79.12,-79.12
25516,180,-1.2848,16.2508,-79.12,-77.68
25516,180,-1.2848,16.2508,-79.12,-79.12
25518,180,-5.6531,16.2508,-79.12,-79.12
25519,180,-5.6531,16.2508,-79.12,-79.12
25528,180,-5.6531,16.3817,-79.12,-79.12
25528,180,-5.6531,16.3817,-79.12,-79.12
25529,180,3.2548,16.3817,-79.12,-79.12
25529,180,3.2548,16.3817,-79.12,-79.12
25540,180,3.2548,16.3591,-79.12,-79.12
25540,180,3.2548,16.3591,-79.12,-79.12
25540,180,2.5696,16.3591,-79.12,-79.12
25540,180,2.5696,16.3591,-79.12,-79.12
25551,180,3.4261,16.3591,-79.12,-79.12
25551,180,3.4261,16.3591,-79.12,-79.12
25552,180,3.4261,16.2508,-79.12,-79.12
25552,180,3.4261,16.2508,-79.12,-79.12
25562,180,-7.8801,16.2508,-79.12,-79.12
25562,180,-7.8801,16.2508,-79.12,-79.12
25564,180,-7.8801,16.0929,-79.12,-79.12
25564,180,-7.8801,16.0929,-79.12,-79.12
25573,180,5.8244,16.0929,-79.12,-79.12
25573,180,5.8244,16.0929,-79.12,-79.12
25575,180,5.8244,16.1290,-79.12,-79.12
25575,180,5.8244,16.1290,-79.12,-79.12
25584,180,1.1991,16.1290,-77.68,-79.12
25584,180,1.1991,16.1290,-77.68,-79.12
25587,180,1.1991,16.2418,-79.12,-79.12
25587,180,1.1991,16.2418,-79.12,-79.12
25595,180,4.2827,16.2418,-79.12,-79.12
25595,180,4.2827,16.2418,-79.12,-79.12
25599,180,4.2827,15.7681,-79.12,-79.12
25599,180,4.2827,15.7681,-79.12,-79.12
25606,180,-2.4839,15.7681,-79.12,-79.12
25606,180,-2.4839,15.7681,-79.12,-79.12
25611,180,-2.4839,15.9441,-79.12,-79.12
25611,180,-2.4839,15.9441,-79.12,-79.12
25617,180,4.5396,15.9441,-79.12,-79.12
25617,180,4.5396,15.9441,-79.12,-79.12
25623,180,4.5396,16.3095,-79.12,-79.12
25623,180,4.5396,16.3095,-79.12,-79.12
25628,180,3.6831,16.3095,-79.12,-79.12
25628,180,3.6831,16.3095,-79.12,-79.12
25635,180,3.6831,16.2102,-79.12,-77.68
25635,180,3.6831,16.2102,-79.12,-79.12
25639,180,-6.5096,16.2102,-79.12,-79.12
25639,180,-6.5096,16.2102,-79.12,-79.12
25646,180,-6.5096,16.3862,-79.12,-79.12
25646,180,-6.5096,16.3862,-79.12,-79.12
25650,180,-5.5675,16.3862,-79.12,-77.68
25650,180,-5.5675,16.3862,-79.12,-79.12
25658,180,-5.5675,16.1651,-79.12,-77.68
25658,180,-5.5675,16.1651,-79.12,-79.12
25661,180,-2.6552,16.1651,-79.12,-79.12
25661,180,-2.6552,16.1651,-79.12,-79.12
25670,180,-2.6552,16.0072,-79.12,-79.12
25670,180,-2.6552,16.0072,-79.12,-79.12
25672,180,0.3426,16.0072,-79.12,-79.12
25672,180,0.3426,16.0072,-79.12,-79.12
25682,180,0.3426,15.9756,-79.12,-79.12
25682,180,0.3426,15.9756,-79.12,-79.12
25683,180,-11.9914,15.9756,-79.12,-79.12
25683,180,-11.9914,15.9756,-79.12,-79.12
25694,180,-11.9914,16.2373,-79.12,-79.12
25694,180,-11.9914,16.2373,-79.12,-79.12
25694,180,4.2827,16.2373,-79.12,-79.12
25694,180,4.2827,16.2373,-79.12,-79.12
25705,180,3.9400,16.2373,-79.12,-79.12
25705,180,3.9400,16.2373,-79.12,-79.12
25706,180,3.9400,16.1877,-79.12,-79.12
25706,180,3.9400,16.1877,-79.12,-79.12
25716,180,2.0557,16.1877,-79.12,-79.12
25716,180,2.0557,16.1877,-79.12,-79.12
25717,180,2.0557,15.7410,-79.12,-79.12
25717,180,2.0557,15.7410,-79.12,-79.12
25727,180,0.5139,15.7410,-79.12,-79.12
25727,180,0.5139,15.7410,-79.12,-79.12
25729,180,0.5139,15.7095,-79.12,-79.12
25729,180,0.5139,15.7095,-79.12,-79.12
25738,180,3.8544,15.7095,-79.12,-79.12
25738,180,3.8544,15.7095,-79.12,-79.12
25741,180,3.8544,16.4629,-79.12,-79.12
25741,180,3.8544,16.4629,-79.12,-79.12
25749,180,8.0514,16.4629,-79.12,-79.12
25749,180,8.0514,16.4629,-79.12,-79.12
25753,180,8.0514,16.3366,-79.12,-79.12
25753,180,8.0514,16.3366,-79.12,-79.12
25760,180,6.5096,16.3366,-79.12,-79.12
25760,180,6.5096,16.3366,-79.12,-79.12
25765,180,6.5096,16.2463,-79.12,-79.12
25765,180,6.5096,16.2463,-79.12,-79.12
25771,180,4.2827,16.2463,-79.12,-79.12
25771,180,4.2827,16.2463,-79.12,-79.12
25776,180,4.2827,16.0659,-79.12,-79.12
25777,180,4.2827,16.0659,-79.12,-79.12
25782,180,-4.1970,16.0659,-79.12,-79.12
25782,180,-4.1970,16.0659,-79.12,-79.12
25788,180,-4.1970,16.1832,-79.12,-79.12
25788,180,-4.1970,16.1832,-79.12,-79.12
25793,180,5.2248,16.1832,-79.12,-79.12
25793,180,5.2248,16.1832,-79.12,-79.12
25800,180,5.2248,15.9756,-79.12,-79.12
25800,180,5.2248,15.9756,-79.12,-79.12
25804,180,1.2848,15.9756,-77.68,-79.12
25804,180,1.2848,15.9756,-79.12,-79.12
25812,180,1.2848,15.7004,-79.12,-79.12
25812,180,1.2848,15.7004,-79.12,-79.12
25815,180,-2.3126,15.7004,-79.12,-79.12
25815,180,-2.3126,15.7004,-79.12,-79.12
25824,180,-2.3126,15.9170,-79.12,-79.12
25824,180,-2.3126,15.9170,-79.12,-79.12
25826,180,-4.9679,15.9170,-79.12,-79.12
25826,180,-4.9679,15.9170,-79.12,-79.12
25836,180,-4.9679,16.0298,-79.12,-79.12
25836,180,-4.9679,16.0298,-79.12,-79.12
25837,180,-6.6809,16.0298,-79.12,-79.12
25837,180,-6.6809,16.0298,-79.12,-79.12
25847,180,-6.6809,16.0478,-79.12,-79.12
25848,180,-5.9957,16.0478,-79.12,-79.12
25848,180,-5.9957,16.0478,-79.12,-79.12
25859,180,0.5139,16.0478,-79.12,-79.12
25859,180,0.5139,16.0478,-79.12,-79.12
25859,180,0.5139,16.1110,-79.12,-79.12
25859,180,0.5139,16.1110,-79.12,-79.12
25869,180,11.8201,16.1110,-79.12,-79.12
25870,180,11.8201,16.1110,-77.68,-79.12
25871,180,11.8201,16.1787,-79.12,-79.12
25871,180,11.8201,16.1787,-79.12,-79.12
25880,180,-2.9979,16.1787,-79.12,-79.12
25881,180,-2.9979,16.1787,-79.12,-79.12
25883,180,-2.9979,15.8358,-79.12,-79.12
25883,180,-2.9979,15.8358,-79.12,-79.12
25891,180,5.3961,15.8358,-79.12,-79.12
25892,180,5.3961,15.8358,-79.12,-79.12
25895,180,5.3961,15.8132,-79.12,-79.12
25895,180,5.3961,15.8132,-79.12,-79.12
25902,180,0.6852,15.8132,-79.12,-79.12
25902,180,0.6852,15.8132,-79.12,-79.12
25907,180,0.6852,16.1200,-79.12,-79.12
25907,180,0.6852,16.1200,-79.12,-79.12
25913,180,6.1670,16.1200,-79.12,-79.12
25913,180,6.1670,16.1200,-79.12,-79.12
25918,180,6.1670,15.9801,-79.12,-79.12
25918,180,6.1670,15.9801,-79.12,-79.12
25924,180,-0.9422,15.9801,-79.12,-79.12
25924,180,-0.9422,15.9801,-79.12,-79.12
25930,180,-0.9422,15.9441,-79.12,-79.12
25930,180,-0.9422,15.9441,-79.12,-79.12
25935,180,-1.6274,15.9441,-79.12,-79.12
25935,180,-1.6274,15.9441,-79.12,-79.12
