62118,180,-464.5824,83.2168,-4.32,-4.32
62121,180,-458.8437,83.2168,-4.32,-4.32
62129,180,-458.8437,82.6754,-4.32,-4.32
62132,180,-452.6767,82.6754,-4.32,-4.32
62141,180,-452.6767,82.8559,-4.32,-4.32
62144,180,-447.9657,82.8559,-4.32,-5.75
62153,180,-447.9657,83.1311,-4.32,-4.32
62155,180,-448.3940,83.1311,-4.32,-2.88
62165,180,-448.3940,83.9792,-4.32,-4.32
62166,180,-460.2998,83.9792,-4.32,-4.32
62176,180,-460.2998,84.6876,-4.32,-4.32
62177,180,-447.8801,84.6876,-4.32,-4.32
62188,180,-458.8437,84.6876,-4.32,-4.32
62188,180,-458.8437,84.7101,-4.32,-4.32
62199,180,-447.9657,84.7101,-4.32,-4.32
62200,180,-447.9657,83.9567,-4.32,-4.32
62210,180,-459.0150,83.9567,-4.32,-4.32
62212,180,-459.0150,82.8920,-4.32,-4.32
62222,180,-460.0428,82.8920,-4.32,-4.32
62224,180,-460.0428,82.6303,-4.32,-4.32
62233,180,-458.9293,82.6303,-4.32,-4.32
62236,180,-458.9293,82.3551,-4.32,-5.75
62244,180,-447.8801,82.3551,-4.32,-4.32
62248,180,-447.8801,82.4273,-4.32,-4.32
62255,180,-450.4497,82.4273,-4.32,-4.32
62260,180,-450.4497,82.7070,-4.32,-4.32
62266,180,-447.8801,82.7070,-4.32,-4.32
62272,180,-447.8801,82.4092,-4.32,-4.32
62277,180,-459.3576,82.4092,-4.32,-2.88
62283,180,-459.3576,82.3460,-4.32,-5.75
62288,180,-480.7709,82.3460,-4.32,-4.32
62295,180,-480.7709,82.3280,-4.32,-4.32
62299,180,-469.8073,82.3280,-4.32,-4.32
62307,180,-469.8073,82.2829,-4.32,-4.32
62311,180,-447.8801,82.2829,-4.32,-4.32
62319,180,-447.8801,82.1566,-4.32,-4.32
62322,180,-464.8394,82.1566,-4.32,-4.32
62331,180,-464.8394,81.8813,-4.32,-4.32
62333,180,-464.3255,81.8813,-4.32,-4.32
62343,180,-464.3255,82.0212,-4.32,-4.32
62344,180,-460.8994,82.0212,-4.32,-4.32
62355,180,-460.8994,82.4724,-4.32,-4.32
62355,180,-458.8437,82.4724,-4.32,-2.88
62366,180,-450.2784,82.4724,-4.32,-4.32
62367,180,-450.2784,82.9912,-4.32,-4.32
62377,180,-461.4989,82.9912,-5.75,-5.75
62378,180,-461.4989,83.4785,-4.32,-4.32
62389,180,-458.9293,83.4785,-5.75,-4.32
62390,180,-458.9293,83.5912,-4.32,-4.32
62400,180,-450.7066,83.5912,-4.32,-4.32
62402,180,-450.7066,83.7492,-4.32,-4.32
62411,180,-460.2998,83.7492,-4.32,-4.32
62414,180,-460.2998,83.3296,-4.32,-4.32
62422,180,-447.9657,83.3296,-4.32,-4.32
62426,180,-447.9657,83.0589,-4.32,-4.32
62433,180,-459.8715,83.0589,-4.32,-4.32
62438,180,-459.8715,82.8829,-4.32,-4.32
62444,180,-453.0193,82.8829,-4.32,-2.88
62450,180,-453.0193,82.7340,-4.32,-4.32
62455,180,-467.0664,82.7340,-4.32,-4.32
62462,180,-467.0664,82.7250,-4.32,-4.32
62466,180,-447.9657,82.7250,-4.32,-4.32
62473,180,-447.9657,82.4769,-4.32,-4.32
62478,180,-459.0150,82.4769,-4.32,-4.32
62485,180,-459.0150,82.3009,-4.32,-4.32
62489,180,-465.0107,82.3009,-4.32,-4.32
62497,180,-465.0107,82.1791,-4.32,-4.32
62500,180,-464.9250,82.1791,-4.32,-4.32
62509,180,-464.9250,82.2423,-4.32,-4.32
62511,180,-469.8929,82.2423,-4.32,-4.32
62521,180,-469.8929,82.5085,-5.75,-4.32
62522,180,-458.8437,82.5085,-4.32,-2.88
62533,180,-458.8437,82.7160,-4.32,-4.32
62533,180,-449.2505,82.7160,-4.32,-5.75
62544,180,-469.6360,82.7160,-4.32,-5.75
62545,180,-469.6360,82.9280,-4.32,-5.75
62556,180,-449.1649,82.9280,-4.32,-4.32
62557,180,-449.1649,82.9867,-4.32,-2.88
62567,180,-460.2141,82.9867,-4.32,-4.32
62569,180,-460.2141,83.0453,-2.88,-4.32
62578,180,-471.8629,83.0453,-4.32,-5.75
62580,180,-471.8629,82.9416,-4.32,-4.32
62589,180,-464.6681,82.9416,-4.32,-2.88
62592,180,-464.6681,83.2393,-4.32,-4.32
62600,180,-448.2227,83.2393,-4.32,-4.32
62604,180,-448.2227,83.7807,-4.32,-4.32
62616,180,-448.2227,84.1191,-4.32,-4.32
62622,180,-469.2077,84.1191,-4.32,-5.75
62628,180,-469.2077,84.1778,-4.32,-5.75
62634,180,-450.7923,84.1778,-4.32,-4.32
62640,180,-450.7923,84.1281,-4.32,-2.88
62645,180,-447.8801,84.1281,-4.32,-4.32
62652,180,-447.8801,83.9657,-4.32,-4.32
62656,180,-450.9636,83.9657,-4.32,-5.75
62664,180,-450.9636,83.7221,-4.32,-4.32
62667,180,-464.3255,83.7221,-4.32,-4.32
62675,180,-464.3255,83.3566,-4.32,-4.32
62678,180,-450.6210,83.3566,-4.32,-2.88
62687,180,-450.6210,83.3521,-4.32,-4.32
62689,180,-447.8801,83.3521,-4.32,-4.32
62699,180,-447.8801,83.2303,-4.32,-5.75
62711,180,-447.8801,82.9371,-4.32,-4.32
62711,180,-448.1371,82.9371,-4.32,-4.32
62723,180,-450.5353,82.9371,-4.32,-4.32
62723,180,-450.5353,82.8468,-4.32,-2.88
62734,180,-458.8437,82.8468,-4.32,-4.32
62735,180,-458.8437,82.6393,-2.88,-4.32
62745,180,-467.2377,82.6393,-4.32,-4.32
62747,180,-467.2377,82.3009,-4.32,-4.32
62756,180,-447.8801,82.3009,-4.32,-4.32
62759,180,-447.8801,82.4273,-4.32,-4.32
62767,180,-458.8437,82.4273,-4.32,-4.32
62770,180,-458.8437,83.0093,-4.32,-4.32
62778,180,-459.4432,83.0093,-4.32,-5.75
62782,180,-459.4432,83.4243,-4.32,-4.32
62789,180,-447.8801,83.4243,-4.32,-2.88
62794,180,-447.8801,83.6409,-4.32,-4.32
62801,180,-459.3576,83.6409,-4.32,-4.32
62806,180,-459.3576,83.5867,-4.32,-4.32
62812,180,-468.4368,83.5867,-4.32,-4.32
62818,180,-468.4368,83.5822,-4.32,-4.32
62823,180,-464.3255,83.5822,-4.32,-4.32
62830,180,-464.3255,83.9567,-4.32,-4.32
62834,180,-469.1220,83.9567,-2.88,-4.32
62842,180,-469.1220,84.1056,-4.32,-4.32
62845,180,-465.0107,84.1056,-2.88,-4.32
62854,180,-465.0107,84.0920,-4.32,-4.32
62856,180,-464.3255,84.0920,-4.32,-2.88
62866,180,-464.3255,83.8619,-4.32,-4.32
62867,180,-448.5653,83.8619,-4.32,-2.88
62877,180,-448.5653,83.4198,-4.32,-2.88
62878,180,-469.1220,83.4198,-4.32,-4.32
62889,180,-469.1220,83.0228,-4.32,-4.32
62890,180,-458.8437,83.0228,-4.32,-4.32
62901,180,-452.6767,83.0228,-4.32,-4.32
62901,180,-452.6767,82.6122,-4.32,-4.32
62912,180,-467.6660,82.6122,-4.32,-5.75
62913,180,-467.6660,82.4588,-4.32,-4.32
62923,180,-464.3255,82.4588,-4.32,-2.88
62925,180,-464.3255,82.6980,-4.32,-4.32
62934,180,-450.2784,82.6980,-4.32,-4.32
62937,180,-450.2784,83.1040,-4.32,-5.75
62945,180,-447.8801,83.1040,-4.32,-4.32
62949,180,-447.8801,83.3431,-4.32,-4.32
62956,180,-447.9657,83.3431,-4.32,-4.32
62961,180,-447.9657,83.3566,-4.32,-4.32
62968,180,-447.8801,83.3566,-4.32,-4.32
62972,180,-447.8801,83.5506,-4.32,-5.75
62979,180,-450.8779,83.5506,-4.32,-4.32
62984,180,-450.8779,83.3973,-4.32,-4.32
62990,180,-469.6360,83.3973,-4.32,-2.88
62996,180,-469.6360,83.6544,-4.32,-4.32
63001,180,-470.4925,83.6544,-4.32,-4.32
63008,180,-470.4925,83.7401,-4.32,-4.32
63012,180,-464.5824,83.7401,-4.32,-4.32
63020,180,-464.5824,83.6725,-4.32,-4.32
63023,180,-447.8801,83.6725,-4.32,-4.32
63032,180,-447.8801,83.7988,-4.32,-4.32
63034,180,-469.1220,83.7988,-4.32,-4.32
63044,180,-469.1220,83.8980,-4.32,-4.32
63046,180,-448.0514,83.8980,-4.32,-5.75
63056,180,-448.0514,83.8394,-4.32,-4.32
63057,180,-458.8437,83.8394,-4.32,-4.32
63067,180,-458.8437,83.5416,-4.32,-4.32
63068,180,-448.9079,83.5416,-4.32,-4.32
63079,180,-448.9079,83.5191,-4.32,-4.32
63090,180,-465.0963,83.5191,-4.32,-4.32
63091,180,-465.0963,83.4243,-4.32,-4.32
63101,180,-450.8779,83.4243,-4.32,-4.32
63103,180,-450.8779,83.2619,-4.32,-4.32
63112,180,-450.6210,83.2619,-4.32,-5.75
63115,180,-450.6210,82.7115,-4.32,-2.88
63123,180,-460.1285,82.7115,-4.32,-4.32
63127,180,-460.1285,82.8107,-4.32,-4.32
63135,180,-459.8715,82.8107,-4.32,-4.32
63139,180,-459.8715,82.7250,-4.32,-4.32
63146,180,-453.0193,82.7250,-4.32,-4.32
63151,180,-453.0193,82.8694,-4.32,-4.32
63157,180,-447.8801,82.8694,-4.32,-4.32
63163,180,-447.8801,83.3160,-4.32,-4.32
63168,180,-451.2206,83.3160,-4.32,-5.75
63174,180,-451.2206,83.3657,-4.32,-4.32
63179,180,-449.1649,83.3657,-4.32,-4.32
63186,180,-449.1649,83.2935,-4.32,-4.32
63190,180,-447.8801,83.2935,-4.32,-4.32
63198,180,-447.8801,83.0183,-4.32,-4.32
63201,180,-465.6103,83.0183,-4.32,-4.32
63210,180,-465.6103,82.9371,-4.32,-4.32
63213,180,-447.8801,82.9371,-4.32,-4.32
63222,180,-447.8801,82.9145,-4.32,-4.32
63224,180,-469.9786,82.9145,-4.32,-4.32
63234,180,-469.9786,83.0724,-4.32,-4.32
63235,180,-448.2227,83.0724,-4.32,-4.32
63246,180,-448.2227,83.2845,-4.32,-4.32
63246,180,-459.4432,83.2845,-4.32,-4.32
63257,180,-467.5803,83.2845,-4.32,-4.32
63258,180,-467.5803,83.0679,-4.32,-2.88
63268,180,-467.0664,83.0679,-4.32,-4.32
63269,180,-467.0664,83.1311,-4.32,-4.32
63279,180,-449.9358,83.1311,-4.32,-4.32
63281,180,-449.9358,83.0589,-4.32,-4.32
63290,180,-460.1285,83.0589,-4.32,-4.32
63293,180,-460.1285,83.1536,-4.32,-4.32
63302,180,-460.2141,83.1536,-2.88,-4.32
63305,180,-460.2141,82.8694,-4.32,-4.32
63313,180,-449.2505,82.8694,-4.32,-4.32
63317,180,-449.2505,82.7701,-4.32,-4.32
63324,180,-447.8801,82.7701,-4.32,-4.32
63329,180,-447.8801,82.9957,-4.32,-4.32
63341,180,-447.8801,83.1220,-4.32,-4.32
63346,180,-449.9358,83.1220,-4.32,-4.32
63353,180,-449.9358,83.1040,-4.32,-4.32
63357,180,-450.2784,83.1040,-4.32,-4.32
63364,180,-450.2784,83.1581,-4.32,-4.32
63368,180,-460.2141,83.1581,-4.32,-4.32
63376,180,-460.2141,83.0724,-4.32,-4.32
63380,180,-469.8073,83.0724,-4.32,-2.88
63388,180,-469.8073,83.3476,-4.32,-4.32
63391,180,-460.9850,83.3476,-4.32,-2.88
63400,180,-460.9850,83.0679,-4.32,-4.32
63402,180,-448.0514,83.0679,-4.32,-4.32
63412,180,-448.0514,82.8694,-4.32,-2.88
63413,180,-449.5075,82.8694,-4.32,-4.32
63424,180,-449.5075,82.9190,-4.32,-4.32
63424,180,-450.6210,82.9190,-4.32,-4.32
63435,180,-450.0214,82.9190,-4.32,-4.32
63436,180,-450.0214,83.2619,-4.32,-4.32
63446,180,-449.9358,83.2619,-4.32,-4.32
63448,180,-449.9358,83.6725,-4.32,-4.32
63458,180,-449.0792,83.6725,-4.32,-4.32
63460,180,-449.0792,83.6093,-4.32,-4.32
63469,180,-469.1220,83.6093,-4.32,-4.32
63471,180,-469.1220,83.7898,-4.32,-4.32
63480,180,-447.8801,83.7898,-4.32,-4.32
63483,180,-447.8801,84.0469,-4.32,-4.32
63491,180,-458.8437,84.0469,-4.32,-4.32
63495,180,-458.8437,83.7311,-4.32,-4.32
63502,180,-447.9657,83.7311,-4.32,-4.32
63507,180,-447.9657,83.3837,-4.32,-4.32
63513,180,-458.8437,83.3837,-4.32,-4.32
63519,180,-458.8437,83.5281,-4.32,-4.32
63524,180,-447.8801,83.5281,-4.32,-4.32
63531,180,-447.8801,83.5822,-4.32,-4.32
63535,180,-453.1906,83.5822,-4.32,-4.32
63543,180,-453.1906,83.6544,-4.32,-4.32
63547,180,-448.5653,83.6544,-2.88,-4.32
63555,180,-448.5653,83.3160,-4.32,-4.32
63558,180,-465.0107,83.3160,-4.32,-4.32
63566,180,-465.0107,83.2619,-4.32,-4.32
63569,180,-451.1349,83.2619,-4.32,-4.32
63578,180,-451.1349,83.1491,-4.32,-2.88
63580,180,-458.8437,83.1491,-4.32,-4.32
63590,180,-458.8437,83.4333,-4.32,-4.32
63591,180,-459.1006,83.4333,-4.32,-4.32
63602,180,-459.1006,83.6634,-4.32,-4.32
63602,180,-449.2505,83.6634,-4.32,-4.32
63613,180,-464.3255,83.6634,-4.32,-4.32
63614,180,-464.3255,84.0605,-4.32,-4.32
63625,180,-458.8437,84.0605,-4.32,-4.32
63626,180,-458.8437,84.2860,-4.32,-4.32
63636,180,-465.5246,84.2860,-4.32,-4.32
63638,180,-465.5246,84.2454,-4.32,-4.32
63647,180,-447.8801,84.2454,-4.32,-5.75
63650,180,-447.8801,84.0514,-4.32,-4.32
63658,180,-458.8437,84.0514,-4.32,-4.32
63661,180,-458.8437,84.1191,-4.32,-4.32
63669,180,-449.5075,84.1191,-5.75,-5.75
63673,180,-449.5075,84.1687,-4.32,-4.32
63680,180,-459.0150,84.1687,-4.32,-4.32
63685,180,-459.0150,83.7898,-2.88,-4.32
63691,180,-447.8801,83.7898,-4.32,-4.32
63697,180,-447.8801,83.5100,-4.32,-2.88
63702,180,-464.3255,83.5100,-4.32,-4.32
63709,180,-464.3255,83.3025,-4.32,-2.88
63714,180,-459.4432,83.3025,-4.32,-5.75
63721,180,-459.4432,83.1356,-4.32,-4.32
63725,180,-459.1863,83.1356,-4.32,-4.32
63733,180,-459.1863,83.3115,-4.32,-4.32
63736,180,-448.0514,83.3115,-4.32,-4.32
63745,180,-448.0514,83.0905,-4.32,-4.32
63747,180,-464.3255,83.0905,-4.32,-4.32
63757,180,-464.3255,82.7160,-4.32,-4.32
63758,180,-448.3940,82.7160,-4.32,-4.32
63768,180,-448.3940,83.0724,-4.32,-4.32
63769,180,-447.8801,83.0724,-4.32,-4.32
63780,180,-447.8801,83.5642,-4.32,-4.32
63780,180,-458.8437,83.5642,-4.32,-4.32
63792,180,-458.8437,83.5642,-4.32,-4.32
63792,180,-447.8801,83.5642,-4.32,-4.32
63792,180,-447.8801,83.8890,-4.32,-4.32
63803,180,-450.9636,83.8890,-4.32,-4.32
63804,180,-450.9636,84.3447,-4.32,-4.32
63814,180,-448.0514,84.3447,-4.32,-4.32
63816,180,-448.0514,83.9522,-4.32,-4.32
63825,180,-449.5075,83.9522,-4.32,-5.75
63828,180,-449.5075,83.9071,-5.75,-4.32
63836,180,-450.6210,83.9071,-4.32,-4.32
63840,180,-450.6210,83.5416,-4.32,-4.32
63847,180,-467.1520,83.5416,-4.32,-4.32
63852,180,-467.1520,83.0905,-4.32,-4.32
63858,180,-450.6210,83.0905,-4.32,-4.32
63863,180,-450.6210,82.8829,-4.32,-5.75
63870,180,-452.0771,82.8829,-4.32,-4.32
63875,180,-452.0771,82.8694,-4.32,-4.32
63881,180,-448.2227,82.8694,-4.32,-4.32
63887,180,-448.2227,83.0995,-4.32,-2.88
63892,180,-464.6681,83.0995,-4.32,-5.75
63899,180,-464.6681,82.8333,-4.32,-4.32
63903,180,-450.8779,82.8333,-4.32,-4.32
63911,180,-450.8779,82.8784,-4.32,-4.32
63914,180,-447.8801,82.8784,-4.32,-4.32
63923,180,-447.8801,82.8243,-4.32,-4.32
63925,180,-469.1220,82.8243,-4.32,-4.32
63935,180,-469.1220,83.2303,-5.75,-4.32
63936,180,-448.0514,83.2303,-4.32,-4.32
63947,180,-448.0514,83.0228,-4.32,-4.32
63947,180,-447.8801,83.0228,-4.32,-4.32
63958,180,-447.8801,82.6393,-4.32,-4.32
63959,180,-448.0514,82.6393,-4.32,-4.32
63970,180,-450.6210,82.6393,-5.75,-4.32
63970,180,-450.6210,82.4859,-4.32,-4.32
63981,180,-469.4647,82.4859,-4.32,-2.88
63982,180,-469.4647,82.6348,-4.32,-4.32
63992,180,-447.9657,82.6348,-4.32,-5.75
63994,180,-447.9657,82.9100,-4.32,-4.32
64003,180,-447.8801,82.9100,-2.88,-4.32
64006,180,-447.8801,83.1220,-4.32,-4.32
64014,180,-450.6210,83.1220,-4.32,-4.32
64018,180,-450.6210,83.3070,-4.32,-4.32
64025,180,-459.5289,83.3070,-4.32,-2.88
64030,180,-459.5289,83.4153,-4.32,-4.32
64037,180,-469.1220,83.4153,-5.75,-4.32
64042,180,-469.1220,83.3206,-4.32,-4.32
64048,180,-449.9358,83.3206,-4.32,-4.32
64054,180,-449.9358,83.0363,-4.32,-4.32
64059,180,-448.3940,83.0363,-4.32,-4.32
64065,180,-448.3940,83.4920,-4.32,-5.75
64070,180,-447.8801,83.4920,-4.32,-4.32
64077,180,-447.8801,83.8033,-4.32,-4.32
64089,180,-447.8801,84.0289,-4.32,-5.75
64092,180,-465.0107,84.0289,-4.32,-4.32
64101,180,-465.0107,83.9477,-4.32,-4.32
64103,180,-448.2227,83.9477,-4.32,-4.32
64113,180,-448.2227,83.4514,-2.88,-4.32
64114,180,-451.9914,83.4514,-4.32,-4.32
64125,180,-451.9914,82.8107,-4.32,-2.88
64126,180,-450.6210,82.8107,-4.32,-4.32
64137,180,-458.8437,82.8107,-4.32,-4.32
64149,180,-458.8437,83.0860,-4.32,-4.32
64159,180,-459.5289,83.0860,-4.32,-4.32
64160,180,-459.5289,82.9957,-4.32,-4.32
64170,180,-447.8801,82.9957,-4.32,-4.32
64172,180,-447.8801,83.3115,-4.32,-2.88
64184,180,-447.8801,83.3251,-2.88,-4.32
64192,180,-448.4796,83.3251,-4.32,-5.75
64196,180,-448.4796,83.2393,-4.32,-4.32
64204,180,-471.1777,83.2393,-4.32,-4.32
64208,180,-471.1777,83.4514,-4.32,-4.32
64215,180,-460.1285,83.4514,-4.32,-4.32
64220,180,-460.1285,83.6815,-4.32,-4.32
64226,180,-460.2141,83.6815,-4.32,-4.32
64232,180,-460.2141,83.8574,-4.32,-4.32
64237,180,-452.6767,83.8574,-4.32,-4.32
64244,180,-452.6767,83.6273,-4.32,-4.32
64248,180,-459.3576,83.6273,-4.32,-4.32
64255,180,-459.3576,83.3476,-5.75,-4.32
64259,180,-459.1863,83.3476,-4.32,-5.75
64267,180,-459.1863,83.0093,-4.32,-4.32
64270,180,-448.1371,83.0093,-4.32,-4.32
64279,180,-448.1371,82.7747,-2.88,-4.32
64282,180,-447.9657,82.7747,-4.32,-5.75
64291,180,-447.9657,83.0047,-4.32,-4.32
64293,180,-458.9293,83.0047,-4.32,-5.75
64303,180,-458.9293,82.9596,-4.32,-4.32
64304,180,-464.3255,82.9596,-4.32,-4.32
64315,180,-464.3255,82.8513,-4.32,-4.32
64315,180,-465.0107,82.8513,-4.32,-4.32
64326,180,-464.3255,82.8513,-4.32,-4.32
64327,180,-464.3255,82.8243,-4.32,-4.32
64337,180,-460.2141,82.8243,-5.75,-4.32
64339,180,-460.2141,82.3731,-4.32,-4.32
64348,180,-464.6681,82.3731,-2.88,-5.75
64351,180,-464.6681,82.2287,-4.32,-4.32
64359,180,-452.6767,82.2287,-4.32,-4.32
64362,180,-452.6767,82.3370,-4.32,-4.32
64371,180,-465.0107,82.3370,-4.32,-4.32
64374,180,-465.0107,82.7972,-4.32,-4.32
64382,180,-467.4090,82.7972,-4.32,-4.32
64386,180,-467.4090,83.2664,-4.32,-4.32
64393,180,-449.9358,83.2664,-4.32,-4.32
64398,180,-449.9358,82.9371,-4.32,-5.75
64404,180,-469.1220,82.9371,-4.32,-4.32
64410,180,-469.1220,82.6213,-4.32,-4.32
64415,180,-453.0193,82.6213,-4.32,-4.32
64422,180,-453.0193,82.4273,-4.32,-4.32
64426,180,-458.9293,82.4273,-4.32,-4.32
64434,180,-458.9293,82.3370,-4.32,-4.32
64437,180,-451.1349,82.3370,-4.32,-4.32
64446,180,-451.1349,82.7476,-4.32,-4.32
64449,180,-447.8801,82.7476,-4.32,-4.32
64457,180,-447.8801,82.8423,-4.32,-4.32
64460,180,-464.4968,82.8423,-4.32,-5.75
64469,180,-464.4968,82.8378,-4.32,-4.32
64471,180,-460.8994,82.8378,-4.32,-4.32
64481,180,-460.8994,83.5146,-4.32,-4.32
64482,180,-450.4497,83.5146,-4.32,-4.32
64493,180,-447.8801,83.5146,-5.75,-4.32
64493,180,-447.8801,83.7672,-4.32,-4.32
64504,180,-459.8715,83.7672,-4.32,-4.32
64505,180,-459.8715,83.2664,-4.32,-2.88
64515,180,-467.4090,83.2664,-4.32,-4.32
64517,180,-467.4090,83.0228,-4.32,-5.75
64527,180,-458.8437,83.0228,-4.32,-4.32
64529,180,-458.8437,82.9100,-4.32,-4.32
64538,180,-459.5289,82.9100,-4.32,-4.32
64541,180,-459.5289,82.9055,-4.32,-4.32
64549,180,-468.4368,82.9055,-4.32,-2.88
64553,180,-468.4368,83.0228,-4.32,-4.32
64560,180,-450.7066,83.0228,-4.32,-2.88
64564,180,-450.7066,83.0679,-4.32,-4.32
64571,180,-458.8437,83.0679,-4.32,-4.32
64576,180,-458.8437,83.4018,-4.32,-4.32
64582,180,-452.1628,83.4018,-2.88,-4.32
64588,180,-452.1628,83.8980,-4.32,-4.32
64593,180,-464.8394,83.8980,-4.32,-4.32
64600,180,-464.8394,83.6860,-4.32,-4.32
64604,180,-451.1349,83.6860,-4.32,-4.32
64612,180,-451.1349,83.3206,-4.32,-4.32
64616,180,-449.2505,83.3206,-4.32,-4.32
64624,180,-449.2505,82.7431,-4.32,-4.32
64627,180,-447.8801,82.7431,-4.32,-5.75
64636,180,-447.8801,82.6438,-5.75,-4.32
64638,180,-467.0664,82.6438,-4.32,-4.32
64648,180,-467.0664,83.1220,-4.32,-4.32
64649,180,-448.1371,83.1220,-4.32,-4.32
64659,180,-448.1371,83.6138,-4.32,-4.32
64660,180,-458.8437,83.6138,-4.32,-4.32
64671,180,-450.6210,83.6138,-4.32,-4.32
64671,180,-450.6210,83.6273,-4.32,-4.32
64682,180,-453.0193,83.6273,-4.32,-4.32
64683,180,-453.0193,83.7988,-4.32,-4.32
64694,180,-465.3533,83.7988,-4.32,-4.32
64695,180,-465.3533,84.0830,-2.88,-4.32
64705,180,-458.8437,84.0830,-4.32,-4.32
64707,180,-458.8437,83.9116,-4.32,-4.32
64716,180,-451.1349,83.9116,-4.32,-4.32
64719,180,-451.1349,83.6003,-4.32,-4.32
64727,180,-459.1006,83.6003,-4.32,-4.32
64731,180,-459.1006,83.1626,-4.32,-4.32
64738,180,-458.9293,83.1626,-4.32,-4.32
64743,180,-458.9293,83.2348,-4.32,-4.32
64749,180,-458.8437,83.2348,-4.32,-2.88
64754,180,-458.8437,83.5416,-4.32,-4.32
64766,180,-458.8437,83.9477,-4.32,-4.32
64771,180,-448.9079,83.9477,-4.32,-4.32
64778,180,-448.9079,84.2725,-4.32,-4.32
64783,180,-465.6103,84.2725,-4.32,-4.32
64790,180,-465.6103,84.1236,-4.32,-4.32
64794,180,-447.9657,84.1236,-4.32,-2.88
64802,180,-447.9657,83.9386,-4.32,-4.32
64805,180,-448.1371,83.9386,-4.32,-4.32
64814,180,-448.1371,83.6725,-4.32,-4.32
64816,180,-449.2505,83.6725,-4.32,-4.32
64826,180,-449.2505,82.8784,-4.32,-4.32
64827,180,-448.1371,82.8784,-4.32,-5.75
64838,180,-448.1371,82.4679,-4.32,-4.32
64838,180,-465.5246,82.4679,-4.32,-4.32
64849,180,-450.6210,82.4679,-4.32,-4.32
64850,180,-450.6210,83.0499,-4.32,-4.32
64861,180,-468.4368,83.0499,-4.32,-4.32
64861,180,-468.4368,83.8033,-4.32,-4.32
64872,180,-448.0514,83.8033,-4.32,-4.32
64873,180,-448.0514,83.9025,-4.32,-4.32
64883,180,-447.8801,83.9025,-4.32,-4.32
64894,180,-481.4561,83.9025,-4.32,-4.32
64897,180,-481.4561,83.9792,-4.32,-4.32
64905,180,-467.0664,83.9792,-4.32,-4.32
64909,180,-467.0664,83.6454,-4.32,-4.32
64916,180,-464.3255,83.6454,-4.32,-4.32
64921,180,-464.3255,83.5597,-4.32,-2.88
64927,180,-464.5824,83.5597,-4.32,-4.32
64933,180,-464.5824,83.9161,-4.32,-4.32
64938,180,-471.1777,83.9161,-4.32,-4.32
64945,180,-471.1777,83.9657,-4.32,-4.32
64950,180,-447.8801,83.9657,-4.32,-4.32
64956,180,-447.8801,84.1326,-4.32,-4.32
64961,180,-452.6767,84.1326,-4.32,-4.32
64968,180,-452.6767,84.5206,-4.32,-4.32
64972,180,-449.9358,84.5206,-4.32,-4.32
64980,180,-449.9358,84.4575,-4.32,-4.32
64983,180,-459.3576,84.4575,-4.32,-4.32
64992,180,-459.3576,83.8845,-4.32,-4.32
64994,180,-464.3255,83.8845,-4.32,-4.32
65004,180,-464.3255,83.6499,-4.32,-4.32
65005,180,-459.6146,83.6499,-4.32,-4.32
65016,180,-459.6146,83.3882,-4.32,-4.32
65016,180,-464.4111,83.3882,-4.32,-4.32
65028,180,-464.4111,83.3882,-4.32,-2.88
65028,180,-461.2420,83.3882,-4.32,-4.32
65028,180,-461.2420,83.3566,-4.32,-4.32
65039,180,-459.1006,83.3566,-4.32,-4.32
65040,180,-459.1006,83.3702,-4.32,-4.32
65050,180,-450.5353,83.3702,-4.32,-4.32
65051,180,-450.5353,83.5371,-4.32,-4.32
65061,180,-448.0514,83.5371,-4.32,-4.32
65063,180,-448.0514,83.5191,-4.32,-4.32
65072,180,-464.3255,83.5191,-4.32,-4.32
65075,180,-464.3255,83.6003,-4.32,-2.88
65083,180,-467.0664,83.6003,-4.32,-4.32
65087,180,-467.0664,83.6770,-4.32,-4.32
65094,180,-447.8801,83.6770,-4.32,-4.32
65099,180,-447.8801,83.7221,-4.32,-2.88
65105,180,-450.9636,83.7221,-4.32,-4.32
65111,180,-450.9636,83.0860,-4.32,-4.32
65117,180,-447.8801,83.0860,-4.32,-4.32
65123,180,-447.8801,82.7250,-4.32,-4.32
65128,180,-450.6210,82.7250,-5.75,-4.32
65135,180,-450.6210,82.8107,-4.32,-4.32
65139,180,-458.9293,82.8107,-4.32,-4.32
65147,180,-458.9293,82.9822,-2.88,-4.32
65150,180,-452.6767,82.9822,-4.32,-4.32
65158,180,-452.6767,83.3702,-4.32,-4.32
65161,180,-460.3854,83.3702,-4.32,-4.32
65170,180,-460.3854,83.6093,-4.32,-4.32
65172,180,-460.2141,83.6093,-4.32,-4.32
65182,180,-460.2141,83.2529,-4.32,-4.32
65183,180,-448.2227,83.2529,-4.32,-4.32
65194,180,-448.2227,82.6122,-4.32,-4.32
65195,180,-458.8437,82.6122,-4.32,-4.32
65206,180,-465.0107,82.6122,-4.32,-4.32
65206,180,-465.0107,82.2062,-4.32,-4.32
65217,180,-464.3255,82.2062,-4.32,-4.32
65218,180,-464.3255,82.3415,-4.32,-4.32
65228,180,-459.1006,82.3415,-4.32,-4.32
65230,180,-459.1006,82.5852,-4.32,-4.32
65239,180,-460.2998,82.5852,-4.32,-4.32
65242,180,-460.2998,82.9371,-4.32,-4.32
65250,180,-450.6210,82.9371,-4.32,-4.32
65253,180,-450.6210,83.0589,-4.32,-4.32
65261,180,-468.6938,83.0589,-4.32,-4.32
65265,180,-468.6938,82.7747,-4.32,-4.32
65272,180,-459.1863,82.7747,-4.32,-4.32
65277,180,-459.1863,82.1250,-4.32,-4.32
65284,180,-447.8801,82.1250,-4.32,-4.32
65289,180,-447.8801,82.1836,-4.32,-4.32
65295,180,-449.2505,82.1836,-4.32,-4.32
65301,180,-449.2505,82.2152,-4.32,-4.32
65306,180,-458.8437,82.2152,-4.32,-4.32
65313,180,-458.8437,82.0122,-4.32,-2.88
65317,180,-464.6681,82.0122,-4.32,-4.32
65325,180,-464.6681,81.9355,-4.32,-4.32
65328,180,-458.8437,81.9355,-4.32,-5.75
65337,180,-458.8437,81.5700,-4.32,-4.32
65348,180,-458.8437,81.0738,-4.32,-4.32
65350,180,-452.6767,81.0738,-4.32,-4.32
65360,180,-452.6767,80.2391,-4.32,-4.32
65362,180,-464.3255,80.2391,-4.32,-4.32
65372,180,-464.3255,80.2887,-4.32,-4.32
65373,180,-458.9293,80.2887,-4.32,-4.32
65384,180,-458.8437,80.2887,-4.32,-4.32
65384,180,-458.8437,80.2752,-4.32,-4.32
65395,180,-460.2998,80.2752,-4.32,-4.32
65396,180,-460.2998,80.1940,-4.32,-4.32
65406,180,-469.9786,80.1940,-4.32,-4.32
65408,180,-469.9786,80.1128,-4.32,-1.44
65417,180,-460.2998,80.1128,-4.32,-4.32
65420,180,-460.2998,80.3429,-4.32,-4.32
65428,180,-448.5653,80.3429,-4.32,-4.32
65432,180,-448.5653,80.4647,-4.32,-4.32
65439,180,-449.0792,80.4647,-4.32,-4.32
65443,180,-449.0792,81.0332,-4.32,-4.32
65451,180,-465.0107,81.0332,-4.32,-4.32
65455,180,-465.0107,81.9265,-4.32,-4.32
65462,180,-447.9657,81.9265,-4.32,-4.32
65467,180,-447.9657,82.3325,-4.32,-4.32
65479,180,-447.9657,82.1701,-4.32,-4.32
65484,180,-447.8801,82.1701,-4.32,-4.32
65491,180,-447.8801,81.9355,-4.32,-4.32
65495,180,-459.5289,81.9355,-4.32,-4.32
65503,180,-459.5289,81.5249,-4.32,-4.32
65506,180,-449.2505,81.5249,-4.32,-4.32
65515,180,-449.2505,81.2497,-4.32,-4.32
65517,180,-470.8351,81.2497,-4.32,-4.32
65527,180,-470.8351,80.9880,-4.32,-4.32
65529,180,-459.3576,80.9880,-4.32,-4.32
65539,180,-459.3576,80.2842,-2.88,-4.32
65540,180,-458.8437,80.2842,-4.32,-4.32
65550,180,-458.8437,79.4857,-4.32,-4.32
65551,180,-450.6210,79.4857,-2.88,-5.75
65562,180,-447.8801,79.4857,-4.32,-4.32
65562,180,-447.8801,79.4315,-4.32,-4.32
65573,180,-448.1371,79.4315,-4.32,-4.32
65574,180,-448.1371,79.6075,-4.32,-4.32
65584,180,-458.9293,79.6075,-4.32,-5.75
65586,180,-458.9293,79.7158,-4.32,-4.32
65598,180,-458.9293,80.1173,-4.32,-4.32
65606,180,-452.6767,80.1173,-4.32,-4.32
65610,180,-452.6767,80.2797,-4.32,-4.32
65618,180,-464.9250,80.2797,-2.88,-5.75
65622,180,-464.9250,80.5865,-4.32,-4.32
65629,180,-469.4647,80.5865,-4.32,-4.32
65634,180,-469.4647,80.8392,-4.32,-2.88
65640,180,-447.8801,80.8392,-4.32,-4.32
65645,180,-447.8801,81.5340,-4.32,-4.32
65651,180,-464.5824,81.5340,-4.32,-4.32
65657,180,-464.5824,81.6197,-4.32,-4.32
65662,180,-460.2141,81.6197,-4.32,-4.32
65669,180,-460.2141,80.8121,-4.32,-4.32
65673,180,-453.1906,80.8121,-4.32,-4.32
65681,180,-453.1906,80.2662,-4.32,-4.32
65684,180,-469.6360,80.2662,-4.32,-4.32
65693,180,-469.6360,80.0632,-4.32,-4.32
65696,180,-447.8801,80.0632,-4.32,-4.32
65705,180,-447.8801,79.5714,-4.32,-4.32
65707,180,-468.6938,79.5714,-4.32,-4.32
65717,180,-468.6938,79.1654,-4.32,-4.32
65718,180,-464.3255,79.1654,-4.32,-4.32
65729,180,-464.3255,78.9443,-4.32,-4.32
65729,180,-447.8801,78.9443,-4.32,-4.32
65740,180,-469.9786,78.9443,-4.32,-4.32
65740,180,-469.9786,78.7954,-4.32,-4.32
65751,180,-461.2420,78.7954,-4.32,-4.32
65752,180,-461.2420,78.8811,-5.75,-4.32
65762,180,-449.2505,78.8811,-4.32,-4.32
65764,180,-449.2505,79.3278,-4.32,-4.32
65773,180,-448.0514,79.3278,-4.32,-5.75
65776,180,-448.0514,79.8601,-4.32,-4.32
65785,180,-464.3255,79.8601,-4.32,-4.32
65788,180,-464.3255,80.8978,-2.88,-4.32
65796,180,-449.1649,80.8978,-4.32,-4.32
65800,180,-449.1649,80.8392,-4.32,-4.32
65807,180,-459.4432,80.8392,-4.32,-4.32
65812,180,-459.4432,80.7986,-4.32,-4.32
65818,180,-459.1006,80.7986,-4.32,-4.32
65824,180,-459.1006,80.6091,-4.32,-4.32
65829,180,-464.8394,80.6091,-4.32,-4.32
65836,180,-464.8394,80.4918,-4.32,-4.32
65840,180,-458.8437,80.4918,-4.32,-4.32
65847,180,-458.8437,80.2752,-4.32,-4.32
65851,180,-465.5246,80.2752,-5.75,-4.32
65859,180,-465.5246,80.3745,-4.32,-4.32
65863,180,-459.4432,80.3745,-4.32,-4.32
65871,180,-459.4432,80.3023,-4.32,-4.32
65874,180,-448.3940,80.3023,-4.32,-4.32
65883,180,-448.3940,79.9459,-4.32,-4.32
65885,180,-458.8437,79.9459,-4.32,-2.88
65895,180,-458.8437,79.4315,-4.32,-4.32
65907,180,-458.8437,79.0706,-4.32,-4.32
65907,180,-469.4647,79.0706,-4.32,-4.32
65918,180,-451.1349,79.0706,-4.32,-4.32
65919,180,-451.1349,78.7548,-4.32,-4.32
65929,180,-450.6210,78.7548,-4.32,-4.32
65931,180,-450.6210,79.2736,-4.32,-4.32
65942,180,-450.6210,80.0090,-4.32,-4.32
65952,180,-469.8073,80.0090,-4.32,-4.32
65954,180,-469.8073,80.2527,-4.32,-4.32
65963,180,-458.9293,80.2527,-4.32,-2.88
65966,180,-458.9293,80.2346,-4.32,-4.32
65974,180,-464.3255,80.2346,-2.88,-4.32
65978,180,-464.3255,80.1173,-4.32,-4.32
65985,180,-447.8801,80.1173,-4.32,-4.32
65990,180,-447.8801,80.0902,-4.32,-5.75
65996,180,-451.1349,80.0902,-4.32,-4.32
66002,180,-451.1349,80.3654,-2.88,-4.32
66007,180,-458.8437,80.3654,-4.32,-4.32
66014,180,-458.8437,80.9835,-4.32,-4.32
66018,180,-469.8073,80.9835,-5.75,-4.32
66026,180,-469.8073,81.5610,-4.32,-4.32
66030,180,-460.8994,81.5610,-4.32,-4.32
66037,180,-460.8994,81.4302,-4.32,-4.32
66041,180,-464.3255,81.4302,-4.32,-4.32
66049,180,-464.3255,80.7399,-4.32,-4.32
66052,180,-470.4069,80.7399,-4.32,-4.32
66061,180,-470.4069,80.1624,-4.32,-4.32
66063,180,-464.3255,80.1624,-4.32,-4.32
66073,180,-464.3255,79.7383,-4.32,-4.32
66074,180,-465.0107,79.7383,-4.32,-4.32
66085,180,-465.0107,79.9820,-4.32,-5.75
66085,180,-458.9293,79.9820,-4.32,-4.32
66096,180,-458.8437,79.9820,-4.32,-5.75
66097,180,-458.8437,79.9414,-4.32,-4.32
66107,180,-460.8994,79.9414,-4.32,-5.75
66109,180,-460.8994,79.6616,-4.32,-4.32
66119,180,-465.3533,79.6616,-4.32,-4.32
66121,180,-465.3533,79.3458,-4.32,-4.32
66130,180,-453.1906,79.3458,-4.32,-4.32
66133,180,-453.1906,79.2962,-4.32,-4.32
66141,180,-458.8437,79.2962,-4.32,-4.32
66144,180,-458.8437,79.3729,-4.32,-4.32
66152,180,-464.3255,79.3729,-4.32,-4.32
66156,180,-464.3255,79.7067,-4.32,-4.32
66168,180,-464.3255,80.0181,-4.32,-5.75
66174,180,-459.1006,80.0181,-4.32,-2.88
66180,180,-459.1006,80.1669,-4.32,-5.75
66185,180,-467.4090,80.1669,-4.32,-4.32
66192,180,-467.4090,80.0090,-2.88,-4.32
66196,180,-448.0514,80.0090,-4.32,-4.32
66204,180,-448.0514,79.9323,-4.32,-5.75
66208,180,-459.1006,79.9323,-4.32,-4.32
66216,180,-459.1006,79.6255,-5.75,-4.32
66219,180,-450.2784,79.6255,-5.75,-4.32
66228,180,-450.2784,79.9007,-4.32,-4.32
66230,180,-464.4968,79.9007,-4.32,-4.32
66239,180,-464.4968,80.3835,-4.32,-5.75
66241,180,-447.8801,80.3835,-4.32,-4.32
66251,180,-447.8801,80.6316,-5.75,-4.32
66252,180,-465.3533,80.6316,-4.32,-4.32
66263,180,-465.3533,80.8753,-4.32,-4.32
66263,180,-458.9293,80.8753,-4.32,-4.32
66274,180,-448.5653,80.8753,-4.32,-4.32
66275,180,-448.5653,80.7083,-4.32,-4.32
66286,180,-447.8801,80.7083,-4.32,-4.32
66287,180,-447.8801,80.3564,-4.32,-4.32
66297,180,-448.0514,80.3564,-4.32,-4.32
66299,180,-448.0514,80.0902,-4.32,-2.88
66308,180,-450.7066,80.0902,-4.32,-4.32
66311,180,-450.7066,80.0722,-4.32,-4.32
66319,180,-469.1220,80.0722,-4.32,-4.32
66323,180,-469.1220,79.9549,-4.32,-4.32
66330,180,-447.8801,79.9549,-4.32,-4.32
66335,180,-447.8801,79.5488,-5.75,-4.32
66341,180,-461.4133,79.5488,-4.32,-4.32
66346,180,-461.4133,79.1383,-4.32,-4.32
66352,180,-448.5653,79.1383,-4.32,-4.32
66358,180,-448.5653,78.9939,-4.32,-4.32
66364,180,-465.0107,78.9939,-4.32,-4.32
66370,180,-465.0107,79.2781,-4.32,-4.32
66375,180,-465.0963,79.2781,-4.32,-4.32
66382,180,-465.0963,79.7338,-4.32,-4.32
66386,180,-447.9657,79.7338,-4.32,-2.88
66394,180,-447.9657,80.0947,-4.32,-4.32
66397,180,-458.8437,80.0947,-4.32,-2.88
66406,180,-458.8437,80.3158,-4.32,-4.32
66408,180,-452.6767,80.3158,-4.32,-4.32
66418,180,-452.6767,80.6226,-4.32,-4.32
66419,180,-467.1520,80.6226,-4.32,-4.32
66430,180,-467.1520,80.4782,-4.32,-4.32
66430,180,-458.8437,80.4782,-4.32,-4.32
66441,180,-458.8437,80.2030,-4.32,-4.32
66441,180,-450.2784,80.2030,-4.32,-2.88
66453,180,-467.3233,80.2030,-4.32,-5.75
66453,180,-467.3233,80.0496,-4.32,-4.32
66464,180,-448.2227,80.0496,-4.32,-4.32
66465,180,-448.2227,80.2166,-4.32,-4.32
66475,180,-448.9079,80.2166,-4.32,-4.32
66477,180,-448.9079,80.6722,-4.32,-4.32
66486,180,-458.8437,80.6722,-4.32,-4.32
66489,180,-458.8437,80.7399,-4.32,-4.32
66501,180,-458.8437,80.0587,-4.32,-4.32
66508,180,-447.8801,80.0587,-4.32,-4.32
66513,180,-447.8801,79.7609,-4.32,-4.32
66519,180,-464.5824,79.7609,-4.32,-4.32
66525,180,-464.5824,79.9549,-4.32,-4.32
66531,180,-450.7923,79.9549,-4.32,-4.32
66536,180,-450.7923,80.3203,-5.75,-4.32
66542,180,-459.4432,80.3203,-4.32,-4.32
66548,180,-459.4432,80.6452,-4.32,-4.32
66553,180,-464.3255,80.6452,-5.75,-4.32
66560,180,-464.3255,80.6001,-4.32,-4.32
66564,180,-450.7066,80.6001,-4.32,-4.32
66572,180,-450.7066,80.4196,-4.32,-4.32
66575,180,-465.6103,80.4196,-4.32,-5.75
66584,180,-465.6103,80.5549,-4.32,-5.75
66586,180,-460.8994,80.5549,-4.32,-4.32
66596,180,-460.8994,80.3339,-4.32,-4.32
66597,180,-447.8801,80.3339,-4.32,-4.32
66608,180,-447.8801,80.5504,-4.32,-4.32
66608,180,-448.4796,80.5504,-4.32,-4.32
66620,180,-448.4796,80.2391,-4.32,-4.32
66620,180,-467.0664,80.2391,-4.32,-4.32
66631,180,-452.6767,80.2391,-4.32,-4.32
66631,180,-452.6767,79.8511,-4.32,-4.32
66642,180,-458.8437,79.8511,-4.32,-4.32
66643,180,-458.8437,79.9504,-4.32,-4.32
66653,180,-448.2227,79.9504,-4.32,-4.32
66655,180,-448.2227,79.8286,-4.32,-4.32
66664,180,-450.6210,79.8286,-4.32,-4.32
66667,180,-450.6210,79.5173,-4.32,-4.32
66675,180,-460.0428,79.5173,-4.32,-4.32
66679,180,-460.0428,79.3413,-4.32,-4.32
66686,180,-468.6938,79.3413,-4.32,-4.32
66691,180,-468.6938,80.0812,-4.32,-4.32
66698,180,-448.4796,80.0812,-4.32,-4.32
66703,180,-448.4796,80.4647,-4.32,-4.32
66709,180,-458.8437,80.4647,-4.32,-5.75
66715,180,-458.8437,80.6091,-4.32,-4.32
66726,180,-458.8437,80.4331,-4.32,-4.32
66731,180,-468.4368,80.4331,-4.32,-4.32
66738,180,-468.4368,80.9249,-4.32,-4.32
66742,180,-447.9657,80.9249,-4.32,-4.32
66750,180,-447.9657,80.7489,-4.32,-2.88
66753,180,-452.7623,80.7489,-4.32,-2.88
66762,180,-452.7623,80.0993,-4.32,-4.32
66764,180,-448.9079,80.0993,-4.32,-4.32
66774,180,-448.9079,80.0722,-4.32,-4.32
66775,180,-460.1285,80.0722,-4.32,-4.32
66786,180,-460.1285,80.0812,-4.32,-2.88
66787,180,-467.5803,80.0812,-4.32,-4.32
66798,180,-450.9636,79.9459,-4.32,-4.32
66809,180,-458.8437,79.9459,-4.32,-4.32
66810,180,-458.8437,80.2301,-4.32,-4.32
66820,180,-465.3533,80.2301,-4.32,-4.32
66822,180,-465.3533,80.8707,-2.88,-4.32
66831,180,-450.9636,80.8707,-4.32,-4.32
66833,180,-450.9636,80.9023,-4.32,-4.32
66842,180,-447.8801,80.9023,-4.32,-4.32
66845,180,-447.8801,80.5549,-4.32,-4.32
66853,180,-468.4368,80.5549,-4.32,-4.32
66857,180,-468.4368,80.3023,-4.32,-4.32
66865,180,-447.9657,80.3023,-4.32,-4.32
66869,180,-447.9657,79.9910,-5.75,-4.32
66876,180,-453.2762,79.9910,-4.32,-4.32
66881,180,-453.2762,79.8195,-4.32,-4.32
66887,180,-448.1371,79.8195,-4.32,-4.32
66893,180,-448.1371,79.8331,-4.32,-4.32
66898,180,-469.4647,79.8331,-4.32,-4.32
66905,180,-469.4647,80.0812,-4.32,-4.32
66909,180,-458.9293,80.0812,-4.32,-4.32
66917,180,-458.9293,80.0947,-2.88,-4.32
66920,180,-469.2077,80.0947,-4.32,-4.32
66928,180,-469.2077,80.4647,-4.32,-4.32
66931,180,-458.9293,80.4647,-4.32,-4.32
66940,180,-458.9293,80.5549,-4.32,-4.32
66943,180,-447.8801,80.5549,-4.32,-2.88
66952,180,-447.8801,80.5369,-4.32,-4.32
66954,180,-449.9358,80.5369,-4.32,-4.32
66964,180,-449.9358,81.1369,-4.32,-4.32
66965,180,-447.8801,81.1369,-4.32,-4.32
66976,180,-447.8801,80.9249,-4.32,-4.32
66987,180,-465.0107,80.9249,-4.32,-4.32
66988,180,-465.0107,80.6722,-4.32,-2.88
66998,180,-467.0664,80.6722,-4.32,-4.32
67000,180,-467.0664,80.7264,-2.88,-4.32
67009,180,-450.2784,80.7264,-4.32,-5.75
67012,180,-450.2784,81.1911,-4.32,-4.32
67020,180,-448.1371,81.1911,-4.32,-4.32
67023,180,-448.1371,80.7489,-4.32,-5.75
67032,180,-464.3255,80.7489,-4.32,-4.32
67035,180,-464.3255,80.5910,-4.32,-4.32
67043,180,-458.8437,80.5910,-4.32,-4.32
67047,180,-458.8437,80.4241,-4.32,-4.32
67054,180,-447.8801,80.4241,-4.32,-4.32
67059,180,-447.8801,80.1850,-4.32,-4.32
67065,180,-448.0514,80.1850,-4.32,-4.32
67071,180,-448.0514,79.7293,-4.32,-4.32
67076,180,-450.7066,79.7293,-4.32,-4.32
67083,180,-450.7066,79.6391,-4.32,-4.32
67087,180,-459.6146,79.6391,-4.32,-4.32
67095,180,-459.6146,79.6301,-4.32,-4.32
67098,180,-472.6338,79.6301,-4.32,-2.88
67107,180,-472.6338,79.5714,-4.32,-4.32
67110,180,-468.6938,79.5714,-2.88,-4.32
67119,180,-468.6938,80.0090,-4.32,-4.32
67121,180,-458.8437,80.0090,-4.32,-4.32
67130,180,-458.8437,80.2842,-4.32,-4.32
67132,180,-464.5824,80.2842,-4.32,-4.32
67142,180,-464.5824,80.4512,-4.32,-4.32
67143,180,-449.9358,80.4512,-4.32,-4.32
67154,180,-449.4218,80.4512,-2.88,-4.32
67154,180,-449.4218,80.9474,-4.32,-4.32
67165,180,-448.4796,80.9474,-4.32,-4.32
67166,180,-448.4796,80.9610,-4.32,-4.32
67176,180,-447.8801,80.9610,-4.32,-4.32
67178,180,-447.8801,80.9700,-4.32,-4.32
67187,180,-449.2505,80.9700,-4.32,-4.32
67190,180,-449.2505,80.8527,-4.32,-4.32
67199,180,-447.8801,80.8527,-4.32,-4.32
67202,180,-447.8801,80.4963,-4.32,-4.32
67210,180,-459.1006,80.4963,-4.32,-4.32
67214,180,-459.1006,80.2572,-4.32,-4.32
67221,180,-458.8437,80.2572,-4.32,-4.32
67225,180,-458.8437,80.1218,-5.75,-4.32
67232,180,-469.8929,80.1218,-4.32,-4.32
67237,180,-469.8929,80.0632,-4.32,-4.32
67243,180,-449.2505,80.0632,-4.32,-4.32
67249,180,-449.2505,80.0361,-4.32,-4.32
67254,180,-468.6081,80.0361,-4.32,-4.32
67261,180,-468.6081,80.0767,-5.75,-4.32
67265,180,-467.6660,80.0767,-4.32,-4.32
67273,180,-467.6660,79.8015,-4.32,-4.32
67277,180,-449.1649,79.8015,-4.32,-4.32
67285,180,-449.1649,79.6661,-5.75,-4.32
67288,180,-464.3255,79.6661,-4.32,-4.32
67297,180,-464.3255,79.9278,-2.88,-2.88
67299,180,-448.9079,79.9278,-4.32,-4.32
67309,180,-448.9079,80.1579,-4.32,-4.32
67310,180,-468.6938,80.1579,-4.32,-2.88
67321,180,-468.6938,80.4421,-4.32,-4.32
67321,180,-460.2141,80.4421,-4.32,-4.32
67332,180,-459.1863,80.4421,-4.32,-4.32
67332,180,-459.1863,80.3835,-4.32,-4.32
67343,180,-447.8801,80.3835,-4.32,-4.32
67344,180,-447.8801,80.3970,-4.32,-4.32
67354,180,-452.1628,80.3970,-4.32,-4.32
67356,180,-452.1628,80.3564,-4.32,-4.32
67366,180,-458.8437,80.3564,-4.32,-5.75
67368,180,-458.8437,79.8692,-4.32,-2.88
67377,180,-460.2141,79.8692,-4.32,-4.32
67380,180,-460.2141,79.6932,-4.32,-4.32
67388,180,-447.8801,79.6932,-4.32,-4.32
67392,180,-447.8801,79.8827,-4.32,-4.32
67399,180,-460.2141,79.8827,-4.32,-4.32
67404,180,-460.2141,80.0406,-4.32,-4.32
67410,180,-450.2784,80.0406,-4.32,-5.75
67416,180,-450.2784,80.3294,-4.32,-4.32
67421,180,-460.2141,80.3294,-4.32,-4.32
67427,180,-460.2141,80.5414,-4.32,-4.32
67432,180,-448.9079,80.5414,-4.32,-2.88
67439,180,-448.9079,80.2075,-4.32,-4.32
67444,180,-464.3255,80.2075,-4.32,-4.32
67451,180,-464.3255,80.0677,-4.32,-4.32
67455,180,-467.0664,80.0677,-4.32,-4.32
67463,180,-467.0664,80.1624,-4.32,-4.32
67466,180,-464.4968,80.1624,-4.32,-4.32
67475,180,-464.4968,80.1985,-4.32,-4.32
67477,180,-459.5289,80.1985,-4.32,-5.75
67487,180,-459.5289,80.6361,-4.32,-4.32
67488,180,-449.2505,80.6361,-5.75,-4.32
67499,180,-449.2505,80.8482,-5.75,-4.32
67499,180,-450.2784,80.8482,-4.32,-4.32
67510,180,-458.8437,80.8482,-4.32,-4.32
67511,180,-458.8437,80.7219,-4.32,-4.32
67522,180,-464.3255,80.7219,-4.32,-4.32
67522,180,-464.3255,80.5324,-4.32,-4.32
67533,180,-469.4647,80.5324,-2.88,-4.32
67534,180,-469.4647,80.4286,-4.32,-4.32
67544,180,-458.9293,80.4286,-4.32,-2.88
67546,180,-458.9293,79.8647,-4.32,-4.32
67555,180,-469.9786,79.8647,-4.32,-4.32
67558,180,-469.9786,79.4721,-4.32,-4.32
67566,180,-483.1692,79.4721,-4.32,-4.32
67570,180,-483.1692,79.4947,-4.32,-4.32
67577,180,-449.0792,79.4947,-4.32,-2.88
67582,180,-449.0792,79.4045,-4.32,-4.32
67588,180,-448.6510,79.4045,-4.32,-2.88
67594,180,-448.6510,79.5127,-4.32,-2.88
67599,180,-458.8437,79.5127,-4.32,-4.32
67606,180,-458.8437,79.8692,-4.32,-4.32
67611,180,-464.3255,79.8692,-4.32,-4.32
67618,180,-464.3255,79.8962,-4.32,-4.32
67622,180,-468.6081,79.8962,-4.32,-4.32
67633,180,-464.4111,79.8962,-4.32,-4.32
67641,180,-464.4111,79.9504,-4.32,-4.32
67644,180,-449.2505,79.9504,-4.32,-4.32
67653,180,-449.2505,80.4467,-4.32,-4.32
67655,180,-448.0514,80.4467,-4.32,-2.88
67665,180,-448.0514,80.4873,-4.32,-4.32
67666,180,-458.8437,80.4873,-4.32,-4.32
67677,180,-458.8437,80.6767,-4.32,-4.32
67677,180,-447.8801,80.6767,-4.32,-2.88
67689,180,-447.8801,80.6767,-4.32,-4.32
67689,180,-448.3940,80.6767,-4.32,-4.32
67689,180,-448.3940,80.6046,-4.32,-4.32
67700,180,-450.6210,80.6046,-4.32,-4.32
67701,180,-450.6210,80.2752,-4.32,-4.32
67711,180,-459.5289,80.2752,-4.32,-4.32
67713,180,-459.5289,80.5549,-4.32,-4.32
67722,180,-458.8437,80.5549,-4.32,-4.32
67724,180,-458.8437,80.0677,-4.32,-4.32
67733,180,-452.2484,80.0677,-4.32,-4.32
67736,180,-452.2484,80.0451,-4.32,-4.32
67744,180,-464.4111,80.0451,-4.32,-4.32
67748,180,-464.4111,80.0316,-4.32,-4.32
67755,180,-467.4090,80.0316,-4.32,-4.32
67760,180,-467.4090,79.8060,-4.32,-4.32
67766,180,-464.8394,79.8060,-4.32,-2.88
67772,180,-464.8394,80.0722,-4.32,-4.32
67778,180,-447.9657,80.0722,-4.32,-4.32
67784,180,-447.9657,80.0632,-4.32,-4.32
67789,180,-464.4968,80.0632,-4.32,-5.75
67796,180,-464.4968,80.3203,-4.32,-4.32
67800,180,-449.9358,80.3203,-4.32,-4.32
67808,180,-449.9358,80.1805,-4.32,-4.32
67811,180,-461.4133,80.1805,-4.32,-4.32
67819,180,-461.4133,79.6075,-4.32,-4.32
67822,180,-449.0792,79.6075,-4.32,-4.32
67831,180,-449.0792,79.9233,-4.32,-4.32
67833,180,-447.8801,79.9233,-4.32,-5.75
67843,180,-447.8801,80.0406,-4.32,-4.32
67844,180,-461.2420,80.0406,-4.32,-4.32
67855,180,-461.2420,79.8827,-4.32,-4.32
67856,180,-464.5824,79.8827,-4.32,-4.32
67867,180,-453.0193,79.8827,-4.32,-4.32
67867,180,-453.0193,80.1985,-4.32,-4.32
67878,180,-461.4989,80.1985,-4.32,-4.32
67879,180,-461.4989,80.4963,-4.32,-4.32
67889,180,-459.8715,80.4963,-2.88,-4.32
67891,180,-459.8715,80.4421,-4.32,-2.88
67900,180,-447.8801,80.4421,-4.32,-4.32
67903,180,-447.8801,80.2933,-4.32,-2.88
67911,180,-449.0792,80.2933,-4.32,-4.32
67915,180,-449.0792,79.9639,-5.75,-4.32
67922,180,-458.9293,79.9639,-4.32,-4.32
67926,180,-458.9293,79.9368,-4.32,-4.32
67933,180,-450.2784,79.9368,-4.32,-4.32
67938,180,-450.2784,80.1444,-4.32,-2.88
67945,180,-464.3255,80.1444,-4.32,-4.32
67950,180,-464.3255,80.1308,-4.32,-4.32
67956,180,-458.8437,80.1308,-4.32,-4.32
67962,180,-458.8437,80.0722,-4.32,-4.32
67967,180,-464.8394,80.0722,-4.32,-4.32
67974,180,-464.8394,80.2436,-4.32,-4.32
67978,180,-450.6210,80.2436,-4.32,-2.88
67986,180,-450.6210,80.6361,-4.32,-4.32
67989,180,-448.4796,80.6361,-4.32,-4.32
67998,180,-448.4796,80.4196,-4.32,-4.32
68000,180,-458.8437,80.4196,-4.32,-4.32
68010,180,-458.8437,80.2121,-4.32,-4.32
68011,180,-447.8801,80.2121,-4.32,-4.32
68021,180,-447.8801,80.3474,-4.32,-5.75
68023,180,-464.3255,80.3474,-4.32,-2.88
68033,180,-464.3255,80.2707,-4.32,-4.32
68034,180,-459.6146,80.2707,-4.32,-4.32
68045,180,-450.9636,80.2707,-4.32,-4.32
68045,180,-450.9636,80.1489,-4.32,-4.32
68056,180,-447.8801,80.1489,-4.32,-4.32
68057,180,-447.8801,80.3745,-4.32,-2.88
68067,180,-467.1520,80.3745,-4.32,-4.32
68069,180,-467.1520,80.5865,-4.32,-4.32
68078,180,-468.4368,80.5865,-4.32,-4.32
68081,180,-468.4368,80.4602,-4.32,-4.32
68089,180,-458.8437,80.4602,-4.32,-4.32
68093,180,-458.8437,80.3790,-5.75,-4.32
68101,180,-458.9293,80.3790,-4.32,-4.32
68105,180,-458.9293,80.2481,-4.32,-4.32
68112,180,-448.5653,80.2481,-4.32,-4.32
68117,180,-448.5653,79.7067,-4.32,-4.32
68123,180,-467.6660,79.7067,-4.32,-4.32
68128,180,-467.6660,79.4586,-4.32,-4.32
68134,180,-460.4711,79.4586,-4.32,-4.32
68140,180,-460.4711,79.5759,-4.32,-4.32
68145,180,-447.8801,79.5759,-4.32,-4.32
68152,180,-447.8801,79.7113,-4.32,-4.32
68156,180,-469.1220,79.7113,-4.32,-5.75
68164,180,-469.1220,79.9955,-4.32,-2.88
68167,180,-448.9079,79.9955,-4.32,-4.32
68176,180,-448.9079,80.0226,-4.32,-4.32
68178,180,-452.0771,80.0226,-4.32,-4.32
68188,180,-452.0771,79.9278,-4.32,-5.75
68190,180,-450.6210,79.9278,-4.32,-4.32
68200,180,-450.6210,80.2662,-4.32,-4.32
68201,180,-447.9657,80.2662,-4.32,-4.32
68212,180,-447.9657,80.7309,-4.32,-4.32
68212,180,-447.8801,80.7309,-2.88,-4.32
68223,180,-448.5653,80.7309,-4.32,-4.32
68223,180,-448.5653,80.8527,-4.32,-4.32
68234,180,-447.9657,80.8527,-4.32,-4.32
68235,180,-447.9657,80.9474,-4.32,-4.32
68245,180,-450.6210,80.9474,-4.32,-4.32
68247,180,-450.6210,80.8753,-5.75,-4.32
68256,180,-448.3940,80.8753,-4.32,-4.32
68259,180,-448.3940,81.1008,-4.32,-4.32
68268,180,-450.4497,81.1008,-4.32,-4.32
68271,180,-450.4497,80.7038,-4.32,-4.32
68279,180,-448.5653,80.7038,-2.88,-4.32
68283,180,-448.5653,80.1399,-4.32,-4.32
68290,180,-469.1220,80.1399,-4.32,-4.32
68295,180,-469.1220,80.0181,-4.32,-2.88
68301,180,-469.8073,80.0181,-4.32,-4.32
68307,180,-469.8073,79.5624,-4.32,-4.32
68312,180,-469.7216,79.5624,-4.32,-4.32
68319,180,-469.7216,79.2375,-4.32,-4.32
68323,180,-449.2505,79.2375,-2.88,-4.32
68330,180,-449.2505,79.0706,-4.32,-4.32
68334,180,-460.8994,79.0706,-4.32,-4.32
68342,180,-460.8994,79.3278,-4.32,-4.32
68345,180,-459.4432,79.3278,-4.32,-4.32
68354,180,-459.4432,79.7158,-4.32,-4.32
68357,180,-458.8437,79.7158,-4.32,-4.32
68366,180,-458.8437,80.0812,-4.32,-4.32
68368,180,-460.8994,80.0812,-4.32,-4.32
68378,180,-460.8994,80.3023,-4.32,-4.32
68379,180,-453.0193,80.3023,-4.32,-4.32
68390,180,-453.0193,80.4376,-5.75,-4.32
68390,180,-448.1371,80.4376,-4.32,-2.88
68401,180,-447.8801,80.4376,-4.32,-4.32
68402,180,-447.8801,80.8347,-4.32,-4.32
68412,180,-469.1220,80.8347,-4.32,-4.32
68414,180,-469.1220,80.7083,-4.32,-4.32
68423,180,-469.8073,80.7083,-4.32,-4.32
68425,180,-469.8073,80.3429,-4.32,-4.32
68435,180,-450.4497,80.3429,-4.32,-4.32
68437,180,-450.4497,80.5143,-4.32,-4.32
68446,180,-451.9914,80.5143,-4.32,-4.32
68449,180,-451.9914,80.6722,-4.32,-4.32
68457,180,-458.9293,80.6722,-4.32,-4.32
68461,180,-458.9293,80.5324,-4.32,-4.32
68468,180,-447.8801,80.5324,-4.32,-2.88
68473,180,-447.8801,80.4737,-4.32,-4.32
68485,180,-447.8801,79.7970,-4.32,-4.32
68490,180,-460.8994,79.7970,-4.32,-4.32
68497,180,-460.8994,79.5082,-4.32,-4.32
68501,180,-447.9657,79.5082,-4.32,-4.32
68509,180,-447.9657,79.5398,-4.32,-4.32
68513,180,-447.8801,79.5398,-4.32,-4.32
68520,180,-447.8801,79.7067,-4.32,-4.32
68532,180,-447.8801,79.6210,-4.32,-4.32
68535,180,-467.3233,79.6210,-4.32,-4.32
68544,180,-467.3233,79.8737,-4.32,-4.32
68546,180,-465.0107,79.8737,-4.32,-4.32
68556,180,-465.0107,80.0857,-4.32,-4.32
68557,180,-452.6767,80.0857,-4.32,-4.32
68568,180,-452.6767,80.4512,-4.32,-4.32
68568,180,-464.4968,80.4512,-4.32,-4.32
68579,180,-450.7066,80.4512,-5.75,-4.32
68580,180,-450.7066,80.6046,-4.32,-4.32
68590,180,-447.8801,80.6046,-4.32,-4.32
68592,180,-447.8801,80.5504,-4.32,-4.32
68602,180,-460.4711,80.5504,-4.32,-4.32
68604,180,-460.4711,80.4737,-4.32,-4.32
68613,180,-459.1863,80.4737,-2.88,-4.32
68616,180,-459.1863,80.4467,-4.32,-4.32
68624,180,-447.8801,80.4467,-4.32,-2.88
68627,180,-447.8801,80.7940,-4.32,-4.32
68635,180,-467.4090,80.7940,-4.32,-4.32
68639,180,-467.4090,80.8256,-4.32,-4.32
68646,180,-460.1285,80.8256,-4.32,-4.32
68651,180,-460.1285,80.1669,-4.32,-4.32
68657,180,-448.1371,80.1669,-4.32,-4.32
68663,180,-448.1371,79.4857,-4.32,-4.32
68668,180,-447.8801,79.4857,-4.32,-4.32
68675,180,-447.8801,79.2601,-4.32,-4.32
68680,180,-459.6146,79.2601,-4.32,-4.32
68687,180,-459.6146,79.0165,-4.32,-4.32
68691,180,-458.8437,79.0165,-4.32,-4.32
68699,180,-458.8437,79.2330,-4.32,-4.32
68702,180,-447.8801,79.2330,-4.32,-4.32
68711,180,-447.8801,79.5082,-4.32,-4.32
68713,180,-450.6210,79.5082,-4.32,-4.32
68722,180,-450.6210,79.8737,-4.32,-4.32
68734,180,-450.6210,80.3654,-4.32,-4.32
68735,180,-448.2227,80.3654,-4.32,-4.32
68746,180,-448.2227,80.9339,-4.32,-4.32
68746,180,-452.0771,80.9339,-4.32,-4.32
68757,180,-458.8437,80.9339,-4.32,-4.32
68758,180,-458.8437,80.5955,-4.32,-4.32
68769,180,-449.5075,80.5955,-4.32,-4.32
68770,180,-449.5075,80.0406,-4.32,-4.32
68780,180,-448.4796,80.0406,-4.32,-4.32
68782,180,-448.4796,80.0135,-4.32,-4.32
68791,180,-467.0664,80.0135,-4.32,-4.32
68794,180,-467.0664,80.2075,-5.75,-4.32
68802,180,-467.3233,80.2075,-4.32,-4.32
68806,180,-467.3233,80.4015,-4.32,-4.32
68813,180,-450.2784,80.4015,-4.32,-4.32
68817,180,-450.2784,80.2933,-4.32,-4.32
68824,180,-458.8437,80.2933,-4.32,-4.32
68829,180,-458.8437,80.2842,-4.32,-4.32
68835,180,-467.2377,80.2842,-4.32,-4.32
68841,180,-467.2377,79.6797,-4.32,-4.32
68847,180,-452.1628,79.6797,-2.88,-4.32
68853,180,-452.1628,79.2601,-4.32,-4.32
68858,180,-451.9914,79.2601,-4.32,-4.32
68865,180,-451.9914,79.0526,-4.32,-2.88
68869,180,-447.8801,79.0526,-4.32,-4.32
68877,180,-447.8801,79.3774,-4.32,-4.32
68880,180,-458.8437,79.3774,-4.32,-4.32
68889,180,-458.8437,79.6165,-4.32,-4.32
68891,180,-447.8801,79.6165,-4.32,-4.32
68901,180,-447.8801,80.1850,-4.32,-5.75
68902,180,-459.6146,80.1850,-4.32,-4.32
68913,180,-459.6146,80.6046,-4.32,-4.32
68913,180,-465.0107,80.6046,-4.32,-5.75
68924,180,-465.0107,80.6722,-4.32,-4.32
68925,180,-464.4111,80.6722,-4.32,-4.32
68936,180,-468.5225,80.6722,-4.32,-4.32
68936,180,-468.5225,80.9926,-4.32,-4.32
68947,180,-464.3255,80.9926,-4.32,-4.32
68948,180,-464.3255,81.1685,-4.32,-4.32
68958,180,-447.9657,81.1685,-4.32,-4.32
68960,180,-447.9657,80.9159,-4.32,-4.32
68969,180,-447.8801,80.9159,-4.32,-4.32
68972,180,-447.8801,79.8827,-4.32,-4.32
68980,180,-464.3255,79.8827,-4.32,-2.88
68984,180,-464.3255,79.5759,-4.32,-2.88
68991,180,-467.6660,79.5759,-4.32,-4.32
68996,180,-467.6660,79.9188,-4.32,-4.32
69002,180,-461.4989,79.9188,-4.32,-4.32
69008,180,-461.4989,80.3654,-4.32,-4.32
69014,180,-459.1863,80.3654,-4.32,-5.75
69019,180,-459.1863,80.6813,-4.32,-4.32
69025,180,-465.3533,80.6813,-4.32,-4.32
69031,180,-465.3533,80.7625,-4.32,-4.32
69036,180,-458.8437,80.7625,-4.32,-4.32
69043,180,-458.8437,80.7083,-4.32,-4.32
69047,180,-467.0664,80.7083,-4.32,-4.32
69055,180,-467.0664,79.7383,-4.32,-4.32
69058,180,-450.6210,79.7383,-4.32,-4.32
69067,180,-450.6210,78.9668,-2.88,-4.32
69069,180,-450.0214,78.9668,-4.32,-4.32
69079,180,-450.0214,79.1112,-4.32,-4.32
69080,180,-464.4968,79.1112,-4.32,-4.32
69091,180,-464.4968,79.3142,-2.88,-5.75
69092,180,-464.3255,79.3142,-4.32,-4.32
69103,180,-464.3255,79.6075,-4.32,-4.32
69103,180,-451.9914,79.6075,-4.32,-4.32
69114,180,-460.4711,79.6075,-4.32,-4.32
69114,180,-460.4711,80.0361,-4.32,-4.32
69125,180,-447.8801,80.0361,-4.32,-4.32
69126,180,-447.8801,80.0722,-4.32,-4.32
69138,180,-447.8801,80.6001,-4.32,-4.32
69147,180,-459.1863,80.6001,-4.32,-4.32
69150,180,-459.1863,80.7895,-4.32,-4.32
69158,180,-449.9358,80.7895,-4.32,-4.32
69162,180,-449.9358,80.7580,-4.32,-4.32
69169,180,-447.8801,80.7580,-4.32,-5.75
69174,180,-447.8801,80.3835,-4.32,-4.32
69181,180,-464.3255,80.3835,-4.32,-4.32
69186,180,-464.3255,79.7970,-2.88,-4.32
69192,180,-448.0514,79.7970,-5.75,-4.32
69198,180,-448.0514,79.6481,-5.75,-4.32
69203,180,-447.8801,79.6481,-4.32,-4.32
69210,180,-447.8801,79.6571,-4.32,-4.32
69214,180,-458.8437,79.6571,-4.32,-4.32
69221,180,-458.8437,79.5849,-4.32,-2.88
69225,180,-464.8394,79.5849,-4.32,-4.32
69233,180,-464.8394,79.7970,-4.32,-1.44
69236,180,-447.8801,79.7970,-2.88,-4.32
69245,180,-447.8801,79.6616,-4.32,-4.32
69247,180,-449.5075,79.6616,-4.32,-4.32
69257,180,-449.5075,79.1157,-4.32,-4.32
69259,180,-468.4368,79.1157,-2.88,-4.32
69269,180,-468.4368,78.9984,-4.32,-4.32
69270,180,-450.6210,78.9984,-4.32,-4.32
69281,180,-450.6210,79.2601,-5.75,-4.32
69292,180,-447.8801,79.2601,-4.32,-4.32
69293,180,-447.8801,80.1308,-4.32,-4.32
69303,180,-464.4968,80.1308,-4.32,-4.32
69305,180,-464.4968,80.6001,-4.32,-4.32
69314,180,-459.4432,80.6001,-4.32,-5.75
69316,180,-459.4432,80.6948,-4.32,-4.32
69325,180,-464.3255,80.6948,-4.32,-4.32
69328,180,-464.3255,80.7309,-4.32,-4.32
69336,180,-450.0214,80.7309,-4.32,-4.32
69340,180,-450.0214,80.0226,-4.32,-4.32
69348,180,-447.8801,80.0226,-4.32,-4.32
69352,180,-447.8801,79.6887,-4.32,-4.32
69364,180,-447.8801,79.5173,-4.32,-4.32
69370,180,-464.3255,79.5173,-4.32,-4.32
69376,180,-464.3255,79.3458,-5.75,-4.32
69381,180,-447.8801,79.3458,-4.32,-4.32
69388,180,-447.8801,79.4361,-4.32,-4.32
69392,180,-465.0107,79.4361,-4.32,-4.32
69400,180,-465.0107,79.9414,-4.32,-4.32
69403,180,-448.2227,79.9414,-4.32,-4.32
69411,180,-448.2227,80.3519,-4.32,-4.32
69414,180,-452.6767,80.3519,-4.32,-4.32
69423,180,-452.6767,80.4376,-4.32,-2.88
69426,180,-468.4368,80.4376,-4.32,-4.32
69435,180,-468.4368,80.4512,-4.32,-4.32
69437,180,-464.3255,80.4512,-4.32,-4.32
69447,180,-464.3255,80.4331,-4.32,-4.32
69448,180,-447.8801,80.4331,-4.32,-4.32
69459,180,-450.7923,80.4331,-4.32,-5.75
69459,180,-450.7923,80.1669,-4.32,-4.32
69470,180,-448.1371,80.1669,-4.32,-4.32
69471,180,-448.1371,79.7022,-4.32,-4.32
69481,180,-448.6510,79.7022,-4.32,-4.32
69483,180,-448.6510,79.5488,-4.32,-4.32
69492,180,-448.9079,79.5488,-4.32,-4.32
69495,180,-448.9079,79.5940,-4.32,-4.32
69504,180,-465.6103,79.5940,-4.32,-5.75
69507,180,-465.6103,79.8421,-4.32,-4.32
69515,180,-452.6767,79.8421,-4.32,-4.32
69518,180,-452.6767,79.8601,-4.32,-4.32
69526,180,-447.8801,79.8601,-4.32,-2.88
69530,180,-447.8801,80.0316,-4.32,-4.32
69537,180,-460.8994,80.0316,-4.32,-4.32
69542,180,-460.8994,79.9955,-4.32,-4.32
69548,180,-449.0792,79.9955,-4.32,-4.32
69554,180,-449.0792,80.1805,-4.32,-4.32
69559,180,-467.3233,80.1805,-2.88,-4.32
69566,180,-467.3233,80.0767,-4.32,-4.32
69570,180,-447.8801,80.0767,-4.32,-4.32
69578,180,-447.8801,79.5534,-5.75,-4.32
69581,180,-467.4090,79.5534,-4.32,-4.32
69590,180,-467.4090,79.4361,-4.32,-4.32
69593,180,-447.8801,79.4361,-4.32,-4.32
69602,180,-447.8801,79.5218,-4.32,-4.32
69604,180,-451.9914,79.5218,-4.32,-4.32
69614,180,-451.9914,79.7067,-4.32,-4.32
69615,180,-458.8437,79.7067,-4.32,-4.32
69625,180,-458.8437,79.7022,-5.75,-4.32
69626,180,-468.4368,79.7022,-4.32,-2.88
69637,180,-447.8801,79.7022,-4.32,-4.32
69637,180,-447.8801,80.1714,-4.32,-4.32
69648,180,-460.2141,80.1714,-2.88,-4.32
69649,180,-460.2141,79.6571,-4.32,-4.32
69659,180,-449.1649,79.6571,-2.88,-4.32
69661,180,-449.1649,79.4000,-4.32,-4.32
69671,180,-447.9657,79.4000,-4.32,-4.32
69673,180,-447.9657,79.6255,-4.32,-4.32
69682,180,-461.4989,79.6255,-4.32,-4.32
69685,180,-461.4989,79.5534,-4.32,-5.75
69693,180,-449.1649,79.5534,-4.32,-4.32
69697,180,-449.1649,79.8917,-4.32,-4.32
69704,180,-449.2505,79.8917,-4.32,-4.32
69709,180,-449.2505,80.0857,-4.32,-4.32
69715,180,-447.8801,80.0857,-4.32,-4.32
69720,180,-447.8801,80.0451,-4.32,-4.32
69726,180,-458.8437,80.0451,-4.32,-4.32
69732,180,-458.8437,79.8511,-4.32,-5.75
69737,180,-448.5653,79.8511,-4.32,-4.32
69744,180,-448.5653,79.4947,-4.32,-4.32
69749,180,-451.9914,79.4947,-4.32,-4.32
69756,180,-451.9914,79.4767,-4.32,-4.32
69760,180,-458.8437,79.4767,-4.32,-4.32
69768,180,-458.8437,79.8692,-4.32,-4.32
69771,180,-448.0514,79.8692,-2.88,-5.75
69780,180,-448.0514,79.9053,-4.32,-4.32
69782,180,-447.8801,79.9053,-4.32,-4.32
69792,180,-447.8801,80.0857,-4.32,-4.32
69804,180,-447.8801,80.0722,-4.32,-4.32
69804,180,-464.4968,80.0722,-2.88,-4.32
69815,180,-480.7709,80.0722,-4.32,-4.32
69816,180,-480.7709,79.8782,-4.32,-4.32
69826,180,-471.1777,79.8782,-4.32,-4.32
69827,180,-471.1777,79.6842,-4.32,-4.32
69838,180,-451.9914,79.6842,-4.32,-4.32
69839,180,-451.9914,79.5985,-4.32,-4.32
69849,180,-447.8801,79.5985,-4.32,-5.75
69851,180,-447.8801,79.2962,-4.32,-4.32
69860,180,-467.4090,79.2962,-4.32,-4.32
69863,180,-467.4090,79.7203,-4.32,-5.75
69871,180,-467.0664,79.7203,-4.32,-4.32
69875,180,-467.0664,79.9053,-4.32,-4.32
69882,180,-460.1285,79.9053,-4.32,-4.32
69887,180,-460.1285,79.8241,-4.32,-5.75
69893,180,-464.4111,79.8241,-4.32,-4.32
69899,180,-464.4111,79.7699,-4.32,-4.32
69904,180,-449.3362,79.7699,-4.32,-4.32
69911,180,-449.3362,79.5804,-4.32,-4.32
69916,180,-459.5289,79.5804,-4.32,-4.32
69922,180,-459.5289,79.8511,-4.32,-4.32
69927,180,-447.9657,79.8511,-4.32,-4.32
69934,180,-447.9657,79.9459,-4.32,-4.32
69938,180,-449.2505,79.9459,-4.32,-4.32
69946,180,-449.2505,80.0135,-4.32,-4.32
69949,180,-450.6210,80.0135,-4.32,-2.88
69958,180,-450.6210,79.9323,-4.32,-4.32
69960,180,-464.3255,79.9323,-4.32,-4.32
69970,180,-464.3255,79.6481,-4.32,-4.32
69971,180,-449.5075,79.6481,-4.32,-4.32
69982,180,-449.5075,79.4857,-4.32,-4.32
69982,180,-468.6081,79.4857,-4.32,-4.32
69993,180,-458.9293,79.4857,-4.32,-4.32
69994,180,-458.9293,79.0029,-4.32,-4.32
70005,180,-448.1371,79.0029,-4.32,-4.32
70006,180,-448.1371,78.7187,-4.32,-5.75
70016,180,-447.9657,78.7187,-4.32,-4.32
70018,180,-447.9657,78.7954,-4.32,-4.32
70027,180,-460.3854,78.7954,-4.32,-4.32
70029,180,-460.3854,79.0616,-4.32,-4.32
70038,180,-447.8801,79.0616,-4.32,-4.32
70041,180,-447.8801,79.2556,-4.32,-4.32
70049,180,-449.9358,79.2556,-4.32,-2.88
70053,180,-449.9358,79.3594,-4.32,-4.32
70060,180,-451.9914,79.3594,-4.32,-4.32
70065,180,-451.9914,79.6391,-4.32,-4.32
70071,180,-464.4111,79.6391,-4.32,-4.32
70077,180,-464.4111,79.9143,-4.32,-5.75
70083,180,-448.1371,79.9143,-4.32,-4.32
70089,180,-448.1371,79.8511,-4.32,-4.32
70094,180,-448.5653,79.8511,-4.32,-4.32
70101,180,-448.5653,79.9910,-4.32,-4.32
70105,180,-460.2141,79.9910,-4.32,-4.32
70113,180,-460.2141,79.6030,-4.32,-4.32
70116,180,-450.6210,79.6030,-4.32,-4.32
70124,180,-450.6210,79.0210,-4.32,-4.32
70127,180,-447.8801,79.0210,-4.32,-4.32
70136,180,-447.8801,78.8089,-4.32,-4.32
70138,180,-448.9079,78.8089,-4.32,-4.32
70148,180,-448.9079,78.7819,-4.32,-4.32
70149,180,-453.0193,78.7819,-4.32,-4.32
70160,180,-453.0193,79.1202,-4.32,-4.32
70161,180,-448.4796,79.1202,-4.32,-2.88
70172,180,-464.3255,79.1202,-4.32,-2.88
70172,180,-464.3255,79.3458,-4.32,-4.32
70183,180,-447.9657,79.3458,-5.75,-4.32
70184,180,-447.9657,79.1789,-4.32,-4.32
70194,180,-449.2505,79.1789,-4.32,-2.88
70196,180,-449.2505,79.2646,-4.32,-4.32
70205,180,-467.0664,79.2646,-4.32,-4.32
70208,180,-467.0664,79.7654,-4.32,-5.75
70216,180,-468.4368,79.7654,-4.32,-4.32
70220,180,-468.4368,79.8647,-4.32,-4.32
70227,180,-464.3255,79.8647,-4.32,-4.32
70231,180,-464.3255,79.6707,-4.32,-4.32
70238,180,-448.2227,79.6707,-4.32,-4.32
70243,180,-448.2227,79.2962,-4.32,-4.32
70250,180,-450.6210,79.2962,-4.32,-4.32
70255,180,-450.6210,79.2150,-2.88,-4.32
70261,180,-467.0664,79.2150,-4.32,-4.32
70267,180,-467.0664,79.3548,-4.32,-4.32
70272,180,-458.8437,79.3548,-4.32,-4.32
70279,180,-458.8437,79.1157,-4.32,-4.32
70283,180,-448.9079,79.1157,-4.32,-4.32
70291,180,-448.9079,78.6691,-4.32,-4.32
70294,180,-464.4968,78.6691,-4.32,-4.32
70303,180,-464.4968,78.8134,-4.32,-5.75
70305,180,-464.3255,78.8134,-4.32,-4.32
70315,180,-464.3255,79.4180,-4.32,-4.32
70326,180,-464.3255,79.8647,-4.32,-4.32
70328,180,-465.0107,79.8647,-4.32,-4.32
70338,180,-465.0107,79.9955,-4.32,-4.32
70339,180,-467.0664,79.9955,-4.32,-5.75
70350,180,-464.3255,79.9955,-4.32,-4.32
70350,180,-464.3255,79.9143,-4.32,-2.88
70361,180,-447.8801,79.9143,-4.32,-4.32
70362,180,-447.8801,79.5308,-4.32,-4.32
70372,180,-460.8994,79.5308,-4.32,-4.32
70374,180,-460.8994,79.3954,-4.32,-4.32
70383,180,-447.8801,79.3954,-4.32,-4.32
70386,180,-447.8801,78.7232,-4.32,-4.32
70394,180,-458.8437,78.7232,-4.32,-4.32
70398,180,-458.8437,78.5563,-4.32,-4.32
70405,180,-452.7623,78.5563,-4.32,-4.32
70410,180,-452.7623,78.8134,-4.32,-4.32
70417,180,-447.8801,78.8134,-4.32,-4.32
70422,180,-447.8801,79.0661,-4.32,-4.32
70433,180,-447.8801,79.4406,-4.32,-4.32
70439,180,-450.6210,79.4406,-4.32,-4.32
70445,180,-450.6210,79.8872,-2.88,-5.75
70450,180,-464.3255,79.8872,-4.32,-4.32
70457,180,-464.3255,79.7744,-4.32,-4.32
70461,180,-460.8994,79.7744,-4.32,-4.32
70469,180,-460.8994,79.3819,-4.32,-4.32
70472,180,-461.2420,79.3819,-4.32,-4.32
70481,180,-461.2420,79.0345,-4.32,-4.32
70483,180,-464.3255,79.0345,-4.32,-4.32
70493,180,-464.3255,78.9939,-4.32,-4.32
70495,180,-459.0150,78.9939,-4.32,-4.32
70505,180,-459.0150,79.3007,-4.32,-4.32
70506,180,-448.1371,79.3007,-4.32,-4.32
70517,180,-448.1371,79.3458,-4.32,-4.32
70517,180,-448.2227,79.3458,-4.32,-4.32
70528,180,-469.6360,79.3458,-4.32,-5.75
70528,180,-469.6360,79.7654,-4.32,-4.32
70539,180,-448.9079,79.7654,-4.32,-4.32
70540,180,-448.9079,80.1714,-4.32,-4.32
70550,180,-449.9358,80.1714,-4.32,-2.88
70552,180,-449.9358,79.9774,-4.32,-4.32
70561,180,-468.4368,79.9774,-4.32,-4.32
70564,180,-468.4368,79.6842,-4.32,-4.32
70572,180,-461.2420,79.6842,-4.32,-2.88
70576,180,-461.2420,79.3954,-4.32,-4.32
70584,180,-452.1628,79.3954,-4.32,-4.32
70588,180,-452.1628,78.9578,-4.32,-4.32
70595,180,-458.8437,78.9578,-4.32,-4.32
70600,180,-458.8437,78.9894,-4.32,-4.32
70606,180,-460.8994,78.9894,-4.32,-4.32
70612,180,-460.8994,79.1518,-4.32,-4.32
70617,180,-467.1520,79.1518,-4.32,-4.32
70624,180,-467.1520,79.3187,-4.32,-4.32
70628,180,-464.3255,79.3187,-4.32,-4.32
70635,180,-464.3255,79.3819,-4.32,-4.32
70639,180,-447.8801,79.3819,-4.32,-4.32
70647,180,-447.8801,79.1744,-4.32,-4.32
70650,180,-461.2420,79.1744,-4.32,-4.32
70659,180,-461.2420,79.3909,-4.32,-5.75
70662,180,-460.8994,79.3909,-4.32,-4.32
70671,180,-460.8994,79.6842,-4.32,-4.32
70673,180,-461.4989,79.6842,-4.32,-4.32
70683,180,-461.4989,79.5940,-2.88,-4.32
70684,180,-459.5289,79.5940,-4.32,-5.75
70695,180,-459.5289,79.7925,-4.32,-4.32
70695,180,-467.1520,79.7925,-4.32,-4.32
70706,180,-453.1906,79.7925,-4.32,-4.32
70707,180,-453.1906,80.0902,-4.32,-2.88
70717,180,-447.8801,80.0902,-4.32,-4.32
70719,180,-447.8801,80.3519,-4.32,-4.32
70730,180,-447.8801,80.3745,-2.88,-4.32
70739,180,-458.8437,80.3745,-4.32,-4.32
70742,180,-458.8437,80.2887,-4.32,-2.88
70751,180,-449.9358,80.2887,-2.88,-4.32
70754,180,-449.9358,79.7022,-4.32,-4.32
70762,180,-459.0150,79.7022,-4.32,-4.32
70766,180,-459.0150,79.6301,-4.32,-4.32
70773,180,-468.6081,79.6301,-4.32,-4.32
70778,180,-468.6081,79.5579,-4.32,-4.32
70784,180,-464.9250,79.5579,-4.32,-5.75
70790,180,-464.9250,79.2285,-4.32,-4.32
70795,180,-474.1756,79.2285,-2.88,-4.32
70802,180,-474.1756,79.3368,-2.88,-4.32
70806,180,-480.7709,79.3368,-4.32,-5.75
70814,180,-480.7709,79.6526,-4.32,-4.32
70817,180,-447.9657,79.6526,-4.32,-4.32
70826,180,-447.9657,80.1895,-4.32,-4.32
70829,180,-464.4111,80.1895,-4.32,-4.32
70837,180,-464.4111,80.5098,-2.88,-4.32
70840,180,-467.1520,80.5098,-4.32,-4.32
70849,180,-467.1520,79.7834,-4.32,-4.32
70851,180,-450.9636,79.7834,-4.32,-4.32
70861,180,-450.9636,79.1473,-4.32,-4.32
70862,180,-450.2784,79.1473,-4.32,-4.32
70873,180,-450.2784,78.9443,-4.32,-4.32
70873,180,-447.8801,78.9443,-5.75,-4.32
70884,180,-449.5075,78.9443,-2.88,-4.32
70885,180,-449.5075,79.1293,-4.32,-4.32
70895,180,-464.3255,79.1293,-4.32,-4.32
70897,180,-464.3255,79.3187,-2.88,-4.32
70906,180,-467.2377,79.3187,-4.32,-4.32
70909,180,-467.2377,79.5082,-4.32,-4.32
70918,180,-448.9079,79.5082,-4.32,-4.32
70921,180,-448.9079,79.9684,-4.32,-2.88
70929,180,-448.6510,79.9684,-4.32,-4.32
70933,180,-448.6510,80.1308,-4.32,-4.32
70940,180,-448.1371,80.1308,-2.88,-4.32
70944,180,-448.1371,79.6301,-4.32,-4.32
70951,180,-447.8801,79.6301,-4.32,-4.32
70956,180,-447.8801,79.3368,-4.32,-4.32
70962,180,-464.3255,79.3368,-4.32,-5.75
70968,180,-464.3255,79.1338,-4.32,-4.32
70973,180,-447.8801,79.1338,-4.32,-4.32
70980,180,-447.8801,79.3097,-4.32,-4.32
70984,180,-448.5653,79.3097,-4.32,-4.32
70992,180,-448.5653,79.7428,-4.32,-4.32
70996,180,-461.4133,79.7428,-4.32,-4.32
71004,180,-461.4133,80.1128,-4.32,-4.32
71007,180,-450.9636,80.1128,-4.32,-5.75
71016,180,-450.9636,79.4857,-4.32,-4.32
71018,180,-458.8437,79.4857,-4.32,-4.32
71028,180,-458.8437,79.0390,-4.32,-4.32
71029,180,-467.4090,79.0390,-4.32,-4.32
71039,180,-467.4090,79.0120,-4.32,-5.75
71040,180,-469.4647,79.0120,-4.32,-4.32
71051,180,-452.1628,79.0120,-4.32,-5.75
71051,180,-452.1628,79.1654,-4.32,-4.32
71062,180,-452.6767,79.1654,-4.32,-4.32
71063,180,-452.6767,78.7322,-4.32,-4.32
71074,180,-451.2206,78.7322,-4.32,-4.32
71075,180,-451.2206,78.8540,-5.75,-4.32
71085,180,-450.6210,78.8540,-2.88,-4.32
71087,180,-450.6210,78.8811,-4.32,-4.32
71096,180,-450.9636,78.8811,-4.32,-4.32
71099,180,-450.9636,78.6736,-2.88,-4.32
71107,180,-469.4647,78.6736,-4.32,-4.32
71111,180,-469.4647,79.0255,-4.32,-4.32
71118,180,-449.2505,79.0255,-4.32,-4.32
71123,180,-449.2505,79.0435,-4.32,-2.88
71129,180,-448.6510,79.0435,-4.32,-4.32
71134,180,-448.6510,79.2962,-4.32,-4.32
71140,180,-448.4796,79.2962,-4.32,-4.32
71146,180,-448.4796,79.3233,-4.32,-4.32
71151,180,-450.6210,79.3233,-5.75,-4.32
71158,180,-450.6210,79.3007,-4.32,-4.32
71163,180,-450.9636,79.3007,-4.32,-4.32
71170,180,-450.9636,79.3368,-4.32,-2.88
71174,180,-447.8801,79.3368,-4.32,-4.32
71182,180,-447.8801,79.0255,-4.32,-2.88
71185,180,-458.9293,79.0255,-4.32,-4.32
71194,180,-458.9293,79.0480,-4.32,-4.32
71196,180,-451.9914,79.0480,-4.32,-5.75
71206,180,-451.9914,79.0616,-4.32,-4.32
71207,180,-450.6210,79.0616,-4.32,-4.32
71218,180,-450.6210,79.2195,-4.32,-4.32
71218,180,-448.0514,79.2195,-4.32,-4.32
71229,180,-469.6360,79.2195,-4.32,-4.32
71230,180,-469.6360,78.9623,-4.32,-4.32
71241,180,-468.6081,78.9623,-4.32,-4.32
71241,180,-468.6081,78.7097,-4.32,-4.32
71252,180,-447.8801,78.7097,-4.32,-4.32
71253,180,-447.8801,78.7187,-4.32,-4.32
71263,180,-467.5803,78.7187,-4.32,-4.32
71265,180,-467.5803,78.8450,-4.32,-4.32
71274,180,-468.4368,78.8450,-4.32,-5.75
71277,180,-468.4368,79.0390,-4.32,-4.32
71285,180,-448.6510,79.0390,-4.32,-5.75
71289,180,-448.6510,78.7367,-4.32,-4.32
71296,180,-467.0664,78.7367,-4.32,-4.32
71301,180,-467.0664,78.6916,-4.32,-2.88
71313,180,-467.0664,79.2195,-4.32,-4.32
71319,180,-468.4368,79.2195,-4.32,-4.32
71325,180,-468.4368,79.1383,-4.32,-4.32
71330,180,-467.4090,79.1383,-4.32,-4.32
71336,180,-467.4090,79.6571,-4.32,-4.32
71341,180,-459.0150,79.6571,-4.32,-4.32
71348,180,-459.0150,79.8241,-4.32,-4.32
71352,180,-465.3533,79.8241,-4.32,-4.32
71360,180,-465.3533,79.9684,-4.32,-4.32
71363,180,-447.8801,79.9684,-4.32,-2.88
71372,180,-447.8801,79.7474,-4.32,-4.32
71374,180,-464.3255,79.7474,-4.32,-4.32
71384,180,-464.3255,79.4361,-4.32,-2.88
71385,180,-469.6360,79.4361,-4.32,-4.32
71396,180,-469.6360,79.3187,-4.32,-4.32
71396,180,-448.9079,79.3187,-5.75,-5.75
71408,180,-459.5289,79.3187,-4.32,-4.32
71408,180,-459.5289,78.6420,-4.32,-4.32
71419,180,-448.9079,78.6420,-4.32,-4.32
71420,180,-448.9079,78.1999,-4.32,-2.88
71430,180,-448.2227,78.1999,-4.32,-4.32
71432,180,-448.2227,78.5067,-4.32,-4.32
71441,180,-459.4432,78.5067,-4.32,-4.32
71443,180,-459.4432,78.6510,-4.32,-4.32
71452,180,-467.1520,78.6510,-4.32,-4.32
71455,180,-467.1520,79.1293,-2.88,-4.32
71463,180,-448.5653,79.1293,-4.32,-4.32
71467,180,-448.5653,79.2421,-4.32,-4.32
71474,180,-447.8801,79.2421,-4.32,-4.32
71479,180,-447.8801,79.4225,-4.32,-4.32
71486,180,-467.0664,79.4225,-4.32,-4.32
71491,180,-467.0664,79.5263,-4.32,-4.32
71497,180,-451.9914,79.5263,-4.32,-4.32
71503,180,-451.9914,79.2421,-4.32,-4.32
71508,180,-460.2141,79.2421,-4.32,-4.32
71515,180,-460.2141,79.4135,-4.32,-4.32
71519,180,-447.8801,79.4135,-4.32,-4.32
71527,180,-447.8801,79.5985,-4.32,-4.32
71538,180,-447.8801,79.5398,-4.32,-4.32
71541,180,-465.3533,79.5398,-4.32,-4.32
71550,180,-465.3533,79.6120,-4.32,-4.32
71552,180,-447.8801,79.6120,-4.32,-4.32
71562,180,-447.8801,79.7880,-4.32,-4.32
71574,180,-447.8801,79.5804,-2.88,-4.32
71575,180,-451.9914,79.5804,-2.88,-4.32
71586,180,-447.8801,79.5804,-4.32,-4.32
71586,180,-447.8801,79.0480,-4.32,-4.32
71598,180,-447.8801,78.7774,-4.32,-4.32
71608,180,-469.7216,78.7774,-4.32,-5.75
71610,180,-469.7216,78.9894,-4.32,-4.32
71619,180,-467.0664,78.9894,-4.32,-4.32
71622,180,-467.0664,79.1383,-4.32,-4.32
71630,180,-447.8801,79.1383,-4.32,-4.32
71633,180,-447.8801,79.0571,-4.32,-5.75
71641,180,-469.2077,79.0571,-4.32,-4.32
71645,180,-469.2077,78.9668,-4.32,-4.32
71653,180,-469.1220,78.9668,-4.32,-4.32
71657,180,-469.1220,78.9939,-4.32,-4.32
71664,180,-450.4497,78.9939,-4.32,-4.32
71669,180,-450.4497,79.0435,-4.32,-4.32
71675,180,-467.5803,79.0435,-4.32,-4.32
71681,180,-467.5803,79.3413,-4.32,-4.32
71686,180,-467.6660,79.3413,-4.32,-4.32
71693,180,-467.6660,79.6661,-4.32,-4.32
71697,180,-458.8437,79.6661,-4.32,-4.32
71705,180,-458.8437,79.3819,-2.88,-4.32
71708,180,-461.4989,79.3819,-4.32,-4.32
71717,180,-461.4989,79.0887,-4.32,-4.32
71719,180,-464.3255,79.0887,-2.88,-4.32
71729,180,-464.3255,79.7609,-4.32,-4.32
71731,180,-467.4090,79.7609,-4.32,-5.75
71740,180,-467.4090,79.4451,-4.32,-2.88
71742,180,-469.6360,79.4451,-4.32,-4.32
71752,180,-469.6360,79.7744,-4.32,-4.32
71753,180,-464.4111,79.7744,-4.32,-4.32
71764,180,-464.3255,79.7744,-2.88,-4.32
71764,180,-464.3255,80.0090,-5.75,-4.32
71775,180,-464.6681,80.0090,-4.32,-4.32
71776,180,-464.6681,79.6616,-4.32,-4.32
71786,180,-468.4368,79.6616,-4.32,-4.32
71788,180,-468.4368,79.4090,-4.32,-4.32
71797,180,-448.4796,79.4090,-4.32,-4.32
71800,180,-448.4796,79.0210,-4.32,-4.32
71808,180,-458.8437,79.0210,-4.32,-4.32
71812,180,-458.8437,78.7774,-4.32,-4.32
71820,180,-469.2077,78.7774,-4.32,-5.75
71824,180,-469.2077,78.9759,-4.32,-5.75
71831,180,-468.4368,78.9759,-4.32,-2.88
71835,180,-468.4368,78.8811,-4.32,-4.32
71842,180,-460.2141,78.8811,-4.32,-4.32
71847,180,-460.2141,78.9037,-4.32,-2.88
71853,180,-447.8801,78.9037,-4.32,-4.32
71859,180,-447.8801,78.9443,-5.75,-4.32
71864,180,-458.8437,78.9443,-4.32,-2.88
71871,180,-458.8437,78.8947,-4.32,-4.32
71875,180,-447.8801,78.8947,-4.32,-5.75
71883,180,-447.8801,79.1563,-4.32,-4.32
71886,180,-469.6360,79.1563,-4.32,-4.32
71895,180,-469.6360,79.6210,-4.32,-4.32
71898,180,-448.2227,79.6210,-4.32,-4.32
71907,180,-448.2227,79.7880,-4.32,-4.32
71909,180,-448.5653,79.7880,-4.32,-2.88
71919,180,-448.5653,79.6210,-4.32,-4.32
71920,180,-468.4368,79.6210,-4.32,-5.75
71931,180,-468.4368,79.5669,-4.32,-4.32
71931,180,-459.1006,79.5669,-4.32,-4.32
71942,180,-459.0150,79.5669,-4.32,-2.88
71942,180,-459.0150,79.2962,-2.88,-4.32
71953,180,-448.0514,79.2962,-4.32,-4.32
71954,180,-448.0514,79.2827,-4.32,-4.32
71964,180,-468.4368,79.2827,-4.32,-4.32
71966,180,-468.4368,79.2511,-4.32,-4.32
71975,180,-447.9657,79.2511,-4.32,-4.32
71978,180,-447.9657,79.0210,-4.32,-4.32
71987,180,-458.9293,79.0210,-4.32,-5.75
71990,180,-458.9293,78.4029,-4.32,-4.32
71998,180,-447.9657,78.4029,-4.32,-4.32
72002,180,-447.9657,78.3127,-4.32,-4.32
72009,180,-469.6360,78.3127,-4.32,-4.32
72014,180,-469.6360,78.5563,-4.32,-4.32
72020,180,-449.2505,78.5563,-4.32,-4.32
72026,180,-449.2505,78.9082,-4.32,-2.88
72031,180,-449.9358,78.9082,-4.32,-5.75
72037,180,-449.9358,79.3729,-4.32,-4.32
72042,180,-467.0664,79.3729,-4.32,-4.32
72049,180,-467.0664,79.7248,-4.32,-4.32
72053,180,-464.6681,79.7248,-4.32,-4.32
72061,180,-464.6681,80.0812,-4.32,-4.32
72065,180,-447.8801,80.0812,-4.32,-4.32
72073,180,-447.8801,80.3384,-4.32,-4.32
72076,180,-467.6660,80.3384,-4.32,-2.88
72085,180,-467.6660,80.2301,-4.32,-4.32
72087,180,-448.4796,80.2301,-4.32,-4.32
72097,180,-448.4796,80.0406,-4.32,-4.32
72098,180,-460.3854,80.0406,-4.32,-4.32
72109,180,-460.3854,79.9549,-4.32,-4.32
72109,180,-450.6210,79.9549,-4.32,-4.32
72120,180,-447.8801,79.9549,-4.32,-4.32
72121,180,-447.8801,79.9504,-4.32,-4.32
72131,180,-450.6210,79.9504,-4.32,-4.32
72132,180,-450.6210,79.8195,-4.32,-4.32
72143,180,-469.7216,79.8195,-4.32,-4.32
72144,180,-469.7216,79.8601,-4.32,-4.32
72154,180,-449.2505,79.8601,-4.32,-5.75
72156,180,-449.2505,79.6255,-4.32,-4.32
72168,180,-449.2505,79.6120,-2.88,-4.32
72176,180,-450.4497,79.6120,-4.32,-4.32
72180,180,-450.4497,79.7067,-4.32,-4.32
72187,180,-458.8437,79.7067,-4.32,-4.32
72192,180,-458.8437,79.4045,-4.32,-4.32
72204,180,-458.8437,79.2150,-4.32,-4.32
72209,180,-448.2227,79.2150,-4.32,-4.32
72216,180,-448.2227,78.9623,-4.32,-4.32
72220,180,-464.9250,78.9623,-4.32,-4.32
72228,180,-464.9250,78.9262,-4.32,-4.32
72232,180,-468.5225,78.9262,-2.88,-4.32
72239,180,-468.5225,79.1022,-4.32,-4.32
72243,180,-464.4968,79.1022,-4.32,-2.88
72251,180,-464.4968,79.0977,-4.32,-4.32
72254,180,-449.5075,79.0977,-4.32,-4.32
72263,180,-449.5075,79.3368,-4.32,-4.32
72265,180,-468.4368,79.3368,-4.32,-4.32
72275,180,-468.4368,79.6391,-4.32,-4.32
72276,180,-447.8801,79.6391,-4.32,-4.32
72287,180,-447.8801,79.9684,-4.32,-4.32
72287,180,-449.9358,79.9684,-4.32,-4.32
72298,180,-447.9657,79.9684,-4.32,-4.32
72299,180,-447.9657,80.5008,-4.32,-5.75
72310,180,-449.1649,80.5008,-4.32,-4.32
72311,180,-449.1649,80.5640,-4.32,-4.32
72321,180,-460.3854,80.5640,-4.32,-4.32
72323,180,-460.3854,80.4106,-4.32,-4.32
72332,180,-467.0664,80.4106,-4.32,-4.32
72334,180,-467.0664,80.4557,-4.32,-4.32
72343,180,-468.4368,80.4557,-4.32,-4.32
72346,180,-468.4368,80.1985,-4.32,-4.32
72354,180,-450.7066,80.1985,-4.32,-5.75
72358,180,-450.7066,79.4586,-2.88,-4.32
72365,180,-458.8437,79.4586,-4.32,-4.32
72370,180,-458.8437,78.8270,-4.32,-4.32
72376,180,-447.8801,78.8270,-4.32,-4.32
72382,180,-447.8801,78.1683,-4.32,-4.32
72388,180,-448.5653,78.1683,-4.32,-4.32
72394,180,-448.5653,78.2089,-4.32,-4.32
72399,180,-468.4368,78.2089,-4.32,-4.32
72406,180,-468.4368,78.5157,-4.32,-4.32
72410,180,-464.3255,78.5157,-4.32,-4.32
72418,180,-464.3255,78.9398,-4.32,-4.32
72421,180,-450.6210,78.9398,-4.32,-4.32
72430,180,-450.6210,79.3052,-4.32,-4.32
72432,180,-469.8073,79.3052,-4.32,-4.32
72441,180,-469.8073,79.7834,-4.32,-5.75
72443,180,-458.8437,79.7834,-4.32,-4.32
72453,180,-458.8437,79.6165,-4.32,-4.32
72454,180,-450.6210,79.6165,-4.32,-4.32
72465,180,-450.6210,79.4947,-4.32,-4.32
72477,180,-453.1906,79.4947,-4.32,-4.32
72477,180,-453.1906,79.6346,-4.32,-4.32
72488,180,-469.4647,79.6346,-4.32,-4.32
72489,180,-469.4647,79.9955,-5.75,-5.75
72499,180,-450.2784,79.9955,-4.32,-4.32
72501,180,-450.2784,80.0677,-4.32,-4.32
72510,180,-458.8437,80.0677,-4.32,-4.32
72513,180,-458.8437,80.1940,-4.32,-4.32
72521,180,-469.1220,80.1940,-4.32,-4.32
72525,180,-469.1220,80.2166,-4.32,-4.32
72532,180,-460.0428,80.2166,-4.32,-4.32
72536,180,-460.0428,79.8556,-4.32,-4.32
72543,180,-459.6146,79.8556,-4.32,-4.32
72548,180,-459.6146,79.5669,-4.32,-4.32
72555,180,-467.1520,79.5669,-4.32,-2.88
72560,180,-467.1520,78.9398,-4.32,-4.32
72566,180,-459.1863,78.9398,-4.32,-5.75
72572,180,-459.1863,78.4976,-4.32,-4.32
72577,180,-450.7923,78.4976,-4.32,-4.32
72584,180,-450.7923,78.3081,-4.32,-5.75
72588,180,-469.1220,78.3081,-4.32,-4.32
72596,180,-469.1220,78.4706,-4.32,-4.32
72599,180,-458.8437,78.4706,-2.88,-4.32
72608,180,-458.8437,78.7007,-4.32,-4.32
72610,180,-450.6210,78.7007,-4.32,-4.32
72620,180,-450.6210,78.9714,-4.32,-4.32
72621,180,-460.8994,78.9714,-4.32,-2.88
72631,180,-460.8994,79.4000,-4.32,-4.32
72633,180,-449.0792,79.4000,-4.32,-4.32
72643,180,-449.0792,79.6752,-4.32,-4.32
72644,180,-448.9079,79.6752,-4.32,-4.32
72655,180,-458.9293,79.6752,-4.32,-4.32
72655,180,-458.9293,79.8466,-4.32,-4.32
72666,180,-459.0150,79.8466,-4.32,-4.32
72667,180,-459.0150,79.5579,-4.32,-4.32
72677,180,-448.3940,79.5579,-4.32,-2.88
72679,180,-448.3940,79.2601,-4.32,-4.32
72688,180,-448.6510,79.2601,-4.32,-4.32
72691,180,-448.6510,79.4947,-4.32,-4.32
72699,180,-448.4796,79.4947,-4.32,-4.32
72703,180,-448.4796,79.8737,-5.75,-4.32
72711,180,-467.5803,79.8737,-4.32,-4.32
72715,180,-467.5803,79.9955,-2.88,-2.88
72722,180,-465.0107,79.9955,-4.32,-4.32
72726,180,-465.0107,80.1669,-4.32,-4.32
72733,180,-452.6767,80.1669,-4.32,-4.32
72738,180,-452.6767,80.0902,-4.32,-4.32
72744,180,-450.6210,80.0902,-4.32,-4.32
72750,180,-450.6210,79.6255,-4.32,-5.75
72755,180,-469.4647,79.6255,-4.32,-4.32
72762,180,-469.4647,79.0300,-4.32,-4.32
72766,180,-448.2227,79.0300,-4.32,-4.32
72774,180,-448.2227,78.9398,-4.32,-4.32
72777,180,-452.1628,78.9398,-4.32,-4.32
72786,180,-452.1628,79.1112,-4.32,-4.32
72788,180,-448.0514,79.1112,-4.32,-4.32
72798,180,-448.0514,79.6030,-4.32,-4.32
72800,180,-458.8437,79.6030,-4.32,-4.32
72810,180,-458.8437,79.9774,-4.32,-4.32
72811,180,-449.1649,79.9774,-4.32,-4.32
72822,180,-449.1649,80.0632,-4.32,-4.32
72822,180,-464.3255,80.0632,-4.32,-4.32
72833,180,-467.0664,80.0632,-4.32,-4.32
72833,180,-467.0664,80.0541,-4.32,-4.32
72844,180,-460.8994,80.0541,-4.32,-4.32
72845,180,-460.8994,79.8376,-4.32,-4.32
72855,180,-458.8437,79.8376,-4.32,-4.32
72857,180,-458.8437,79.9955,-4.32,-4.32
72866,180,-452.7623,79.9955,-4.32,-4.32
72869,180,-452.7623,80.1760,-4.32,-4.32
72878,180,-447.8801,80.1760,-4.32,-4.32
72881,180,-447.8801,80.1940,-4.32,-4.32
72889,180,-458.8437,80.1940,-4.32,-4.32
72893,180,-458.8437,80.1579,-5.75,-4.32
72900,180,-464.3255,80.1579,-4.32,-4.32
72905,180,-464.3255,79.9639,-4.32,-4.32
72911,180,-458.8437,79.9639,-4.32,-4.32
72917,180,-458.8437,79.4496,-4.32,-4.32
72922,180,254.4754,79.4496,-4.32,-4.32
72928,180,254.4754,79.0841,-4.32,-4.32
72933,180,-451.2206,79.0841,-4.32,-4.32
72940,180,-451.2206,79.1608,-4.32,-4.32
72944,180,-465.3533,79.1608,-4.32,-4.32
72952,180,-465.3533,78.9172,-5.75,-4.32
72956,180,-447.8801,78.9172,-4.32,-4.32
72964,180,-447.8801,78.8495,-4.32,-4.32
72967,180,-449.2505,78.8495,-4.32,-4.32
72976,180,-449.2505,79.1654,-4.32,-4.32
72978,180,-458.8437,79.1654,-4.32,-4.32
72988,180,-458.8437,79.2556,-4.32,-5.75
72989,180,-447.8801,79.2556,-4.32,-4.32
73000,180,-447.8801,79.2330,-4.32,-4.32
73000,180,-447.9657,79.2330,-4.32,-2.88
73011,180,-467.4090,79.2330,-4.32,-4.32
73012,180,-467.4090,79.5759,-4.32,-4.32
73022,180,-467.0664,79.5759,-4.32,-4.32
73023,180,-467.0664,79.7609,-4.32,-4.32
73034,180,-447.8801,79.7609,-4.32,-5.75
73035,180,-447.8801,79.9368,-4.32,-4.32
73045,180,-450.7066,79.9368,-4.32,-4.32
73047,180,-450.7066,80.0947,-4.32,-4.32
73056,180,259.1863,80.0947,-4.32,-4.32
73059,180,259.1863,80.2166,-4.32,-5.75
73067,180,-467.5803,80.2166,-4.32,-5.75
73071,180,-467.5803,80.0090,-4.32,-4.32
73078,180,-448.5653,80.0090,-4.32,-5.75
73083,180,-448.5653,79.6797,-4.32,-4.32
73089,180,-460.0428,79.6797,-4.32,-4.32
73095,180,-460.0428,79.9414,-4.32,-4.32
73100,180,-464.3255,79.9414,-4.32,-4.32
73107,180,-464.3255,79.8195,-4.32,-4.32
73111,180,-447.8801,79.8195,-4.32,-4.32
73119,180,-447.8801,79.6481,-4.32,-4.32
73123,180,-464.4111,79.6481,-4.32,-4.32
73130,180,-464.4111,79.4721,-4.32,-4.32
73134,180,-458.8437,79.4721,-4.32,-2.88
73142,180,-458.8437,79.1247,-4.32,-4.32
73145,180,-452.6767,79.1247,-4.32,-4.32
73154,180,-452.6767,79.1744,-4.32,-4.32
73156,180,-447.8801,79.1744,-4.32,-4.32
73166,180,-447.8801,79.3187,-4.32,-4.32
73167,180,-458.8437,79.3187,-4.32,-4.32
73178,180,-458.8437,79.2646,-4.32,-4.32
73178,180,-468.4368,79.2646,-4.32,-4.32
73189,180,-467.4090,79.2646,-2.88,-4.32
73190,180,-467.4090,79.7293,-4.32,-4.32
73201,180,-465.3533,79.7293,-4.32,-5.75
73202,180,-465.3533,79.8872,-2.88,-4.32
73212,180,-458.8437,79.8872,-2.88,-4.32
73214,180,-458.8437,79.8827,-4.32,-4.32
73225,180,-458.8437,79.8556,-4.32,-4.32
73234,180,-451.9914,79.8556,-4.32,-4.32
73237,180,-451.9914,79.6571,-4.32,-5.75
73245,180,-452.6767,79.6571,-4.32,-4.32
73249,180,-452.6767,79.4902,-4.32,-4.32
73256,180,-464.3255,79.4902,-4.32,-4.32
73261,180,-464.3255,79.6661,-4.32,-4.32
73267,180,-452.6767,79.6661,-4.32,-4.32
73273,180,-452.6767,79.9594,-4.32,-4.32
73278,180,-469.4647,79.9594,-4.32,-4.32
73285,180,-469.4647,80.1624,-4.32,-4.32
73290,180,-448.2227,80.1624,-4.32,-4.32
73297,180,-448.2227,80.0632,-4.32,-4.32
73301,180,-461.2420,80.0632,-4.32,-4.32
73309,180,-461.2420,79.7248,-4.32,-4.32
73312,180,-464.3255,79.7248,-2.88,-4.32
73320,180,-464.3255,79.1518,-4.32,-4.32
73323,180,-452.2484,79.1518,-4.32,-2.88
73332,180,-452.2484,78.8134,-4.32,-4.32
73344,180,-452.2484,78.8540,-4.32,-4.32
73345,180,-449.9358,78.8540,-4.32,-5.75
73356,180,-449.9358,78.8901,-4.32,-4.32
73356,180,259.2719,78.8901,-4.32,-4.32
73368,180,259.2719,78.8901,-4.32,-4.32
73368,180,264.5824,78.8901,-4.32,-4.32
73368,180,264.5824,79.3278,-4.32,-4.32
73379,180,256.1884,79.3278,-2.88,-2.88
73380,180,256.1884,79.9278,-4.32,-5.75
73390,180,-447.8801,79.9278,-4.32,-4.32
73392,180,-447.8801,79.9143,-4.32,-4.32
73401,180,-450.9636,79.9143,-4.32,-4.32
73404,180,-450.9636,79.9098,-5.75,-4.32
73412,180,-449.0792,79.9098,-4.32,-5.75
73416,180,-449.0792,80.1805,-4.32,-4.32
73423,180,-452.6767,80.1805,-4.32,-4.32
73427,180,-452.6767,79.7880,-5.75,-4.32
73434,180,-469.1220,79.7880,-2.88,-4.32
73439,180,-469.1220,79.3503,-4.32,-4.32
73446,180,-447.8801,79.3503,-4.32,-4.32
73451,180,-447.8801,79.5037,-4.32,-4.32
73457,180,-452.6767,79.5037,-4.32,-4.32
73463,180,-452.6767,79.7789,-4.32,-4.32
73468,180,-459.3576,79.7789,-4.32,-4.32
73475,180,-459.3576,80.3158,-4.32,-4.32
73479,180,-459.1863,80.3158,-4.32,-4.32
73487,180,-459.1863,80.0812,-4.32,-4.32
73490,180,-447.8801,80.0812,-4.32,-4.32
73499,180,-447.8801,79.5263,-4.32,-4.32
73501,180,-451.9914,79.5263,-4.32,-4.32
73511,180,-451.9914,79.5308,-4.32,-4.32
73512,180,-464.3255,79.5308,-4.32,-2.88
73522,180,-464.3255,79.1924,-4.32,-4.32
73523,180,-460.8994,79.1924,-4.32,-4.32
73534,180,-460.8994,78.9804,-4.32,-5.75
73535,180,-467.0664,78.9804,-4.32,-4.32
73546,180,-449.9358,78.9804,-4.32,-4.32
73546,180,-449.9358,79.3278,-4.32,-4.32
73557,180,-447.8801,79.3278,-4.32,-4.32
73558,180,-447.8801,79.8150,-4.32,-4.32
73568,180,-448.1371,79.8150,-4.32,-4.32
73570,180,-448.1371,79.9007,-5.75,-4.32
73579,180,-459.5289,79.9007,-4.32,-4.32
73582,180,-459.5289,79.9368,-4.32,-4.32
73590,180,-465.0107,79.9368,-4.32,-4.32
73594,180,-465.0107,80.1263,-4.32,-4.32
73601,180,-458.8437,80.1263,-4.32,-4.32
73606,180,-458.8437,80.1760,-4.32,-4.32
73613,180,-459.1863,80.1760,-4.32,-4.32
73618,180,-459.1863,79.6616,-4.32,-4.32
73624,180,-458.8437,79.6616,-4.32,-4.32
73629,180,-458.8437,79.4000,-4.32,-4.32
73635,180,-459.1006,79.4000,-4.32,-4.32
73641,180,-459.1006,79.6481,-4.32,-4.32
73646,180,-467.5803,79.6481,-4.32,-4.32
73653,180,-467.5803,79.4767,-4.32,-4.32
73657,180,-448.9079,79.4767,-4.32,-4.32
73665,180,-448.9079,79.4541,-4.32,-4.32
73668,180,-447.8801,79.4541,-4.32,-4.32
73677,180,-447.8801,80.1218,-4.32,-4.32
73679,180,-452.0771,80.1218,-4.32,-4.32
73689,180,-452.0771,80.4782,-4.32,-4.32
73690,180,-458.9293,80.4782,-2.88,-4.32
73701,180,-458.9293,80.1399,-4.32,-4.32
73702,180,-448.5653,80.1399,-4.32,-4.32
73713,180,-448.5653,79.5037,-4.32,-4.32
73713,180,-460.9850,79.5037,-4.32,-4.32
73724,180,-452.2484,79.5037,-4.32,-4.32
73725,180,-452.2484,79.4541,-4.32,-4.32
73735,180,-451.9914,79.4541,-4.32,-4.32
73736,180,-451.9914,79.4361,-4.32,-2.88
73748,180,-451.9914,79.5849,-4.32,-4.32
73757,180,-465.6103,79.5849,-4.32,-4.32
73760,180,-465.6103,80.2030,-4.32,-2.88
73768,180,-447.9657,80.2030,-4.32,-4.32
73772,180,-447.9657,80.3609,-4.32,-4.32
73780,180,-447.8801,80.3609,-4.32,-2.88
73784,180,-447.8801,80.0316,-4.32,-4.32
73791,180,-459.1863,80.0316,-4.32,-4.32
73796,180,-459.1863,79.9865,-4.32,-4.32
73802,180,-449.2505,79.9865,-4.32,-4.32
73808,180,-449.2505,79.7609,-4.32,-4.32
73813,180,-447.8801,79.7609,-4.32,-4.32
73820,180,-447.8801,79.2872,-4.32,-4.32
73831,180,-447.8801,79.4812,-4.32,-5.75
73843,180,-447.8801,79.6030,-4.32,-4.32
73846,180,-459.6146,79.6030,-4.32,-4.32
73855,180,-459.6146,79.4992,-4.32,-4.32
73858,180,-451.9914,79.4992,-4.32,-4.32
73867,180,-451.9914,79.2646,-4.32,-4.32
73869,180,-460.8994,79.2646,-4.32,-4.32
73879,180,-460.8994,79.0300,-4.32,-4.32
73880,180,-458.8437,79.0300,-4.32,-4.32
73891,180,-458.8437,79.0255,-4.32,-4.32
73891,180,-450.6210,79.0255,-4.32,-4.32
73902,180,-467.0664,79.0255,-4.32,-5.75
73903,180,-467.0664,78.7052,-4.32,-4.32
73913,180,-458.8437,78.7052,-4.32,-4.32
73915,180,-458.8437,78.6014,-4.32,-2.88
73924,180,-448.6510,78.6014,-4.32,-4.32
73927,180,-448.6510,78.7458,-4.32,-2.88
73935,180,-452.6767,78.7458,-4.32,-4.32
73938,180,-452.6767,78.7954,-4.32,-2.88
73947,180,-447.8801,78.7954,-4.32,-4.32
73950,180,-447.8801,78.8766,-4.32,-4.32
73962,180,-447.8801,79.5669,-4.32,-4.32
73969,180,-459.8715,79.5669,-2.88,-4.32
73974,180,-459.8715,79.9684,-4.32,-4.32
73980,180,-458.8437,79.9684,-4.32,-4.32
73986,180,-458.8437,80.3429,-4.32,-4.32
73991,180,-459.5289,80.3429,-4.32,-4.32
73998,180,-459.5289,80.5955,-4.32,-5.75
74002,180,-448.2227,80.5955,-4.32,-4.32
74010,180,-448.2227,80.6136,-4.32,-4.32
74013,180,-461.2420,80.6136,-4.32,-4.32
74022,180,-461.2420,80.2301,-4.32,-4.32
74025,180,-449.4218,80.2301,-4.32,-5.75
74033,180,-449.4218,79.7880,-4.32,-4.32
74036,180,-464.3255,79.7880,-4.32,-4.32
74045,180,-464.3255,79.5353,-4.32,-4.32
74047,180,-447.8801,79.5353,-4.32,-4.32
74057,180,-447.8801,79.2421,-4.32,-4.32
74058,180,-464.3255,79.2421,-4.32,-2.88
74069,180,-449.3362,79.2421,-4.32,-4.32
74069,180,-449.3362,79.2014,-4.32,-4.32
74080,180,-448.5653,79.2014,-4.32,-5.75
74081,180,-448.5653,78.8360,-4.32,-4.32
74091,180,-449.3362,78.8360,-4.32,-4.32
74093,180,-449.3362,78.6194,-4.32,-4.32
74102,180,-464.4111,78.6194,-4.32,-4.32
74105,180,-464.4111,78.7052,-2.88,-4.32
74114,180,-464.3255,78.7052,-4.32,-4.32
74117,180,-464.3255,79.4270,-4.32,-4.32
74125,180,-450.6210,79.4270,-4.32,-4.32
74129,180,-450.6210,79.4812,-4.32,-4.32
74136,180,-464.3255,79.4812,-4.32,-4.32
74140,180,-464.3255,79.4180,-4.32,-4.32
74147,180,-458.8437,79.4180,-4.32,-4.32
74152,180,-458.8437,79.6030,-2.88,-4.32
74158,180,-459.1863,79.6030,-4.32,-4.32
74164,180,-459.1863,79.7834,-4.32,-4.32
74169,180,-467.5803,79.7834,-4.32,-4.32
74176,180,-467.5803,80.1128,-4.32,-4.32
74180,180,-459.5289,80.1128,-4.32,-5.75
74188,180,-459.5289,80.2256,-4.32,-4.32
74192,180,-451.2206,80.2256,-4.32,-5.75
74200,180,-451.2206,80.1354,-4.32,-2.88
74203,180,-448.2227,80.1354,-4.32,-4.32
74212,180,-448.2227,80.3609,-4.32,-2.88
74214,180,-450.6210,80.3609,-4.32,-5.75
74224,180,-450.6210,80.0812,-4.32,-4.32
74225,180,-459.0150,80.0812,-4.32,-4.32
74235,180,-459.0150,79.8601,-5.75,-4.32
74236,180,-448.4796,79.8601,-4.32,-4.32
74247,180,-448.6510,79.8601,-4.32,-4.32
74247,180,-448.6510,80.0406,-5.75,-4.32
74258,180,-464.4111,80.0406,-4.32,-4.32
74259,180,-464.4111,79.9053,-4.32,-4.32
74270,180,-464.3255,79.9053,-4.32,-4.32
74271,180,-464.3255,80.3429,-4.32,-4.32
74281,180,-447.9657,80.3429,-4.32,-4.32
74283,180,-447.9657,80.1850,-4.32,-2.88
74292,180,-447.8801,80.1850,-4.32,-4.32
74295,180,-447.8801,79.7113,-2.88,-4.32
74303,180,-459.4432,79.7113,-4.32,-4.32
74307,180,-459.4432,79.7744,-4.32,-4.32
74314,180,-458.8437,79.7744,-4.32,-4.32
74319,180,-458.8437,79.9007,-4.32,-4.32
74325,180,-467.4090,79.9007,-4.32,-4.32
74331,180,-467.4090,80.0677,-4.32,-4.32
74336,180,-447.8801,80.0677,-4.32,-4.32
74342,180,-447.8801,79.7699,-2.88,-4.32
74347,180,-453.0193,79.7699,-4.32,-4.32
74354,180,-453.0193,79.5218,-4.32,-5.75
74359,180,-447.9657,79.5218,-4.32,-4.32
74366,180,-447.9657,79.3774,-4.32,-4.32
74370,180,-459.8715,79.3774,-4.32,-5.75
74378,180,-459.8715,79.4270,-4.32,-4.32
74381,180,-449.2505,79.4270,-5.75,-4.32
74390,180,-449.2505,79.2285,-4.32,-4.32
74392,180,-461.2420,79.2285,-4.32,-4.32
74402,180,-461.2420,79.0435,-4.32,-4.32
74403,180,-447.8801,79.0435,-4.32,-4.32
74414,180,-447.8801,78.9398,-4.32,-4.32
74414,180,-452.1628,78.9398,-4.32,-4.32
74425,180,-448.1371,78.9398,-4.32,-4.32
74426,180,-448.1371,78.6330,-4.32,-4.32
74437,180,-452.1628,78.6330,-4.32,-4.32
74437,180,-452.1628,78.5834,-4.32,-4.32
74448,180,-467.0664,78.5834,-4.32,-2.88
74449,180,-467.0664,79.5624,-4.32,-4.32
74459,180,-460.4711,79.5624,-4.32,-4.32
74461,180,-460.4711,80.3564,-4.32,-4.32
74470,180,-447.8801,80.3564,-4.32,-4.32
74473,180,-447.8801,80.6722,-4.32,-4.32
74481,180,-467.1520,80.6722,-4.32,-4.32
74485,180,-467.1520,80.4061,-4.32,-4.32
74492,180,-464.3255,80.4061,-4.32,-4.32
74497,180,-464.3255,80.1128,-5.75,-4.32
74503,180,-461.4133,80.1128,-4.32,-4.32
74509,180,-461.4133,80.1308,-4.32,-5.75
74515,180,-448.6510,80.1308,-4.32,-4.32
74521,180,-448.6510,80.0632,-4.32,-5.75
74526,180,-467.2377,80.0632,-4.32,-4.32
74532,180,-467.2377,80.2887,-4.32,-4.32
74537,180,-460.8994,80.2887,-4.32,-4.32
74544,180,-460.8994,80.3384,-4.32,-4.32
74548,180,-458.8437,80.3384,-4.32,-4.32
74556,180,-458.8437,80.2752,-4.32,-4.32
74559,180,-448.9079,80.2752,-4.32,-4.32
74568,180,-448.9079,79.4045,-4.32,-4.32
74570,180,-452.6767,79.4045,-4.32,-4.32
74580,180,-452.6767,78.7548,-4.32,-4.32
74581,180,-448.9079,78.7548,-4.32,-4.32
74592,180,-448.9079,78.8360,-4.32,-4.32
74592,180,-458.9293,78.8360,-4.32,-4.32
74604,180,-458.8437,78.8360,-4.32,-4.32
74604,180,-458.8437,78.4796,-4.32,-4.32
74615,180,-449.3362,78.4796,-4.32,-4.32
74616,180,-449.3362,78.5473,-4.32,-4.32
74626,180,-464.3255,78.5473,-4.32,-4.32
74628,180,-464.3255,79.1247,-5.75,-4.32
74639,180,-464.3255,79.4857,-4.32,-4.32
74648,180,-460.2141,79.4857,-4.32,-5.75
74651,180,-460.2141,79.7699,-4.32,-4.32
74659,180,-464.5824,79.7699,-4.32,-4.32
74663,180,-464.5824,79.8376,-4.32,-4.32
74670,180,-447.9657,79.8376,-4.32,-4.32
74675,180,-447.9657,79.9007,-4.32,-4.32
74682,180,-469.2077,79.9007,-4.32,-4.32
74693,180,-448.9079,79.9007,-4.32,-4.32
74699,180,-448.9079,79.5353,-4.32,-4.32
74704,180,-450.6210,79.5353,-4.32,-4.32
74711,180,-450.6210,79.2872,-4.32,-2.88
74715,180,-447.8801,79.2872,-4.32,-4.32
74723,180,-447.8801,79.6120,-4.32,-4.32
74734,180,-447.8801,79.5759,-4.32,-4.32
74737,180,-468.6081,79.5759,-4.32,-4.32
74746,180,-468.6081,79.8105,-4.32,-4.32
74748,180,-448.9079,79.8105,-4.32,-4.32
74758,180,-448.9079,79.9143,-4.32,-4.32
74760,180,-464.3255,79.9143,-2.88,-2.88
74770,180,-464.3255,79.5985,-4.32,-4.32
74771,180,-448.2227,79.5985,-4.32,-4.32
74782,180,-464.3255,79.5985,-4.32,-2.88
74782,180,-464.3255,79.2105,-4.32,-4.32
74793,180,-447.8801,79.2105,-4.32,-4.32
74794,180,-447.8801,78.9623,-4.32,-4.32
74804,180,-464.5824,78.9623,-4.32,-4.32
74806,180,-464.5824,78.9398,-4.32,-4.32
74815,180,-449.2505,78.9398,-2.88,-4.32
74818,180,-449.2505,79.0345,-4.32,-4.32
74826,180,-464.4111,79.0345,-4.32,-4.32
74830,180,-464.4111,79.3458,-5.75,-4.32
74837,180,-458.8437,79.3458,-4.32,-4.32
74841,180,-458.8437,79.3323,-4.32,-4.32
74849,180,-447.8801,79.3323,-4.32,-4.32
74853,180,-447.8801,79.2827,-5.75,-2.88
74860,180,-450.7923,79.2827,-4.32,-4.32
74865,180,-450.7923,79.7022,-5.75,-4.32
74871,180,-447.8801,79.7022,-4.32,-4.32
74877,180,-447.8801,80.0857,-4.32,-4.32
74882,180,-467.0664,80.0857,-4.32,-4.32
74889,180,-467.0664,79.9910,-4.32,-4.32
74893,180,-465.0107,79.9910,-4.32,-4.32
74901,180,-465.0107,79.8195,-4.32,-4.32
74904,180,-458.8437,79.8195,-4.32,-4.32
74913,180,-458.8437,79.5263,-4.32,-4.32
74915,180,-464.3255,79.5263,-4.32,-4.32
74925,180,-464.3255,79.3548,-5.75,-4.32
74927,180,-447.8801,79.3548,-4.32,-4.32
74936,180,-447.8801,79.6436,-5.75,-4.32
74938,180,-458.8437,79.6436,-4.32,-5.75
74948,180,-458.8437,79.2330,-4.32,-4.32
74949,180,-449.4218,79.2330,-4.32,-2.88
74960,180,-467.0664,79.2330,-4.32,-5.75
74960,180,-467.0664,78.9804,-4.32,-4.32
74971,180,-447.8801,78.9804,-4.32,-4.32
74972,180,-447.8801,79.1247,-4.32,-4.32
74982,180,-464.5824,79.1247,-4.32,-4.32
74984,180,-464.5824,79.3594,-4.32,-4.32
74993,180,-467.0664,79.3594,-4.32,-4.32
74996,180,-467.0664,79.5714,-4.32,-4.32
75005,180,-469.6360,79.5714,-4.32,-4.32
75008,180,-469.6360,79.4586,-4.32,-4.32
75016,180,254.9036,79.4586,-4.32,-4.32
75020,180,254.9036,79.4225,-4.32,-4.32
75027,180,-460.2141,79.4225,-4.32,-4.32
75031,180,-460.2141,79.6346,-4.32,-4.32
75038,180,-464.3255,79.6346,-4.32,-4.32
75043,180,-464.3255,79.7067,-4.32,-4.32
75055,180,-464.3255,79.8331,-4.32,-4.32
75060,180,-458.8437,79.8331,-4.32,-4.32
75067,180,-458.8437,79.9323,-4.32,-4.32
75079,180,-458.8437,79.8195,-4.32,-4.32
75082,180,-447.8801,79.8195,-4.32,-2.88
75091,180,-447.8801,79.5669,-4.32,-4.32
75094,180,-464.3255,79.5669,-4.32,-4.32
75103,180,-464.3255,79.3458,-4.32,-4.32
75105,180,-447.8801,79.3458,-4.32,-4.32
75115,180,-447.8801,78.8811,-4.32,-4.32
75116,180,-467.0664,78.8811,-4.32,-4.32
75127,180,-467.0664,78.6510,-4.32,-4.32
75127,180,-449.2505,78.6510,-4.32,-4.32
75138,180,-448.3940,78.6510,-4.32,-4.32
75138,180,-448.3940,78.5157,-4.32,-4.32
75149,180,-449.2505,78.5157,-4.32,-5.75
75150,180,-449.2505,78.6510,-4.32,-4.32
75160,180,-460.2141,78.6510,-4.32,-4.32
75162,180,-460.2141,78.5518,-4.32,-4.32
75172,180,-458.8437,78.5518,-4.32,-4.32
75174,180,-458.8437,79.0210,-4.32,-4.32
75186,180,-458.8437,79.1383,-4.32,-4.32
75194,180,-447.8801,79.1383,-4.32,-4.32
75198,180,-447.8801,79.0661,-4.32,-4.32
75205,180,-469.1220,79.0661,-4.32,-4.32
75210,180,-469.1220,78.8089,-4.32,-4.32
75216,180,-464.4111,78.8089,-5.75,-4.32
75222,180,-464.4111,78.3894,-4.32,-4.32
75227,180,-447.8801,78.3894,-4.32,-5.75
75234,180,-447.8801,78.3307,-4.32,-4.32
75238,180,-458.9293,78.3307,-4.32,-4.32
75245,180,-458.9293,78.9623,-4.32,-5.75
75250,180,-449.9358,78.9623,-4.32,-4.32
75257,180,-449.9358,78.9172,-4.32,-4.32
75261,180,-459.5289,78.9172,-4.32,-4.32
75269,180,-459.5289,78.8270,-4.32,-4.32
75272,180,-451.9914,78.8270,-2.88,-4.32
75281,180,-451.9914,78.6961,-4.32,-4.32
75283,180,-452.7623,78.6961,-4.32,-5.75
75293,180,-452.7623,78.3984,-4.32,-4.32
75294,180,-467.0664,78.3984,-4.32,-4.32
75305,180,-467.0664,78.1683,-4.32,-4.32
75305,180,-447.8801,78.1683,-4.32,-4.32
75316,180,-458.8437,78.1683,-4.32,-5.75
75317,180,-458.8437,77.8299,-4.32,-4.32
75327,180,-449.9358,77.8299,-2.88,-4.32
75329,180,-449.9358,77.5412,-4.32,-4.32
75339,180,-447.8801,77.5412,-4.32,-4.32
75340,180,-447.8801,77.6585,-4.32,-4.32
75350,180,-460.8994,77.6585,-4.32,-4.32
75352,180,-460.8994,78.0420,-4.32,-4.32
75361,180,-447.8801,78.0420,-4.32,-4.32
75364,180,-447.8801,77.9517,-4.32,-4.32
75376,180,-447.8801,78.3172,-4.32,-4.32
75383,180,-449.9358,78.3172,-4.32,-4.32
75388,180,-449.9358,78.5608,-4.32,-4.32
75394,180,-469.1220,78.5608,-4.32,-4.32
75400,180,-469.1220,79.1789,-4.32,-4.32
75405,180,-448.5653,79.1789,-4.32,-5.75
75412,180,-448.5653,79.3007,-4.32,-4.32
75417,180,-458.8437,79.3007,-4.32,-4.32
75424,180,-458.8437,79.2736,-4.32,-4.32
75428,180,-452.1628,79.2736,-4.32,-4.32
75436,180,-452.1628,78.9127,-4.32,-4.32
75439,180,-448.5653,78.9127,-4.32,-4.32
75447,180,-448.5653,78.4480,-4.32,-4.32
75450,180,-458.8437,78.4480,-4.32,-4.32
75459,180,-458.8437,78.2540,-4.32,-4.32
75461,180,-470.8351,78.2540,-4.32,-4.32
75471,180,-470.8351,77.7983,-4.32,-4.32
75472,180,-458.9293,77.7983,-5.75,-4.32
75483,180,-458.9293,77.5818,-4.32,-4.32
75483,180,-458.8437,77.5818,-2.88,-4.32
75494,180,-461.4133,77.5818,-4.32,-4.32
75495,180,-461.4133,77.7171,-4.32,-2.88
75506,180,-452.1628,77.7171,-4.32,-4.32
75507,180,-452.1628,77.8841,-4.32,-4.32
75517,180,-447.8801,77.8841,-4.32,-4.32
75519,180,-447.8801,77.8976,-4.32,-4.32
75528,180,-467.6660,77.8976,-4.32,-4.32
75531,180,-467.6660,78.1818,-4.32,-4.32
75539,180,-448.5653,78.1818,-4.32,-4.32
75543,180,-448.5653,78.2269,-4.32,-4.32
75550,180,-464.5824,78.2269,-4.32,-5.75
75554,180,-464.5824,78.3713,-4.32,-2.88
75561,180,-464.3255,78.3713,-4.32,-4.32
75566,180,-464.3255,78.4435,-4.32,-4.32
75572,180,-447.8801,78.4435,-4.32,-4.32
75578,180,-447.8801,78.6691,-4.32,-4.32
75584,180,-467.0664,78.6691,-4.32,-4.32
75590,180,-467.0664,78.9082,-4.32,-4.32
75602,180,-467.0664,78.8586,-4.32,-4.32
75614,180,-467.0664,78.4706,-4.32,-4.32
75617,180,-464.5824,78.4706,-4.32,-4.32
75626,180,-464.5824,77.1171,-4.32,-4.32
75628,180,-469.8073,77.1171,-4.32,-4.32
75638,180,-469.8073,76.9592,-4.32,-4.32
75639,180,-464.4111,76.9592,-4.32,-4.32
75649,180,-464.4111,76.2373,-4.32,-4.32
75650,180,-467.5803,76.2373,-4.32,-4.32
75661,180,-467.5803,76.3095,-4.32,-4.32
75662,180,-467.0664,76.3095,-4.32,-4.32
75673,180,-458.8437,76.3095,-4.32,-4.32
75673,180,-458.8437,76.9231,-4.32,-4.32
75684,180,-448.0514,76.9231,-4.32,-4.32
75685,180,-448.0514,77.0675,-4.32,-4.32
75695,180,-467.2377,77.0675,-4.32,-4.32
75697,180,-467.2377,77.9021,-4.32,-4.32
75706,180,-448.9079,77.9021,-4.32,-4.32
75709,180,-448.9079,80.8301,-2.88,-4.32
75717,180,-458.8437,80.8301,-4.32,-4.32
75721,180,-458.8437,83.1175,-4.32,-4.32
75728,180,-448.6510,83.1175,-4.32,-4.32
75733,180,-448.6510,84.0424,-4.32,-4.32
75739,180,-452.0771,84.0424,-4.32,-4.32
75745,180,-452.0771,84.1326,-4.32,-4.32
75751,180,-469.8073,84.1326,-4.32,-4.32
75756,180,-469.8073,84.2454,-4.32,-4.32
75762,180,-448.6510,84.2454,-4.32,-4.32
75768,180,-448.6510,84.0244,-4.32,-4.32
75773,180,-449.2505,84.0244,-4.32,-4.32
75780,180,-449.2505,83.8033,-4.32,-4.32
75784,180,-460.2141,83.8033,-4.32,-4.32
75792,180,-460.2141,84.1056,-4.32,-5.75
75795,180,-459.1006,84.1056,-4.32,-4.32
75804,180,-459.1006,84.0018,-4.32,-4.32
75806,180,-459.8715,84.0018,-4.32,-4.32
75816,180,-459.8715,83.4153,-4.32,-4.32
75817,180,-447.8801,83.4153,-4.32,-5.75
75828,180,-447.8801,81.7686,-4.32,-4.32
75829,180,-459.8715,81.7686,-4.32,-4.32
75840,180,-459.8715,80.5279,-4.32,-4.32
75840,180,-448.0514,80.5279,-4.32,-4.32
75851,180,-448.5653,80.5279,-4.32,-4.32
75851,180,-448.5653,80.6407,-4.32,-4.32
75862,180,-460.4711,80.6407,-4.32,-4.32
75863,180,-460.4711,81.4257,-4.32,-5.75
75873,180,-447.8801,81.4257,-5.75,-4.32
75875,180,-447.8801,81.7144,-4.32,-5.75
75884,180,-458.8437,81.7144,-4.32,-5.75
75887,180,-458.8437,84.2409,-4.32,-4.32
75895,180,-449.2505,84.2409,-4.32,-4.32
75899,180,-449.2505,86.9569,-4.32,-4.32
75906,180,-464.5824,86.9569,-4.32,-4.32
75911,180,-464.5824,86.6005,-4.32,-2.88
75918,180,-453.0193,86.6005,-4.32,-5.75
75923,180,-453.0193,87.0246,-4.32,-4.32
75929,180,-464.4111,87.0246,-4.32,-4.32
75935,180,-464.4111,89.0368,-4.32,-4.32
75947,180,-464.4111,90.6700,-4.32,-4.32
75951,180,-460.8994,90.6700,-4.32,-4.32
75958,180,-460.8994,90.6745,-5.75,-4.32
75962,180,-461.4989,90.6745,-5.75,-4.32
75970,180,-461.4989,91.2520,-4.32,-4.32
75973,180,-464.3255,91.2520,-4.32,-4.32
75982,180,-464.3255,91.9107,-4.32,-4.32
75984,180,-465.0107,91.9107,-4.32,-4.32
75994,180,-465.0107,91.4054,-4.32,-2.88
75996,180,-447.8801,91.4054,-2.88,-4.32
76006,180,-447.8801,92.6506,-4.32,-4.32
76007,180,-448.1371,92.6506,-4.32,-4.32
76018,180,-458.9293,92.6506,-4.32,-4.32
76018,180,-458.9293,94.5409,-4.32,-4.32
76029,180,-459.1863,94.5409,-4.32,-4.32
76030,180,-459.1863,95.2989,-4.32,-4.32
76040,180,-468.6938,95.2989,-4.32,-4.32
76042,180,-468.6938,96.1471,-4.32,-4.32
76051,180,-464.4968,96.1471,-4.32,-4.32
76053,180,-464.4968,96.3952,-4.32,-4.32
76062,180,-461.2420,96.3952,-4.32,-4.32
76065,180,-461.2420,95.9441,-4.32,-4.32
76073,180,-447.8801,95.9441,-4.32,-4.32
76077,180,-447.8801,96.3230,-4.32,-4.32
76085,180,-458.9293,96.3230,-4.32,-2.88
76089,180,-458.9293,97.5231,-4.32,-4.32
76096,180,-469.6360,97.5231,-4.32,-4.32
76101,180,-469.6360,98.8901,-4.32,-4.32
76107,180,-448.1371,98.8901,-4.32,-4.32
76113,180,-448.1371,100.4918,-4.32,-4.32
76118,180,-449.1649,100.4918,-4.32,-4.32
76125,180,-449.1649,101.4302,-4.32,-4.32
76129,180,-450.7066,101.4302,-4.32,-4.32
76137,180,-450.7066,101.1595,-4.32,-5.75
76140,180,-448.5653,101.1595,-4.32,-4.32
76149,180,-448.5653,100.6361,-4.32,-4.32
76151,180,-447.8801,100.6361,-4.32,-4.32
76160,180,-447.8801,100.6722,-4.32,-4.32
76163,180,-464.3255,100.6722,-4.32,-4.32
76172,180,-464.3255,101.0422,-4.32,-4.32
76174,180,-467.0664,101.0422,-4.32,-4.32
76184,180,-467.0664,101.2813,-4.32,-4.32
76185,180,-447.8801,101.2813,-4.32,-2.88
76196,180,-460.2141,101.2813,-4.32,-4.32
76196,180,-460.2141,101.6693,-4.32,-4.32
76207,180,-448.5653,101.6693,-4.32,-5.75
76208,180,-448.5653,101.7866,-4.32,-4.32
76218,180,-467.0664,101.7866,-4.32,-4.32
76220,180,-467.0664,101.7776,-4.32,-4.32
76229,180,-464.3255,101.7776,-4.32,-4.32
76232,180,-464.3255,102.1656,-4.32,-4.32
76240,180,-459.5289,102.1656,-4.32,-2.88
76244,180,-459.5289,101.6693,-4.32,-4.32
76252,180,-458.8437,101.6693,-4.32,-4.32
76255,180,-458.8437,101.4212,-4.32,-4.32
76263,180,-469.1220,101.4212,-4.32,-4.32
76267,180,-469.1220,101.5881,-4.32,-4.32
76274,180,-467.1520,101.5881,-4.32,-2.88
76279,180,-467.1520,101.4302,-4.32,-4.32
76285,180,-448.5653,101.4302,-4.32,-4.32
76291,180,-448.5653,101.4708,-4.32,-4.32
76296,180,-461.2420,101.4708,-4.32,-4.32
76303,180,-461.2420,101.1685,-4.32,-4.32
76307,180,-447.8801,101.1685,-4.32,-5.75
76315,180,-447.8801,100.9474,-4.32,-4.32
76318,180,-464.3255,100.9474,-4.32,-4.32
76327,180,-464.3255,99.9865,-4.32,-4.32
76330,180,-450.6210,99.9865,-4.32,-4.32
76339,180,-450.6210,99.3007,-4.32,-4.32
76341,180,-447.8801,99.3007,-4.32,-2.88
76351,180,-447.8801,98.9533,-4.32,-4.32
76352,180,-448.3940,98.9533,-4.32,-4.32
76362,180,-448.3940,99.1744,-4.32,-4.32
76363,180,-450.7066,99.1744,-4.32,-4.32
76374,180,-459.8715,99.1744,-4.32,-4.32
76374,180,-459.8715,99.6301,-4.32,-4.32
76385,180,-459.3576,99.6301,-2.88,-4.32
76386,180,-459.3576,99.4090,-4.32,-4.32
76396,180,-467.4090,99.4090,-4.32,-4.32
76398,180,-467.4090,99.1473,-4.32,-4.32
76408,180,-469.7216,99.1473,-4.32,-5.75
76410,180,-469.7216,99.4721,-4.32,-4.32
76419,180,-467.0664,99.4721,-4.32,-4.32
76422,180,-467.0664,99.0300,-4.32,-4.32
76430,180,-449.1649,99.0300,-4.32,-4.32
76434,180,-449.1649,98.5608,-4.32,-4.32
76441,180,-469.7216,98.5608,-4.32,-4.32
76446,180,-469.7216,98.6646,-2.88,-4.32
76452,180,-460.0428,98.6646,-4.32,-4.32
76458,180,-460.0428,99.0345,-4.32,-4.32
76463,180,-449.9358,99.0345,-4.32,-5.75
76469,180,-449.9358,98.9849,-5.75,-4.32
76474,180,-458.8437,98.9849,-4.32,-4.32
76481,180,-458.8437,99.2285,-4.32,-4.32
76485,180,-459.5289,99.2285,-5.75,-4.32
76493,180,-459.5289,99.9955,-4.32,-4.32
76497,180,-448.5653,99.9955,-4.32,-4.32
76505,180,-448.5653,100.2527,-4.32,-4.32
76508,180,-447.9657,100.2527,-4.32,-4.32
76517,180,-447.9657,100.5685,-4.32,-4.32
76529,180,-447.9657,100.4602,-4.32,-4.32
76530,180,-469.4647,100.4602,-4.32,-2.88
76541,180,-469.4647,100.1083,-4.32,-5.75
76541,180,-465.3533,100.1083,-4.32,-4.32
76552,180,-460.8994,100.1083,-4.32,-5.75
76553,180,-460.8994,99.2060,-4.32,-4.32
76563,180,-467.3233,99.2060,-4.32,-4.32
76564,180,-467.3233,98.2585,-4.32,-4.32
76575,180,-448.1371,98.2585,-4.32,-4.32
76576,180,-448.1371,97.6991,-4.32,-4.32
76586,180,-469.2077,97.6991,-4.32,-4.32
76588,180,-469.2077,98.1773,-4.32,-4.32
76597,180,-459.4432,98.1773,-4.32,-4.32
76600,180,-459.4432,98.4390,-4.32,-5.75
76608,180,-447.8801,98.4390,-4.32,-4.32
76612,180,-447.8801,98.2721,-2.88,-4.32
76619,180,-452.0771,98.2721,-4.32,-4.32
76624,180,-452.0771,98.5202,-4.32,-4.32
76630,180,-458.8437,98.5202,-4.32,-4.32
76636,180,-458.8437,98.7864,-2.88,-4.32
76641,180,-448.6510,98.7864,-4.32,-4.32
76648,180,-448.6510,99.1563,-4.32,-4.32
76652,180,-460.8994,99.1563,-4.32,-4.32
76660,180,-460.8994,99.3909,-4.32,-5.75
76664,180,-460.2141,99.3909,-4.32,-4.32
76671,180,-460.2141,100.7309,-4.32,-2.88
76675,180,-447.8801,100.7309,-4.32,-4.32
76683,180,-447.8801,101.1053,-4.32,-5.75
76695,180,-447.8801,100.3248,-4.32,-4.32
76697,180,-448.1371,100.3248,-4.32,-4.32
76707,180,-448.1371,99.5398,-4.32,-4.32
76708,180,-465.3533,99.5398,-4.32,-4.32
76719,180,-465.3533,98.9668,-4.32,-4.32
76719,180,-448.2227,98.9668,-4.32,-4.32
76730,180,-447.8801,98.9668,-4.32,-4.32
76731,180,-447.8801,98.3262,-4.32,-4.32
76742,180,-451.9914,98.3262,-4.32,-4.32
76743,180,-451.9914,97.5186,-4.32,-4.32
76753,180,-448.5653,97.5186,-4.32,-4.32
76755,180,-448.5653,96.7246,-4.32,-4.32
76764,180,-458.8437,96.7246,-4.32,-4.32
76766,180,-458.8437,95.0688,-4.32,-4.32
76778,180,-458.8437,93.6747,-4.32,-4.32
76786,180,-448.0514,93.6747,-4.32,-4.32
76790,180,-448.0514,92.5423,-4.32,-4.32
76797,180,-449.0792,92.5423,-4.32,-4.32
76802,180,-449.0792,90.9001,-4.32,-4.32
76808,180,-447.8801,90.9001,-4.32,-5.75
76814,180,-447.8801,88.7390,-4.32,-4.32
76820,180,-459.8715,88.7390,-4.32,-4.32
76826,180,-459.8715,87.1464,-4.32,-4.32
76831,180,-449.2505,87.1464,-4.32,-4.32
76838,180,-449.2505,85.0575,-4.32,-4.32
76842,180,-458.8437,85.0575,-4.32,-4.32
76850,180,-458.8437,83.1266,-4.32,-4.32
76862,180,-458.8437,81.7776,-4.32,-4.32
76864,180,-448.5653,81.7776,-4.32,-4.32
76873,180,-448.5653,80.1218,-4.32,-4.32
76875,180,-460.4711,80.1218,-4.32,-4.32
76885,180,-460.4711,79.2601,-4.32,-4.32
76886,180,-451.2206,79.2601,-4.32,-2.88
76897,180,-451.2206,79.6842,-4.32,-4.32
76897,180,-447.8801,79.6842,-4.32,-4.32
76909,180,-450.6210,79.6842,-4.32,-4.32
76909,180,-450.6210,80.5685,-4.32,-4.32
76920,180,-448.2227,80.5685,-4.32,-4.32
76921,180,-448.2227,81.1460,-4.32,-4.32
76931,180,-447.8801,81.1460,-4.32,-4.32
76933,180,-447.8801,82.0528,-4.32,-4.32
76945,180,-447.8801,83.1987,-4.32,-4.32
76953,180,-452.6767,83.1987,-4.32,-4.32
76957,180,-452.6767,82.9822,-4.32,-4.32
76964,180,-448.2227,82.9822,-4.32,-4.32
76968,180,-448.2227,84.7056,-4.32,-4.32
76975,180,-450.6210,84.7056,-4.32,-5.75
76980,180,-450.6210,85.5403,-4.32,-4.32
76987,180,-447.9657,85.5403,-4.32,-4.32
76992,180,-447.9657,83.0995,-4.32,-4.32
76998,180,-458.8437,83.0995,-4.32,-4.32
77004,180,-458.8437,82.3009,-4.32,-4.32
77009,180,-447.9657,82.3009,-4.32,-4.32
77016,180,-447.9657,82.4318,-4.32,-4.32
77020,180,-450.4497,82.4318,-4.32,-4.32
77028,180,-450.4497,81.7686,-4.32,-4.32
77031,180,-448.4796,81.7686,-4.32,-4.32
77040,180,-448.4796,79.8511,-4.32,-4.32
77042,180,-449.1649,79.8511,-4.32,-4.32
77052,180,-449.1649,79.8872,-4.32,-4.32
77053,180,-464.3255,79.8872,-4.32,-4.32
77064,180,-464.3255,80.3068,-4.32,-4.32
77065,180,-458.8437,80.3068,-4.32,-2.88
77075,180,-458.8437,78.4480,-4.32,-4.32
77076,180,-453.2762,78.4480,-4.32,-4.32
77087,180,-448.0514,78.4480,-4.32,-4.32
77087,180,-448.0514,78.8992,-2.88,-4.32
77099,180,-448.0514,80.1399,-4.32,-4.32
77109,180,-447.8801,80.1399,-4.32,-4.32
77111,180,-447.8801,79.5308,-4.32,-4.32
77120,180,-467.0664,79.5308,-5.75,-4.32
77123,180,-467.0664,79.8060,-4.32,-4.32
77131,180,-448.4796,79.8060,-4.32,-4.32
77135,180,-448.4796,81.4166,-4.32,-4.32
77142,180,-460.2141,81.4166,-4.32,-4.32
77147,180,-460.2141,81.6783,-5.75,-4.32
77154,180,-448.5653,81.6783,-4.32,-4.32
77159,180,-448.5653,82.2242,-4.32,-5.75
77165,180,-468.4368,82.2242,-4.32,-4.32
77170,180,-468.4368,83.0453,-4.32,-4.32
77176,180,-459.6146,83.0453,-4.32,-4.32
77182,180,-459.6146,83.2439,-4.32,-4.32
77187,180,-470.3212,83.2439,-4.32,-4.32
77194,180,-470.3212,82.2829,-4.32,-4.32
77198,180,-469.1220,82.2829,-4.32,-4.32
77206,180,-469.1220,82.1024,-4.32,-2.88
77209,180,-467.4090,82.1024,-4.32,-4.32
77218,180,-467.4090,81.6873,-4.32,-4.32
77220,180,-464.3255,81.6873,-4.32,-2.88
77230,180,-464.3255,80.6542,-4.32,-4.32
77232,180,-467.0664,80.6542,-4.32,-4.32
77242,180,-467.0664,80.3835,-2.88,-4.32
77243,180,-458.9293,80.3835,-4.32,-4.32
77254,180,-458.9293,80.2256,-5.75,-4.32
77254,180,-447.8801,80.2256,-4.32,-4.32
77265,180,-459.0150,80.2256,-4.32,-4.32
77265,180,-459.0150,79.0932,-4.32,-2.88
77276,180,-449.1649,79.0932,-4.32,-5.75
77277,180,-449.1649,78.2811,-4.32,-4.32
77287,180,-448.9079,78.2811,-4.32,-4.32
77289,180,-448.9079,78.4751,-4.32,-4.32
77298,180,-452.2484,78.4751,-4.32,-5.75
77301,180,-452.2484,78.6014,-4.32,-2.88
77309,180,-469.7216,78.6014,-4.32,-4.32
77313,180,-469.7216,78.9894,-4.32,-4.32
77321,180,-460.8994,78.9894,-4.32,-5.75
77325,180,-460.8994,79.3684,-4.32,-2.88
77332,180,-460.2141,79.3684,-4.32,-5.75
77337,180,-460.2141,79.1699,-4.32,-4.32
77343,180,-449.2505,79.1699,-4.32,-4.32
77349,180,-449.2505,79.6571,-4.32,-4.32
77354,180,-447.8801,79.6571,-4.32,-5.75
77361,180,-447.8801,79.7158,-4.32,-4.32
77365,180,-448.0514,79.7158,-4.32,-5.75
77372,180,-448.0514,79.9368,-5.75,-4.32
77376,180,-458.8437,79.9368,-4.32,-4.32
77384,180,-458.8437,80.2978,-2.88,-4.32
77387,180,-451.1349,80.2978,-4.32,-4.32
77396,180,-451.1349,80.6226,-4.32,-4.32
77399,180,-448.4796,80.6226,-4.32,-4.32
77408,180,-448.4796,80.4061,-4.32,-4.32
77410,180,-447.8801,80.4061,-4.32,-4.32
77420,180,-447.8801,80.0857,-4.32,-4.32
77421,180,-460.9850,80.0857,-4.32,-4.32
77432,180,-460.9850,79.7789,-4.32,-4.32
77432,180,-452.2484,79.7789,-4.32,-4.32
77443,180,-447.8801,79.7789,-4.32,-4.32
77444,180,-447.8801,79.2601,-4.32,-4.32
77454,180,-450.6210,79.2601,-4.32,-4.32
77456,180,-450.6210,78.8676,-4.32,-4.32
77465,180,-447.8801,78.8676,-4.32,-4.32
77467,180,-447.8801,79.0074,-4.32,-2.88
77477,180,-459.1863,79.0074,-4.32,-4.32
77479,180,-459.1863,79.2150,-4.32,-4.32
77488,180,-458.8437,79.2150,-4.32,-4.32
77491,180,-458.8437,79.1518,-4.32,-4.32
77499,180,-448.5653,79.1518,-4.32,-5.75
77503,180,-448.5653,79.1608,-4.32,-4.32
77510,180,-469.2077,79.1608,-4.32,-4.32
77515,180,-469.2077,79.4270,-4.32,-4.32
77521,180,-449.0792,79.4270,-4.32,-4.32
77527,180,-449.0792,80.1714,-4.32,-5.75
77532,180,-464.3255,80.1714,-4.32,-4.32
77539,180,-464.3255,80.6361,-4.32,-4.32
77543,180,-468.6081,80.6361,-4.32,-4.32
77551,180,-468.6081,79.8060,-4.32,-4.32
77554,180,-451.1349,79.8060,-4.32,-4.32
77563,180,-451.1349,79.6526,-4.32,-4.32
77566,180,-464.4111,79.6526,-4.32,-4.32
77574,180,-464.4111,79.7654,-4.32,-4.32
77577,180,-469.1220,79.7654,-4.32,-4.32
77586,180,-469.1220,79.2466,-4.32,-4.32
77588,180,-468.4368,79.2466,-4.32,-4.32
77598,180,-468.4368,79.0887,-4.32,-4.32
77599,180,-460.3854,79.0887,-4.32,-2.88
77610,180,-460.3854,79.4947,-4.32,-4.32
77610,180,-464.3255,79.4947,-4.32,-4.32
77621,180,-467.0664,79.4947,-4.32,-4.32
77622,180,-467.0664,79.6977,-4.32,-4.32
77632,180,-461.4989,79.6977,-4.32,-4.32
77634,180,-461.4989,79.2375,-4.32,-4.32
77644,180,-458.8437,79.2375,-4.32,-4.32
77646,180,-458.8437,79.1473,-4.32,-4.32
77655,180,-447.8801,79.1473,-4.32,-4.32
77658,180,-447.8801,78.8315,-4.32,-4.32
77666,180,-448.0514,78.8315,-4.32,-4.32
77669,180,-448.0514,78.8947,-4.32,-5.75
77681,180,-448.0514,79.0255,-4.32,-4.32
77688,180,-447.9657,79.0255,-4.32,-4.32
77693,180,-447.9657,79.3368,-4.32,-4.32
77699,180,-465.3533,79.3368,-4.32,-4.32
77705,180,-465.3533,79.7474,-4.32,-4.32
77710,180,-450.6210,79.7474,-4.32,-4.32
77717,180,-450.6210,79.8782,-4.32,-4.32
77722,180,-468.6938,79.8782,-4.32,-4.32
77729,180,-468.6938,79.8241,-4.32,-2.88
77733,180,-447.8801,79.8241,-2.88,-5.75
77741,180,-447.8801,79.9098,-4.32,-4.32
77744,180,-468.4368,79.9098,-4.32,-4.32
77753,180,-468.4368,80.1263,-4.32,-4.32
77755,180,-468.5225,80.1263,-4.32,-4.32
77765,180,-468.5225,80.0677,-4.32,-4.32
77766,180,-449.9358,80.0677,-4.32,-4.32
77776,180,-449.9358,80.0000,-4.32,-4.32
77777,180,-464.3255,80.0000,-4.32,-5.75
77788,180,-464.3255,80.0947,-4.32,-4.32
77788,180,-468.4368,80.0947,-4.32,-4.32
77799,180,-461.2420,80.0947,-4.32,-4.32
77800,180,-461.2420,79.3278,-4.32,-4.32
77811,180,-448.4796,79.3278,-4.32,-4.32
77812,180,-448.4796,78.7954,-4.32,-4.32
77822,180,-447.8801,78.7954,-4.32,-2.88
77824,180,-447.8801,78.9127,-2.88,-4.32
77833,180,-467.0664,78.9127,-4.32,-4.32
77836,180,-467.0664,79.0300,-4.32,-4.32
77844,180,-458.8437,79.0300,-4.32,-4.32
77848,180,-458.8437,78.3848,-4.32,-4.32
77855,180,-464.4111,78.3848,-4.32,-4.32
77860,180,-464.4111,78.8225,-5.75,-4.32
77866,180,-453.0193,78.8225,-4.32,-4.32
77871,180,-453.0193,79.2060,-4.32,-2.88
77877,180,-459.8715,79.2060,-4.32,-4.32
77883,180,-459.8715,78.6871,-4.32,-4.32
77889,180,-447.8801,78.6871,-4.32,-4.32
77895,180,-447.8801,79.2827,-4.32,-4.32
77900,180,-447.9657,79.2827,-4.32,-4.32
77907,180,-447.9657,79.9684,-4.32,-4.32
77911,180,-448.2227,79.9684,-4.32,-4.32
77919,180,-448.2227,79.8692,-4.32,-4.32
77922,180,-447.8801,79.8692,-4.32,-4.32
77931,180,-447.8801,79.9323,-4.32,-4.32
77933,180,-465.5246,79.9323,-5.75,-2.88
77943,180,-465.5246,80.2617,-4.32,-4.32
77944,180,-448.9079,80.2617,-4.32,-4.32
77955,180,-448.9079,80.3339,-4.32,-4.32
77955,180,-469.1220,80.3339,-4.32,-4.32
77966,180,-468.4368,80.3339,-4.32,-4.32
77967,180,-468.4368,80.0677,-4.32,-4.32
77978,180,-467.3233,80.0677,-4.32,-4.32
77978,180,-467.3233,80.3203,-4.32,-4.32
77989,180,-461.2420,80.3203,-4.32,-4.32
77990,180,-461.2420,80.0361,-4.32,-4.32
78000,180,-459.3576,80.0361,-4.32,-2.88
78002,180,-459.3576,79.4180,-4.32,-4.32
78011,180,-467.2377,79.4180,-4.32,-4.32
78014,180,-467.2377,79.5308,-4.32,-4.32
78022,180,-450.6210,79.5308,-4.32,-4.32
78026,180,-450.6210,79.6887,-4.32,-4.32
78033,180,-448.6510,79.6887,-4.32,-4.32
78038,180,-448.6510,79.8421,-4.32,-4.32
78044,180,-468.4368,79.8421,-4.32,-4.32
78050,180,-468.4368,79.4631,-4.32,-4.32
78056,180,-447.8801,79.4631,-4.32,-4.32
78062,180,-447.8801,79.5894,-4.32,-4.32
78067,180,-450.6210,79.5894,-4.32,-2.88
78073,180,-450.6210,79.6301,-4.32,-4.32
78078,180,-468.4368,79.6301,-4.32,-4.32
78085,180,-468.4368,79.2105,-4.32,-4.32
78089,180,-447.8801,79.2105,-4.32,-4.32
78097,180,-447.8801,78.7999,-4.32,-4.32
78100,180,-464.3255,78.7999,-4.32,-4.32
78109,180,-464.3255,79.4315,-4.32,-4.32
78111,180,-450.6210,79.4315,-4.32,-4.32
78121,180,-450.6210,79.7428,-4.32,-4.32
78122,180,-448.4796,79.7428,-4.32,-4.32
78133,180,-448.4796,80.1263,-4.32,-4.32
78134,180,-467.0664,80.1263,-4.32,-4.32
78145,180,-468.4368,80.1263,-4.32,-5.75
78145,180,-468.4368,80.2301,-4.32,-4.32
78156,180,-468.6081,80.2301,-4.32,-4.32
78157,180,-468.6081,80.4602,-4.32,-4.32
78167,180,-464.3255,80.4602,-4.32,-4.32
78169,180,-464.3255,80.2256,-4.32,-4.32
78178,180,-450.9636,80.2256,-4.32,-4.32
78180,180,-450.9636,80.0361,-4.32,-4.32
78189,180,-450.6210,80.0361,-4.32,-4.32
78192,180,-450.6210,79.9639,-4.32,-4.32
78200,180,-467.0664,79.9639,-4.32,-4.32
78204,180,-467.0664,79.8601,-5.75,-4.32
78212,180,-459.8715,79.8601,-4.32,-4.32
78216,180,-459.8715,78.9939,-4.32,-4.32
78223,180,-458.8437,78.9939,-4.32,-4.32
78228,180,-458.8437,78.8901,-4.32,-4.32
78234,180,-464.6681,78.8901,-4.32,-5.75
78240,180,-464.6681,79.2375,-4.32,-4.32
78245,180,-448.5653,79.2375,-4.32,-4.32
78252,180,-448.5653,79.5804,-4.32,-4.32
78256,180,-459.1006,79.5804,-4.32,-4.32
78264,180,-459.1006,80.0902,-4.32,-4.32
78267,180,-458.8437,80.0902,-4.32,-4.32
78275,180,-458.8437,80.6587,-4.32,-4.32
78278,180,-452.0771,80.6587,-2.88,-4.32
78287,180,-452.0771,80.7986,-4.32,-4.32
78289,180,-472.3769,80.7986,-4.32,-4.32
78299,180,-472.3769,80.1985,-4.32,-4.32
78301,180,-469.8073,80.1985,-4.32,-4.32
78311,180,-469.8073,80.0090,-4.32,-4.32
78312,180,-460.0428,80.0090,-4.32,-4.32
78323,180,-464.3255,80.0090,-4.32,-4.32
78323,180,-464.3255,80.1128,-4.32,-2.88
78335,180,-464.3255,80.1895,-4.32,-4.32
78345,180,-459.1863,80.1895,-4.32,-4.32
78347,180,-459.1863,80.2075,-2.88,-4.32
78356,180,-448.9079,80.2075,-4.32,-4.32
78359,180,-448.9079,79.6075,-4.32,-4.32
78367,180,-465.3533,79.6075,-4.32,-4.32
78371,180,-465.3533,79.4451,-4.32,-4.32
78379,180,-453.1906,79.4451,-4.32,-4.32
78382,180,-453.1906,79.2375,-4.32,-4.32
78390,180,-450.2784,79.2375,-4.32,-4.32
78394,180,-450.2784,79.0796,-4.32,-4.32
78401,180,-448.9079,79.0796,-4.32,-4.32
78406,180,-448.9079,79.1157,-4.32,-4.32
78412,180,-447.8801,79.1157,-4.32,-4.32
78418,180,-447.8801,79.2601,-4.32,-4.32
78423,180,-459.1006,79.2601,-4.32,-4.32
78430,180,-459.1006,79.6436,-4.32,-4.32
78434,180,-467.3233,79.6436,-4.32,-4.32
78442,180,-467.3233,80.0226,-4.32,-2.88
78445,180,-448.0514,80.0226,-4.32,-4.32
78454,180,-448.0514,80.2572,-4.32,-4.32
78456,180,-464.6681,80.2572,-4.32,-4.32
78466,180,-464.6681,80.7625,-4.32,-2.88
78468,180,-447.8801,80.7625,-4.32,-4.32
78477,180,-447.8801,81.3986,-4.32,-4.32
78479,180,-467.0664,81.3986,-4.32,-4.32
78489,180,-467.0664,81.0332,-4.32,-4.32
78490,180,-468.6081,81.0332,-4.32,-4.32
78501,180,-450.6210,81.0332,-4.32,-4.32
78501,180,-450.6210,80.4467,-4.32,-4.32
78512,180,-467.0664,80.4467,-2.88,-4.32
78513,180,-467.0664,80.2933,-4.32,-4.32
78523,180,-448.3940,80.2933,-4.32,-4.32
78525,180,-448.3940,79.7744,-4.32,-4.32
78534,180,-453.1906,79.7744,-4.32,-4.32
78537,180,-453.1906,79.3819,-4.32,-4.32
78546,180,-460.9850,79.3819,-4.32,-4.32
78549,180,-460.9850,80.1399,-4.32,-4.32
78557,180,-452.1628,80.1399,-4.32,-4.32
78561,180,-452.1628,80.2346,-4.32,-4.32
78568,180,-447.8801,80.2346,-5.75,-4.32
78573,180,-447.8801,80.2887,-4.32,-4.32
78579,180,-449.0792,80.2887,-4.32,-2.88
78584,180,-449.0792,80.3970,-4.32,-4.32
78590,180,-447.8801,80.3970,-2.88,-4.32
78596,180,-447.8801,80.2436,-4.32,-4.32
78601,180,-448.1371,80.2436,-4.32,-4.32
78608,180,-448.1371,79.2375,-4.32,-4.32
78620,180,-448.1371,78.7097,-4.32,-5.75
78624,180,-458.8437,78.7097,-4.32,-4.32
78632,180,-458.8437,78.8766,-4.32,-4.32
78635,180,-460.4711,78.8766,-4.32,-4.32
78644,180,-460.4711,78.8450,-4.32,-2.88
78646,180,-458.8437,78.8450,-4.32,-4.32
78656,180,-458.8437,78.6420,-4.32,-4.32
78657,180,-447.8801,78.6420,-4.32,-5.75
78668,180,-447.8801,79.2601,-4.32,-4.32
78668,180,-470.4069,79.2601,-4.32,-4.32
78679,180,-461.4133,79.2601,-4.32,-4.32
78679,180,-461.4133,79.8511,-4.32,-4.32
78690,180,-448.1371,79.8511,-4.32,-4.32
78691,180,-448.1371,80.0767,-4.32,-4.32
78701,180,-464.3255,80.0767,-4.32,-4.32
78703,180,-464.3255,80.3339,-4.32,-4.32
78713,180,-464.5824,80.3339,-2.88,-4.32
78715,180,-464.5824,80.4061,-4.32,-4.32
78724,180,-447.8801,80.4061,-4.32,-4.32
78727,180,-447.8801,80.2121,-4.32,-4.32
78735,180,-459.1006,80.2121,-4.32,-4.32
78739,180,-459.1006,80.0767,-4.32,-4.32
78746,180,-452.0771,80.0767,-4.32,-4.32
78751,180,-452.0771,80.1263,-4.32,-4.32
78757,180,-460.2998,80.1263,-4.32,-4.32
78763,180,-460.2998,80.0767,-4.32,-4.32
78768,180,-464.8394,80.0767,-4.32,-4.32
78775,180,-464.8394,79.8466,-4.32,-4.32
78779,180,-469.1220,79.8466,-4.32,-2.88
78786,180,-469.1220,79.2240,-4.32,-4.32
78791,180,-449.2505,79.2240,-4.32,-4.32
78798,180,-449.2505,78.3578,-4.32,-4.32
78802,180,-452.6767,78.3578,-4.32,-4.32
78810,180,-452.6767,78.1277,-5.75,-4.32
78813,180,-459.4432,78.1277,-4.32,-4.32
78822,180,-459.4432,78.1863,-4.32,-4.32
78824,180,-448.4796,78.1863,-4.32,-4.32
78834,180,-448.4796,78.7232,-4.32,-2.88
78835,180,-471.0064,78.7232,-4.32,-4.32
78846,180,-471.0064,79.4225,-5.75,-4.32
78846,180,-447.9657,79.4225,-4.32,-4.32
78857,180,-459.1863,79.4225,-4.32,-4.32
78858,180,-459.1863,79.2285,-4.32,-4.32
78868,180,-469.8073,79.2285,-4.32,-4.32
78870,180,-469.8073,79.3187,-4.32,-4.32
78880,180,-448.2227,79.3187,-4.32,-4.32
78881,180,-448.2227,79.5804,-4.32,-4.32
78891,180,-486.2527,79.5804,-4.32,-4.32
78893,180,-486.2527,79.2917,-4.32,-4.32
78902,180,-469.8073,79.2917,-4.32,-4.32
78905,180,-469.8073,78.7503,-4.32,-2.88
78913,180,-468.4368,78.7503,-4.32,-4.32
78917,180,-468.4368,78.8270,-4.32,-4.32
78924,180,-458.8437,78.8270,-4.32,-4.32
78929,180,-458.8437,79.2060,-4.32,-4.32
78935,180,-448.2227,79.2060,-2.88,-4.32
78941,180,-448.2227,79.0345,-5.75,-4.32
78946,180,-450.4497,79.0345,-4.32,-4.32
78953,180,-450.4497,79.1969,-4.32,-4.32
78958,180,-464.3255,79.1969,-4.32,-4.32
78965,180,-464.3255,79.3187,-5.75,-4.32
78977,180,-464.3255,78.9759,-4.32,-4.32
78980,180,-487.0236,78.9759,-4.32,-4.32
78988,180,-487.0236,79.1654,-4.32,-4.32
78991,180,-471.1777,79.1654,-4.32,-4.32
79000,180,-471.1777,79.2105,-4.32,-4.32
79002,180,-448.5653,79.2105,-2.88,-4.32
79012,180,-448.5653,79.1338,-4.32,-4.32
79013,180,-447.8801,79.1338,-4.32,-4.32
79024,180,-447.8801,79.1293,-4.32,-4.32
79035,180,-458.8437,79.1293,-4.32,-5.75
79036,180,-458.8437,79.3368,-4.32,-4.32
79047,180,-448.6510,79.3368,-4.32,-4.32
79048,180,-448.6510,79.4947,-4.32,-4.32
79058,180,-448.3940,79.4947,-4.32,-4.32
79060,180,-448.3940,79.9278,-4.32,-4.32
79069,180,-459.1006,79.9278,-4.32,-4.32
79072,180,-459.1006,79.8286,-4.32,-4.32
79080,180,-465.0107,79.8286,-4.32,-4.32
79084,180,-465.0107,79.4992,-4.32,-4.32
79091,180,-458.8437,79.4992,-4.32,-4.32
79095,180,-458.8437,79.2962,-4.32,-4.32
79102,180,-447.8801,79.2962,-4.32,-4.32
79107,180,-447.8801,78.9623,-4.32,-2.88
79113,180,-469.6360,78.9623,-4.32,-4.32
79119,180,-469.6360,78.6059,-4.32,-4.32
79125,180,-450.0214,78.6059,-4.32,-4.32
79131,180,-450.0214,78.4254,-4.32,-4.32
79136,180,-465.6103,78.4254,-4.32,-4.32
79143,180,-465.6103,78.6014,-4.32,-4.32
79147,180,-467.4090,78.6014,-4.32,-4.32
79155,180,-467.4090,78.6285,-4.32,-4.32
79158,180,-448.3940,78.6285,-4.32,-4.32
79167,180,-448.3940,78.9488,-4.32,-4.32
79169,180,-448.1371,78.9488,-4.32,-4.32
79179,180,-448.1371,78.7909,-4.32,-4.32
79180,180,-448.2227,78.7909,-4.32,-4.32
79190,180,-448.2227,78.7593,-4.32,-4.32
79191,180,-448.3940,78.7593,-4.32,-4.32
79202,180,-448.3940,78.8450,-4.32,-4.32
79202,180,-447.8801,78.8450,-4.32,-4.32
79214,180,-452.6767,78.8450,-2.88,-4.32
79214,180,-452.6767,78.8270,-4.32,-5.75
79225,180,-459.6146,78.8270,-4.32,-2.88
79226,180,-459.6146,78.8315,-4.32,-4.32
79236,180,-458.9293,78.8315,-4.32,-4.32
79238,180,-458.9293,79.1563,-4.32,-4.32
79247,180,-451.1349,79.1563,-4.32,-4.32
79250,180,-451.1349,79.6075,-4.32,-4.32
79262,180,-451.1349,79.7383,-4.32,-4.32
79269,180,-449.5075,79.7383,-4.32,-4.32
79274,180,-449.5075,80.1218,-4.32,-4.32
79280,180,-469.1220,80.1218,-4.32,-4.32
79286,180,-469.1220,79.9459,-4.32,-4.32
79292,180,-471.0064,79.9459,-4.32,-4.32
79297,180,-471.0064,79.3819,-4.32,-4.32
79303,180,-458.8437,79.3819,-4.32,-4.32
79309,180,-458.8437,78.7774,-4.32,-4.32
79314,180,-447.8801,78.7774,-5.75,-4.32
79321,180,-447.8801,78.5157,-4.32,-5.75
79325,180,-449.9358,78.5157,-4.32,-4.32
79336,180,-458.8437,78.5157,-4.32,-4.32
79345,180,-458.8437,78.6781,-4.32,-4.32
79357,180,-458.8437,79.2150,-4.32,-2.88
79358,180,-469.8929,79.2150,-4.32,-4.32
79369,180,-469.8929,79.1563,-4.32,-4.32
79369,180,-448.2227,79.1563,-4.32,-4.32
79381,180,-459.0150,79.1563,-4.32,-4.32
79381,180,-459.0150,78.8856,-4.32,-4.32
79392,180,-449.0792,78.8856,-4.32,-4.32
79393,180,-449.0792,78.8992,-4.32,-4.32
79403,180,-464.6681,78.8992,-4.32,-4.32
79404,180,-464.6681,78.8721,-2.88,-4.32
79414,180,-469.6360,78.8721,-4.32,-4.32
79416,180,-469.6360,78.7728,-4.32,-4.32
79425,180,-448.2227,78.7728,-4.32,-4.32
79428,180,-448.2227,78.7503,-4.32,-4.32
79440,180,-448.2227,79.0977,-4.32,-4.32
79447,180,-459.3576,79.0977,-4.32,-5.75
79452,180,-459.3576,79.3729,-4.32,-4.32
79459,180,-453.1906,79.3729,-4.32,-4.32
79464,180,-453.1906,79.2014,-4.32,-4.32
79476,180,-453.1906,79.1924,-4.32,-4.32
79481,180,-448.2227,79.1924,-4.32,-4.32
79488,180,-448.2227,79.2240,-4.32,-4.32
79492,180,-448.5653,79.2240,-2.88,-4.32
79499,180,-448.5653,79.1067,-4.32,-4.32
79503,180,-449.5075,79.1067,-4.32,-4.32
79511,180,-449.5075,78.7638,-4.32,-4.32
79514,180,-460.2141,78.7638,-4.32,-4.32
79523,180,-460.2141,78.8405,-4.32,-4.32
79525,180,-465.0963,78.8405,-4.32,-2.88
79535,180,-465.0963,78.7999,-4.32,-4.32
79536,180,-469.8929,78.7999,-5.75,-4.32
79547,180,-469.8929,79.0029,-4.32,-4.32
79548,180,-447.9657,79.0029,-4.32,-4.32
79559,180,-452.7623,79.0029,-4.32,-4.32
79559,180,-452.7623,79.2330,-4.32,-4.32
79570,180,-459.5289,79.2330,-4.32,-4.32
79571,180,-459.5289,79.3954,-4.32,-5.75
79581,180,-447.9657,79.3954,-4.32,-4.32
79583,180,-447.9657,79.1293,-4.32,-4.32
79592,180,-449.9358,79.1293,-4.32,-4.32
79595,180,-449.9358,78.9668,-4.32,-4.32
79603,180,-449.4218,78.9668,-4.32,-4.32
79606,180,-449.4218,78.8315,-4.32,-4.32
79614,180,-447.9657,78.8315,-5.75,-4.32
79618,180,-447.9657,78.6420,-4.32,-4.32
79625,180,-470.1499,78.6420,-2.88,-4.32
79630,180,-470.1499,78.7052,-4.32,-4.32
79637,180,-490.3640,78.7052,-2.88,-4.32
79642,180,-490.3640,78.9082,-4.32,-4.32
79648,180,-448.0514,78.9082,-4.32,-4.32
79654,180,-448.0514,79.0345,-4.32,-2.88
79659,180,-450.6210,79.0345,-4.32,-5.75
79670,180,-447.8801,79.0345,-4.32,-4.32
79678,180,-447.8801,78.8901,-4.32,-4.32
79690,180,-447.8801,78.9714,-4.32,-4.32
79692,180,-469.4647,78.9714,-4.32,-4.32
79702,180,-469.4647,79.0887,-4.32,-4.32
79703,180,-458.8437,79.0887,-4.32,-4.32
79713,180,-458.8437,78.8586,-4.32,-4.32
79715,180,-449.9358,78.8586,-4.32,-4.32
79725,180,-449.9358,78.7232,-4.32,-4.32
79726,180,-448.9079,78.7232,-4.32,-4.32
79737,180,-453.2762,78.7232,-4.32,-4.32
79737,180,-453.2762,79.2330,-2.88,-4.32
79748,180,-469.2077,79.2330,-4.32,-4.32
79749,180,-469.2077,78.9939,-4.32,-4.32
79759,180,-458.8437,78.9939,-4.32,-4.32
79761,180,-458.8437,79.4225,-4.32,-4.32
79770,180,-464.3255,79.4225,-4.32,-4.32
79773,180,-464.3255,79.5308,-4.32,-4.32
79781,180,-448.1371,79.5308,-4.32,-4.32
79785,180,-448.1371,79.2601,-4.32,-2.88
79792,180,-449.0792,79.2601,-4.32,-4.32
79797,180,-449.0792,79.4406,-4.32,-4.32
79804,180,-461.4133,79.4406,-4.32,-4.32
79809,180,-461.4133,79.6165,-4.32,-4.32
79815,180,-448.3940,79.6165,-4.32,-4.32
79820,180,-448.3940,79.4000,-4.32,-4.32
79826,180,-451.2206,79.4000,-4.32,-2.88
79832,180,-451.2206,78.9262,-4.32,-4.32
79837,180,-458.8437,78.9262,-4.32,-4.32
79844,180,-458.8437,78.8450,-4.32,-4.32
79848,180,-447.9657,78.8450,-4.32,-4.32
79856,180,-447.9657,79.0120,-4.32,-4.32
79859,180,-447.8801,79.0120,-4.32,-4.32
79868,180,-447.8801,78.9759,-4.32,-4.32
79870,180,-458.8437,78.9759,-4.32,-4.32
79880,180,-458.8437,78.4931,-4.32,-4.32
79882,180,-447.9657,78.4931,-4.32,-2.88
79892,180,-447.9657,78.4841,-4.32,-4.32
79893,180,-448.2227,78.4841,-4.32,-4.32
79904,180,-448.2227,78.8495,-4.32,-4.32
79904,180,-447.8801,78.8495,-4.32,-4.32
79915,180,-448.3940,78.8495,-4.32,-2.88
79915,180,-448.3940,79.2060,-4.32,-4.32
79926,180,-448.4796,79.2060,-4.32,-2.88
79927,180,-448.4796,79.3909,-4.32,-4.32
79937,180,-447.8801,79.3909,-4.32,-4.32
79939,180,-447.8801,79.4180,-2.88,-4.32
79948,180,-468.6081,79.4180,-4.32,-4.32
79951,180,-468.6081,79.3368,-4.32,-4.32
79959,180,-449.9358,79.3368,-4.32,-4.32
79963,180,-449.9358,79.2285,-4.32,-4.32
79971,180,-458.8437,79.2285,-4.32,-4.32
79975,180,-458.8437,79.1608,-4.32,-4.32
79982,180,-447.8801,79.1608,-5.75,-4.32
79987,180,-447.8801,79.2330,-4.32,-4.32
79993,180,-468.4368,79.2330,-4.32,-4.32
79999,180,-468.4368,79.3594,-4.32,-4.32
80004,180,-458.8437,79.3594,-4.32,-4.32
80011,180,-458.8437,79.3097,-4.32,-4.32
80015,180,-452.2484,79.3097,-4.32,-4.32
80022,180,-452.2484,79.5894,-4.32,-4.32
80026,180,-447.9657,79.5894,-4.32,-4.32
80034,180,-447.9657,79.2736,-4.32,-2.88
80037,180,-448.0514,79.2736,-4.32,-4.32
80046,180,-448.0514,78.9714,-4.32,-4.32
80049,180,-460.4711,78.9714,-2.88,-4.32
80058,180,-460.4711,78.7187,-4.32,-5.75
80060,180,-467.0664,78.7187,-4.32,-4.32
80070,180,-467.0664,78.6646,-4.32,-4.32
80071,180,-468.6081,78.6646,-4.32,-4.32
80082,180,-468.6081,78.6736,-2.88,-4.32
80082,180,-449.9358,78.6736,-4.32,-4.32
80093,180,-467.0664,78.6736,-4.32,-4.32
80094,180,-467.0664,78.8180,-4.32,-4.32
80104,180,-448.4796,78.8180,-4.32,-4.32
80106,180,-448.4796,78.9037,-4.32,-4.32
80115,180,-447.8801,78.9037,-4.32,-2.88
80118,180,-447.8801,78.9759,-4.32,-5.75
80126,180,-465.0107,78.9759,-4.32,-4.32
80129,180,-465.0107,79.1969,-4.32,-5.75
80138,180,-458.8437,79.1969,-4.32,-4.32
80141,180,-458.8437,79.5398,-5.75,-4.32
80149,180,-447.9657,79.5398,-4.32,-4.32
80153,180,-447.9657,79.4135,-4.32,-4.32
80160,180,-449.4218,79.4135,-4.32,-4.32
80165,180,-449.4218,79.2872,-4.32,-4.32
80171,180,-448.6510,79.2872,-4.32,-4.32
80177,180,-448.6510,79.5669,-2.88,-2.88
80182,180,-450.9636,79.5669,-4.32,-4.32
80189,180,-450.9636,79.4406,-4.32,-2.88
80193,180,-465.0107,79.4406,-4.32,-4.32
80201,180,-465.0107,79.3819,-4.32,-4.32
80204,180,-480.8565,79.3819,-4.32,-5.75
80213,180,-480.8565,79.3187,-4.32,-4.32
80216,180,-460.2141,79.3187,-4.32,-5.75
80224,180,-460.2141,79.6346,-5.75,-4.32
80227,180,-464.5824,79.6346,-4.32,-4.32
80236,180,-464.5824,79.5985,-2.88,-4.32
80238,180,-449.9358,79.5985,-4.32,-4.32
80248,180,-449.9358,79.0796,-5.75,-4.32
80249,180,-447.9657,79.0796,-4.32,-4.32
80260,180,-464.3255,79.0796,-4.32,-4.32
80260,180,-464.3255,79.0120,-4.32,-4.32
80272,180,-464.3255,79.2781,-4.32,-4.32
80282,180,-450.9636,79.2781,-4.32,-4.32
80284,180,-450.9636,79.2917,-4.32,-4.32
80293,180,-447.8801,79.2917,-4.32,-4.32
80296,180,-447.8801,79.5759,-4.32,-4.32
80305,180,-465.0107,79.5759,-4.32,-4.32
80308,180,-465.0107,79.3774,-4.32,-4.32
80316,180,-447.8801,79.3774,-4.32,-4.32
80320,180,-447.8801,79.0074,-4.32,-4.32
80327,180,-464.3255,79.0074,-4.32,-4.32
80331,180,-464.3255,79.2511,-4.32,-4.32
80338,180,-448.2227,79.2511,-4.32,-4.32
80343,180,-448.2227,78.9307,-4.32,-4.32
80349,180,-447.8801,78.9307,-4.32,-5.75
80355,180,-447.8801,78.6691,-4.32,-4.32
80367,180,-447.8801,78.9172,-4.32,-4.32
80371,180,-448.2227,78.9172,-4.32,-4.32
80379,180,-448.2227,78.6916,-4.32,-4.32
80383,180,-449.0792,78.6916,-4.32,-4.32
80391,180,-449.0792,78.5563,-4.32,-4.32
80394,180,-448.2227,78.5563,-2.88,-4.32
80403,180,-448.2227,78.3758,-4.32,-4.32
80405,180,-458.8437,78.3758,-4.32,-4.32
80415,180,-458.8437,78.5924,-4.32,-5.75
80416,180,-458.9293,78.5924,-4.32,-4.32
80426,180,-458.9293,79.0300,-4.32,-4.32
80427,180,-464.4111,79.0300,-4.32,-5.75
80438,180,-448.0514,79.0300,-4.32,-4.32
80438,180,-448.0514,79.1247,-4.32,-4.32
80449,180,-458.8437,79.1247,-4.32,-4.32
80450,180,-458.8437,79.4000,-4.32,-4.32
80462,180,-458.8437,79.3548,-4.32,-4.32
80474,180,-458.8437,79.2285,-4.32,-4.32
80483,180,-450.6210,79.2285,-4.32,-4.32
80486,180,-450.6210,79.0390,-4.32,-5.75
80494,180,-469.8073,79.0390,-4.32,-4.32
80498,180,-469.8073,79.0661,-5.75,-4.32
80505,180,-458.8437,79.0661,-4.32,-4.32
80510,180,-458.8437,78.8947,-4.32,-4.32
80516,180,-464.5824,78.8947,-4.32,-4.32
80522,180,-464.5824,78.8721,-4.32,-4.32
80527,180,-448.9079,78.8721,-4.32,-4.32
80533,180,-448.9079,78.9939,-4.32,-4.32
80538,180,-464.3255,78.9939,-4.32,-4.32
80545,180,-464.3255,78.7954,-4.32,-2.88
80549,180,-461.4133,78.7954,-4.32,-4.32
80557,180,-461.4133,78.7142,-4.32,-4.32
80561,180,-464.3255,78.7142,-4.32,-4.32
80569,180,-464.3255,78.7277,-4.32,-4.32
80572,180,-464.8394,78.7277,-4.32,-4.32
80581,180,-464.8394,78.8315,-4.32,-4.32
80583,180,-461.2420,78.8315,-4.32,-4.32
80593,180,-461.2420,79.0616,-4.32,-4.32
80594,180,-458.8437,79.0616,-4.32,-4.32
80605,180,-458.8437,78.5563,-4.32,-4.32
80605,180,-447.8801,78.5563,-4.32,-4.32
80616,180,-470.0642,78.5563,-4.32,-4.32
80617,180,-470.0642,78.7367,-4.32,-4.32
80627,180,-449.1649,78.7367,-4.32,-4.32
80629,180,-449.1649,78.9488,-4.32,-4.32
80639,180,-447.8801,78.9488,-4.32,-4.32
80640,180,-447.8801,79.2691,-4.32,-4.32
80650,180,-460.2141,79.2691,-4.32,-4.32
80652,180,-460.2141,79.6932,-4.32,-4.32
80661,180,-459.1863,79.6932,-4.32,-4.32
80664,180,-459.1863,80.0677,-4.32,-4.32
80672,180,-459.0150,80.0677,-4.32,-4.32
80676,180,-459.0150,80.1308,-4.32,-4.32
80683,180,-449.9358,80.1308,-4.32,-4.32
80688,180,-449.9358,79.4541,-4.32,-4.32
80694,180,-450.6210,79.4541,-4.32,-4.32
80700,180,-450.6210,78.8450,-2.88,-4.32
80705,180,-458.8437,78.8450,-4.32,-4.32
80712,180,-458.8437,78.8631,-4.32,-4.32
80716,180,-461.4989,78.8631,-4.32,-4.32
80724,180,-461.4989,78.9217,-4.32,-4.32
80728,180,-465.3533,78.9217,-4.32,-4.32
80735,180,-465.3533,78.7864,-4.32,-4.32
80739,180,-481.0278,78.7864,-4.32,-4.32
80747,180,-481.0278,78.8586,-4.32,-4.32
80750,180,-482.9122,78.8586,-4.32,-4.32
80759,180,-482.9122,78.9984,-4.32,-4.32
80761,180,-470.5782,78.9984,-4.32,-4.32
80771,180,-470.5782,78.8947,-4.32,-4.32
80772,180,-467.6660,78.8947,-4.32,-4.32
80783,180,-467.6660,79.0796,-4.32,-4.32
80783,180,-460.4711,79.0796,-4.32,-4.32
80794,180,-459.1006,79.0796,-4.32,-4.32
80795,180,-459.1006,79.1699,-4.32,-4.32
80806,180,-467.4090,79.1699,-4.32,-4.32
80807,180,-467.4090,79.2601,-4.32,-4.32
80817,180,-460.2141,79.2601,-4.32,-4.32
80819,180,-460.2141,78.7819,-4.32,-2.88
80828,180,-459.5289,78.7819,-4.32,-4.32
80831,180,-459.5289,79.0571,-4.32,-4.32
80839,180,-469.8073,79.0571,-4.32,-4.32
80842,180,-469.8073,79.7428,-4.32,-4.32
80850,180,-467.0664,79.7428,-4.32,-4.32
80854,180,-467.0664,79.8376,-4.32,-4.32
80861,180,-459.4432,79.8376,-4.32,-4.32
80866,180,-459.4432,79.5398,-4.32,-4.32
80872,180,-459.5289,79.5398,-4.32,-4.32
80878,180,-459.5289,79.3323,-4.32,-4.32
80884,180,-458.9293,79.3323,-4.32,-4.32
80890,180,-458.9293,78.9804,-2.88,-4.32
80895,180,-459.1006,78.9804,-4.32,-4.32
80902,180,-459.1006,78.6916,-4.32,-2.88
80906,180,-464.4111,78.6916,-4.32,-4.32
80914,180,-464.4111,78.5473,-2.88,-4.32
80917,180,-448.9079,78.5473,-4.32,-4.32
80926,180,-448.9079,78.4119,-4.32,-4.32
80928,180,-460.2141,78.4119,-4.32,-4.32
80937,180,-460.2141,78.7322,-4.32,-4.32
80939,180,-452.6767,78.7322,-4.32,-4.32
80949,180,-452.6767,79.2736,-4.32,-5.75
80950,180,-460.8994,79.2736,-4.32,-4.32
80961,180,-460.8994,79.9007,-4.32,-4.32
80961,180,-448.5653,79.9007,-4.32,-4.32
80973,180,-448.1371,79.9007,-4.32,-4.32
80973,180,-448.1371,80.3925,-4.32,-4.32
80984,180,-458.8437,80.3925,-4.32,-4.32
80985,180,-458.8437,80.5685,-4.32,-4.32
80995,180,-448.5653,80.5685,-4.32,-4.32
80997,180,-448.5653,79.8917,-4.32,-4.32
81006,180,-458.8437,79.8917,-4.32,-4.32
81009,180,-458.8437,79.6481,-5.75,-4.32
81017,180,-451.9914,79.6481,-4.32,-4.32
81021,180,-451.9914,79.1293,-4.32,-4.32
81028,180,-447.8801,79.1293,-4.32,-4.32
81033,180,-447.8801,78.4254,-4.32,-4.32
81044,180,-447.8801,78.2675,-4.32,-4.32
81051,180,-458.9293,78.2675,-4.32,-4.32
81056,180,-458.9293,78.6149,-4.32,-4.32
81062,180,-447.8801,78.6149,-4.32,-4.32
81068,180,-447.8801,79.0932,-4.32,-4.32
81073,180,-460.4711,79.0932,-4.32,-4.32
81080,180,-460.4711,79.2375,-4.32,-4.32
81084,180,-464.4111,79.2375,-4.32,-2.88
81092,180,-464.4111,79.4676,-4.32,-4.32
81095,180,-449.1649,79.4676,-4.32,-4.32
81104,180,-449.1649,79.0571,-4.32,-4.32
81106,180,-452.6767,79.0571,-4.32,-4.32
81116,180,-452.6767,78.6691,-4.32,-4.32
81117,180,-448.5653,78.6691,-4.32,-4.32
81128,180,-448.5653,78.6510,-4.32,-4.32
81128,180,-448.9079,78.6510,-4.32,-4.32
81139,180,-448.9079,79.1157,-4.32,-4.32
81140,180,-458.8437,79.1157,-4.32,-4.32
81151,180,-450.7066,79.1157,-4.32,-4.32
81151,180,-450.7066,79.2195,-4.32,-4.32
81162,180,-447.8801,79.2195,-2.88,-4.32
81163,180,-447.8801,79.2736,-4.32,-2.88
81173,180,-450.6210,79.2736,-4.32,-4.32
81175,180,-450.6210,79.6030,-4.32,-2.88
81184,180,-458.8437,79.6030,-4.32,-5.75
81187,180,-458.8437,79.6842,-4.32,-4.32
81195,180,-459.3576,79.6842,-4.32,-4.32
81199,180,-459.3576,79.4721,-4.32,-4.32
81206,180,-447.8801,79.4721,-4.32,-4.32
81211,180,-447.8801,79.8060,-4.32,-4.32
81218,180,-458.8437,79.8060,-4.32,-4.32
81223,180,-458.8437,79.6346,-4.32,-5.75
81229,180,-448.5653,79.6346,-4.32,-4.32
81235,180,-448.5653,79.8782,-4.32,-4.32
81240,180,-459.5289,79.8782,-4.32,-2.88
81246,180,-459.5289,79.6210,-4.32,-4.32
81251,180,-450.7923,79.6210,-4.32,-4.32
81258,180,-450.7923,79.1338,-5.75,-4.32
81262,180,-467.0664,79.1338,-4.32,-4.32
81270,180,-467.0664,79.2736,-4.32,-4.32
81273,180,-450.4497,79.2736,-4.32,-4.32
81282,180,-450.4497,78.9939,-5.75,-4.32
81284,180,-460.8994,78.9939,-4.32,-4.32
81294,180,-460.8994,79.1699,-4.32,-4.32
81295,180,-464.4968,79.1699,-4.32,-4.32
81306,180,-464.4968,79.3142,-4.32,-4.32
81307,180,-450.8779,79.3142,-4.32,-4.32
81318,180,-450.8779,79.3323,-4.32,-2.88
81318,180,-452.7623,79.3323,-4.32,-4.32
81329,180,-449.2505,79.3323,-4.32,-4.32
81330,180,-449.2505,79.2240,-4.32,-4.32
81340,180,-468.4368,79.2240,-4.32,-4.32
81341,180,-468.4368,79.1157,-4.32,-4.32
81351,180,-452.6767,79.1157,-4.32,-4.32
81353,180,-452.6767,78.7909,-4.32,-4.32
81362,180,-448.2227,78.7909,-4.32,-4.32
81365,180,-448.2227,78.9217,-4.32,-2.88
81373,180,-459.0150,78.9217,-4.32,-4.32
81377,180,-459.0150,78.9262,-4.32,-5.75
81385,180,-458.9293,78.9262,-4.32,-4.32
81389,180,-458.9293,78.8856,-4.32,-4.32
81396,180,-448.5653,78.8856,-4.32,-4.32
81401,180,-448.5653,78.9714,-4.32,-4.32
81407,180,-464.4968,78.9714,-4.32,-4.32
81413,180,-464.4968,78.8901,-4.32,-4.32
81418,180,-464.4111,78.8901,-4.32,-4.32
81425,180,-464.4111,79.1202,-4.32,-4.32
81429,180,-465.0107,79.1202,-4.32,-4.32
81437,180,-465.0107,79.8737,-4.32,-4.32
81440,180,-464.3255,79.8737,-2.88,-4.32
81448,180,-464.3255,80.2211,-4.32,-4.32
81451,180,-452.7623,80.2211,-4.32,-2.88
81460,180,-452.7623,80.2391,-4.32,-4.32
81463,180,-447.8801,80.2391,-4.32,-4.32
81472,180,-447.8801,79.7654,-4.32,-4.32
81474,180,-448.2227,79.7654,-4.32,-4.32
81484,180,-448.2227,79.3639,-4.32,-4.32
81485,180,-465.3533,79.3639,-4.32,-4.32
81496,180,-452.6767,79.3639,-5.75,-4.32
81496,180,-452.6767,79.5669,-4.32,-4.32
81507,180,-460.8994,79.5669,-4.32,-4.32
81508,180,-460.8994,79.6120,-4.32,-4.32
81518,180,-458.8437,79.6120,-4.32,-4.32
81520,180,-458.8437,79.1699,-4.32,-4.32
81529,180,-447.8801,79.1699,-4.32,-4.32
81532,180,-447.8801,78.8766,-4.32,-4.32
81540,180,-449.5075,78.8766,-4.32,-4.32
81543,180,-449.5075,79.0165,-5.75,-4.32
81552,180,-460.2141,79.0165,-4.32,-4.32
81555,180,-460.2141,78.9217,-4.32,-4.32
81563,180,-464.5824,78.9217,-5.75,-4.32
81567,180,-464.5824,78.9759,-4.32,-4.32
81574,180,-447.8801,78.9759,-4.32,-4.32
81579,180,-447.8801,79.0300,-4.32,-4.32
81585,180,-464.4968,79.0300,-4.32,-4.32
81591,180,-464.4968,79.1879,-4.32,-4.32
81596,180,-449.5075,79.1879,-4.32,-4.32
81603,180,-449.5075,79.4812,-4.32,-2.88
81607,180,-459.1006,79.4812,-4.32,-4.32
81615,180,-459.1006,79.9549,-4.32,-4.32
81618,180,-469.7216,79.9549,-4.32,-4.32
81627,180,-469.7216,80.1534,-4.32,-4.32
81630,180,-448.5653,80.1534,-4.32,-4.32
81639,180,-448.5653,79.6210,-4.32,-4.32
81641,180,-464.4968,79.6210,-4.32,-2.88
81650,180,-464.4968,79.4225,-4.32,-5.75
81652,180,-465.0107,79.4225,-4.32,-4.32
81662,180,-465.0107,79.2105,-4.32,-4.32
81663,180,-452.0771,79.2105,-4.32,-4.32
81674,180,-458.9293,79.2105,-4.32,-2.88
81674,180,-458.9293,79.4676,-4.32,-4.32
81685,180,-467.4090,79.4676,-4.32,-4.32
81686,180,-467.4090,79.2872,-4.32,-4.32
81696,180,-459.1863,79.2872,-4.32,-4.32
81698,180,-459.1863,79.2736,-4.32,-4.32
81707,180,-447.8801,79.2736,-4.32,-4.32
81710,180,-447.8801,79.6526,-4.32,-4.32
81719,180,-449.5075,79.6526,-4.32,-4.32
81722,180,-449.5075,80.2662,-2.88,-4.32
81730,180,-458.8437,80.2662,-4.32,-4.32
81734,180,-458.8437,79.6887,-4.32,-4.32
81741,180,-448.1371,79.6887,-4.32,-4.32
81745,180,-448.1371,79.0480,-4.32,-4.32
81752,180,-449.5075,79.0480,-4.32,-4.32
81757,180,-449.5075,78.9894,-4.32,-4.32
81763,180,-451.9914,78.9894,-4.32,-4.32
81769,180,-451.9914,78.7413,-4.32,-4.32
81774,180,-448.1371,78.7413,-4.32,-4.32
81781,180,-448.1371,78.8495,-4.32,-5.75
81785,180,-448.3940,78.8495,-4.32,-4.32
81793,180,-448.3940,79.3548,-4.32,-4.32
81797,180,-448.2227,79.3548,-4.32,-2.88
81805,180,-448.2227,79.8917,-2.88,-4.32
81808,180,-458.8437,79.8917,-4.32,-4.32
81817,180,-458.8437,79.8105,-4.32,-5.75
81819,180,-447.8801,79.8105,-4.32,-4.32
81829,180,-447.8801,79.3458,-4.32,-4.32
81830,180,-450.7066,79.3458,-4.32,-4.32
81841,180,-450.7066,79.4992,-4.32,-4.32
81841,180,-449.0792,79.4992,-4.32,-4.32
81852,180,-448.3940,79.4992,-4.32,-4.32
81852,180,-448.3940,79.3909,-4.32,-4.32
81863,180,-461.4989,79.3909,-4.32,-4.32
81864,180,-461.4989,79.2511,-4.32,-4.32
81875,180,-447.8801,79.2511,-4.32,-4.32
81876,180,-447.8801,78.8089,-4.32,-4.32
81886,180,-458.8437,78.8089,-4.32,-4.32
81888,180,-458.8437,78.8270,-4.32,-4.32
81897,180,-467.6660,78.8270,-4.32,-4.32
81900,180,-467.6660,78.9082,-4.32,-4.32
81908,180,-447.8801,78.9082,-4.32,-4.32
81912,180,-447.8801,79.0977,-4.32,-4.32
81919,180,-452.6767,79.0977,-4.32,-4.32
81924,180,-452.6767,79.2060,-4.32,-4.32
81930,180,-450.6210,79.2060,-4.32,-5.75
81936,180,-450.6210,79.4045,-2.88,-4.32
81941,180,-448.5653,79.4045,-4.32,-4.32
81947,180,-448.5653,79.7834,-4.32,-4.32
81952,180,-453.2762,79.7834,-4.32,-4.32
81959,180,-453.2762,79.9729,-4.32,-2.88
81964,180,-469.1220,79.9729,-4.32,-4.32
81971,180,-469.1220,79.6301,-4.32,-4.32
81975,180,-448.2227,79.6301,-4.32,-4.32
81983,180,-448.2227,79.3323,-4.32,-4.32
81986,180,-459.5289,79.3323,-4.32,-4.32
81995,180,-459.5289,79.4135,-4.32,-4.32
81997,180,-450.6210,79.4135,-4.32,-4.32
82007,180,-450.6210,79.7158,-4.32,-4.32
82008,180,-458.8437,79.7158,-4.32,-4.32
82019,180,-458.8437,79.6030,-4.32,-4.32
82019,180,-458.9293,79.6030,-4.32,-4.32
82030,180,-448.2227,79.6030,-4.32,-5.75
82031,180,-448.2227,79.5624,-4.32,-4.32
82042,180,-449.9358,79.5624,-4.32,-4.32
82053,180,-464.3255,79.5624,-4.32,-4.32
82054,180,-464.3255,79.6707,-4.32,-5.75
82064,180,-448.5653,79.6707,-4.32,-4.32
82066,180,-448.5653,79.7248,-4.32,-4.32
82075,180,-460.2141,79.7248,-4.32,-4.32
82078,180,-460.2141,79.7383,-4.32,-2.88
82086,180,-467.2377,79.7383,-4.32,-4.32
82090,180,-467.2377,79.6075,-4.32,-2.88
82097,180,-469.4647,79.6075,-4.32,-4.32
82102,180,-469.4647,79.7113,-4.32,-4.32
82108,180,-449.3362,79.7113,-4.32,-4.32
82114,180,-449.3362,79.5037,-4.32,-4.32
82119,180,-459.6146,79.5037,-2.88,-4.32
82126,180,-459.6146,78.6600,-4.32,-4.32
82131,180,-469.4647,78.6600,-4.32,-4.32
82138,180,-469.4647,78.3487,-4.32,-4.32
82142,180,-469.1220,78.3487,-4.32,-4.32
82149,180,-469.1220,78.6104,-4.32,-4.32
82153,180,-449.2505,78.6104,-4.32,-4.32
82161,180,-449.2505,78.5788,-4.32,-4.32
82164,180,-467.3233,78.5788,-4.32,-4.32
82173,180,-467.3233,78.8450,-4.32,-4.32
82175,180,-458.8437,78.8450,-4.32,-4.32
82185,180,-458.8437,79.2421,-4.32,-4.32
82186,180,-464.3255,79.2421,-4.32,-4.32
82197,180,-464.3255,79.3684,-4.32,-2.88
82197,180,-450.0214,79.3684,-4.32,-4.32
82209,180,-450.0214,79.3684,-4.32,-4.32
82209,180,-448.0514,79.3684,-4.32,-5.75
82209,180,-448.0514,79.9504,-4.32,-4.32
82220,180,-449.1649,79.9504,-5.75,-4.32
82221,180,-449.1649,80.0000,-5.75,-4.32
82231,180,-451.9914,80.0000,-4.32,-2.88
82233,180,-451.9914,79.6301,-4.32,-4.32
82242,180,-459.4432,79.6301,-4.32,-4.32
82245,180,-459.4432,79.4361,-4.32,-4.32
82253,180,-464.3255,79.4361,-4.32,-4.32
82256,180,-464.3255,79.0616,-4.32,-4.32
82264,180,-460.8994,79.0616,-4.32,-4.32
82268,180,-460.8994,78.6736,-4.32,-4.32
82275,180,-467.1520,78.6736,-4.32,-4.32
82280,180,-467.1520,79.0210,-4.32,-4.32
82287,180,-458.8437,79.0210,-4.32,-4.32
82292,180,-458.8437,79.1969,-4.32,-4.32
82298,180,-460.8994,79.1969,-4.32,-2.88
82304,180,-460.8994,79.5488,-4.32,-4.32
82309,180,-450.6210,79.5488,-4.32,-4.32
82316,180,-450.6210,79.8150,-4.32,-4.32
82320,180,-447.8801,79.8150,-4.32,-4.32
82328,180,-447.8801,79.8466,-4.32,-4.32
82331,180,-452.6767,79.8466,-4.32,-4.32
82340,180,-452.6767,79.3187,-4.32,-4.32
82342,180,-449.1649,79.3187,-4.32,-5.75
82351,180,-449.1649,79.1834,-4.32,-4.32
82353,180,-458.9293,79.1834,-5.75,-4.32
82363,180,-458.9293,79.0932,-4.32,-5.75
82364,180,-458.8437,79.0932,-4.32,-4.32
82375,180,-458.8437,78.9127,-4.32,-4.32
82376,180,-448.5653,78.9127,-4.32,-4.32
82387,180,-460.1285,78.9127,-4.32,-2.88
82387,180,-460.1285,78.5698,-4.32,-4.32
82399,180,-460.1285,78.7322,-4.32,-4.32
82409,180,-467.0664,78.7322,-2.88,-5.75
82411,180,-467.0664,78.7683,-4.32,-4.32
82420,180,-450.6210,78.7683,-4.32,-4.32
82423,180,-450.6210,79.0074,-4.32,-5.75
82431,180,-458.8437,79.0074,-4.32,-4.32
82435,180,-458.8437,79.2917,-4.32,-4.32
82447,180,-458.8437,79.3458,-4.32,-4.32
82454,180,-452.2484,79.3458,-4.32,-4.32
82458,180,-452.2484,79.4315,-4.32,-4.32
82465,180,-447.8801,79.4315,-4.32,-4.32
82470,180,-447.8801,79.4631,-2.88,-4.32
82476,180,-459.1006,79.4631,-4.32,-4.32
82482,180,-459.1006,79.6255,-4.32,-4.32
82487,180,-447.8801,79.6255,-4.32,-4.32
82494,180,-447.8801,79.6030,-4.32,-4.32
82498,180,-458.8437,79.6030,-4.32,-4.32
82506,180,-458.8437,79.6977,-4.32,-4.32
82509,180,-468.4368,79.6977,-4.32,-4.32
82518,180,-468.4368,79.7022,-4.32,-4.32
82520,180,-464.3255,79.7022,-4.32,-4.32
82530,180,-464.3255,79.0435,-4.32,-2.88
82531,180,-467.0664,79.0435,-4.32,-4.32
82542,180,-467.0664,78.7413,-4.32,-4.32
82543,180,-464.8394,78.7413,-4.32,-4.32
82554,180,-464.8394,78.7864,-4.32,-2.88
82554,180,-448.2227,78.7864,-4.32,-4.32
82565,180,-448.1371,78.7864,-4.32,-4.32
82576,180,-450.7066,78.7864,-4.32,-4.32
82577,180,-450.7066,78.8992,-4.32,-4.32
82587,180,-447.9657,78.8992,-4.32,-4.32
82589,180,-447.9657,78.9984,-4.32,-4.32
82598,180,-449.4218,78.9984,-4.32,-4.32
82601,180,-449.4218,79.0165,-4.32,-4.32
82609,180,-465.3533,79.0165,-4.32,-4.32
82613,180,-465.3533,78.7864,-4.32,-4.32
82621,180,-448.9079,78.7864,-4.32,-4.32
82625,180,-448.9079,78.4074,-4.32,-4.32
82632,180,-453.0193,78.4074,-4.32,-4.32
82637,180,-453.0193,78.7052,-4.32,-2.88
82643,180,-467.3233,78.7052,-4.32,-4.32
82649,180,-467.3233,79.0977,-4.32,-4.32
82654,180,-465.0107,79.0977,-4.32,-4.32
82660,180,-465.0107,79.6391,-4.32,-4.32
82665,180,-450.4497,79.6391,-2.88,-4.32
82672,180,-450.4497,79.9007,-4.32,-4.32
82676,180,-449.0792,79.9007,-4.32,-4.32
82684,180,-449.0792,79.5082,-4.32,-4.32
82687,180,-451.9914,79.5082,-4.32,-4.32
82696,180,-451.9914,79.0887,-4.32,-4.32
82699,180,-458.8437,79.0887,-4.32,-4.32
82708,180,-458.8437,79.1428,-4.32,-5.75
82710,180,-459.3576,79.1428,-4.32,-4.32
82720,180,-459.3576,79.0165,-4.32,-4.32
82721,180,-450.7066,79.0165,-4.32,-4.32
82732,180,-450.7066,78.6691,-4.32,-4.32
82732,180,-464.3255,78.6691,-4.32,-2.88
82743,180,-467.6660,78.6691,-4.32,-5.75
82744,180,-467.6660,78.7142,-4.32,-4.32
82754,180,-469.1220,78.7142,-4.32,-4.32
82756,180,-469.1220,78.6285,-5.75,-4.32
82765,180,-458.8437,78.6285,-4.32,-4.32
82767,180,-458.8437,78.6646,-4.32,-4.32
82776,180,-469.4647,78.6646,-4.32,-4.32
82779,180,-469.4647,78.5382,-4.32,-4.32
82788,180,-458.8437,78.5382,-4.32,-4.32
82791,180,-458.8437,78.2540,-2.88,-4.32
82799,180,-464.3255,78.2540,-2.88,-4.32
82803,180,-464.3255,78.3127,-2.88,-4.32
82815,180,-464.3255,78.8631,-4.32,-4.32
82821,180,-460.8994,78.8631,-4.32,-4.32
82827,180,-460.8994,79.2195,-4.32,-4.32
82832,180,-447.8801,79.2195,-4.32,-4.32
82839,180,-447.8801,79.1067,-4.32,-4.32
82843,180,-450.6210,79.1067,-4.32,-4.32
82851,180,-450.6210,79.0435,-4.32,-4.32
82854,180,-464.3255,79.0435,-4.32,-4.32
82862,180,-464.3255,78.7864,-4.32,-4.32
82866,180,-450.9636,78.7864,-4.32,-4.32
82874,180,-450.9636,79.1022,-4.32,-4.32
82877,180,-447.9657,79.1022,-4.32,-4.32
82886,180,-447.9657,79.2511,-4.32,-5.75
82888,180,-458.9293,79.2511,-4.32,-4.32
82898,180,-458.9293,79.2781,-4.32,-4.32
82899,180,-459.1863,79.2781,-4.32,-4.32
82910,180,-459.1863,78.8992,-4.32,-4.32
82910,180,-448.9079,78.8992,-4.32,-4.32
82921,180,-450.7066,78.8992,-4.32,-4.32
82922,180,-450.7066,78.9623,-4.32,-2.88
82932,180,-467.3233,78.9623,-4.32,-4.32
82934,180,-467.3233,79.0977,-5.75,-4.32
82943,180,-449.9358,79.0977,-4.32,-4.32
82946,180,-449.9358,79.1293,-4.32,-4.32
82955,180,-452.0771,79.1293,-4.32,-2.88
82958,180,-452.0771,79.2421,-4.32,-4.32
82966,180,-460.8994,79.2421,-4.32,-4.32
82969,180,-460.8994,79.2962,-4.32,-4.32
82977,180,-467.0664,79.2962,-4.32,-4.32
82981,180,-467.0664,78.9398,-4.32,-4.32
82988,180,-447.9657,78.9398,-4.32,-4.32
82993,180,-447.9657,78.5834,-4.32,-4.32
82999,180,-458.8437,78.5834,-4.32,-4.32
83005,180,-458.8437,78.3758,-4.32,-4.32
83010,180,-450.7066,78.3758,-4.32,-2.88
83017,180,-450.7066,78.1908,-4.32,-4.32
83021,180,-464.6681,78.1908,-4.32,-4.32
83029,180,-464.6681,78.0149,-4.32,-4.32
83033,180,-447.8801,78.0149,-4.32,-4.32
83041,180,-447.8801,78.1908,-4.32,-4.32
83044,180,-450.9636,78.1908,-4.32,-4.32
83053,180,-450.9636,78.4706,-4.32,-5.75
83055,180,-464.4111,78.4706,-4.32,-4.32
83064,180,-464.4111,78.9037,-4.32,-4.32
83066,180,-459.1006,78.9037,-4.32,-4.32
83076,180,-459.1006,78.8134,-4.32,-4.32
83077,180,-460.1285,78.8134,-4.32,-4.32
83088,180,-465.0963,78.8134,-4.32,-4.32
83088,180,-465.0963,78.4029,-4.32,-5.75
83099,180,-465.3533,78.4029,-5.75,-4.32
83100,180,-465.3533,78.6014,-4.32,-4.32
83110,180,-464.3255,78.6014,-4.32,-4.32
83112,180,-464.3255,78.6916,-4.32,-4.32
83122,180,-459.1863,78.6916,-4.32,-4.32
83124,180,-459.1863,78.4976,-4.32,-4.32
83133,180,-464.9250,78.4976,-4.32,-4.32
83136,180,-464.9250,78.6871,-4.32,-4.32
83144,180,-458.8437,78.6871,-4.32,-4.32
83148,180,-458.8437,78.8044,-4.32,-4.32
83155,180,-459.1006,78.8044,-4.32,-4.32
83160,180,-459.1006,78.5969,-4.32,-4.32
83166,180,-447.8801,78.5969,-4.32,-4.32
83171,180,-447.8801,78.6916,-2.88,-4.32
83177,180,-449.2505,78.6916,-4.32,-4.32
83183,180,-449.2505,79.0977,-4.32,-4.32
83188,180,-459.5289,79.0977,-4.32,-5.75
83195,180,-459.5289,78.8856,-4.32,-4.32
83200,180,-458.8437,78.8856,-4.32,-4.32
83207,180,-458.8437,78.8450,-4.32,-4.32
83211,180,255.1606,78.8450,-2.88,-4.32
83219,180,255.1606,78.4751,-4.32,-4.32
83222,180,-451.9914,78.4751,-4.32,-2.88
83231,180,-451.9914,78.3894,-4.32,-4.32
83233,180,-464.3255,78.3894,-4.32,-4.32
83243,180,-464.3255,78.2811,-4.32,-4.32
83244,180,-459.1006,78.2811,-4.32,-4.32
83255,180,-459.1006,78.6330,-2.88,-4.32
83255,180,-447.8801,78.6330,-4.32,-4.32
83266,180,-448.2227,78.6330,-4.32,-4.32
83267,180,-448.2227,79.1383,-4.32,-4.32
83278,180,-464.5824,79.1383,-4.32,-4.32
83278,180,-464.5824,79.1699,-4.32,-4.32
83289,180,-448.1371,79.1699,-4.32,-4.32
83290,180,-448.1371,79.2285,-4.32,-4.32
83300,180,-460.8994,79.2285,-4.32,-4.32
83302,180,-460.8994,79.3594,-4.32,-4.32
83311,180,-465.3533,79.3594,-4.32,-4.32
83314,180,-465.3533,79.0074,-4.32,-4.32
83322,180,-447.8801,79.0074,-4.32,-4.32
83326,180,-447.8801,78.8180,-4.32,-4.32
83333,180,-459.5289,78.8180,-4.32,-4.32
83338,180,-459.5289,79.0571,-4.32,-4.32
83344,180,-459.1006,79.0571,-4.32,-4.32
83350,180,-459.1006,78.5473,-4.32,-4.32
83355,180,-459.0150,78.5473,-4.32,-4.32
83362,180,-459.0150,78.2495,-4.32,-4.32
83367,180,-452.0771,78.2495,-4.32,-4.32
83373,180,-452.0771,78.3262,-5.75,-4.32
83378,180,-469.6360,78.3262,-4.32,-4.32
83385,180,-469.6360,78.8134,-4.32,-4.32
83389,180,-448.2227,78.8134,-4.32,-4.32
83397,180,-448.2227,79.0074,-4.32,-4.32
83400,180,-447.9657,79.0074,-4.32,-4.32
83409,180,-447.9657,78.9217,-4.32,-4.32
83411,180,-460.1285,78.9217,-4.32,-4.32
83421,180,-460.1285,79.0841,-4.32,-4.32
83422,180,-459.8715,79.0841,-4.32,-4.32
83433,180,-459.8715,78.9578,-4.32,-4.32
83433,180,-458.8437,78.9578,-4.32,-2.88
83445,180,-447.8801,78.9578,-4.32,-4.32
83445,180,-447.8801,79.1879,-4.32,-4.32
83456,180,-465.0107,79.1879,-4.32,-4.32
83457,180,-465.0107,78.9939,-4.32,-4.32
83467,180,-448.1371,78.9939,-4.32,-4.32
83469,180,-448.1371,78.7909,-4.32,-5.75
83478,180,-459.1863,78.7909,-4.32,-4.32
83480,180,-459.1863,78.4706,-4.32,-4.32
83489,180,-458.8437,78.4706,-4.32,-4.32
83492,180,-458.8437,78.2901,-4.32,-4.32
83500,180,-448.2227,78.2901,-4.32,-4.32
83504,180,-448.2227,78.6465,-4.32,-4.32
83511,180,-458.8437,78.6465,-4.32,-4.32
83516,180,-458.8437,78.9623,-4.32,-4.32
83523,180,-452.6767,78.9623,-4.32,-4.32
83528,180,-452.6767,79.0074,-4.32,-4.32
83534,180,-447.8801,79.0074,-4.32,-4.32
83540,180,-447.8801,79.0751,-4.32,-4.32
83545,180,-458.9293,79.0751,-4.32,-5.75
83552,180,-458.9293,79.0706,-4.32,-2.88
83556,180,-451.9914,79.0706,-4.32,-4.32
83564,180,-451.9914,79.3684,-4.32,-4.32
83567,180,-448.0514,79.3684,-4.32,-4.32
83575,180,-448.0514,79.7158,-5.75,-4.32
83578,180,-447.9657,79.7158,-4.32,-4.32
83587,180,-447.9657,79.5940,-4.32,-2.88
83589,180,-447.8801,79.5940,-4.32,-4.32
83599,180,-447.8801,78.9984,-4.32,-4.32
83600,180,-449.9358,78.9984,-4.32,-4.32
83611,180,-449.9358,78.9533,-4.32,-4.32
83612,180,-464.3255,78.9533,-4.32,-2.88
83623,180,-460.8994,78.9533,-4.32,-2.88
83623,180,-460.8994,79.2285,-4.32,-2.88
83634,180,-464.5824,79.2285,-4.32,-4.32
83635,180,-464.5824,78.6826,-4.32,-4.32
83645,180,-450.9636,78.6826,-4.32,-4.32
83647,180,-450.9636,78.6871,-4.32,-2.88
83656,180,-448.2227,78.6871,-4.32,-4.32
83659,180,-448.2227,79.0345,-4.32,-4.32
83667,180,-461.2420,79.0345,-4.32,-4.32
83671,180,-461.2420,79.0616,-4.32,-4.32
83678,180,-452.0771,79.0616,-4.32,-4.32
83682,180,-452.0771,79.3052,-4.32,-4.32
83690,180,-450.7066,79.3052,-4.32,-4.32
83694,180,-450.7066,79.3819,-2.88,-4.32
83701,180,-459.3576,79.3819,-4.32,-4.32
83706,180,-459.3576,79.3007,-4.32,-4.32
83712,180,-453.0193,79.3007,-4.32,-4.32
83718,180,-453.0193,79.6075,-4.32,-4.32
83723,180,-448.0514,79.6075,-4.32,-4.32
83730,180,-448.0514,80.6497,-4.32,-4.32
83734,180,-458.8437,80.6497,-4.32,-4.32
83742,180,-458.8437,81.0332,-4.32,-4.32
83745,180,-467.0664,81.0332,-4.32,-4.32
83754,180,-467.0664,81.0557,-4.32,-4.32
83756,180,-447.9657,81.0557,-4.32,-4.32
83766,180,-447.9657,80.7174,-4.32,-4.32
83767,180,-461.4989,80.7174,-4.32,-2.88
83777,180,-461.4989,80.0000,-4.32,-4.32
83779,180,-449.5075,80.0000,-4.32,-5.75
83789,180,-449.5075,79.5308,-4.32,-2.88
83790,180,-449.2505,79.5308,-4.32,-4.32
83801,180,-449.4218,79.5308,-4.32,-4.32
83801,180,-449.4218,79.1699,-4.32,-4.32
83812,180,-459.0150,79.1699,-4.32,-2.88
83813,180,-459.0150,79.1969,-2.88,-4.32
83823,180,-458.8437,79.1969,-4.32,-4.32
83825,180,-458.8437,79.1247,-4.32,-4.32
83837,180,-458.8437,78.8540,-4.32,-4.32
83845,180,-460.2141,78.8540,-2.88,-4.32
83849,180,-460.2141,78.3487,-4.32,-4.32
83857,180,-465.0963,78.3487,-4.32,-4.32
83861,180,-465.0963,78.4164,-4.32,-4.32
83868,180,-447.8801,78.4164,-4.32,-4.32
83873,180,-447.8801,78.6555,-5.75,-4.32
83879,180,-458.8437,78.6555,-4.32,-4.32
83884,180,-458.8437,79.0977,-4.32,-4.32
83890,180,-447.8801,79.0977,-2.88,-4.32
83896,180,-447.8801,79.5579,-4.32,-4.32
83901,180,-460.2141,79.5579,-4.32,-4.32
83908,180,-460.2141,79.6616,-4.32,-4.32
83912,180,-448.5653,79.6616,-4.32,-4.32
83920,180,-448.5653,79.5173,-4.32,-5.75
83923,180,-449.9358,79.5173,-4.32,-4.32
83932,180,-449.9358,79.5759,-5.75,-4.32
83934,180,-459.4432,79.5759,-4.32,-4.32
83944,180,-459.4432,80.2842,-4.32,-4.32
83946,180,-448.5653,80.2842,-4.32,-4.32
83956,180,-448.5653,80.3474,-4.32,-4.32
83957,180,-469.1220,80.3474,-4.32,-4.32
83968,180,-469.1220,79.8692,-4.32,-4.32
83968,180,-469.4647,79.8692,-4.32,-4.32
83979,180,-465.5246,79.8692,-4.32,-4.32
83979,180,-465.5246,79.7293,-4.32,-4.32
83990,180,-447.8801,79.7293,-4.32,-4.32
83991,180,-447.8801,79.7067,-4.32,-4.32
84001,180,-448.9079,79.7067,-2.88,-4.32
84003,180,-448.9079,79.3729,-4.32,-4.32
84012,180,-465.6103,79.3729,-4.32,-4.32
84015,180,-465.6103,78.8360,-4.32,-4.32
84024,180,-448.9079,78.8360,-4.32,-4.32
84027,180,-448.9079,78.5653,-4.32,-4.32
84035,180,-451.9914,78.5653,-4.32,-4.32
84039,180,-451.9914,78.4345,-4.32,-4.32
84046,180,-459.4432,78.4345,-4.32,-4.32
84051,180,-459.4432,78.2856,-4.32,-4.32
84057,180,-464.3255,78.2856,-2.88,-4.32
84063,180,-464.3255,78.2766,-4.32,-4.32
84068,180,-448.0514,78.2766,-4.32,-4.32
84075,180,-448.0514,78.7413,-4.32,-4.32
84079,180,-459.1863,78.7413,-4.32,-4.32
84086,180,-459.1863,79.3548,-4.32,-2.88
84090,180,-460.2141,79.3548,-4.32,-4.32
84098,180,-460.2141,79.4541,-4.32,-4.32
84102,180,-467.6660,79.4541,-4.32,-4.32
84110,180,-467.6660,79.7248,-4.32,-4.32
84113,180,-469.8929,79.7248,-2.88,-4.32
84122,180,-469.8929,79.9053,-4.32,-4.32
84124,180,-464.3255,79.9053,-4.32,-4.32
84134,180,-464.3255,79.5173,-4.32,-4.32
84135,180,-465.3533,79.5173,-4.32,-4.32
