41943,180,9.5931,14.4417,-77.68,-79.12
41943,180,9.5931,14.4417,-79.12,-79.12
41947,180,9.5931,14.4236,-79.12,-79.12
41947,180,9.5931,14.4236,-79.12,-79.12
41954,180,1.0278,14.4236,-79.12,-79.12
41954,180,1.0278,14.4236,-79.12,-79.12
41959,180,1.0278,14.3830,-79.12,-79.12
41959,180,1.0278,14.3830,-79.12,-79.12
41965,180,1.9700,14.3830,-79.12,-79.12
41965,180,1.9700,14.3830,-79.12,-79.12
41971,180,1.9700,14.4327,-79.12,-79.12
41971,180,1.9700,14.4327,-79.12,-79.12
41976,180,-1.7131,14.4327,-79.12,-79.12
41976,180,-1.7131,14.4327,-79.12,-79.12
41982,180,-1.7131,13.8958,-79.12,-79.12
41982,180,-1.7131,13.8958,-79.12,-79.12
41987,180,2.5696,13.8958,-77.68,-79.12
41987,180,2.5696,13.8958,-79.12,-79.12
41994,180,2.5696,13.7604,-79.12,-77.68
41994,180,2.5696,13.7604,-79.12,-79.12
41998,180,-3.4261,13.7604,-79.12,-79.12
41998,180,-3.4261,13.7604,-79.12,-79.12
42006,180,-3.4261,13.9138,-79.12,-79.12
42006,180,-3.4261,13.9138,-79.12,-79.12
42009,180,0.8565,13.9138,-79.12,-79.12
42009,180,0.8565,13.9138,-79.12,-79.12
42018,180,0.8565,13.8191,-79.12,-79.12
42018,180,0.8565,13.8191,-79.12,-79.12
42020,180,-7.1949,13.8191,-79.12,-79.12
42020,180,-7.1949,13.8191,-79.12,-79.12
42030,180,-7.1949,13.5664,-79.12,-79.12
42030,180,-7.1949,13.5664,-79.12,-79.12
42031,180,-0.0857,13.5664,-79.12,-79.12
42031,180,-0.0857,13.5664,-79.12,-79.12
42042,180,-0.0857,13.9093,-79.12,-79.12
42042,180,0.4283,13.9093,-79.12,-79.12
42042,180,0.4283,13.9093,-79.12,-79.12
42052,180,6.4240,13.9093,-79.12,-79.12
42053,180,6.4240,13.9093,-79.12,-79.12
42053,180,6.4240,14.3154,-79.12,-79.12
42053,180,6.4240,14.3154,-79.12,-79.12
42063,180,5.0535,14.3154,-79.12,-79.12
42064,180,5.0535,14.3154,-79.12,-79.12
42065,180,5.0535,14.4823,-79.12,-79.12
42065,180,5.0535,14.4823,-79.12,-79.12
42074,180,-4.1113,14.4823,-79.12,-79.12
42075,180,-4.1113,14.4823,-79.12,-79.12
42077,180,-4.1113,14.3875,-79.12,-79.12
42077,180,-4.1113,14.3875,-79.12,-79.12
42085,180,4.7966,14.3875,-79.12,-79.12
42085,180,4.7966,14.3875,-79.12,-79.12
42089,180,4.7966,14.3334,-79.12,-79.12
42089,180,4.7966,14.3334,-79.12,-79.12
42096,180,-3.2548,14.3334,-79.12,-79.12
42096,180,-3.2548,14.3334,-79.12,-79.12
42101,180,-3.2548,14.2522,-79.12,-79.12
42101,180,-3.2548,14.2522,-79.12,-79.12
42107,180,6.4240,14.2522,-79.12,-79.12
42107,180,6.4240,14.2522,-79.12,-79.12
42112,180,6.4240,14.2071,-79.12,-79.12
42113,180,6.4240,14.2071,-79.12,-79.12
42118,180,-3.5118,14.2071,-79.12,-79.12
42118,180,-3.5118,14.2071,-79.12,-77.68
42124,180,-3.5118,14.1529,-79.12,-79.12
42124,180,-3.5118,14.1529,-79.12,-79.12
42129,180,-6.4240,14.1529,-79.12,-79.12
42129,180,-6.4240,14.1529,-79.12,-79.12
42136,180,-6.4240,13.9274,-79.12,-79.12
42136,180,-6.4240,13.9274,-79.12,-79.12
42140,180,-10.2784,13.9274,-79.12,-79.12
42140,180,-10.2784,13.9274,-79.12,-79.12
42148,180,-10.2784,14.1214,-79.12,-79.12
42148,180,-10.2784,14.1214,-77.68,-79.12
42151,180,-2.6552,14.1214,-79.12,-79.12
42151,180,-2.6552,14.1214,-79.12,-79.12
42160,180,-2.6552,14.2116,-79.12,-79.12
42160,180,-2.6552,14.2116,-79.12,-79.12
42162,180,0.0000,14.2116,-77.68,-79.12
42162,180,0.0000,14.2116,-79.12,-79.12
42172,180,0.0000,14.0492,-79.12,-79.12
42172,180,0.0000,14.0492,-79.12,-79.12
42173,180,1.1991,14.0492,-79.12,-79.12
42173,180,1.1991,14.0492,-79.12,-79.12
42183,180,1.1991,14.3830,-79.12,-79.12
42184,180,1.1991,14.3830,-79.12,-79.12
42184,180,3.9400,14.3830,-79.12,-79.12
42184,180,3.9400,14.3830,-79.12,-79.12
42195,180,1.0278,14.3830,-79.12,-79.12
42195,180,1.0278,14.3830,-79.12,-79.12
42195,180,1.0278,14.2612,-79.12,-79.12
42195,180,1.0278,14.2612,-79.12,-79.12
42206,180,8.9079,14.2612,-77.68,-79.12
42206,180,8.9079,14.2612,-79.12,-79.12
42207,180,8.9079,13.8462,-79.12,-79.12
42207,180,8.9079,13.8462,-79.12,-79.12
42217,180,2.5696,13.8462,-79.12,-79.12
42217,180,2.5696,13.8462,-79.12,-79.12
42219,180,2.5696,13.8281,-79.12,-79.12
42219,180,2.5696,13.8281,-79.12,-79.12
42228,180,9.0792,13.8281,-79.12,-79.12
42228,180,9.0792,13.8281,-79.12,-79.12
42231,180,9.0792,14.2793,-79.12,-79.12
42231,180,9.0792,14.2793,-79.12,-79.12
42239,180,0.7709,14.2793,-79.12,-79.12
42239,180,0.7709,14.2793,-79.12,-79.12
42243,180,0.7709,14.2838,-79.12,-79.12
42243,180,0.7709,14.2838,-79.12,-79.12
42250,180,-2.9122,14.2838,-79.12,-77.68
42250,180,-2.9122,14.2838,-79.12,-79.12
42254,180,-2.9122,13.9815,-79.12,-79.12
42255,180,-2.9122,13.9815,-79.12,-79.12
42261,180,-2.1413,13.9815,-79.12,-79.12
42261,180,-2.1413,13.9815,-79.12,-79.12
42266,180,-2.1413,14.1394,-79.12,-79.12
42266,180,-2.1413,14.1394,-79.12,-77.68
42272,180,4.2827,14.1394,-79.12,-79.12
42272,180,4.2827,14.1394,-79.12,-79.12
42278,180,4.2827,14.4688,-79.12,-79.12
42278,180,4.2827,14.4688,-79.12,-79.12
42283,180,2.5696,14.4688,-79.12,-79.12
42283,180,2.5696,14.4688,-79.12,-79.12
42290,180,2.5696,14.7755,-79.12,-79.12
42290,180,2.5696,14.7755,-79.12,-79.12
42294,180,-0.2570,14.7755,-79.12,-79.12
42294,180,-0.2570,14.7755,-79.12,-79.12
42302,180,-0.2570,14.3921,-77.68,-79.12
42302,180,-0.2570,14.3921,-79.12,-79.12
42305,180,1.8844,14.3921,-79.12,-79.12
42305,180,1.8844,14.3921,-79.12,-79.12
42314,180,1.8844,13.9905,-79.12,-79.12
42314,180,1.8844,13.9905,-79.12,-79.12
42316,180,-5.2248,13.9905,-79.12,-79.12
42316,180,-5.2248,13.9905,-79.12,-79.12
42325,180,-5.2248,14.2928,-79.12,-79.12
42326,180,-5.2248,14.2928,-79.12,-79.12
42327,180,9.1649,14.2928,-79.12,-79.12
42327,180,9.1649,14.2928,-79.12,-79.12
42337,180,9.1649,14.1304,-79.12,-79.12
42337,180,9.1649,14.1304,-79.12,-79.12
42338,180,4.1113,14.1304,-79.12,-79.12
42338,180,4.1113,14.1304,-79.12,-79.12
42349,180,9.8501,14.1304,-79.12,-79.12
42349,180,9.8501,14.1304,-79.12,-79.12
42349,180,9.8501,13.7695,-79.12,-79.12
42349,180,9.8501,13.7695,-79.12,-79.12
42360,180,3.6831,13.7695,-79.12,-79.12
42360,180,3.6831,13.7695,-79.12,-79.12
42361,180,3.6831,14.1349,-79.12,-77.68
42361,180,3.6831,14.1349,-79.12,-79.12
42371,180,9.1649,14.1349,-79.12,-79.12
42371,180,9.1649,14.1349,-79.12,-79.12
42373,180,9.1649,14.2567,-79.12,-79.12
42373,180,9.1649,14.2567,-79.12,-79.12
42382,180,5.7388,14.2567,-79.12,-79.12
42382,180,5.7388,14.2567,-79.12,-79.12
42385,180,5.7388,14.1439,-79.12,-79.12
42385,180,5.7388,14.1439,-79.12,-79.12
42393,180,-0.1713,14.1439,-77.68,-79.12
42393,180,-0.1713,14.1439,-79.12,-79.12
42396,180,-0.1713,14.2702,-79.12,-79.12
42397,180,-0.1713,14.2702,-79.12,-79.12
42404,180,4.3683,14.2702,-79.12,-79.12
42404,180,4.3683,14.2702,-77.68,-79.12
42408,180,4.3683,14.3830,-79.12,-79.12
42408,180,4.3683,14.3830,-79.12,-79.12
42415,180,6.5953,14.3830,-79.12,-79.12
42415,180,6.5953,14.3830,-79.12,-79.12
42420,180,6.5953,14.0672,-79.12,-79.12
42420,180,6.5953,14.0672,-79.12,-79.12
42426,180,5.7388,14.0672,-79.12,-79.12
42426,180,5.7388,14.0672,-79.12,-79.12
42432,180,5.7388,13.5394,-79.12,-79.12
42432,180,5.7388,13.5394,-79.12,-79.12
42437,180,-6.5096,13.5394,-79.12,-79.12
42437,180,-6.5096,13.5394,-79.12,-79.12
42444,180,-6.5096,14.0898,-79.12,-79.12
42444,180,-6.5096,14.0898,-79.12,-79.12
42447,180,0.0000,14.0898,-79.12,-79.12
42448,180,0.0000,14.0898,-79.12,-79.12
42456,180,0.0000,14.2838,-79.12,-79.12
42456,180,0.0000,14.2838,-79.12,-79.12
42458,180,-3.6831,14.2838,-77.68,-79.12
42459,180,-3.6831,14.2838,-79.12,-79.12
42467,180,-3.6831,14.2432,-79.12,-79.12
42467,180,-3.6831,14.2432,-77.68,-79.12
42469,180,6.8522,14.2432,-79.12,-79.12
42470,180,6.8522,14.2432,-79.12,-79.12
42479,180,6.8522,14.3560,-79.12,-79.12
42479,180,6.8522,14.3560,-79.12,-79.12
42480,180,4.1970,14.3560,-79.12,-79.12
42480,180,4.1970,14.3560,-77.68,-79.12
42491,180,4.1970,14.4868,-79.12,-79.12
42491,180,4.1970,14.4868,-79.12,-79.12
42491,180,0.3426,14.4868,-79.12,-79.12
42491,180,0.3426,14.4868,-79.12,-79.12
42502,180,5.5675,14.4868,-79.12,-79.12
42502,180,5.5675,14.4868,-79.12,-79.12
42503,180,5.5675,14.4597,-79.12,-79.12
42503,180,5.5675,14.4597,-79.12,-77.68
42513,180,8.3084,14.4597,-79.12,-79.12
42513,180,8.3084,14.4597,-79.12,-79.12
42515,180,8.3084,14.1710,-79.12,-79.12
42515,180,8.3084,14.1710,-79.12,-79.12
42524,180,-1.1135,14.1710,-79.12,-79.12
42524,180,-1.1135,14.1710,-79.12,-79.12
42527,180,-1.1135,14.2793,-79.12,-79.12
42527,180,-1.1135,14.2793,-79.12,-79.12
42535,180,-12.1627,14.2793,-79.12,-79.12
42535,180,-12.1627,14.2793,-79.12,-79.12
42538,180,-12.1627,14.5049,-79.12,-79.12
42538,180,-12.1627,14.5049,-79.12,-79.12
42546,180,-0.3426,14.5049,-79.12,-79.12
42546,180,-0.3426,14.5049,-79.12,-79.12
42550,180,-0.3426,14.7620,-79.12,-79.12
42550,180,-0.3426,14.7620,-79.12,-79.12
42557,180,0.5996,14.7620,-79.12,-79.12
42557,180,0.5996,14.7620,-79.12,-79.12
42562,180,0.5996,14.6041,-79.12,-79.12
42562,180,0.5996,14.6041,-79.12,-79.12
42568,180,14.6467,14.6041,-79.12,-77.68
42568,180,14.6467,14.6041,-79.12,-79.12
42574,180,14.6467,13.6161,-79.12,-79.12
42574,180,14.6467,13.6161,-79.12,-79.12
42579,180,4.2827,13.6161,-79.12,-79.12
42579,180,4.2827,13.6161,-79.12,-79.12
42586,180,4.2827,13.5303,-79.12,-79.12
42586,180,4.2827,13.5303,-79.12,-79.12
42590,180,2.7409,13.5303,-79.12,-79.12
42590,180,2.7409,13.5303,-79.12,-77.68
42598,180,2.7409,13.4988,-79.12,-79.12
42598,180,2.7409,13.4988,-79.12,-79.12
42601,180,5.3961,13.4988,-79.12,-79.12
42601,180,5.3961,13.4988,-79.12,-79.12
42609,180,5.3961,14.0672,-79.12,-79.12
42609,180,5.3961,14.0672,-79.12,-79.12
42612,180,5.2248,14.0672,-79.12,-79.12
42612,180,5.2248,14.0672,-79.12,-79.12
42621,180,5.2248,14.1620,-79.12,-79.12
42621,180,5.2248,14.1620,-79.12,-79.12
42623,180,6.5953,14.1620,-79.12,-79.12
42623,180,6.5953,14.1620,-79.12,-79.12
42633,180,6.5953,13.8732,-79.12,-79.12
42633,180,6.5953,13.8732,-79.12,-79.12
42634,180,5.9101,13.8732,-79.12,-79.12
42634,180,5.9101,13.8732,-79.12,-79.12
42645,180,5.9101,13.9815,-79.12,-79.12
42645,180,9.2505,13.9815,-79.12,-79.12
42645,180,9.2505,13.9815,-79.12,-79.12
42656,180,3.9400,13.9815,-79.12,-79.12
42656,180,3.9400,13.9815,-79.12,-79.12
42657,180,3.9400,14.1169,-79.12,-79.12
42657,180,3.9400,14.1169,-79.12,-79.12
42667,180,7.8801,14.1169,-77.68,-79.12
42667,180,7.8801,14.1169,-79.12,-79.12
42669,180,7.8801,14.1710,-79.12,-77.68
42669,180,7.8801,14.1710,-79.12,-79.12
42678,180,1.8844,14.1710,-79.12,-79.12
42678,180,1.8844,14.1710,-79.12,-79.12
42680,180,1.8844,14.0808,-79.12,-79.12
42680,180,1.8844,14.0808,-79.12,-79.12
42689,180,3.9400,14.0808,-79.12,-79.12
42689,180,3.9400,14.0808,-79.12,-79.12
42692,180,3.9400,14.1845,-79.12,-79.12
42692,180,3.9400,14.1845,-79.12,-79.12
42700,180,-2.6552,14.1845,-79.12,-79.12
42700,180,-2.6552,14.1845,-79.12,-79.12
42704,180,-2.6552,14.4507,-79.12,-77.68
42704,180,-2.6552,14.4507,-79.12,-79.12
42711,180,-2.9979,14.4507,-79.12,-77.68
42711,180,-2.9979,14.4507,-79.12,-79.12
42716,180,-2.9979,14.3515,-79.12,-79.12
42716,180,-2.9979,14.3515,-79.12,-79.12
42722,180,1.7987,14.3515,-79.12,-79.12
42722,180,1.7987,14.3515,-79.12,-79.12
42728,180,1.7987,13.8642,-79.12,-79.12
42728,180,1.7987,13.8642,-79.12,-79.12
42733,180,5.9957,13.8642,-79.12,-79.12
42733,180,5.9957,13.8642,-79.12,-79.12
42740,180,5.9957,13.7785,-79.12,-79.12
42740,180,5.9957,13.7785,-79.12,-79.12
42744,180,2.3126,13.7785,-79.12,-79.12
42744,180,2.3126,13.7785,-79.12,-79.12
42751,180,2.3126,13.4762,-79.12,-79.12
42751,180,2.3126,13.4762,-79.12,-79.12
42755,180,9.7645,13.4762,-79.12,-79.12
42755,180,9.7645,13.4762,-79.12,-79.12
42763,180,9.7645,13.2957,-79.12,-79.12
42763,180,9.7645,13.2957,-79.12,-79.12
42766,180,15.6745,13.2957,-79.12,-79.12
42766,180,15.6745,13.2957,-79.12,-79.12
42775,180,15.6745,13.2416,-79.12,-79.12
42775,180,15.6745,13.2416,-79.12,-79.12
42777,180,1.1991,13.2416,-79.12,-77.68
42777,180,1.1991,13.2416,-79.12,-79.12
42787,180,1.1991,13.5935,-79.12,-79.12
42787,180,1.1991,13.5935,-79.12,-79.12
42788,180,12.6767,13.5935,-79.12,-79.12
42788,180,12.6767,13.5935,-79.12,-79.12
42799,180,4.5396,13.5935,-79.12,-79.12
42799,180,4.5396,13.5935,-77.68,-79.12
42799,180,4.5396,13.8687,-79.12,-79.12
42799,180,4.5396,13.8687,-79.12,-79.12
42810,180,4.5396,13.8687,-79.12,-79.12
42810,180,4.5396,13.8687,-79.12,-79.12
42811,180,4.5396,13.6702,-79.12,-79.12
42811,180,4.5396,13.6702,-79.12,-79.12
42821,180,-1.9700,13.6702,-79.12,-79.12
42821,180,-1.9700,13.6702,-79.12,-79.12
42822,180,-1.9700,13.6161,-79.12,-79.12
42822,180,-1.9700,13.6161,-79.12,-79.12
42832,180,-0.5139,13.6161,-79.12,-77.68
42832,180,-0.5139,13.6161,-79.12,-79.12
42834,180,-0.5139,13.6161,-79.12,-79.12
42834,180,-0.5139,13.6161,-79.12,-79.12
42842,180,3.1692,13.6161,-79.12,-79.12
42843,180,3.1692,13.6161,-79.12,-77.68
42846,180,3.1692,14.0898,-79.12,-79.12
42846,180,3.1692,14.0898,-79.12,-79.12
42853,180,2.9122,14.0898,-79.12,-79.12
42854,180,2.9122,14.0898,-79.12,-79.12
42858,180,2.9122,14.1575,-79.12,-79.12
42858,180,2.9122,14.1575,-79.12,-79.12
42864,180,12.2484,14.1575,-79.12,-79.12
42865,180,12.2484,14.1575,-77.68,-79.12
42870,180,12.2484,14.1575,-79.12,-79.12
42870,180,12.2484,14.1575,-79.12,-79.12
42875,180,4.9679,14.1575,-79.12,-79.12
42875,180,4.9679,14.1575,-77.68,-79.12
42882,180,4.9679,14.5409,-79.12,-79.12
42882,180,4.9679,14.5409,-79.12,-79.12
42886,180,4.7966,14.5409,-79.12,-79.12
42886,180,4.7966,14.5409,-79.12,-79.12
42893,180,4.7966,14.1890,-79.12,-79.12
42893,180,4.7966,14.1890,-79.12,-79.12
42897,180,4.2827,14.1890,-79.12,-79.12
42897,180,4.2827,14.1890,-79.12,-79.12
42905,180,4.2827,13.9499,-79.12,-79.12
42905,180,4.2827,13.9499,-79.12,-79.12
42908,180,8.9079,13.9499,-79.12,-79.12
42908,180,8.9079,13.9499,-79.12,-79.12
42917,180,8.9079,14.1349,-79.12,-79.12
42917,180,8.9079,14.1349,-79.12,-79.12
42919,180,-2.9979,14.1349,-79.12,-79.12
42919,180,-2.9979,14.1349,-79.12,-79.12
42929,180,-2.9979,14.0356,-79.12,-79.12
42929,180,-2.9979,14.0356,-79.12,-79.12
42930,180,-3.7687,14.0356,-79.12,-79.12
42930,180,-3.7687,14.0356,-79.12,-79.12
42941,180,-3.7687,14.2026,-79.12,-79.12
42941,180,-3.7687,14.2026,-79.12,-79.12
42941,180,-8.2227,14.2026,-79.12,-79.12
42941,180,-8.2227,14.2026,-79.12,-79.12
42952,180,0.7709,14.2026,-79.12,-79.12
42952,180,0.7709,14.2026,-79.12,-79.12
42953,180,0.7709,13.8732,-79.12,-79.12
42953,180,0.7709,13.8732,-79.12,-79.12
42963,180,2.0557,13.8732,-79.12,-79.12
42963,180,2.0557,13.8732,-79.12,-79.12
42964,180,2.0557,14.0627,-79.12,-79.12
42964,180,2.0557,14.0627,-79.12,-79.12
42974,180,2.4839,14.0627,-79.12,-79.12
42974,180,2.4839,14.0627,-79.12,-79.12
42976,180,2.4839,14.1078,-79.12,-79.12
42976,180,2.4839,14.1078,-79.12,-79.12
42985,180,9.7645,14.1078,-79.12,-79.12
42985,180,9.7645,14.1078,-79.12,-79.12
42988,180,9.7645,13.5755,-79.12,-77.68
42988,180,9.7645,13.5755,-79.12,-79.12
42996,180,-1.1991,13.5755,-79.12,-79.12
42996,180,-1.1991,13.5755,-79.12,-77.68
43000,180,-1.1991,13.5484,-79.12,-79.12
43000,180,-1.1991,13.5484,-79.12,-79.12
43007,180,5.0535,13.5484,-79.12,-79.12
43007,180,5.0535,13.5484,-79.12,-79.12
43012,180,5.0535,13.6657,-79.12,-79.12
43012,180,5.0535,13.6657,-79.12,-79.12
43018,180,-6.7666,13.6657,-79.12,-79.12
43018,180,-6.7666,13.6657,-79.12,-79.12
43024,180,-6.7666,13.7243,-79.12,-79.12
43024,180,-6.7666,13.7243,-79.12,-79.12
43029,180,4.7966,13.7243,-79.12,-79.12
43029,180,4.7966,13.7243,-79.12,-79.12
43035,180,4.7966,13.4491,-79.12,-79.12
43035,180,4.7966,13.4491,-79.12,-79.12
43040,180,3.8544,13.4491,-79.12,-79.12
43040,180,3.8544,13.4491,-79.12,-79.12
43047,180,3.8544,14.0943,-79.12,-79.12
43047,180,3.8544,14.0943,-79.12,-79.12
43051,180,4.1970,14.0943,-79.12,-79.12
43051,180,4.1970,14.0943,-79.12,-79.12
43059,180,4.1970,14.2387,-79.12,-79.12
43059,180,4.1970,14.2387,-79.12,-79.12
43062,180,-0.3426,14.2387,-79.12,-79.12
43062,180,-0.3426,14.2387,-79.12,-79.12
43071,180,-0.3426,13.6296,-79.12,-79.12
43071,180,-0.3426,13.6296,-79.12,-79.12
43073,180,2.9979,13.6296,-79.12,-79.12
43073,180,2.9979,13.6296,-79.12,-79.12
43083,180,2.9979,13.9589,-79.12,-79.12
43083,180,2.9979,13.9589,-79.12,-79.12
43084,180,2.6552,13.9589,-79.12,-79.12
43084,180,2.6552,13.9589,-79.12,-79.12
43095,180,2.6552,13.7695,-79.12,-79.12
43095,180,2.6552,13.7695,-79.12,-79.12
43095,180,1.9700,13.7695,-77.68,-79.12
43095,180,1.9700,13.7695,-79.12,-77.68
43106,180,10.0214,13.7695,-79.12,-79.12
43106,180,10.0214,13.7695,-79.12,-79.12
43106,180,10.0214,13.8371,-79.12,-79.12
43106,180,10.0214,13.8371,-79.12,-79.12
43117,180,-2.4839,13.8371,-79.12,-79.12
43117,180,-2.4839,13.8371,-79.12,-79.12
43118,180,-2.4839,14.0266,-79.12,-79.12
43118,180,-2.4839,14.0266,-79.12,-79.12
43128,180,7.8801,14.0266,-79.12,-79.12
43128,180,7.8801,14.0266,-79.12,-79.12
43130,180,7.8801,13.4582,-79.12,-79.12
43130,180,7.8801,13.4582,-79.12,-79.12
43139,180,7.0236,13.4582,-79.12,-79.12
43139,180,7.0236,13.4582,-79.12,-79.12
43142,180,7.0236,14.0266,-79.12,-79.12
43142,180,7.0236,14.0266,-79.12,-79.12
43150,180,10.3640,14.0266,-79.12,-79.12
43150,180,10.3640,14.0266,-79.12,-79.12
43154,180,10.3640,14.1890,-77.68,-79.12
43154,180,10.3640,14.1890,-77.68,-79.12
43161,180,-8.0514,14.1890,-79.12,-79.12
43161,180,-8.0514,14.1890,-79.12,-79.12
43166,180,-8.0514,13.4942,-79.12,-79.12
43166,180,-8.0514,13.4942,-79.12,-79.12
43172,180,-6.5096,13.4942,-79.12,-79.12
43172,180,-6.5096,13.4942,-79.12,-79.12
43177,180,-6.5096,13.2596,-79.12,-79.12
43177,180,-6.5096,13.2596,-79.12,-79.12
43183,180,5.4818,13.2596,-79.12,-79.12
43183,180,5.4818,13.2596,-79.12,-77.68
43189,180,5.4818,13.7289,-79.12,-79.12
43189,180,5.4818,13.7289,-79.12,-79.12
43194,180,0.0857,13.7289,-79.12,-79.12
43194,180,0.0857,13.7289,-79.12,-79.12
43201,180,0.0857,14.2702,-79.12,-79.12
43201,180,0.0857,14.2702,-79.12,-79.12
43205,180,2.1413,14.2702,-79.12,-79.12
43205,180,2.1413,14.2702,-79.12,-79.12
43213,180,2.1413,14.1529,-79.12,-79.12
43213,180,2.1413,14.1529,-79.12,-79.12
43216,180,-5.0535,14.1529,-79.12,-79.12
43216,180,-5.0535,14.1529,-79.12,-79.12
43225,180,-5.0535,14.3830,-79.12,-79.12
43225,180,-5.0535,14.3830,-79.12,-79.12
43227,180,1.2848,14.3830,-79.12,-79.12
43227,180,1.2848,14.3830,-79.12,-79.12
43236,180,1.2848,14.4282,-79.12,-79.12
43237,180,1.2848,14.4282,-77.68,-79.12
43238,180,2.2270,14.4282,-79.12,-79.12
43238,180,2.2270,14.4282,-79.12,-79.12
43248,180,2.2270,13.9229,-79.12,-79.12
43248,180,2.2270,13.9229,-79.12,-79.12
43248,180,9.6788,13.9229,-79.12,-79.12
43249,180,9.6788,13.9229,-79.12,-79.12
43259,180,-1.9700,13.9229,-79.12,-79.12
43260,180,-1.9700,13.9229,-79.12,-79.12
43260,180,-1.9700,13.8010,-79.12,-79.12
43260,180,-1.9700,13.8010,-79.12,-79.12
43270,180,2.9122,13.8010,-79.12,-79.12
43271,180,2.9122,13.8010,-79.12,-79.12
43272,180,2.9122,13.4627,-79.12,-79.12
43272,180,2.9122,13.4627,-79.12,-79.12
43281,180,7.5375,13.4627,-79.12,-79.12
43281,180,7.5375,13.4627,-79.12,-79.12
43284,180,7.5375,13.7920,-79.12,-79.12
43284,180,7.5375,13.7920,-79.12,-79.12
43292,180,0.9422,13.7920,-79.12,-79.12
43292,180,0.9422,13.7920,-79.12,-79.12
43296,180,0.9422,13.8236,-79.12,-79.12
43296,180,0.9422,13.8236,-79.12,-79.12
43303,180,1.1135,13.8236,-79.12,-79.12
43303,180,1.1135,13.8236,-79.12,-79.12
43307,180,1.1135,14.0898,-79.12,-79.12
43308,180,1.1135,14.0898,-79.12,-79.12
43314,180,3.8544,14.0898,-79.12,-79.12
43314,180,3.8544,14.0898,-79.12,-79.12
43319,180,3.8544,13.9589,-79.12,-79.12
43319,180,3.8544,13.9589,-79.12,-79.12
43325,180,2.9979,13.9589,-79.12,-79.12
43325,180,2.9979,13.9589,-79.12,-79.12
43331,180,2.9979,13.7920,-79.12,-79.12
43331,180,2.9979,13.7920,-79.12,-79.12
43336,180,-5.6531,13.7920,-79.12,-79.12
43336,180,-5.6531,13.7920,-79.12,-79.12
43343,180,-5.6531,13.8010,-79.12,-79.12
43343,180,-5.6531,13.8010,-79.12,-79.12
43347,180,3.1692,13.8010,-79.12,-79.12
43347,180,3.1692,13.8010,-79.12,-79.12
43355,180,3.1692,13.7514,-79.12,-79.12
43355,180,3.1692,13.7514,-79.12,-79.12
43358,180,-1.5418,13.7514,-79.12,-79.12
43358,180,-1.5418,13.7514,-79.12,-79.12
43367,180,-1.5418,14.1981,-79.12,-79.12
43367,180,-1.5418,14.1981,-79.12,-79.12
43369,180,6.7666,14.1981,-79.12,-79.12
43369,180,6.7666,14.1981,-79.12,-79.12
43378,180,6.7666,14.0582,-79.12,-79.12
43379,180,6.7666,14.0582,-79.12,-79.12
43380,180,7.3662,14.0582,-79.12,-79.12
43380,180,7.3662,14.0582,-77.68,-79.12
43390,180,7.3662,13.9003,-79.12,-79.12
43390,180,7.3662,13.9003,-79.12,-79.12
43391,180,12.2484,13.9003,-79.12,-79.12
43391,180,12.2484,13.9003,-79.12,-79.12
43402,180,9.4218,14.3515,-79.12,-79.12
43402,180,9.4218,14.3515,-79.12,-79.12
43413,180,1.7131,14.3515,-79.12,-79.12
43413,180,1.7131,14.3515,-79.12,-79.12
43414,180,1.7131,14.1529,-79.12,-79.12
43414,180,1.7131,14.1529,-79.12,-79.12
43424,180,-0.1713,14.1529,-79.12,-79.12
43424,180,-0.1713,14.1529,-79.12,-79.12
43426,180,-0.1713,14.0086,-79.12,-79.12
43426,180,-0.1713,14.0086,-79.12,-79.12
43435,180,5.9101,14.0086,-79.12,-79.12
43435,180,5.9101,14.0086,-79.12,-79.12
43438,180,5.9101,14.1304,-79.12,-79.12
43438,180,5.9101,14.1304,-79.12,-79.12
43446,180,5.3105,14.1304,-79.12,-79.12
43446,180,5.3105,14.1304,-79.12,-79.12
43449,180,5.3105,13.8146,-79.12,-79.12
43450,180,5.3105,13.8146,-79.12,-79.12
43457,180,-4.4540,13.8146,-79.12,-79.12
43457,180,-4.4540,13.8146,-79.12,-79.12
43461,180,-4.4540,13.8642,-79.12,-79.12
43461,180,-4.4540,13.8642,-79.12,-79.12
43468,180,0.7709,13.8642,-79.12,-79.12
43468,180,0.7709,13.8642,-79.12,-79.12
43473,180,0.7709,13.9499,-79.12,-79.12
43473,180,0.7709,13.9499,-79.12,-79.12
43479,180,-1.1991,13.9499,-79.12,-79.12
43479,180,-1.1991,13.9499,-79.12,-79.12
43485,180,-1.1991,14.4688,-79.12,-79.12
43485,180,-1.1991,14.4688,-79.12,-79.12
43490,180,3.8544,14.4688,-79.12,-79.12
43490,180,3.8544,14.4688,-79.12,-79.12
43497,180,3.8544,14.0086,-79.12,-79.12
43497,180,3.8544,14.0086,-79.12,-79.12
43501,180,6.2527,14.0086,-79.12,-79.12
43501,180,6.2527,14.0086,-79.12,-79.12
43509,180,6.2527,13.6251,-79.12,-79.12
43509,180,6.2527,13.6251,-79.12,-79.12
43512,180,3.5974,13.6251,-79.12,-79.12
43512,180,3.5974,13.6251,-79.12,-79.12
43520,180,3.5974,14.2702,-79.12,-79.12
43521,180,3.5974,14.2702,-79.12,-79.12
43523,180,2.9122,14.2702,-79.12,-79.12
43523,180,2.9122,14.2702,-79.12,-79.12
43532,180,2.9122,14.2522,-79.12,-79.12
43532,180,2.9122,14.2522,-79.12,-79.12
43534,180,4.3683,14.2522,-79.12,-79.12
43534,180,4.3683,14.2522,-79.12,-79.12
43544,180,4.3683,14.1394,-79.12,-79.12
43544,180,4.3683,14.1394,-79.12,-79.12
43545,180,10.1927,14.1394,-79.12,-79.12
43545,180,10.1927,14.1394,-79.12,-79.12
43556,180,-1.7987,14.1394,-79.12,-79.12
43556,180,-1.7987,14.1394,-79.12,-79.12
43556,180,-1.7987,13.8010,-79.12,-79.12
43556,180,-1.7987,13.8010,-79.12,-79.12
43567,180,-0.1713,13.8010,-79.12,-77.68
43567,180,-0.1713,13.8010,-79.12,-79.12
43568,180,-0.1713,13.7063,-79.12,-79.12
43568,180,-0.1713,13.7063,-79.12,-79.12
43578,180,-1.1135,13.7063,-79.12,-79.12
43578,180,-1.1135,13.7063,-79.12,-79.12
43580,180,-1.1135,14.0402,-79.12,-79.12
43580,180,-1.1135,14.0402,-79.12,-79.12
43589,180,4.4540,14.0402,-79.12,-77.68
43589,180,4.4540,14.0402,-79.12,-79.12
43591,180,4.4540,14.0221,-79.12,-77.68
43591,180,4.4540,14.0221,-79.12,-79.12
43600,180,-4.1970,14.0221,-79.12,-79.12
43600,180,-4.1970,14.0221,-79.12,-79.12
43603,180,-4.1970,14.1349,-79.12,-79.12
43603,180,-4.1970,14.1349,-79.12,-79.12
43611,180,4.1113,14.1349,-79.12,-79.12
43611,180,4.1113,14.1349,-79.12,-79.12
43615,180,4.1113,14.2702,-79.12,-79.12
43615,180,4.1113,14.2702,-79.12,-79.12
43622,180,0.1713,14.2702,-79.12,-79.12
43622,180,0.1713,14.2702,-79.12,-79.12
43627,180,0.1713,14.0356,-79.12,-79.12
43627,180,0.1713,14.0356,-79.12,-79.12
43633,180,4.7109,14.0356,-79.12,-79.12
43633,180,4.7109,14.0356,-79.12,-79.12
43639,180,4.7109,13.4988,-79.12,-79.12
43639,180,4.7109,13.4988,-79.12,-79.12
43644,180,7.2805,13.4988,-79.12,-79.12
43644,180,7.2805,13.4988,-79.12,-79.12
43651,180,7.2805,13.6431,-79.12,-79.12
43651,180,7.2805,13.6431,-79.12,-79.12
43655,180,3.0835,13.6431,-79.12,-79.12
43655,180,3.0835,13.6431,-79.12,-79.12
43662,180,3.0835,14.1169,-79.12,-79.12
43662,180,3.0835,14.1169,-79.12,-79.12
43665,180,0.1713,14.1169,-79.12,-79.12
43666,180,0.1713,14.1169,-79.12,-79.12
43674,180,0.1713,14.0492,-79.12,-79.12
43674,180,0.1713,14.0492,-79.12,-79.12
43676,180,-10.8779,14.0492,-79.12,-79.12
43677,180,-10.8779,14.0492,-79.12,-79.12
43686,180,-10.8779,14.0221,-79.12,-79.12
43686,180,-10.8779,14.0221,-79.12,-79.12
43687,180,-4.1970,14.0221,-79.12,-79.12
43688,180,-4.1970,14.0221,-79.12,-79.12
43698,180,-4.1970,13.9815,-79.12,-79.12
43698,180,-4.1970,13.9815,-79.12,-77.68
43698,180,1.1135,13.9815,-79.12,-79.12
43698,180,1.1135,13.9815,-79.12,-79.12
43709,180,9.8501,13.9815,-79.12,-79.12
43709,180,9.8501,13.9815,-79.12,-79.12
43710,180,9.8501,13.9635,-79.12,-79.12
43710,180,9.8501,13.9635,-77.68,-79.12
43720,180,6.0814,13.9635,-79.12,-79.12
43720,180,6.0814,13.9635,-79.12,-79.12
43722,180,6.0814,14.0356,-79.12,-79.12
43722,180,6.0814,14.0356,-79.12,-79.12
43731,180,6.1670,14.0356,-77.68,-79.12
43731,180,6.1670,14.0356,-79.12,-79.12
43733,180,6.1670,13.8101,-79.12,-79.12
43733,180,6.1670,13.8101,-79.12,-79.12
43742,180,1.9700,13.8101,-79.12,-79.12
43742,180,1.9700,13.8101,-79.12,-79.12
43745,180,1.9700,14.1800,-79.12,-79.12
43745,180,1.9700,14.1800,-79.12,-79.12
43753,180,0.1713,14.1800,-79.12,-79.12
43753,180,0.1713,14.1800,-79.12,-79.12
43757,180,0.1713,13.8687,-79.12,-79.12
43757,180,0.1713,13.8687,-79.12,-79.12
43764,180,4.9679,13.8687,-79.12,-79.12
43764,180,4.9679,13.8687,-79.12,-79.12
43769,180,4.9679,13.4085,-79.12,-79.12
43769,180,4.9679,13.4085,-79.12,-79.12
43775,180,-3.7687,13.4085,-79.12,-79.12
43775,180,-3.7687,13.4085,-79.12,-79.12
43781,180,-3.7687,13.6341,-79.12,-79.12
43781,180,-3.7687,13.6341,-79.12,-79.12
43786,180,3.3405,13.6341,-79.12,-79.12
43786,180,3.3405,13.6341,-79.12,-79.12
43793,180,3.3405,14.0131,-79.12,-79.12
43793,180,3.3405,14.0131,-79.12,-79.12
43797,180,-3.8544,14.0131,-79.12,-79.12
43797,180,-3.8544,14.0131,-79.12,-79.12
43804,180,-3.8544,14.1349,-79.12,-79.12
43804,180,-3.8544,14.1349,-79.12,-79.12
43808,180,-0.5996,14.1349,-79.12,-79.12
43808,180,-0.5996,14.1349,-79.12,-79.12
43816,180,-0.5996,13.9364,-79.12,-79.12
43816,180,-0.5996,13.9364,-79.12,-79.12
43819,180,-4.9679,13.9364,-79.12,-79.12
43819,180,-4.9679,13.9364,-79.12,-79.12
43828,180,-4.9679,13.8462,-79.12,-79.12
43828,180,-4.9679,13.8462,-79.12,-79.12
43830,180,2.5696,13.8462,-79.12,-79.12
43830,180,2.5696,13.8462,-79.12,-79.12
43840,180,2.5696,13.8326,-79.12,-79.12
43840,180,2.5696,13.8326,-79.12,-79.12
43841,180,7.9657,13.8326,-79.12,-79.12
43841,180,7.9657,13.8326,-79.12,-79.12
43852,180,7.9657,13.7424,-79.12,-79.12
43852,180,7.9657,13.7424,-79.12,-79.12
43852,180,9.0792,13.7424,-79.12,-79.12
43852,180,9.0792,13.7424,-79.12,-79.12
43863,180,-0.0857,13.7424,-79.12,-79.12
43863,180,-0.0857,13.7424,-79.12,-79.12
43864,180,-0.0857,13.7785,-79.12,-79.12
43864,180,-0.0857,13.7785,-79.12,-79.12
43874,180,-3.9400,13.7785,-79.12,-79.12
43874,180,-3.9400,13.7785,-79.12,-79.12
43875,180,-3.9400,13.6567,-79.12,-79.12
43875,180,-3.9400,13.6567,-79.12,-79.12
43885,180,7.7944,13.6567,-79.12,-79.12
43885,180,7.7944,13.6567,-79.12,-79.12
43887,180,7.7944,13.7514,-79.12,-79.12
43887,180,7.7944,13.7514,-79.12,-79.12
43896,180,-2.6552,13.7514,-79.12,-79.12
43896,180,-2.6552,13.7514,-79.12,-79.12
43899,180,-2.6552,13.9995,-79.12,-79.12
43899,180,-2.6552,13.9995,-79.12,-79.12
43907,180,3.3405,13.9995,-77.68,-79.12
43907,180,3.3405,13.9995,-79.12,-79.12
43911,180,3.3405,13.7965,-79.12,-79.12
43911,180,3.3405,13.7965,-79.12,-79.12
43918,180,-1.7987,13.7965,-79.12,-79.12
43918,180,-1.7987,13.7965,-79.12,-79.12
43923,180,-1.7987,13.9499,-79.12,-79.12
43923,180,-1.7987,13.9499,-79.12,-79.12
43929,180,4.0257,13.9499,-79.12,-79.12
43929,180,4.0257,13.9499,-79.12,-79.12
43935,180,4.0257,13.6161,-79.12,-79.12
43935,180,4.0257,13.6161,-79.12,-79.12
43940,180,-3.7687,13.6161,-79.12,-79.12
43940,180,-3.7687,13.6161,-79.12,-79.12
43946,180,-3.7687,14.1123,-79.12,-79.12
43946,180,-3.7687,14.1123,-79.12,-79.12
43951,180,-1.7131,14.1123,-79.12,-79.12
43951,180,-1.7131,14.1123,-79.12,-79.12
43958,180,-1.7131,14.1394,-79.12,-79.12
43958,180,-1.7131,14.1394,-79.12,-79.12
43962,180,0.6852,14.1394,-79.12,-79.12
43962,180,0.6852,14.1394,-79.12,-79.12
43970,180,0.6852,13.7920,-77.68,-77.68
43970,180,0.6852,13.7920,-79.12,-79.12
43973,180,-0.5996,13.7920,-79.12,-79.12
43973,180,-0.5996,13.7920,-79.12,-79.12
43982,180,-0.5996,14.3289,-79.12,-79.12
43982,180,-0.5996,14.3289,-79.12,-79.12
43984,180,3.6831,14.3289,-79.12,-79.12
43984,180,3.6831,14.3289,-79.12,-79.12
43994,180,3.6831,14.0356,-79.12,-79.12
43994,180,3.6831,14.0356,-79.12,-79.12
43995,180,6.8522,14.0356,-79.12,-79.12
43995,180,6.8522,14.0356,-79.12,-79.12
44006,180,6.8522,14.3063,-79.12,-79.12
44006,180,6.8522,14.3063,-79.12,-79.12
44006,180,15.9315,14.3063,-79.12,-79.12
44006,180,15.9315,14.3063,-79.12,-77.68
44017,180,3.2548,14.3063,-79.12,-79.12
44017,180,3.2548,14.3063,-79.12,-79.12
44017,180,3.2548,13.9589,-79.12,-79.12
44017,180,3.2548,13.9589,-79.12,-79.12
44028,180,7.1092,13.9589,-79.12,-79.12
44028,180,7.1092,13.9589,-79.12,-79.12
44029,180,7.1092,13.7018,-79.12,-79.12
44029,180,7.1092,13.7018,-79.12,-79.12
44039,180,-5.6531,13.7018,-79.12,-79.12
44039,180,-5.6531,13.7018,-79.12,-79.12
44041,180,-5.6531,13.8236,-79.12,-79.12
44041,180,-5.6531,13.8236,-79.12,-79.12
44050,180,-0.3426,13.8236,-79.12,-79.12
44050,180,-0.3426,13.8236,-79.12,-79.12
44053,180,-0.3426,14.0447,-79.12,-79.12
44053,180,-0.3426,14.0447,-79.12,-79.12
44061,180,0.8565,14.0447,-79.12,-79.12
44061,180,0.8565,14.0447,-79.12,-79.12
44065,180,0.8565,14.0311,-79.12,-79.12
44065,180,0.8565,14.0311,-79.12,-79.12
44072,180,4.8822,14.0311,-79.12,-79.12
44072,180,4.8822,14.0311,-79.12,-79.12
44077,180,4.8822,13.9499,-79.12,-79.12
44077,180,4.8822,13.9499,-79.12,-79.12
44082,180,3.8544,13.9499,-79.12,-79.12
44083,180,3.8544,13.9499,-79.12,-79.12
44088,180,3.8544,14.5500,-79.12,-77.68
44088,180,3.8544,14.5500,-79.12,-79.12
44093,180,-1.9700,14.5500,-79.12,-79.12
44094,180,-1.9700,14.5500,-79.12,-79.12
44100,180,-1.9700,14.1845,-79.12,-79.12
44100,180,-1.9700,14.1845,-79.12,-79.12
44104,180,-0.3426,14.1845,-79.12,-79.12
44105,180,-0.3426,14.1845,-79.12,-79.12
44112,180,-0.3426,13.7424,-79.12,-79.12
44112,180,-0.3426,13.7424,-79.12,-79.12
44115,180,-6.4240,13.7424,-79.12,-79.12
44115,180,-6.4240,13.7424,-79.12,-79.12
44124,180,-6.4240,13.9770,-79.12,-79.12
44124,180,-6.4240,13.9770,-79.12,-79.12
44126,180,7.1092,13.9770,-79.12,-79.12
44126,180,7.1092,13.9770,-79.12,-79.12
44136,180,7.1092,13.5574,-79.12,-79.12
44136,180,7.1092,13.5574,-79.12,-79.12
44137,180,3.9400,13.5574,-79.12,-79.12
44137,180,3.9400,13.5574,-79.12,-77.68
44147,180,3.9400,13.5709,-79.12,-79.12
44148,180,3.9400,13.5709,-79.12,-79.12
44148,180,6.5096,13.5709,-79.12,-79.12
44148,180,6.5096,13.5709,-79.12,-79.12
44159,180,-2.5696,13.5709,-79.12,-79.12
44159,180,-2.5696,14.0266,-79.12,-79.12
44159,180,-2.5696,14.0266,-79.12,-79.12
44170,180,10.6210,14.0266,-79.12,-79.12
44170,180,10.6210,14.0266,-79.12,-79.12
44171,180,10.6210,14.0943,-79.12,-79.12
44171,180,10.6210,14.0943,-79.12,-79.12
44181,180,7.9657,14.0943,-79.12,-79.12
44181,180,7.9657,14.0943,-79.12,-79.12
44183,180,7.9657,13.9138,-79.12,-79.12
44183,180,7.9657,13.9138,-79.12,-79.12
44192,180,-4.8822,13.9138,-79.12,-79.12
44192,180,-4.8822,13.9138,-79.12,-79.12
44195,180,-4.8822,13.6070,-79.12,-79.12
44195,180,-4.8822,13.6070,-79.12,-79.12
44203,180,-4.5396,13.6070,-79.12,-79.12
44203,180,-4.5396,13.6070,-79.12,-79.12
44207,180,-4.5396,13.7424,-79.12,-79.12
44207,180,-4.5396,13.7424,-79.12,-79.12
44214,180,-6.6809,13.7424,-79.12,-79.12
44214,180,-6.6809,13.7424,-79.12,-79.12
44218,180,-6.6809,13.9499,-79.12,-77.68
44219,180,-6.6809,13.9499,-79.12,-79.12
44225,180,5.3105,13.9499,-79.12,-79.12
44225,180,5.3105,13.9499,-79.12,-79.12
44230,180,5.3105,13.8010,-79.12,-79.12
44230,180,5.3105,13.8010,-79.12,-79.12
44236,180,-1.3704,13.8010,-79.12,-79.12
44236,180,-1.3704,13.8010,-79.12,-79.12
44242,180,-1.3704,13.5890,-79.12,-79.12
44242,180,-1.3704,13.5890,-79.12,-79.12
44247,180,0.0000,13.5890,-79.12,-77.68
44247,180,0.0000,13.5890,-79.12,-77.68
44254,180,0.0000,13.7063,-79.12,-79.12
44254,180,0.0000,13.7063,-79.12,-79.12
44258,180,-5.3105,13.7063,-79.12,-79.12
44258,180,-5.3105,13.7063,-79.12,-79.12
44266,180,-5.3105,13.7424,-79.12,-79.12
44266,180,-5.3105,13.7424,-79.12,-79.12
44269,180,2.3126,13.7424,-79.12,-79.12
44269,180,2.3126,13.7424,-79.12,-79.12
44278,180,2.3126,13.6612,-79.12,-79.12
44278,180,2.3126,13.6612,-79.12,-79.12
44280,180,4.1113,13.6612,-79.12,-79.12
44280,180,4.1113,13.6612,-79.12,-79.12
44289,180,4.1113,13.8146,-79.12,-79.12
44289,180,4.1113,13.8146,-79.12,-79.12
44291,180,2.0557,13.8146,-79.12,-79.12
44291,180,2.0557,13.8146,-79.12,-79.12
44301,180,2.0557,14.0311,-79.12,-79.12
44301,180,2.0557,14.0311,-79.12,-79.12
44302,180,-4.7109,14.0311,-79.12,-79.12
44302,180,-4.7109,14.0311,-79.12,-79.12
44313,180,-2.0557,14.0311,-79.12,-79.12
44313,180,-2.0557,14.0311,-79.12,-79.12
44313,180,-2.0557,13.9995,-79.12,-79.12
44313,180,-2.0557,13.9995,-79.12,-79.12
44324,180,-2.3126,13.9995,-79.12,-79.12
44324,180,-2.3126,13.9995,-79.12,-79.12
44325,180,-2.3126,14.1800,-79.12,-79.12
44325,180,-2.3126,14.1800,-79.12,-79.12
44335,180,-0.6852,14.1800,-79.12,-79.12
44335,180,-0.6852,14.1800,-79.12,-79.12
44337,180,-0.6852,13.9725,-79.12,-79.12
44337,180,-0.6852,13.9725,-79.12,-79.12
44346,180,13.7045,13.9725,-79.12,-79.12
44346,180,13.7045,13.9725,-79.12,-79.12
44349,180,13.7045,13.8822,-79.12,-79.12
44349,180,13.7045,13.8822,-79.12,-79.12
44357,180,6.1670,13.8822,-79.12,-79.12
44357,180,6.1670,13.8822,-79.12,-79.12
44360,180,6.1670,14.0492,-79.12,-79.12
44360,180,6.1670,14.0492,-79.12,-79.12
44368,180,7.5375,14.0492,-79.12,-79.12
44368,180,7.5375,14.0492,-79.12,-79.12
44372,180,7.5375,13.7379,-79.12,-79.12
44372,180,7.5375,13.7379,-77.68,-79.12
44379,180,2.2270,13.7379,-79.12,-79.12
44379,180,2.2270,13.7379,-79.12,-79.12
44384,180,2.2270,13.7649,-79.12,-79.12
44384,180,2.2270,13.7649,-79.12,-79.12
44390,180,8.6510,13.7649,-79.12,-79.12
44390,180,8.6510,13.7649,-79.12,-79.12
44396,180,8.6510,13.6116,-79.12,-79.12
44396,180,8.6510,13.6116,-79.12,-79.12
44401,180,2.3126,13.6116,-79.12,-79.12
44401,180,2.3126,13.6116,-79.12,-79.12
44408,180,2.3126,13.7153,-79.12,-79.12
44408,180,2.3126,13.7153,-79.12,-79.12
44412,180,-2.0557,13.7153,-79.12,-79.12
44412,180,-2.0557,13.7153,-79.12,-79.12
44420,180,-2.0557,13.8010,-79.12,-79.12
44420,180,-2.0557,13.8010,-79.12,-79.12
44423,180,-2.7409,13.8010,-79.12,-79.12
44423,180,-2.7409,13.8010,-79.12,-79.12
44431,180,-2.7409,13.5619,-79.12,-79.12
44431,180,-2.7409,13.5619,-79.12,-79.12
44434,180,-8.3940,13.5619,-79.12,-79.12
44434,180,-8.3940,13.5619,-79.12,-79.12
44443,180,-8.3940,13.6386,-79.12,-79.12
44443,180,-8.3940,13.6386,-79.12,-79.12
44445,180,5.7388,13.6386,-79.12,-79.12
44445,180,5.7388,13.6386,-79.12,-77.68
44455,180,5.7388,13.9454,-79.12,-79.12
44455,180,5.7388,13.9454,-79.12,-79.12
44456,180,6.5953,13.9454,-79.12,-79.12
44456,180,6.5953,13.9454,-79.12,-79.12
44467,180,11.3062,13.9454,-79.12,-79.12
44467,180,11.3062,13.9454,-79.12,-79.12
44467,180,11.3062,13.8913,-79.12,-79.12
44467,180,11.3062,13.8913,-79.12,-79.12
44478,180,1.0278,13.8913,-79.12,-79.12
44478,180,1.0278,13.8913,-79.12,-79.12
44479,180,1.0278,13.8913,-79.12,-79.12
44479,180,1.0278,13.8913,-79.12,-79.12
44488,180,5.8244,13.8913,-79.12,-79.12
44489,180,5.8244,13.8913,-79.12,-79.12
44491,180,5.8244,13.8868,-79.12,-79.12
44491,180,5.8244,13.8868,-79.12,-79.12
44499,180,-1.7131,13.8868,-79.12,-79.12
44500,180,-1.7131,13.8868,-79.12,-79.12
44502,180,-1.7131,14.1845,-79.12,-79.12
44502,180,-1.7131,14.1845,-79.12,-79.12
44510,180,1.1135,14.1845,-79.12,-79.12
44511,180,1.1135,14.1845,-79.12,-79.12
44514,180,1.1135,14.0447,-79.12,-79.12
44514,180,1.1135,14.0447,-79.12,-79.12
44521,180,2.9122,14.0447,-79.12,-79.12
44521,180,2.9122,14.0447,-79.12,-79.12
44526,180,2.9122,14.0943,-79.12,-79.12
44526,180,2.9122,14.0943,-79.12,-79.12
44532,180,0.9422,14.0943,-79.12,-79.12
44532,180,0.9422,14.0943,-79.12,-79.12
44538,180,0.9422,13.9995,-79.12,-79.12
44538,180,0.9422,13.9995,-79.12,-79.12
44543,180,3.0835,13.9995,-79.12,-79.12
44543,180,3.0835,13.9995,-79.12,-79.12
44550,180,3.0835,13.9048,-79.12,-79.12
44550,180,3.0835,13.9048,-79.12,-79.12
44554,180,-2.9979,13.9048,-79.12,-79.12
44554,180,-2.9979,13.9048,-79.12,-79.12
44561,180,-2.9979,13.9995,-79.12,-79.12
44562,180,-2.9979,13.9995,-77.68,-79.12
44565,180,6.9379,13.9995,-79.12,-79.12
44565,180,6.9379,13.9995,-79.12,-79.12
44573,180,6.9379,13.7424,-79.12,-79.12
44573,180,6.9379,13.7424,-79.12,-79.12
44576,180,0.5996,13.7424,-79.12,-79.12
44576,180,0.5996,13.7424,-79.12,-79.12
44585,180,0.5996,13.7198,-79.12,-79.12
44585,180,0.5996,13.7198,-79.12,-79.12
44587,180,-1.0278,13.7198,-79.12,-79.12
44587,180,-1.0278,13.7198,-79.12,-79.12
44597,180,-1.0278,13.7965,-79.12,-79.12
44597,180,-1.0278,13.7965,-79.12,-79.12
44598,180,-10.3640,13.7965,-79.12,-79.12
44598,180,-10.3640,13.7965,-79.12,-79.12
44609,180,-10.3640,13.6702,-79.12,-79.12
44609,180,-10.3640,13.6702,-79.12,-79.12
44609,180,9.4218,13.6702,-79.12,-79.12
44609,180,9.4218,13.6702,-79.12,-79.12
44620,180,10.4497,13.6702,-79.12,-79.12
44620,180,10.4497,13.6702,-79.12,-79.12
44621,180,10.4497,13.5709,-79.12,-79.12
44621,180,10.4497,13.5709,-79.12,-77.68
44631,180,2.0557,13.5709,-79.12,-79.12
44631,180,2.0557,13.5709,-79.12,-79.12
44632,180,2.0557,13.4897,-79.12,-79.12
44633,180,2.0557,13.4897,-79.12,-79.12
44642,180,0.0000,13.4897,-79.12,-79.12
44642,180,0.0000,13.4897,-79.12,-79.12
44644,180,0.0000,13.7920,-79.12,-79.12
44644,180,0.0000,13.7920,-79.12,-79.12
44653,180,7.0236,13.7920,-79.12,-79.12
44653,180,7.0236,13.7920,-79.12,-79.12
44656,180,7.0236,14.0672,-79.12,-79.12
44656,180,7.0236,14.0672,-79.12,-79.12
44664,180,2.8266,14.0672,-79.12,-79.12
44664,180,2.8266,14.0672,-79.12,-79.12
44668,180,2.8266,14.1078,-79.12,-79.12
44668,180,2.8266,14.1078,-79.12,-79.12
44675,180,-2.6552,14.1078,-79.12,-79.12
44675,180,-2.6552,14.1078,-79.12,-79.12
44680,180,-2.6552,14.1620,-79.12,-79.12
44680,180,-2.6552,14.1620,-79.12,-77.68
44686,180,0.4283,14.1620,-79.12,-79.12
44686,180,0.4283,14.1620,-79.12,-79.12
44692,180,0.4283,13.9003,-79.12,-79.12
44692,180,0.4283,13.9003,-79.12,-79.12
44697,180,-10.6210,13.9003,-79.12,-79.12
44697,180,-10.6210,13.9003,-79.12,-79.12
44703,180,-10.6210,13.9860,-79.12,-79.12
44704,180,-10.6210,13.9860,-79.12,-79.12
44708,180,6.6809,13.9860,-79.12,-79.12
44708,180,6.6809,13.9860,-79.12,-79.12
44715,180,6.6809,13.7965,-79.12,-79.12
44715,180,6.6809,13.7965,-77.68,-79.12
44719,180,-1.7131,13.7965,-79.12,-79.12
44719,180,-1.7131,13.7965,-79.12,-79.12
44727,180,-1.7131,13.8462,-79.12,-77.68
44727,180,-1.7131,13.8462,-79.12,-77.68
44730,180,8.2227,13.8462,-79.12,-79.12
44730,180,8.2227,13.8462,-79.12,-79.12
44739,180,8.2227,13.9680,-79.12,-79.12
44739,180,8.2227,13.9680,-79.12,-79.12
44741,180,6.5096,13.9680,-79.12,-79.12
44741,180,6.5096,13.9680,-79.12,-79.12
44751,180,6.5096,14.0537,-79.12,-79.12
44751,180,6.5096,14.0537,-79.12,-79.12
44752,180,10.1071,14.0537,-79.12,-79.12
44752,180,10.1071,14.0537,-79.12,-79.12
44763,180,10.1071,14.2793,-79.12,-79.12
44763,180,10.1071,14.2793,-79.12,-79.12
44763,180,3.0835,14.2793,-79.12,-79.12
44763,180,3.0835,14.2793,-79.12,-79.12
44774,180,-2.5696,14.2793,-79.12,-79.12
44774,180,-2.5696,14.2793,-79.12,-79.12
44774,180,-2.5696,14.1169,-79.12,-79.12
44774,180,-2.5696,14.1169,-79.12,-79.12
44785,180,5.6531,14.1169,-79.12,-79.12
44785,180,5.6531,14.1169,-79.12,-79.12
44786,180,5.6531,14.1890,-79.12,-79.12
44786,180,5.6531,14.1890,-79.12,-79.12
44796,180,2.7409,14.1890,-79.12,-79.12
44796,180,2.7409,14.1890,-79.12,-79.12
44798,180,2.7409,14.2116,-79.12,-77.68
44798,180,2.7409,14.2116,-79.12,-79.12
44807,180,4.9679,14.2116,-79.12,-79.12
44807,180,4.9679,14.2116,-79.12,-79.12
44810,180,4.9679,13.8326,-79.12,-79.12
44810,180,4.9679,13.8326,-79.12,-79.12
44818,180,-8.0514,13.8326,-79.12,-79.12
44818,180,-8.0514,13.8326,-79.12,-79.12
44822,180,-8.0514,13.6341,-79.12,-79.12
44822,180,-8.0514,13.6341,-79.12,-79.12
44829,180,-2.0557,13.6341,-79.12,-79.12
44829,180,-2.0557,13.6341,-79.12,-79.12
44834,180,-2.0557,13.7514,-79.12,-79.12
44834,180,-2.0557,13.7514,-79.12,-79.12
44840,180,-1.7987,13.7514,-79.12,-79.12
44840,180,-1.7987,13.7514,-79.12,-79.12
44845,180,-1.7987,13.8281,-77.68,-79.12
44845,180,-1.7987,13.8281,-79.12,-79.12
44851,180,5.4818,13.8281,-79.12,-79.12
44851,180,5.4818,13.8281,-79.12,-79.12
44857,180,5.4818,13.7424,-79.12,-79.12
44857,180,5.4818,13.7424,-79.12,-79.12
44862,180,0.1713,13.7424,-79.12,-79.12
44862,180,0.1713,13.7424,-79.12,-79.12
44869,180,0.1713,14.2161,-79.12,-79.12
44869,180,0.1713,14.2161,-79.12,-79.12
44873,180,-1.7131,14.2161,-79.12,-77.68
44873,180,-1.7131,14.2161,-79.12,-79.12
44881,180,-1.7131,14.3379,-79.12,-79.12
44881,180,-1.7131,14.3379,-77.68,-79.12
44884,180,3.2548,14.3379,-79.12,-79.12
44884,180,3.2548,14.3379,-79.12,-79.12
44893,180,3.2548,14.0447,-79.12,-79.12
44893,180,3.2548,14.0447,-79.12,-79.12
44895,180,-3.3405,14.0447,-79.12,-79.12
44895,180,-3.3405,14.0447,-79.12,-79.12
44905,180,-3.3405,14.0041,-79.12,-79.12
44905,180,-3.3405,14.0041,-79.12,-79.12
44905,180,3.8544,14.0041,-79.12,-79.12
44906,180,3.8544,14.0041,-79.12,-79.12
44916,180,3.8544,13.8371,-79.12,-79.12
44916,180,3.8544,13.8371,-79.12,-79.12
44917,180,6.3383,13.8371,-79.12,-79.12
44917,180,6.3383,13.8371,-79.12,-79.12
44927,180,5.8244,13.8371,-79.12,-77.68
44928,180,5.8244,13.8371,-79.12,-79.12
44928,180,5.8244,13.6251,-79.12,-79.12
44928,180,5.8244,13.6251,-79.12,-79.12
44938,180,-3.3405,13.6251,-79.12,-79.12
44938,180,-3.3405,13.6251,-79.12,-79.12
44940,180,-3.3405,13.5664,-79.12,-79.12
44940,180,-3.3405,13.5664,-79.12,-79.12
44949,180,3.1692,13.5664,-79.12,-79.12
44949,180,3.1692,13.5664,-79.12,-79.12
44952,180,3.1692,13.5574,-79.12,-79.12
44952,180,3.1692,13.5574,-79.12,-79.12
44960,180,-5.3105,13.5574,-79.12,-79.12
44960,180,-5.3105,13.5574,-79.12,-79.12
44964,180,-5.3105,13.9003,-79.12,-79.12
44964,180,-5.3105,13.9003,-77.68,-79.12
44971,180,-0.7709,13.9003,-79.12,-79.12
44971,180,-0.7709,13.9003,-79.12,-79.12
44976,180,-0.7709,13.7559,-79.12,-79.12
44976,180,-0.7709,13.7559,-79.12,-79.12
44982,180,6.3383,13.7559,-79.12,-79.12
44982,180,6.3383,13.7559,-79.12,-79.12
44987,180,6.3383,13.7785,-79.12,-77.68
44987,180,6.3383,13.7785,-79.12,-79.12
44993,180,3.2548,13.7785,-79.12,-79.12
44993,180,3.2548,13.7785,-79.12,-79.12
44999,180,3.2548,13.9093,-79.12,-79.12
44999,180,3.2548,13.9093,-79.12,-79.12
45004,180,4.7109,13.9093,-79.12,-79.12
45004,180,4.7109,13.9093,-79.12,-79.12
45011,180,4.7109,13.9544,-79.12,-79.12
45011,180,4.7109,13.9544,-79.12,-79.12
45015,180,-0.5996,13.9544,-79.12,-79.12
45015,180,-0.5996,13.9544,-79.12,-79.12
45023,180,-0.5996,14.0131,-79.12,-79.12
45023,180,-0.5996,14.0131,-79.12,-79.12
45026,180,9.2505,14.0131,-79.12,-79.12
45026,180,9.2505,14.0131,-79.12,-79.12
45035,180,9.2505,13.9499,-79.12,-79.12
45035,180,9.2505,13.9499,-79.12,-79.12
45037,180,-0.7709,13.9499,-79.12,-79.12
45037,180,-0.7709,13.9499,-79.12,-79.12
45047,180,-0.7709,13.8101,-79.12,-79.12
45047,180,-0.7709,13.8101,-79.12,-79.12
45048,180,-1.5418,13.8101,-79.12,-79.12
45048,180,-1.5418,13.8101,-79.12,-79.12
45058,180,-1.5418,13.5484,-79.12,-77.68
45058,180,-1.5418,13.5484,-79.12,-79.12
45059,180,-1.1135,13.5484,-79.12,-79.12
45059,180,-1.1135,13.5484,-79.12,-79.12
45070,180,4.7966,13.5484,-79.12,-79.12
45070,180,4.7966,13.5484,-79.12,-79.12
45070,180,4.7966,13.3228,-79.12,-79.12
45070,180,4.7966,13.3228,-79.12,-79.12
45081,180,-0.5139,13.3228,-79.12,-79.12
45081,180,-0.5139,13.3228,-79.12,-79.12
45082,180,-0.5139,13.9274,-79.12,-79.12
45082,180,-0.5139,13.9274,-79.12,-79.12
45092,180,-4.4540,13.9274,-79.12,-79.12
45092,180,-4.4540,13.9274,-79.12,-79.12
45094,180,-4.4540,13.9364,-79.12,-79.12
45094,180,-4.4540,13.9364,-79.12,-79.12
45103,180,1.1135,13.9364,-79.12,-79.12
45103,180,1.1135,13.9364,-79.12,-79.12
45106,180,1.1135,14.1123,-79.12,-79.12
45106,180,1.1135,14.1123,-79.12,-79.12
45114,180,-0.2570,14.1123,-79.12,-79.12
45114,180,-0.2570,14.1123,-79.12,-77.68
45117,180,-0.2570,14.0853,-79.12,-79.12
45118,180,-0.2570,14.0853,-79.12,-79.12
45125,180,8.8223,14.0853,-79.12,-79.12
45125,180,8.8223,14.0853,-79.12,-79.12
45129,180,8.8223,14.0492,-79.12,-79.12
45129,180,8.8223,14.0492,-79.12,-79.12
45136,180,0.1713,14.0492,-79.12,-79.12
45136,180,0.1713,14.0492,-79.12,-79.12
45141,180,0.1713,13.8055,-79.12,-79.12
45141,180,0.1713,13.8055,-79.12,-79.12
45147,180,8.2227,13.8055,-79.12,-79.12
45147,180,8.2227,13.8055,-77.68,-79.12
45153,180,8.2227,13.5439,-79.12,-79.12
45153,180,8.2227,13.5439,-79.12,-79.12
45158,180,1.0278,13.5439,-79.12,-79.12
45158,180,1.0278,13.5439,-79.12,-79.12
45165,180,1.0278,13.7514,-79.12,-79.12
45165,180,1.0278,13.7514,-79.12,-79.12
45169,180,9.6788,13.7514,-79.12,-79.12
45169,180,9.6788,13.7514,-79.12,-79.12
45177,180,9.6788,13.9905,-79.12,-79.12
45177,180,9.6788,13.9905,-79.12,-79.12
45180,180,-4.0257,13.9905,-79.12,-79.12
45180,180,-4.0257,13.9905,-79.12,-79.12
45188,180,-4.0257,13.8597,-79.12,-79.12
45189,180,-4.0257,13.8597,-79.12,-79.12
45191,180,-1.1135,13.8597,-79.12,-79.12
45191,180,-1.1135,13.8597,-79.12,-79.12
45200,180,-1.1135,13.9048,-79.12,-79.12
45200,180,-1.1135,13.9048,-79.12,-79.12
45202,180,3.3405,13.9048,-79.12,-79.12
45202,180,3.3405,13.9048,-79.12,-79.12
45212,180,3.3405,13.9950,-79.12,-79.12
45212,180,3.3405,13.9950,-79.12,-79.12
45213,180,7.8801,13.9950,-79.12,-79.12
45213,180,7.8801,13.9950,-79.12,-79.12
45224,180,7.6231,13.9950,-79.12,-79.12
45224,180,7.6231,13.9950,-79.12,-79.12
45224,180,7.6231,14.2251,-79.12,-79.12
45224,180,7.6231,14.2251,-79.12,-79.12
45235,180,2.8266,14.2251,-79.12,-79.12
45235,180,2.8266,14.2251,-79.12,-79.12
45236,180,2.8266,14.2612,-79.12,-79.12
45236,180,2.8266,14.2612,-79.12,-79.12
45246,180,4.7109,14.2612,-79.12,-79.12
45246,180,4.7109,14.2612,-79.12,-79.12
45248,180,4.7109,14.2342,-79.12,-79.12
45248,180,4.7109,14.2342,-79.12,-79.12
45257,180,1.0278,14.2342,-79.12,-77.68
45257,180,1.0278,14.2342,-79.12,-79.12
45259,180,1.0278,14.0492,-79.12,-79.12
45260,180,1.0278,14.0492,-79.12,-79.12
45268,180,2.3126,14.0492,-79.12,-79.12
45268,180,2.3126,14.0492,-79.12,-79.12
45271,180,2.3126,13.6928,-79.12,-79.12
45271,180,2.3126,13.6928,-79.12,-79.12
45279,180,-4.1970,13.6928,-79.12,-79.12
45279,180,-4.1970,13.6928,-79.12,-79.12
45283,180,-4.1970,13.9680,-79.12,-79.12
45283,180,-4.1970,13.9680,-79.12,-79.12
45290,180,6.4240,13.9680,-79.12,-79.12
45290,180,6.4240,13.9680,-79.12,-79.12
45295,180,6.4240,14.0627,-79.12,-79.12
45295,180,6.4240,14.0627,-79.12,-79.12
45300,180,-4.9679,14.0627,-79.12,-79.12
45301,180,-4.9679,14.0627,-79.12,-79.12
45307,180,-4.9679,14.1259,-79.12,-77.68
45307,180,-4.9679,14.1259,-79.12,-79.12
45311,180,-4.9679,14.1259,-79.12,-79.12
45312,180,-4.9679,14.1259,-79.12,-79.12
45319,180,-4.9679,13.9454,-79.12,-79.12
45319,180,-4.9679,13.9454,-79.12,-79.12
45322,180,-2.8266,13.9454,-79.12,-79.12
45323,180,-2.8266,13.9454,-79.12,-79.12
45330,180,-2.8266,13.6386,-79.12,-79.12
45331,180,-2.8266,13.6386,-79.12,-79.12
45333,180,-4.9679,13.6386,-79.12,-79.12
45333,180,-4.9679,13.6386,-79.12,-79.12
45342,180,-4.9679,13.8236,-79.12,-79.12
45342,180,-4.9679,13.8236,-79.12,-79.12
45344,180,-1.6274,13.8236,-79.12,-79.12
45344,180,-1.6274,13.8236,-79.12,-79.12
45354,180,-1.6274,13.6161,-79.12,-79.12
45354,180,-1.6274,13.6161,-79.12,-79.12
45355,180,-10.3640,13.6161,-79.12,-79.12
45355,180,-10.3640,13.6161,-79.12,-79.12
45366,180,-10.3640,13.4988,-79.12,-79.12
45366,180,-10.3640,13.4988,-79.12,-79.12
45366,180,1.0278,13.4988,-79.12,-79.12
45366,180,1.0278,13.4988,-79.12,-79.12
45377,180,-5.8244,13.4988,-79.12,-79.12
45377,180,-5.8244,13.4988,-79.12,-79.12
45378,180,-5.8244,13.6386,-79.12,-79.12
45378,180,-5.8244,13.6386,-79.12,-79.12
45388,180,6.2527,13.6386,-79.12,-79.12
45388,180,6.2527,13.6386,-79.12,-79.12
45390,180,6.2527,13.9229,-79.12,-79.12
45390,180,6.2527,13.9229,-79.12,-79.12
45399,180,2.2270,13.9229,-79.12,-79.12
45399,180,2.2270,13.9229,-79.12,-79.12
45401,180,2.2270,13.9274,-79.12,-79.12
45402,180,2.2270,13.9274,-79.12,-79.12
45410,180,0.5996,13.9274,-79.12,-79.12
45410,180,0.5996,13.9274,-79.12,-77.68
45413,180,0.5996,13.4311,-79.12,-79.12
45413,180,0.5996,13.4311,-79.12,-79.12
45421,180,3.1692,13.4311,-79.12,-79.12
45421,180,3.1692,13.4311,-79.12,-79.12
45425,180,3.1692,13.7018,-79.12,-79.12
45425,180,3.1692,13.7018,-79.12,-79.12
45432,180,6.5953,13.7018,-79.12,-79.12
45432,180,6.5953,13.7018,-79.12,-79.12
45437,180,6.5953,13.6837,-77.68,-79.12
45437,180,6.5953,13.6837,-79.12,-79.12
45443,180,5.2248,13.6837,-79.12,-79.12
45443,180,5.2248,13.6837,-79.12,-79.12
45449,180,5.2248,13.6025,-79.12,-79.12
45449,180,5.2248,13.6025,-79.12,-79.12
45454,180,-2.6552,13.6025,-79.12,-79.12
45454,180,-2.6552,13.6025,-79.12,-79.12
45461,180,-2.6552,13.4627,-79.12,-79.12
45461,180,-2.6552,13.4627,-79.12,-79.12
45465,180,7.9657,13.4627,-79.12,-79.12
45465,180,7.9657,13.4627,-77.68,-79.12
45472,180,7.9657,13.3769,-79.12,-79.12
45472,180,7.9657,13.3769,-79.12,-79.12
45476,180,1.0278,13.3769,-79.12,-79.12
45476,180,1.0278,13.3769,-79.12,-79.12
45484,180,1.0278,13.3589,-79.12,-79.12
45484,180,1.0278,13.3589,-79.12,-79.12
45487,180,7.9657,13.3589,-79.12,-79.12
45487,180,7.9657,13.3589,-79.12,-79.12
45496,180,7.9657,13.8326,-79.12,-79.12
45496,180,7.9657,13.8326,-79.12,-79.12
45498,180,1.1991,13.8326,-79.12,-79.12
45498,180,1.1991,13.8326,-79.12,-79.12
45508,180,1.1991,13.9995,-79.12,-79.12
45508,180,1.1991,13.9995,-79.12,-77.68
45509,180,5.0535,13.9995,-79.12,-79.12
45509,180,5.0535,13.9995,-79.12,-79.12
45520,180,5.0535,14.0221,-79.12,-79.12
45520,180,5.0535,14.0221,-79.12,-79.12
45520,180,6.7666,14.0221,-79.12,-79.12
45520,180,6.7666,14.0221,-79.12,-79.12
45531,180,8.1370,14.0221,-79.12,-79.12
45531,180,8.1370,14.0221,-79.12,-79.12
45532,180,8.1370,13.9905,-79.12,-79.12
45532,180,8.1370,13.9905,-79.12,-79.12
45542,180,3.7687,13.9905,-79.12,-79.12
45542,180,3.7687,13.9905,-79.12,-79.12
45543,180,3.7687,13.9815,-79.12,-79.12
45543,180,3.7687,13.9815,-79.12,-79.12
45553,180,-5.6531,13.9815,-79.12,-79.12
45553,180,-5.6531,13.9815,-77.68,-79.12
45555,180,-5.6531,13.6612,-79.12,-79.12
45555,180,-5.6531,13.6612,-77.68,-79.12
45564,180,3.6831,13.6612,-79.12,-79.12
45564,180,3.6831,13.6612,-79.12,-79.12
45567,180,3.6831,13.4491,-79.12,-77.68
45567,180,3.6831,13.4491,-79.12,-79.12
45575,180,4.6253,13.4491,-79.12,-79.12
45575,180,4.6253,13.4491,-79.12,-79.12
45579,180,4.6253,13.8822,-79.12,-79.12
45579,180,4.6253,13.8822,-79.12,-79.12
45586,180,8.8223,13.8822,-79.12,-79.12
45586,180,8.8223,13.8822,-79.12,-79.12
45591,180,8.8223,14.2432,-79.12,-79.12
45591,180,8.8223,14.2432,-79.12,-79.12
45597,180,0.7709,14.2432,-79.12,-77.68
45597,180,0.7709,14.2432,-79.12,-79.12
45603,180,0.7709,13.9860,-79.12,-79.12
45603,180,0.7709,13.9860,-79.12,-79.12
45608,180,8.3940,13.9860,-79.12,-79.12
45608,180,8.3940,13.9860,-79.12,-79.12
45614,180,8.3940,13.7198,-79.12,-79.12
45614,180,8.3940,13.7198,-79.12,-79.12
45619,180,-4.6253,13.7198,-79.12,-79.12
45619,180,-4.6253,13.7198,-79.12,-79.12
45626,180,-4.6253,14.1078,-79.12,-79.12
45626,180,-4.6253,14.1078,-79.12,-79.12
45630,180,3.8544,14.1078,-79.12,-79.12
45630,180,3.8544,14.1078,-79.12,-77.68
45638,180,3.8544,14.0176,-79.12,-79.12
45638,180,3.8544,14.0176,-79.12,-79.12
45641,180,5.3105,14.0176,-79.12,-79.12
45641,180,5.3105,14.0176,-79.12,-79.12
45650,180,5.3105,13.7063,-79.12,-79.12
45650,180,5.3105,13.7063,-79.12,-79.12
45652,180,7.2805,13.7063,-79.12,-79.12
45652,180,7.2805,13.7063,-79.12,-79.12
45662,180,7.2805,13.8552,-79.12,-79.12
45662,180,7.2805,13.8552,-79.12,-79.12
45663,180,6.7666,13.8552,-79.12,-79.12
45663,180,6.7666,13.8552,-79.12,-79.12
45674,180,6.7666,13.5755,-79.12,-79.12
45674,180,1.1991,13.5755,-79.12,-79.12
45674,180,1.1991,13.5755,-79.12,-77.68
45685,180,0.0857,13.5755,-79.12,-79.12
45685,180,0.0857,13.5755,-79.12,-79.12
45685,180,0.0857,13.6882,-79.12,-79.12
45685,180,0.0857,13.6882,-79.12,-77.68
45696,180,-8.2227,13.6882,-79.12,-79.12
45696,180,-8.2227,13.6882,-79.12,-79.12
45697,180,-8.2227,13.8507,-79.12,-79.12
45697,180,-8.2227,13.8507,-79.12,-79.12
45706,180,4.7966,13.8507,-79.12,-79.12
45707,180,4.7966,13.8507,-79.12,-79.12
45709,180,4.7966,14.0808,-79.12,-79.12
45709,180,4.7966,14.0808,-79.12,-79.12
45717,180,-1.3704,14.0808,-79.12,-79.12
45718,180,-1.3704,14.0808,-79.12,-79.12
45721,180,-1.3704,14.3018,-79.12,-79.12
45721,180,-1.3704,14.3018,-79.12,-77.68
45728,180,-0.3426,14.3018,-79.12,-79.12
45729,180,-0.3426,14.3018,-79.12,-79.12
45733,180,-0.3426,14.2973,-79.12,-79.12
45733,180,-0.3426,14.2973,-79.12,-79.12
45739,180,-7.7944,14.2973,-79.12,-79.12
45739,180,-7.7944,14.2973,-77.68,-79.12
45745,180,-7.7944,14.3515,-79.12,-79.12
45745,180,-7.7944,14.3515,-79.12,-77.68
45750,180,3.2548,14.3515,-79.12,-79.12
45750,180,3.2548,14.3515,-79.12,-79.12
45756,180,3.2548,14.2567,-79.12,-79.12
45756,180,3.2548,14.2567,-79.12,-79.12
45761,180,-1.9700,14.2567,-77.68,-79.12
45761,180,-1.9700,14.2567,-79.12,-79.12
45768,180,-1.9700,14.3966,-79.12,-79.12
45768,180,-1.9700,14.3966,-79.12,-79.12
45772,180,-10.9636,14.3966,-79.12,-79.12
45772,180,-10.9636,14.3966,-79.12,-79.12
45780,180,-10.9636,14.1800,-79.12,-79.12
45780,180,-10.9636,14.1800,-79.12,-79.12
45783,180,-2.3126,14.1800,-79.12,-79.12
45783,180,-2.3126,14.1800,-79.12,-79.12
45792,180,-2.3126,13.9229,-79.12,-79.12
45792,180,-2.3126,13.9229,-79.12,-79.12
45794,180,-7.1949,13.9229,-79.12,-79.12
45794,180,-7.1949,13.9229,-79.12,-79.12
45804,180,-7.1949,13.8371,-79.12,-79.12
45804,180,-7.1949,13.8371,-79.12,-79.12
45805,180,0.2570,13.8371,-79.12,-79.12
45805,180,0.2570,13.8371,-79.12,-79.12
45816,180,0.2570,13.9183,-79.12,-79.12
45816,180,0.2570,13.9183,-79.12,-79.12
45816,180,-3.3405,13.9183,-79.12,-79.12
45816,180,-3.3405,13.9183,-79.12,-79.12
45827,180,11.8201,13.9183,-79.12,-79.12
45827,180,11.8201,13.9183,-79.12,-79.12
45827,180,11.8201,13.8236,-79.12,-79.12
45827,180,11.8201,13.8236,-79.12,-79.12
45838,180,0.5996,13.8236,-79.12,-79.12
45838,180,0.5996,13.8236,-79.12,-79.12
45839,180,0.5996,13.4762,-79.12,-79.12
45839,180,0.5996,13.4762,-79.12,-79.12
45849,180,-0.5139,13.4762,-79.12,-79.12
45849,180,-0.5139,13.4762,-79.12,-79.12
45851,180,-0.5139,13.5845,-79.12,-79.12
45851,180,-0.5139,13.5845,-79.12,-79.12
45860,180,-5.1392,13.5845,-77.68,-79.12
45860,180,-5.1392,13.5845,-79.12,-79.12
45863,180,-5.1392,13.5890,-79.12,-79.12
45863,180,-5.1392,13.5890,-79.12,-79.12
45871,180,-5.2248,13.5890,-79.12,-79.12
45871,180,-5.2248,13.5890,-79.12,-79.12
45875,180,-5.2248,13.6702,-79.12,-79.12
45875,180,-5.2248,13.6702,-79.12,-79.12
45882,180,-5.2248,13.6702,-79.12,-79.12
45882,180,-5.2248,13.6702,-79.12,-79.12
45887,180,-5.2248,13.7965,-79.12,-79.12
45887,180,-5.2248,13.7965,-79.12,-79.12
45893,180,-0.5996,13.7965,-79.12,-79.12
45893,180,-0.5996,13.7965,-79.12,-79.12
45898,180,-0.5996,13.6341,-79.12,-79.12
45898,180,-0.5996,13.6341,-79.12,-79.12
45904,180,2.4839,13.6341,-79.12,-79.12
45904,180,2.4839,13.6341,-79.12,-79.12
45910,180,2.4839,13.8146,-79.12,-79.12
45910,180,2.4839,13.8146,-79.12,-79.12
45915,180,-1.4561,13.8146,-79.12,-79.12
45915,180,-1.4561,13.8146,-79.12,-79.12
45922,180,-1.4561,13.4717,-79.12,-79.12
45922,180,-1.4561,13.4717,-79.12,-79.12
45926,180,0.6852,13.4717,-79.12,-79.12
45926,180,0.6852,13.4717,-79.12,-79.12
45934,180,0.6852,13.4085,-79.12,-79.12
45934,180,0.6852,13.4085,-79.12,-79.12
45937,180,-14.6467,13.4085,-79.12,-79.12
45937,180,-14.6467,13.4085,-79.12,-79.12
45946,180,-14.6467,13.6296,-79.12,-79.12
45946,180,-14.6467,13.6296,-79.12,-79.12
45948,180,2.3126,13.6296,-79.12,-79.12
45948,180,2.3126,13.6296,-79.12,-79.12
45958,180,2.3126,13.9499,-79.12,-79.12
45958,180,2.3126,13.9499,-79.12,-79.12
45959,180,4.7109,13.9499,-79.12,-79.12
45959,180,4.7109,13.9499,-79.12,-79.12
45969,180,4.7109,13.6657,-79.12,-79.12
45969,180,4.7109,13.6657,-79.12,-79.12
45970,180,7.2805,13.6657,-79.12,-79.12
45970,180,7.2805,13.6657,-79.12,-79.12
45981,180,-5.3961,13.6657,-79.12,-79.12
45981,180,-5.3961,13.6657,-79.12,-79.12
45981,180,-5.3961,13.4176,-79.12,-79.12
45981,180,-5.3961,13.4176,-79.12,-79.12
45992,180,-4.9679,13.4176,-79.12,-79.12
45992,180,-4.9679,13.4176,-79.12,-79.12
45993,180,-4.9679,13.6837,-79.12,-79.12
45993,180,-4.9679,13.6837,-79.12,-79.12
46003,180,-1.7987,13.6837,-79.12,-79.12
46003,180,-1.7987,13.6837,-79.12,-79.12
46005,180,-1.7987,13.7108,-79.12,-79.12
46005,180,-1.7987,13.7108,-79.12,-79.12
46014,180,-2.9122,13.7108,-79.12,-79.12
46014,180,-2.9122,13.7108,-79.12,-79.12
46017,180,-2.9122,13.5664,-79.12,-79.12
46017,180,-2.9122,13.5664,-79.12,-79.12
46025,180,2.6552,13.5664,-79.12,-77.68
46025,180,2.6552,13.5664,-79.12,-79.12
46028,180,2.6552,13.9499,-79.12,-79.12
46029,180,2.6552,13.9499,-79.12,-79.12
46036,180,5.9101,13.9499,-79.12,-79.12
46036,180,5.9101,13.9499,-79.12,-79.12
46040,180,5.9101,14.0131,-79.12,-79.12
46040,180,5.9101,14.0131,-79.12,-79.12
46047,180,12.5910,14.0131,-79.12,-79.12
46047,180,12.5910,14.0131,-79.12,-79.12
46052,180,12.5910,13.9003,-79.12,-79.12
46052,180,12.5910,13.9003,-79.12,-79.12
46058,180,-6.4240,13.9003,-79.12,-79.12
46058,180,-6.4240,13.9003,-77.68,-77.68
46064,180,-6.4240,14.0582,-79.12,-79.12
46064,180,-6.4240,14.0582,-79.12,-79.12
46069,180,0.9422,14.0582,-79.12,-79.12
46069,180,0.9422,14.0582,-79.12,-79.12
46076,180,0.9422,13.7063,-79.12,-79.12
46076,180,0.9422,13.7063,-79.12,-79.12
46080,180,2.7409,13.7063,-79.12,-79.12
46080,180,2.7409,13.7063,-79.12,-79.12
46088,180,2.7409,14.0672,-79.12,-79.12
46088,180,2.7409,14.0672,-79.12,-79.12
46090,180,-0.1713,14.0672,-79.12,-79.12
46091,180,-0.1713,14.0672,-79.12,-79.12
46099,180,-0.1713,14.3199,-79.12,-79.12
46100,180,-0.1713,14.3199,-79.12,-79.12
46101,180,-0.5139,14.3199,-79.12,-79.12
46102,180,-0.5139,14.3199,-79.12,-79.12
46111,180,-0.5139,13.7469,-79.12,-79.12
46111,180,-0.5139,13.7469,-79.12,-79.12
46112,180,-3.0835,13.7469,-79.12,-77.68
46113,180,-3.0835,13.7469,-79.12,-79.12
46123,180,-3.0835,13.5123,-79.12,-79.12
46123,180,-3.0835,13.5123,-79.12,-79.12
46123,180,2.9979,13.5123,-79.12,-79.12
46123,180,2.9979,13.5123,-79.12,-77.68
46134,180,8.6510,13.5123,-79.12,-79.12
46134,180,8.6510,13.5123,-79.12,-79.12
46135,180,8.6510,13.5800,-79.12,-79.12
46135,180,8.6510,13.5800,-79.12,-79.12
46145,180,14.5610,13.5800,-77.68,-79.12
46145,180,14.5610,13.5800,-79.12,-79.12
46147,180,14.5610,13.8822,-79.12,-77.68
46147,180,14.5610,13.8822,-79.12,-79.12
46156,180,2.3126,13.8822,-77.68,-79.12
46156,180,2.3126,13.8822,-79.12,-79.12
46159,180,2.3126,13.7018,-79.12,-79.12
46159,180,2.3126,13.7018,-79.12,-79.12
46167,180,5.0535,13.7018,-79.12,-79.12
46167,180,5.0535,13.7018,-79.12,-79.12
46170,180,5.0535,13.6116,-79.12,-79.12
46171,180,5.0535,13.6116,-79.12,-79.12
46178,180,0.2570,13.6116,-79.12,-79.12
46178,180,0.2570,13.6116,-79.12,-79.12
46182,180,0.2570,13.7243,-79.12,-79.12
46182,180,0.2570,13.7243,-79.12,-79.12
46189,180,2.8266,13.7243,-79.12,-79.12
46189,180,2.8266,13.7243,-79.12,-79.12
46194,180,2.8266,13.7108,-79.12,-79.12
46194,180,2.8266,13.7108,-79.12,-79.12
46200,180,-5.5675,13.7108,-79.12,-79.12
46200,180,-5.5675,13.7108,-79.12,-79.12
46206,180,-5.5675,14.0943,-79.12,-79.12
46206,180,-5.5675,14.0943,-77.68,-79.12
46211,180,3.2548,14.0943,-79.12,-79.12
46211,180,3.2548,14.0943,-79.12,-79.12
46218,180,3.2548,14.4733,-79.12,-79.12
46218,180,3.2548,14.4733,-79.12,-79.12
46222,180,10.0214,14.4733,-79.12,-79.12
46222,180,10.0214,14.4733,-79.12,-77.68
46230,180,10.0214,14.1123,-79.12,-79.12
46230,180,10.0214,14.1123,-79.12,-79.12
46233,180,0.5139,14.1123,-79.12,-79.12
46233,180,0.5139,14.1123,-79.12,-79.12
46241,180,0.5139,13.9950,-79.12,-79.12
46242,180,0.5139,13.9950,-79.12,-79.12
46244,180,5.0535,13.9950,-79.12,-79.12
46244,180,5.0535,13.9950,-79.12,-79.12
46253,180,5.0535,13.8642,-79.12,-79.12
46253,180,5.0535,13.8642,-79.12,-79.12
46255,180,-1.6274,13.8642,-79.12,-79.12
46255,180,-1.6274,13.8642,-79.12,-79.12
46265,180,-1.6274,14.3018,-79.12,-79.12
46265,180,-1.6274,14.3018,-79.12,-79.12
46266,180,3.1692,14.3018,-79.12,-79.12
46266,180,3.1692,14.3018,-79.12,-79.12
46277,180,3.1692,14.2522,-79.12,-79.12
46277,180,2.4839,14.2522,-79.12,-79.12
46277,180,2.4839,14.2522,-79.12,-79.12
46288,180,5.7388,14.2522,-79.12,-79.12
46288,180,5.7388,14.2522,-79.12,-79.12
46289,180,5.7388,13.8055,-79.12,-79.12
46289,180,5.7388,13.8055,-79.12,-79.12
46299,180,-4.1970,13.8055,-79.12,-79.12
46299,180,-4.1970,13.8055,-79.12,-79.12
46301,180,-4.1970,13.6161,-77.68,-79.12
46301,180,-4.1970,13.6161,-79.12,-79.12
46310,180,2.8266,13.6161,-79.12,-79.12
46310,180,2.8266,13.6161,-79.12,-79.12
46312,180,2.8266,13.4130,-79.12,-79.12
46313,180,2.8266,13.4130,-79.12,-79.12
46321,180,8.3084,13.4130,-79.12,-79.12
46321,180,8.3084,13.4130,-79.12,-79.12
46324,180,8.3084,13.7243,-79.12,-79.12
46324,180,8.3084,13.7243,-79.12,-79.12
46332,180,1.7987,13.7243,-79.12,-79.12
46332,180,1.7987,13.7243,-79.12,-79.12
46336,180,1.7987,13.7604,-79.12,-79.12
46336,180,1.7987,13.7604,-79.12,-79.12
46343,180,4.6253,13.7604,-79.12,-79.12
46343,180,4.6253,13.7604,-79.12,-79.12
46348,180,4.6253,13.7875,-79.12,-79.12
46348,180,4.6253,13.7875,-79.12,-79.12
46354,180,-0.4283,13.7875,-79.12,-79.12
46354,180,-0.4283,13.7875,-79.12,-79.12
46360,180,-0.4283,13.5619,-79.12,-79.12
46360,180,-0.4283,13.5619,-79.12,-79.12
46365,180,3.9400,13.5619,-79.12,-79.12
46365,180,3.9400,13.5619,-79.12,-79.12
46372,180,3.9400,13.4582,-79.12,-79.12
46372,180,3.9400,13.4582,-79.12,-79.12
46376,180,0.9422,13.4582,-79.12,-79.12
46376,180,0.9422,13.4582,-79.12,-79.12
46383,180,0.9422,13.9229,-79.12,-79.12
46384,180,0.9422,13.9229,-79.12,-79.12
46387,180,0.1713,13.9229,-79.12,-79.12
46387,180,0.1713,13.9229,-79.12,-79.12
46395,180,0.1713,13.8913,-79.12,-79.12
46395,180,0.1713,13.8913,-77.68,-79.12
46398,180,-9.8501,13.8913,-79.12,-77.68
46398,180,-9.8501,13.8913,-79.12,-79.12
46407,180,-9.8501,13.7785,-79.12,-79.12
46407,180,-9.8501,13.7785,-79.12,-79.12
46409,180,1.7987,13.7785,-79.12,-79.12
46409,180,1.7987,13.7785,-79.12,-79.12
46419,180,1.7987,13.6792,-79.12,-79.12
46419,180,1.7987,13.6792,-79.12,-79.12
46420,180,-1.3704,13.6792,-79.12,-79.12
46420,180,-1.3704,13.6792,-79.12,-79.12
46431,180,-2.7409,13.6792,-79.12,-79.12
46431,180,-2.7409,13.6792,-79.12,-79.12
46431,180,-2.7409,13.9048,-79.12,-79.12
46431,180,-2.7409,13.9048,-79.12,-79.12
46442,180,3.5118,13.9048,-77.68,-79.12
46442,180,3.5118,13.9048,-79.12,-79.12
46443,180,3.5118,14.1304,-79.12,-79.12
46443,180,3.5118,14.1304,-79.12,-79.12
46453,180,-1.9700,14.1304,-79.12,-79.12
46453,180,-1.9700,14.1304,-79.12,-79.12
46454,180,-1.9700,13.3815,-79.12,-79.12
46455,180,-1.9700,13.3815,-79.12,-79.12
46464,180,-0.8565,13.3815,-79.12,-79.12
46464,180,-0.8565,13.3815,-79.12,-79.12
46466,180,-0.8565,13.5033,-79.12,-79.12
46466,180,-0.8565,13.5033,-79.12,-79.12
46475,180,-7.6231,13.5033,-79.12,-79.12
46475,180,-7.6231,13.5033,-79.12,-79.12
46478,180,-7.6231,13.5349,-79.12,-79.12
46478,180,-7.6231,13.5349,-79.12,-79.12
46485,180,4.2827,13.5349,-79.12,-79.12
46486,180,4.2827,13.5349,-79.12,-79.12
46490,180,4.2827,13.6386,-79.12,-79.12
46490,180,4.2827,13.6386,-79.12,-79.12
46496,180,2.5696,13.6386,-79.12,-79.12
46497,180,2.5696,13.6386,-79.12,-79.12
46502,180,2.5696,14.1394,-79.12,-79.12
46502,180,2.5696,14.1394,-79.12,-79.12
46507,180,4.3683,14.1394,-79.12,-79.12
46508,180,4.3683,14.1394,-79.12,-79.12
46514,180,4.3683,13.9319,-79.12,-79.12
46514,180,4.3683,13.9319,-79.12,-79.12
46518,180,-3.9400,13.9319,-79.12,-79.12
46518,180,-3.9400,13.9319,-79.12,-79.12
46525,180,-3.9400,14.2206,-79.12,-79.12
46526,180,-3.9400,14.2206,-79.12,-79.12
46529,180,-0.7709,14.2206,-79.12,-79.12
46529,180,-0.7709,14.2206,-77.68,-79.12
46537,180,-0.7709,14.2477,-79.12,-79.12
46537,180,-0.7709,14.2477,-79.12,-79.12
46540,180,0.6852,14.2477,-79.12,-79.12
46540,180,0.6852,14.2477,-79.12,-79.12
46549,180,0.6852,13.7830,-79.12,-79.12
46549,180,0.6852,13.7830,-79.12,-79.12
46551,180,-5.9101,13.7830,-79.12,-79.12
46551,180,-5.9101,13.7830,-79.12,-79.12
46561,180,-5.9101,13.9183,-79.12,-79.12
46561,180,-5.9101,13.9183,-79.12,-79.12
46562,180,0.2570,13.9183,-79.12,-79.12
46562,180,0.2570,13.9183,-79.12,-79.12
46573,180,0.2570,14.2251,-79.12,-79.12
46573,180,0.2570,14.2251,-79.12,-79.12
46573,180,-0.0857,14.2251,-79.12,-79.12
46573,180,-0.0857,14.2251,-79.12,-79.12
46584,180,8.4797,14.2251,-79.12,-79.12
46584,180,8.4797,14.2251,-79.12,-79.12
46585,180,8.4797,13.9003,-79.12,-79.12
46585,180,8.4797,13.9003,-79.12,-79.12
46595,180,1.0278,13.9003,-79.12,-79.12
46595,180,1.0278,13.9003,-79.12,-79.12
46596,180,1.0278,13.9950,-79.12,-79.12
46596,180,1.0278,13.9950,-79.12,-79.12
46606,180,5.7388,13.9950,-79.12,-79.12
46606,180,5.7388,13.9950,-79.12,-79.12
46608,180,5.7388,14.2251,-79.12,-79.12
46608,180,5.7388,14.2251,-79.12,-79.12
46617,180,-3.5118,14.2251,-79.12,-79.12
46617,180,-3.5118,14.2251,-79.12,-79.12
46620,180,-3.5118,14.7846,-79.12,-79.12
46620,180,-3.5118,14.7846,-79.12,-79.12
46628,180,6.1670,14.7846,-79.12,-79.12
46628,180,6.1670,14.7846,-79.12,-79.12
46632,180,6.1670,14.3154,-79.12,-79.12
46632,180,6.1670,14.3154,-79.12,-79.12
46639,180,4.3683,14.3154,-79.12,-79.12
46639,180,4.3683,14.3154,-79.12,-79.12
46644,180,4.3683,14.1169,-79.12,-79.12
46644,180,4.3683,14.1169,-79.12,-79.12
46650,180,2.1413,14.1169,-79.12,-79.12
46650,180,2.1413,14.1169,-79.12,-79.12
46656,180,2.1413,13.9589,-79.12,-79.12
46656,180,2.1413,13.9589,-79.12,-79.12
46661,180,-3.9400,13.9589,-79.12,-79.12
46661,180,-3.9400,13.9589,-79.12,-79.12
46667,180,-3.9400,13.4356,-79.12,-79.12
46667,180,-3.9400,13.4356,-79.12,-79.12
46672,180,-2.8266,13.4356,-79.12,-79.12
46672,180,-2.8266,13.4356,-79.12,-79.12
46679,180,-2.8266,13.6161,-79.12,-79.12
46679,180,-2.8266,13.6161,-79.12,-79.12
46683,180,3.5118,13.6161,-79.12,-79.12
46683,180,3.5118,13.6161,-79.12,-79.12
46691,180,3.5118,13.9905,-79.12,-79.12
46691,180,3.5118,13.9905,-79.12,-79.12
46694,180,4.0257,13.9905,-79.12,-79.12
46694,180,4.0257,13.9905,-79.12,-79.12
46703,180,4.0257,13.7875,-79.12,-79.12
46703,180,4.0257,13.7875,-79.12,-79.12
46705,180,14.4754,13.7875,-79.12,-79.12
46705,180,14.4754,13.7875,-79.12,-79.12
46715,180,14.4754,13.7514,-79.12,-79.12
46715,180,14.4754,13.7514,-79.12,-79.12
46716,180,-0.7709,13.7514,-79.12,-79.12
46716,180,-0.7709,13.7514,-79.12,-79.12
46727,180,-0.7709,14.0853,-79.12,-79.12
46727,180,-0.7709,14.0853,-79.12,-79.12
46727,180,4.4540,14.0853,-79.12,-79.12
46727,180,4.4540,14.0853,-79.12,-79.12
46738,180,-7.1949,14.0853,-79.12,-79.12
46738,180,-7.1949,14.0853,-79.12,-79.12
46738,180,-7.1949,13.8687,-79.12,-79.12
46738,180,-7.1949,13.8687,-79.12,-79.12
46749,180,-0.9422,13.8687,-79.12,-79.12
46749,180,-0.9422,13.8687,-79.12,-79.12
46750,180,-0.9422,13.4672,-79.12,-79.12
46750,180,-0.9422,13.4672,-79.12,-77.68
46760,180,6.7666,13.4672,-79.12,-79.12
46760,180,6.7666,13.4672,-79.12,-79.12
46762,180,6.7666,13.7875,-79.12,-79.12
46762,180,6.7666,13.7875,-79.12,-79.12
46771,180,2.3983,13.7875,-79.12,-79.12
46771,180,2.3983,13.7875,-79.12,-77.68
46774,180,2.3983,13.8146,-79.12,-79.12
46774,180,2.3983,13.8146,-79.12,-79.12
46782,180,1.1135,13.8146,-79.12,-79.12
46782,180,1.1135,13.8146,-79.12,-77.68
46786,180,1.1135,14.0402,-79.12,-79.12
46786,180,1.1135,14.0402,-79.12,-79.12
46793,180,-4.8822,14.0402,-79.12,-79.12
46793,180,-4.8822,14.0402,-79.12,-79.12
46798,180,-4.8822,14.2342,-79.12,-79.12
46798,180,-4.8822,14.2342,-79.12,-79.12
46804,180,0.9422,14.2342,-79.12,-79.12
46804,180,0.9422,14.2342,-79.12,-79.12
46809,180,0.9422,13.8822,-79.12,-79.12
46809,180,0.9422,13.8822,-79.12,-79.12
46815,180,-0.5139,13.8822,-79.12,-79.12
46815,180,-0.5139,13.8822,-79.12,-79.12
46821,180,-0.5139,13.6431,-79.12,-79.12
46821,180,-0.5139,13.6431,-79.12,-79.12
46826,180,1.1135,13.6431,-79.12,-79.12
46826,180,1.1135,13.6431,-79.12,-79.12
46833,180,1.1135,13.5664,-79.12,-79.12
46833,180,1.1135,13.5664,-79.12,-79.12
46837,180,-12.4197,13.5664,-79.12,-79.12
46837,180,-12.4197,13.5664,-79.12,-79.12
46845,180,-12.4197,13.9319,-79.12,-79.12
46845,180,-12.4197,13.9319,-79.12,-79.12
46848,180,4.6253,13.9319,-79.12,-77.68
46848,180,4.6253,13.9319,-77.68,-79.12
46857,180,4.6253,14.1033,-79.12,-79.12
46857,180,4.6253,14.1033,-79.12,-79.12
46859,180,11.4775,14.1033,-79.12,-79.12
46859,180,11.4775,14.1033,-79.12,-79.12
46869,180,11.4775,14.1845,-79.12,-79.12
46869,180,11.4775,14.1845,-79.12,-79.12
46870,180,12.9336,14.1845,-79.12,-79.12
46870,180,12.9336,14.1845,-79.12,-79.12
46880,180,12.9336,14.2387,-79.12,-79.12
46880,180,12.9336,14.2387,-79.12,-77.68
46881,180,0.2570,14.2387,-79.12,-79.12
46881,180,0.2570,14.2387,-79.12,-79.12
46891,180,-1.5418,14.2387,-79.12,-79.12
46892,180,-1.5418,14.2387,-79.12,-79.12
46892,180,-1.5418,14.1439,-79.12,-79.12
46892,180,-1.5418,14.1439,-77.68,-79.12
46902,180,3.5118,14.1439,-79.12,-79.12
46903,180,3.5118,14.1439,-79.12,-79.12
46904,180,3.5118,14.1169,-79.12,-77.68
46904,180,3.5118,14.1169,-79.12,-79.12
46913,180,-0.1713,14.1169,-79.12,-79.12
46913,180,-0.1713,14.1169,-79.12,-79.12
46916,180,-0.1713,14.0041,-79.12,-79.12
46916,180,-0.1713,14.0041,-79.12,-79.12
46924,180,8.9936,14.0041,-79.12,-79.12
46924,180,8.9936,14.0041,-79.12,-79.12
46928,180,8.9936,13.7153,-79.12,-79.12
46928,180,8.9936,13.7153,-79.12,-79.12
46935,180,8.8223,13.7153,-79.12,-79.12
46935,180,8.8223,13.7153,-79.12,-79.12
46940,180,8.8223,13.8371,-79.12,-79.12
46940,180,8.8223,13.8371,-79.12,-79.12
46946,180,11.2206,13.8371,-79.12,-79.12
46946,180,11.2206,13.8371,-79.12,-79.12
46951,180,11.2206,13.6025,-79.12,-79.12
46951,180,11.2206,13.6025,-79.12,-79.12
46957,180,0.5139,13.6025,-79.12,-79.12
46957,180,0.5139,13.6025,-79.12,-79.12
46963,180,0.5139,13.4897,-79.12,-79.12
46963,180,0.5139,13.4897,-79.12,-79.12
46968,180,4.1113,13.4897,-79.12,-79.12
46968,180,4.1113,13.4897,-79.12,-79.12
46975,180,4.1113,13.6251,-79.12,-79.12
46975,180,4.1113,13.6251,-79.12,-79.12
46979,180,-5.3105,13.6251,-79.12,-79.12
46979,180,-5.3105,13.6251,-79.12,-79.12
46987,180,-5.3105,13.7153,-79.12,-79.12
46987,180,-5.3105,13.7153,-79.12,-79.12
46990,180,6.8522,13.7153,-79.12,-79.12
46990,180,6.8522,13.7153,-79.12,-79.12
46999,180,6.8522,14.0447,-79.12,-79.12
46999,180,6.8522,14.0447,-79.12,-79.12
47001,180,7.2805,14.0447,-79.12,-79.12
47001,180,7.2805,14.0447,-79.12,-79.12
47011,180,7.2805,14.1304,-79.12,-79.12
47011,180,7.2805,14.1304,-79.12,-79.12
47012,180,2.7409,14.1304,-79.12,-79.12
47012,180,2.7409,14.1304,-79.12,-79.12
47022,180,2.7409,13.8732,-79.12,-79.12
47022,180,2.7409,13.8732,-79.12,-79.12
47023,180,-1.3704,13.8732,-79.12,-79.12
47023,180,-1.3704,13.8732,-79.12,-79.12
47034,180,-6.2527,13.8732,-79.12,-79.12
47034,180,-6.2527,13.6070,-79.12,-79.12
47034,180,-6.2527,13.6070,-79.12,-79.12
47045,180,8.5653,13.6070,-79.12,-79.12
47045,180,8.5653,13.6070,-79.12,-79.12
47046,180,8.5653,14.2657,-79.12,-79.12
47046,180,8.5653,14.2657,-79.12,-79.12
47056,180,-1.7987,14.2657,-79.12,-79.12
47056,180,-1.7987,14.2657,-77.68,-79.12
47058,180,-1.7987,14.3289,-79.12,-79.12
47058,180,-1.7987,14.3289,-79.12,-77.68
47067,180,1.0278,14.3289,-79.12,-79.12
47067,180,1.0278,14.3289,-79.12,-79.12
47070,180,1.0278,13.8642,-79.12,-79.12
47070,180,1.0278,13.8642,-79.12,-79.12
47078,180,2.1413,13.8642,-79.12,-79.12
47078,180,2.1413,13.8642,-79.12,-79.12
47082,180,2.1413,13.5484,-79.12,-79.12
47082,180,2.1413,13.5484,-79.12,-79.12
47089,180,3.9400,13.5484,-79.12,-79.12
47089,180,3.9400,13.5484,-79.12,-79.12
47093,180,3.9400,13.2777,-79.12,-79.12
47093,180,3.9400,13.2777,-79.12,-79.12
47100,180,-2.9979,13.2777,-79.12,-79.12
47100,180,-2.9979,13.2777,-79.12,-79.12
47105,180,-2.9979,13.7965,-79.12,-79.12
47105,180,-2.9979,13.7965,-79.12,-79.12
47111,180,7.0236,13.7965,-79.12,-79.12
47111,180,7.0236,13.7965,-79.12,-79.12
47117,180,7.0236,13.7379,-79.12,-79.12
47117,180,7.0236,13.7379,-77.68,-79.12
47122,180,11.9058,13.7379,-79.12,-79.12
47122,180,11.9058,13.7379,-79.12,-79.12
47129,180,11.9058,13.3454,-79.12,-79.12
47129,180,11.9058,13.3454,-79.12,-77.68
47133,180,-3.6831,13.3454,-79.12,-79.12
47133,180,-3.6831,13.3454,-79.12,-79.12
47141,180,-3.6831,13.3093,-79.12,-79.12
47141,180,-3.6831,13.3093,-79.12,-79.12
47144,180,2.2270,13.3093,-79.12,-79.12
47144,180,2.2270,13.3093,-79.12,-79.12
47152,180,2.2270,13.6341,-79.12,-79.12
47153,180,2.2270,13.6341,-79.12,-79.12
47155,180,-4.7109,13.6341,-79.12,-79.12
47155,180,-4.7109,13.6341,-79.12,-79.12
47164,180,-4.7109,14.0266,-79.12,-79.12
47164,180,-4.7109,14.0266,-79.12,-79.12
47166,180,5.9957,14.0266,-79.12,-79.12
47166,180,5.9957,14.0266,-79.12,-79.12
47176,180,5.9957,13.8236,-79.12,-79.12
47176,180,5.9957,13.8236,-79.12,-79.12
47177,180,0.5139,13.8236,-79.12,-79.12
47177,180,0.5139,13.8236,-79.12,-79.12
47188,180,4.5396,13.8236,-79.12,-79.12
47188,180,4.5396,13.8236,-79.12,-79.12
47188,180,4.5396,14.2973,-79.12,-79.12
47188,180,4.5396,14.2973,-79.12,-79.12
47199,180,-2.4839,14.2973,-79.12,-79.12
47199,180,-2.4839,14.2973,-79.12,-79.12
47200,180,-2.4839,14.4236,-79.12,-79.12
47200,180,-2.4839,14.4236,-79.12,-79.12
47210,180,-1.3704,14.4236,-79.12,-79.12
47210,180,-1.3704,14.4236,-79.12,-79.12
47212,180,-1.3704,13.8687,-79.12,-79.12
47212,180,-1.3704,13.8687,-79.12,-79.12
47221,180,-0.0857,13.8687,-79.12,-79.12
47221,180,-0.0857,13.8687,-79.12,-79.12
47223,180,-0.0857,13.7153,-79.12,-79.12
47224,180,-0.0857,13.7153,-79.12,-79.12
47232,180,3.0835,13.7153,-79.12,-79.12
47232,180,3.0835,13.7153,-79.12,-79.12
47235,180,3.0835,13.6657,-79.12,-79.12
47235,180,3.0835,13.6657,-79.12,-79.12
47243,180,5.1392,13.6657,-79.12,-79.12
47243,180,5.1392,13.6657,-79.12,-79.12
47247,180,5.1392,13.4356,-79.12,-79.12
47247,180,5.1392,13.4356,-79.12,-79.12
47254,180,5.8244,13.4356,-79.12,-79.12
47254,180,5.8244,13.4356,-79.12,-79.12
47259,180,5.8244,13.7243,-79.12,-79.12
47259,180,5.8244,13.7243,-79.12,-79.12
47265,180,10.0214,13.7243,-77.68,-79.12
47265,180,10.0214,13.7243,-79.12,-79.12
47271,180,10.0214,13.7965,-79.12,-79.12
47271,180,10.0214,13.7965,-79.12,-79.12
47276,180,-1.8844,13.7965,-79.12,-79.12
47276,180,-1.8844,13.7965,-79.12,-79.12
47283,180,-1.8844,13.9544,-79.12,-77.68
47283,180,-1.8844,13.9544,-79.12,-79.12
47286,180,1.0278,13.9544,-79.12,-79.12
47287,180,1.0278,13.9544,-79.12,-79.12
47294,180,1.0278,13.7920,-79.12,-79.12
47295,180,1.0278,13.7920,-79.12,-79.12
47297,180,-7.3662,13.7920,-79.12,-79.12
47298,180,-7.3662,13.7920,-79.12,-79.12
47306,180,-7.3662,13.7649,-79.12,-79.12
47306,180,-7.3662,13.7649,-79.12,-79.12
47308,180,-2.9979,13.7649,-79.12,-79.12
47309,180,-2.9979,13.7649,-79.12,-79.12
47318,180,-2.9979,13.8507,-79.12,-79.12
47318,180,-2.9979,13.8507,-79.12,-79.12
47319,180,-1.3704,13.8507,-79.12,-79.12
47320,180,-1.3704,13.8507,-79.12,-79.12
47330,180,-1.3704,13.3183,-79.12,-79.12
47330,180,-1.3704,13.3183,-79.12,-79.12
47330,180,-0.3426,13.3183,-79.12,-79.12
47330,180,-0.3426,13.3183,-79.12,-79.12
47341,180,1.6274,13.3183,-79.12,-79.12
47341,180,1.6274,13.3183,-79.12,-79.12
47342,180,1.6274,13.2506,-79.12,-79.12
47342,180,1.6274,13.2506,-79.12,-79.12
47352,180,7.3662,13.2506,-79.12,-79.12
47352,180,7.3662,13.2506,-79.12,-79.12
47354,180,7.3662,13.6792,-79.12,-79.12
47354,180,7.3662,13.6792,-77.68,-79.12
47363,180,7.0236,13.6792,-79.12,-79.12
47363,180,7.0236,13.6792,-79.12,-79.12
47365,180,7.0236,13.8055,-79.12,-79.12
47365,180,7.0236,13.8055,-79.12,-79.12
47374,180,-1.6274,13.8055,-79.12,-79.12
47374,180,-1.6274,13.8055,-79.12,-79.12
47377,180,-1.6274,13.8507,-79.12,-79.12
47377,180,-1.6274,13.8507,-79.12,-79.12
47385,180,8.3940,13.8507,-79.12,-79.12
47385,180,8.3940,13.8507,-79.12,-79.12
47389,180,8.3940,14.2928,-79.12,-79.12
47389,180,8.3940,14.2928,-79.12,-79.12
47396,180,1.5418,14.2928,-79.12,-79.12
47396,180,1.5418,14.2928,-77.68,-79.12
47401,180,1.5418,14.1890,-79.12,-79.12
47401,180,1.5418,14.1890,-79.12,-79.12
47407,180,4.1113,14.1890,-79.12,-79.12
47407,180,4.1113,14.1890,-79.12,-79.12
47413,180,4.1113,13.9364,-79.12,-79.12
47413,180,4.1113,13.9364,-79.12,-79.12
47418,180,-1.1135,13.9364,-79.12,-79.12
47418,180,-1.1135,13.9364,-79.12,-79.12
47425,180,-1.1135,14.0627,-79.12,-79.12
47425,180,-1.1135,14.0627,-79.12,-79.12
47429,180,2.0557,14.0627,-79.12,-79.12
47429,180,2.0557,14.0627,-79.12,-79.12
47436,180,2.0557,13.6070,-79.12,-79.12
47436,180,2.0557,13.6070,-79.12,-77.68
47440,180,4.5396,13.6070,-79.12,-79.12
47440,180,4.5396,13.6070,-79.12,-79.12
47448,180,4.5396,13.6296,-79.12,-79.12
47448,180,4.5396,13.6296,-79.12,-79.12
47451,180,-1.7131,13.6296,-79.12,-79.12
47451,180,-1.7131,13.6296,-77.68,-79.12
47460,180,-1.7131,13.7243,-79.12,-79.12
47460,180,-1.7131,13.7243,-79.12,-79.12
47462,180,-0.7709,13.7243,-79.12,-79.12
47462,180,-0.7709,13.7243,-79.12,-79.12
47472,180,-0.7709,13.4807,-79.12,-79.12
47472,180,-0.7709,13.4807,-79.12,-79.12
47473,180,3.8544,13.4807,-79.12,-79.12
47473,180,3.8544,13.4807,-79.12,-79.12
47484,180,3.8544,13.5349,-79.12,-79.12
47484,180,3.8544,13.5349,-79.12,-79.12
47484,180,6.5096,13.5349,-79.12,-79.12
47484,180,6.5096,13.5349,-77.68,-79.12
47495,180,0.6852,13.5349,-79.12,-79.12
47495,180,0.6852,13.5349,-79.12,-79.12
47496,180,0.6852,13.5664,-79.12,-77.68
47496,180,0.6852,13.5664,-79.12,-79.12
47506,180,9.7645,13.5664,-79.12,-79.12
47506,180,9.7645,13.5664,-79.12,-79.12
47507,180,9.7645,14.0762,-79.12,-77.68
47507,180,9.7645,14.0762,-79.12,-79.12
47517,180,1.2848,14.0762,-79.12,-79.12
47517,180,1.2848,14.0762,-79.12,-79.12
47519,180,1.2848,13.9183,-79.12,-79.12
47519,180,1.2848,13.9183,-79.12,-79.12
47528,180,2.9122,13.9183,-79.12,-79.12
47528,180,2.9122,13.9183,-79.12,-79.12
47531,180,2.9122,13.5078,-79.12,-79.12
47531,180,2.9122,13.5078,-79.12,-79.12
47539,180,-0.2570,13.5078,-79.12,-79.12
47539,180,-0.2570,13.5078,-79.12,-79.12
47543,180,-0.2570,13.7424,-79.12,-79.12
47543,180,-0.2570,13.7424,-79.12,-79.12
47550,180,5.9957,13.7424,-79.12,-79.12
47550,180,5.9957,13.7424,-79.12,-79.12
47555,180,5.9957,13.7830,-79.12,-79.12
47555,180,5.9957,13.7830,-79.12,-79.12
47561,180,5.0535,13.7830,-79.12,-79.12
47561,180,5.0535,13.7830,-79.12,-79.12
47567,180,5.0535,13.7695,-79.12,-79.12
47567,180,5.0535,13.7695,-79.12,-79.12
47572,180,1.1991,13.7695,-79.12,-79.12
47572,180,1.1991,13.7695,-77.68,-79.12
47578,180,1.1991,13.7920,-79.12,-79.12
47578,180,1.1991,13.7920,-79.12,-79.12
47583,180,1.1135,13.7920,-79.12,-79.12
47583,180,1.1135,13.7920,-79.12,-79.12
47590,180,1.1135,13.7108,-79.12,-79.12
47590,180,1.1135,13.7108,-79.12,-79.12
47594,180,-1.1135,13.7108,-79.12,-79.12
47594,180,-1.1135,13.7108,-79.12,-79.12
47602,180,-1.1135,13.5664,-79.12,-79.12
47602,180,-1.1135,13.5664,-79.12,-79.12
47605,180,11.3062,13.5664,-79.12,-79.12
47605,180,11.3062,13.5664,-79.12,-79.12
47614,180,11.3062,13.5935,-79.12,-79.12
47614,180,11.3062,13.5935,-79.12,-79.12
47616,180,1.9700,13.5935,-79.12,-79.12
47616,180,1.9700,13.5935,-79.12,-77.68
47626,180,1.9700,13.8777,-79.12,-79.12
47626,180,1.9700,13.8777,-79.12,-79.12
47627,180,4.4540,13.8777,-79.12,-79.12
47627,180,4.4540,13.8777,-79.12,-79.12
47638,180,4.4540,13.6837,-79.12,-79.12
47638,180,1.1135,13.6837,-79.12,-79.12
47638,180,1.1135,13.6837,-79.12,-79.12
47649,180,-0.0857,13.6837,-79.12,-77.68
47649,180,-0.0857,13.6837,-79.12,-79.12
47649,180,-0.0857,13.4807,-79.12,-79.12
47649,180,-0.0857,13.4807,-79.12,-79.12
47660,180,-5.7388,13.4807,-79.12,-79.12
47660,180,-5.7388,13.4807,-79.12,-79.12
47661,180,-5.7388,14.0086,-79.12,-79.12
47661,180,-5.7388,14.0086,-79.12,-79.12
47671,180,2.7409,14.0086,-79.12,-79.12
47671,180,2.7409,14.0086,-79.12,-79.12
47673,180,2.7409,13.8055,-79.12,-79.12
47673,180,2.7409,13.8055,-79.12,-79.12
47682,180,8.9936,13.8055,-79.12,-79.12
47682,180,8.9936,13.8055,-79.12,-79.12
47685,180,8.9936,13.8642,-79.12,-79.12
47685,180,8.9936,13.8642,-79.12,-79.12
47692,180,3.5974,13.8642,-79.12,-79.12
47693,180,3.5974,13.8642,-79.12,-79.12
47697,180,3.5974,13.4130,-79.12,-79.12
47697,180,3.5974,13.4130,-79.12,-79.12
47703,180,3.6831,13.4130,-79.12,-79.12
47704,180,3.6831,13.4130,-79.12,-79.12
47709,180,3.6831,13.5394,-79.12,-79.12
47709,180,3.6831,13.5394,-79.12,-79.12
47714,180,1.8844,13.5394,-79.12,-79.12
47715,180,1.8844,13.5394,-79.12,-79.12
47720,180,1.8844,14.3469,-79.12,-79.12
47720,180,1.8844,14.3469,-79.12,-79.12
47725,180,10.8779,14.3469,-79.12,-79.12
47725,180,10.8779,14.3469,-79.12,-79.12
47732,180,10.8779,13.7243,-79.12,-79.12
47732,180,10.8779,13.7243,-79.12,-79.12
47736,180,3.5974,13.7243,-79.12,-79.12
47736,180,3.5974,13.7243,-79.12,-79.12
47744,180,3.5974,13.4130,-79.12,-79.12
47744,180,3.5974,13.4130,-79.12,-79.12
47747,180,12.5054,13.4130,-79.12,-79.12
47747,180,12.5054,13.4130,-79.12,-79.12
47756,180,12.5054,13.3544,-79.12,-79.12
47756,180,12.5054,13.3544,-79.12,-79.12
47758,180,8.7366,13.3544,-79.12,-79.12
47758,180,8.7366,13.3544,-79.12,-79.12
47768,180,8.7366,13.1333,-79.12,-79.12
47768,180,8.7366,13.1333,-79.12,-79.12
47769,180,7.5375,13.1333,-79.12,-79.12
47769,180,7.5375,13.1333,-77.68,-79.12
47780,180,7.5375,13.2100,-79.12,-79.12
47780,180,7.5375,13.2100,-79.12,-79.12
47780,180,-0.1713,13.2100,-79.12,-79.12
47780,180,-0.1713,13.2100,-79.12,-79.12
47791,180,-0.8565,13.2100,-79.12,-79.12
47791,180,-0.8565,13.2100,-79.12,-79.12
47791,180,-0.8565,13.3544,-79.12,-79.12
47791,180,-0.8565,13.3544,-79.12,-79.12
47802,180,2.7409,13.3544,-79.12,-79.12
47802,180,2.7409,13.3544,-79.12,-79.12
47803,180,2.7409,13.6702,-79.12,-79.12
47803,180,2.7409,13.6702,-79.12,-79.12
47813,180,-5.9957,13.6702,-79.12,-79.12
47813,180,-5.9957,13.6702,-79.12,-79.12
47815,180,-5.9957,13.7514,-79.12,-79.12
47815,180,-5.9957,13.7514,-79.12,-79.12
47824,180,-7.7944,13.7514,-79.12,-79.12
47824,180,-7.7944,13.7514,-79.12,-79.12
47827,180,-7.7944,13.8010,-79.12,-79.12
47827,180,-7.7944,13.8010,-79.12,-79.12
47835,180,-1.7131,13.8010,-79.12,-79.12
47835,180,-1.7131,13.8010,-79.12,-79.12
47839,180,-1.7131,13.9544,-79.12,-77.68
47839,180,-1.7131,13.9544,-79.12,-79.12
47846,180,-0.1713,13.9544,-79.12,-79.12
47846,180,-0.1713,13.9544,-79.12,-79.12
47851,180,-0.1713,13.8868,-79.12,-79.12
47851,180,-0.1713,13.8868,-79.12,-79.12
47857,180,-6.0814,13.8868,-79.12,-79.12
47857,180,-6.0814,13.8868,-79.12,-79.12
47862,180,-6.0814,13.9274,-79.12,-79.12
47862,180,-6.0814,13.9274,-79.12,-79.12
47868,180,8.0514,13.9274,-79.12,-79.12
47868,180,8.0514,13.9274,-79.12,-79.12
47874,180,8.0514,13.9003,-79.12,-79.12
47874,180,8.0514,13.9003,-79.12,-79.12
47879,180,4.0257,13.9003,-79.12,-79.12
47879,180,4.0257,13.9003,-79.12,-79.12
47886,180,4.0257,14.1981,-79.12,-79.12
47886,180,4.0257,14.1981,-79.12,-79.12
47890,180,0.7709,14.1981,-79.12,-79.12
47890,180,0.7709,14.1981,-79.12,-79.12
47898,180,0.7709,13.8687,-79.12,-79.12
47898,180,0.7709,13.8687,-79.12,-79.12
47901,180,-2.3126,13.8687,-79.12,-77.68
47901,180,-2.3126,13.8687,-79.12,-79.12
47910,180,-2.3126,13.5619,-79.12,-79.12
47910,180,-2.3126,13.5619,-79.12,-79.12
47912,180,-3.1692,13.5619,-79.12,-79.12
47912,180,-3.1692,13.5619,-79.12,-79.12
47922,180,-3.1692,13.7198,-79.12,-79.12
47922,180,-3.1692,13.7198,-79.12,-79.12
47923,180,1.1991,13.7198,-79.12,-79.12
47923,180,1.1991,13.7198,-79.12,-79.12
47933,180,1.1991,13.5349,-79.12,-79.12
47933,180,1.1991,13.5349,-79.12,-79.12
47934,180,5.0535,13.5349,-79.12,-79.12
47934,180,5.0535,13.5349,-79.12,-79.12
47945,180,3.8544,13.5349,-79.12,-79.12
47945,180,3.8544,13.5349,-79.12,-79.12
47945,180,3.8544,13.8416,-79.12,-79.12
47945,180,3.8544,13.8416,-79.12,-79.12
47956,180,-4.8822,13.8416,-79.12,-79.12
47956,180,-4.8822,13.8416,-79.12,-79.12
47957,180,-4.8822,13.8732,-79.12,-79.12
47957,180,-4.8822,13.8732,-79.12,-79.12
47967,180,9.0792,13.8732,-79.12,-79.12
47967,180,9.0792,13.8732,-79.12,-79.12
47969,180,9.0792,13.6341,-79.12,-79.12
47969,180,9.0792,13.6341,-79.12,-79.12
47978,180,1.9700,13.6341,-79.12,-79.12
47978,180,1.9700,13.6341,-79.12,-79.12
47981,180,1.9700,13.7514,-79.12,-79.12
47981,180,1.9700,13.7514,-79.12,-79.12
47989,180,5.3105,13.7514,-79.12,-79.12
47989,180,5.3105,13.7514,-79.12,-79.12
47993,180,5.3105,13.4942,-79.12,-79.12
47993,180,5.3105,13.4942,-79.12,-79.12
48000,180,2.3126,13.4942,-79.12,-79.12
48000,180,2.3126,13.4942,-79.12,-79.12
48004,180,2.3126,13.5529,-79.12,-79.12
48004,180,2.3126,13.5529,-79.12,-79.12
48011,180,0.0857,13.5529,-79.12,-79.12
48011,180,0.0857,13.5529,-79.12,-79.12
48016,180,0.0857,13.5619,-79.12,-79.12
48016,180,0.0857,13.5619,-79.12,-79.12
48022,180,-5.0535,13.5619,-79.12,-79.12
48022,180,-5.0535,13.5619,-79.12,-79.12
48028,180,-5.0535,13.4942,-79.12,-79.12
48028,180,-5.0535,13.4942,-79.12,-79.12
48033,180,-2.9979,13.4942,-79.12,-79.12
48033,180,-2.9979,13.4942,-79.12,-79.12
48040,180,-2.9979,13.3409,-79.12,-79.12
48040,180,-2.9979,13.3409,-79.12,-79.12
48044,180,3.1692,13.3409,-79.12,-79.12
48044,180,3.1692,13.3409,-79.12,-79.12
48052,180,3.1692,13.4717,-79.12,-79.12
48052,180,3.1692,13.4717,-79.12,-79.12
48055,180,-2.4839,13.4717,-77.68,-79.12
48055,180,-2.4839,13.4717,-79.12,-79.12
48064,180,-2.4839,13.5168,-79.12,-79.12
48064,180,-2.4839,13.5168,-79.12,-79.12
48066,180,13.7901,13.5168,-79.12,-79.12
48066,180,13.7901,13.5168,-79.12,-79.12
48075,180,13.7901,13.4401,-79.12,-79.12
48075,180,13.7901,13.4401,-79.12,-79.12
48076,180,2.6552,13.4401,-79.12,-79.12
48077,180,2.6552,13.4401,-79.12,-79.12
48087,180,2.6552,13.1649,-79.12,-79.12
48087,180,2.6552,13.1649,-79.12,-79.12
48087,180,6.6809,13.1649,-77.68,-79.12
48088,180,6.6809,13.1649,-79.12,-79.12
48098,180,9.5931,13.1649,-79.12,-79.12
48099,180,9.5931,13.1649,-79.12,-79.12
48099,180,9.5931,13.3634,-79.12,-79.12
48099,180,9.5931,13.3634,-79.12,-79.12
48109,180,9.4218,13.3634,-79.12,-79.12
48109,180,9.4218,13.3634,-79.12,-79.12
48111,180,9.4218,13.2145,-79.12,-77.68
48111,180,9.4218,13.2145,-77.68,-79.12
48120,180,2.8266,13.2145,-79.12,-79.12
48120,180,2.8266,13.2145,-79.12,-79.12
48123,180,2.8266,13.3995,-79.12,-79.12
48123,180,2.8266,13.3995,-79.12,-79.12
48131,180,-3.2548,13.3995,-79.12,-79.12
48131,180,-3.2548,13.3995,-79.12,-79.12
48135,180,-3.2548,13.5755,-79.12,-79.12
48135,180,-3.2548,13.5755,-79.12,-79.12
48142,180,1.0278,13.5755,-79.12,-79.12
48142,180,1.0278,13.5755,-79.12,-79.12
48146,180,1.0278,13.4627,-79.12,-79.12
48146,180,1.0278,13.4627,-79.12,-77.68
48153,180,-4.3683,13.4627,-77.68,-79.12
48153,180,-4.3683,13.4627,-79.12,-79.12
48158,180,-4.3683,13.4762,-79.12,-79.12
48158,180,-4.3683,13.4762,-79.12,-79.12
48164,180,-2.4839,13.4762,-77.68,-79.12
48164,180,-2.4839,13.4762,-79.12,-79.12
48170,180,-2.4839,13.3769,-79.12,-79.12
48170,180,-2.4839,13.3769,-79.12,-79.12
48175,180,-10.7066,13.3769,-79.12,-79.12
48175,180,-10.7066,13.3769,-79.12,-79.12
48182,180,-10.7066,13.6837,-79.12,-79.12
48182,180,-10.7066,13.6837,-79.12,-79.12
48186,180,-1.2848,13.6837,-79.12,-79.12
48186,180,-1.2848,13.6837,-79.12,-79.12
48194,180,-1.2848,13.7875,-79.12,-77.68
48194,180,-1.2848,13.7875,-79.12,-79.12
48197,180,4.1970,13.7875,-79.12,-79.12
48197,180,4.1970,13.7875,-79.12,-79.12
48205,180,4.1970,14.0447,-79.12,-79.12
48206,180,4.1970,14.0447,-79.12,-79.12
48208,180,12.8480,14.0447,-79.12,-79.12
48208,180,12.8480,14.0447,-79.12,-79.12
48217,180,12.8480,13.7153,-79.12,-79.12
48217,180,12.8480,13.7153,-79.12,-79.12
48219,180,2.6552,13.7153,-79.12,-79.12
48219,180,2.6552,13.7153,-79.12,-79.12
48229,180,2.6552,13.6025,-79.12,-79.12
48229,180,2.6552,13.6025,-79.12,-79.12
48230,180,-0.6852,13.6025,-79.12,-79.12
48230,180,-0.6852,13.6025,-79.12,-79.12
48241,180,-0.6852,13.9589,-79.12,-79.12
48241,180,-0.6852,13.9589,-79.12,-79.12
48241,180,-3.2548,13.9589,-79.12,-79.12
48241,180,-3.2548,13.9589,-79.12,-79.12
48252,180,5.0535,13.9589,-79.12,-79.12
48252,180,5.0535,13.9589,-79.12,-79.12
48253,180,5.0535,13.9544,-79.12,-79.12
48253,180,5.0535,13.9544,-79.12,-79.12
48263,180,4.7109,13.9544,-79.12,-79.12
48263,180,4.7109,13.9544,-79.12,-77.68
48265,180,4.7109,13.7785,-79.12,-79.12
48265,180,4.7109,13.7785,-79.12,-79.12
48274,180,-1.8844,13.7785,-79.12,-79.12
48274,180,-1.8844,13.7785,-79.12,-79.12
48276,180,-1.8844,13.9319,-79.12,-79.12
48277,180,-1.8844,13.9319,-79.12,-79.12
48285,180,1.1991,13.9319,-79.12,-79.12
48285,180,1.1991,13.9319,-79.12,-79.12
48288,180,1.1991,13.8913,-79.12,-79.12
48288,180,1.1991,13.8913,-79.12,-77.68
48296,180,-10.6210,13.8913,-79.12,-79.12
48296,180,-10.6210,13.8913,-79.12,-79.12
48300,180,-10.6210,13.5890,-79.12,-79.12
48300,180,-10.6210,13.5890,-79.12,-77.68
48307,180,-2.9122,13.5890,-79.12,-79.12
48307,180,-2.9122,13.5890,-79.12,-79.12
48312,180,-2.9122,13.2236,-79.12,-79.12
48312,180,-2.9122,13.2236,-79.12,-79.12
48318,180,-4.0257,13.2236,-79.12,-77.68
48318,180,-4.0257,13.2236,-79.12,-79.12
48324,180,-4.0257,13.6747,-79.12,-79.12
48324,180,-4.0257,13.6747,-79.12,-79.12
48329,180,-2.3126,13.6747,-79.12,-79.12
48329,180,-2.3126,13.6747,-79.12,-79.12
48336,180,-2.3126,13.9138,-79.12,-79.12
48336,180,-2.3126,13.9138,-79.12,-77.68
48340,180,1.7131,13.9138,-79.12,-79.12
48340,180,1.7131,13.9138,-79.12,-79.12
48347,180,1.7131,13.7740,-79.12,-79.12
48348,180,1.7131,13.7740,-79.12,-79.12
48351,180,5.1392,13.7740,-79.12,-79.12
48351,180,5.1392,13.7740,-79.12,-79.12
48359,180,5.1392,13.5800,-79.12,-79.12
48359,180,5.1392,13.5800,-79.12,-79.12
48362,180,1.8844,13.5800,-79.12,-79.12
48362,180,1.8844,13.5800,-79.12,-79.12
48371,180,1.8844,13.3002,-79.12,-79.12
48371,180,1.8844,13.3002,-79.12,-79.12
48373,180,0.2570,13.3002,-79.12,-79.12
48373,180,0.2570,13.3002,-77.68,-79.12
48383,180,0.2570,13.3363,-79.12,-77.68
48383,180,0.2570,13.3363,-79.12,-79.12
48384,180,5.0535,13.3363,-79.12,-79.12
48384,180,5.0535,13.3363,-79.12,-79.12
48395,180,-3.8544,13.3363,-79.12,-79.12
48395,180,-3.8544,13.3860,-79.12,-79.12
48395,180,-3.8544,13.3860,-79.12,-79.12
48406,180,1.3704,13.3860,-79.12,-79.12
48406,180,1.3704,13.3860,-79.12,-79.12
48407,180,1.3704,13.2100,-79.12,-79.12
48407,180,1.3704,13.2100,-79.12,-79.12
48417,180,-5.3961,13.2100,-79.12,-79.12
48417,180,-5.3961,13.2100,-79.12,-79.12
48418,180,-5.3961,13.3724,-79.12,-79.12
48418,180,-5.3961,13.3724,-79.12,-79.12
48428,180,-3.3405,13.3724,-79.12,-79.12
48428,180,-3.3405,13.3724,-79.12,-79.12
48430,180,-3.3405,13.5619,-79.12,-79.12
48430,180,-3.3405,13.5619,-79.12,-79.12
48439,180,-7.1092,13.5619,-79.12,-79.12
48439,180,-7.1092,13.5619,-79.12,-79.12
48442,180,-7.1092,13.4356,-79.12,-79.12
48442,180,-7.1092,13.4356,-79.12,-79.12
48450,180,0.1713,13.4356,-79.12,-77.68
48450,180,0.1713,13.4356,-79.12,-77.68
48454,180,0.1713,13.2596,-79.12,-79.12
48454,180,0.1713,13.2596,-79.12,-79.12
48461,180,4.3683,13.2596,-79.12,-79.12
48461,180,4.3683,13.2596,-79.12,-79.12
48466,180,4.3683,13.6341,-79.12,-79.12
48466,180,4.3683,13.6341,-79.12,-79.12
48471,180,5.0535,13.6341,-79.12,-79.12
48472,180,5.0535,13.6341,-79.12,-79.12
48478,180,5.0535,14.0086,-79.12,-79.12
48478,180,5.0535,14.0086,-79.12,-79.12
48482,180,3.7687,14.0086,-79.12,-79.12
48483,180,3.7687,14.0086,-79.12,-79.12
48489,180,3.7687,13.8010,-79.12,-79.12
48489,180,3.7687,13.8010,-79.12,-79.12
48493,180,4.0257,13.8010,-79.12,-79.12
48494,180,4.0257,13.8010,-79.12,-79.12
48501,180,4.0257,13.5845,-79.12,-79.12
48501,180,4.0257,13.5845,-79.12,-77.68
48504,180,15.0749,13.5845,-79.12,-79.12
48504,180,15.0749,13.5845,-79.12,-79.12
48513,180,15.0749,13.3679,-79.12,-79.12
48513,180,15.0749,13.3679,-79.12,-77.68
48515,180,1.2848,13.3679,-79.12,-79.12
48515,180,1.2848,13.3679,-79.12,-79.12
48525,180,1.2848,13.8642,-79.12,-79.12
48525,180,1.2848,13.8642,-79.12,-79.12
48526,180,5.1392,13.8642,-79.12,-79.12
48526,180,5.1392,13.8642,-79.12,-79.12
48537,180,5.1392,13.6882,-77.68,-79.12
48537,180,5.1392,13.6882,-79.12,-79.12
48537,180,-4.7109,13.6882,-79.12,-79.12
48537,180,-4.7109,13.6882,-79.12,-77.68
48548,180,3.8544,13.6882,-79.12,-79.12
48548,180,3.8544,13.6882,-79.12,-79.12
48549,180,3.8544,13.3679,-79.12,-79.12
48549,180,3.8544,13.3679,-79.12,-79.12
48559,180,0.6852,13.3679,-79.12,-79.12
48559,180,0.6852,13.3679,-79.12,-79.12
48560,180,0.6852,13.3950,-79.12,-79.12
48560,180,0.6852,13.3950,-79.12,-79.12
48570,180,1.6274,13.3950,-79.12,-79.12
48570,180,1.6274,13.3950,-79.12,-79.12
48572,180,1.6274,13.3409,-79.12,-79.12
48572,180,1.6274,13.3409,-79.12,-79.12
48581,180,0.5996,13.3409,-79.12,-79.12
48581,180,0.5996,13.3409,-79.12,-79.12
48584,180,0.5996,13.6296,-79.12,-79.12
48584,180,0.5996,13.6296,-79.12,-79.12
48592,180,-6.3383,13.6296,-79.12,-79.12
48592,180,-6.3383,13.6296,-79.12,-79.12
48596,180,-6.3383,13.6025,-79.12,-79.12
48596,180,-6.3383,13.6025,-79.12,-79.12
48603,180,2.0557,13.6025,-79.12,-79.12
48603,180,2.0557,13.6025,-79.12,-79.12
48608,180,2.0557,13.5935,-79.12,-79.12
48608,180,2.0557,13.5935,-79.12,-79.12
48614,180,-0.7709,13.5935,-79.12,-79.12
48614,180,-0.7709,13.5935,-79.12,-79.12
48619,180,-0.7709,13.7604,-79.12,-77.68
48620,180,-0.7709,13.7604,-79.12,-79.12
48625,180,8.7366,13.7604,-79.12,-79.12
48625,180,8.7366,13.7604,-79.12,-79.12
48631,180,8.7366,13.3002,-79.12,-79.12
48631,180,8.7366,13.3002,-79.12,-79.12
48636,180,-3.2548,13.3002,-79.12,-77.68
48636,180,-3.2548,13.3002,-79.12,-79.12
48643,180,-3.2548,13.5394,-79.12,-79.12
48643,180,-3.2548,13.5394,-79.12,-79.12
48647,180,2.1413,13.5394,-79.12,-79.12
48647,180,2.1413,13.5394,-79.12,-79.12
48655,180,2.1413,13.9995,-79.12,-79.12
48655,180,2.1413,13.9995,-79.12,-79.12
48658,180,-2.8266,13.9995,-79.12,-79.12
48658,180,-2.8266,13.9995,-79.12,-79.12
48667,180,-2.8266,14.0762,-79.12,-79.12
48667,180,-2.8266,14.0762,-79.12,-79.12
48669,180,3.8544,14.0762,-79.12,-79.12
48669,180,3.8544,14.0762,-79.12,-79.12
48679,180,3.8544,13.5078,-79.12,-79.12
48679,180,3.8544,13.5078,-79.12,-79.12
48680,180,-1.0278,13.5078,-79.12,-79.12
48680,180,-1.0278,13.5078,-79.12,-79.12
48690,180,-1.0278,13.2822,-79.12,-79.12
48691,180,-1.0278,13.2822,-79.12,-79.12
48691,180,0.7709,13.2822,-79.12,-79.12
48691,180,0.7709,13.2822,-79.12,-79.12
48702,180,1.6274,13.2822,-79.12,-79.12
48702,180,1.6274,13.2822,-79.12,-79.12
48702,180,1.6274,13.3183,-79.12,-79.12
48702,180,1.6274,13.3183,-79.12,-79.12
48713,180,3.3405,13.3183,-79.12,-79.12
48713,180,3.3405,13.3183,-79.12,-79.12
48714,180,3.3405,13.1694,-79.12,-79.12
48714,180,3.3405,13.1694,-79.12,-79.12
48724,180,14.8180,13.1694,-79.12,-79.12
48724,180,14.8180,13.1694,-79.12,-79.12
48726,180,14.8180,13.4627,-79.12,-77.68
48726,180,14.8180,13.4627,-79.12,-77.68
48735,180,8.2227,13.4627,-79.12,-79.12
48735,180,8.2227,13.4627,-79.12,-79.12
48738,180,8.2227,13.4221,-79.12,-79.12
48738,180,8.2227,13.4221,-79.12,-79.12
48746,180,4.1970,13.4221,-79.12,-79.12
48746,180,4.1970,13.4221,-79.12,-79.12
48750,180,4.1970,13.2777,-79.12,-79.12
48750,180,4.1970,13.2777,-79.12,-79.12
48757,180,-0.4283,13.2777,-79.12,-79.12
48757,180,-0.4283,13.2777,-79.12,-79.12
48761,180,-0.4283,13.7469,-79.12,-79.12
48762,180,-0.4283,13.7469,-79.12,-79.12
48768,180,3.8544,13.7469,-79.12,-79.12
48768,180,3.8544,13.7469,-79.12,-79.12
48773,180,3.8544,13.9770,-79.12,-79.12
48773,180,3.8544,13.9770,-79.12,-79.12
48779,180,-0.8565,13.9770,-79.12,-79.12
48779,180,-0.8565,13.9770,-79.12,-79.12
48785,180,-0.8565,13.7334,-79.12,-79.12
48785,180,-0.8565,13.7334,-79.12,-79.12
48790,180,1.7987,13.7334,-79.12,-79.12
48790,180,1.7987,13.7334,-79.12,-77.68
48797,180,1.7987,13.6206,-79.12,-79.12
48797,180,1.7987,13.6206,-79.12,-79.12
48801,180,-6.1670,13.6206,-79.12,-79.12
48801,180,-6.1670,13.6206,-79.12,-79.12
48809,180,-6.1670,13.2236,-79.12,-79.12
48809,180,-6.1670,13.2236,-79.12,-79.12
48812,180,-8.3084,13.2236,-79.12,-79.12
48812,180,-8.3084,13.2236,-79.12,-79.12
48821,180,-8.3084,13.3769,-79.12,-79.12
48821,180,-8.3084,13.3769,-79.12,-79.12
48823,180,1.0278,13.3769,-79.12,-79.12
48823,180,1.0278,13.3769,-79.12,-79.12
48832,180,1.0278,13.7830,-79.12,-79.12
48832,180,1.0278,13.7830,-79.12,-79.12
48834,180,-6.3383,13.7830,-79.12,-79.12
48834,180,-6.3383,13.7830,-77.68,-77.68
48844,180,-6.3383,13.7695,-79.12,-79.12
48844,180,-6.3383,13.7695,-79.12,-79.12
48845,180,4.1113,13.7695,-79.12,-79.12
48845,180,4.1113,13.7695,-79.12,-77.68
48856,180,1.1135,13.7695,-79.12,-79.12
48856,180,1.1135,13.7695,-79.12,-79.12
48856,180,1.1135,13.8732,-79.12,-79.12
48856,180,1.1135,13.8732,-79.12,-79.12
48866,180,0.7709,13.8732,-79.12,-79.12
48867,180,0.7709,13.8732,-79.12,-79.12
48868,180,0.7709,13.6386,-79.12,-79.12
48868,180,0.7709,13.6386,-79.12,-79.12
48877,180,-4.9679,13.6386,-79.12,-79.12
48878,180,-4.9679,13.6386,-79.12,-79.12
48880,180,-4.9679,13.5980,-79.12,-79.12
48880,180,-4.9679,13.5980,-79.12,-79.12
48888,180,-0.2570,13.5980,-79.12,-79.12
48889,180,-0.2570,13.5980,-79.12,-79.12
48892,180,-0.2570,13.5394,-79.12,-79.12
48892,180,-0.2570,13.5394,-79.12,-79.12
48899,180,-9.5931,13.5394,-79.12,-79.12
48899,180,-9.5931,13.5394,-79.12,-79.12
48903,180,-9.5931,13.8822,-79.12,-79.12
48903,180,-9.5931,13.8822,-79.12,-79.12
48910,180,-0.0857,13.8822,-79.12,-79.12
48910,180,-0.0857,13.8822,-79.12,-79.12
48915,180,-0.0857,13.5394,-77.68,-79.12
48915,180,-0.0857,13.5394,-79.12,-79.12
48921,180,-1.7987,13.5394,-79.12,-79.12
48921,180,-1.7987,13.5394,-79.12,-79.12
48927,180,-1.7987,13.5619,-79.12,-79.12
48927,180,-1.7987,13.5619,-79.12,-79.12
48932,180,-3.4261,13.5619,-79.12,-79.12
48932,180,-3.4261,13.5619,-79.12,-79.12
48939,180,-3.4261,13.4536,-79.12,-79.12
48939,180,-3.4261,13.4536,-79.12,-79.12
48943,180,3.1692,13.4536,-79.12,-79.12
48943,180,3.1692,13.4536,-79.12,-79.12
48951,180,3.1692,13.2912,-79.12,-79.12
48951,180,3.1692,13.2912,-79.12,-79.12
48954,180,-4.1113,13.2912,-79.12,-79.12
48954,180,-4.1113,13.2912,-79.12,-79.12
48963,180,-4.1113,13.7108,-79.12,-79.12
48963,180,-4.1113,13.7108,-79.12,-79.12
48965,180,6.8522,13.7108,-79.12,-79.12
48965,180,6.8522,13.7108,-79.12,-79.12
48974,180,6.8522,13.6386,-79.12,-79.12
48974,180,6.8522,13.6386,-79.12,-79.12
48976,180,-2.0557,13.6386,-79.12,-79.12
48976,180,-2.0557,13.6386,-79.12,-79.12
48986,180,-2.0557,13.3138,-79.12,-79.12
48986,180,-2.0557,13.3138,-79.12,-79.12
48987,180,2.1413,13.3138,-79.12,-79.12
48987,180,2.1413,13.3138,-79.12,-79.12
48998,180,2.1413,13.2416,-79.12,-79.12
48998,180,2.1413,13.2416,-79.12,-79.12
48998,180,0.6852,13.2416,-79.12,-79.12
48998,180,0.6852,13.2416,-79.12,-79.12
49009,180,0.1713,13.2416,-79.12,-79.12
49009,180,0.1713,13.2416,-79.12,-79.12
49010,180,0.1713,13.5168,-79.12,-79.12
49010,180,0.1713,13.5168,-79.12,-79.12
49020,180,-5.9957,13.5168,-79.12,-79.12
49020,180,-5.9957,13.5168,-79.12,-79.12
49022,180,-5.9957,13.5484,-79.12,-79.12
49022,180,-5.9957,13.5484,-79.12,-79.12
49031,180,2.9122,13.5484,-79.12,-79.12
49031,180,2.9122,13.5484,-79.12,-79.12
49034,180,2.9122,13.6657,-79.12,-79.12
49034,180,2.9122,13.6657,-77.68,-79.12
49042,180,10.8779,13.6657,-79.12,-79.12
49042,180,10.8779,13.6657,-79.12,-79.12
49045,180,10.8779,13.5664,-79.12,-79.12
49045,180,10.8779,13.5664,-79.12,-79.12
49053,180,3.1692,13.5664,-79.12,-79.12
49053,180,3.1692,13.5664,-77.68,-79.12
49057,180,3.1692,13.6070,-79.12,-79.12
49057,180,3.1692,13.6070,-79.12,-79.12
49064,180,2.8266,13.6070,-79.12,-79.12
49064,180,2.8266,13.6070,-79.12,-79.12
49069,180,2.8266,13.3273,-79.12,-77.68
49069,180,2.8266,13.3273,-79.12,-79.12
49075,180,0.1713,13.3273,-79.12,-79.12
49075,180,0.1713,13.3273,-79.12,-79.12
49081,180,0.1713,13.5123,-79.12,-79.12
49081,180,0.1713,13.5123,-79.12,-79.12
49086,180,3.2548,13.5123,-79.12,-79.12
49086,180,3.2548,13.5123,-79.12,-79.12
49093,180,3.2548,13.2822,-79.12,-79.12
49093,180,3.2548,13.2822,-79.12,-79.12
49097,180,-9.5075,13.2822,-79.12,-79.12
49097,180,-9.5075,13.2822,-79.12,-79.12
49104,180,-9.5075,13.6657,-79.12,-79.12
49105,180,-9.5075,13.6657,-79.12,-79.12
49108,180,-4.1113,13.6657,-79.12,-79.12
49108,180,-4.1113,13.6657,-79.12,-79.12
49116,180,-4.1113,13.9725,-79.12,-77.68
49116,180,-4.1113,13.9725,-79.12,-79.12
49119,180,0.8565,13.9725,-79.12,-79.12
49119,180,0.8565,13.9725,-79.12,-79.12
49128,180,0.8565,14.0221,-79.12,-79.12
49128,180,0.8565,14.0221,-79.12,-79.12
49130,180,10.1927,14.0221,-79.12,-79.12
49130,180,10.1927,14.0221,-79.12,-79.12
49140,180,10.1927,14.1304,-79.12,-79.12
49140,180,10.1927,14.1304,-79.12,-79.12
49141,180,3.5118,14.1304,-79.12,-79.12
49141,180,3.5118,14.1304,-79.12,-79.12
49152,180,-7.9657,14.1304,-79.12,-79.12
49152,180,-7.9657,13.2957,-79.12,-79.12
49152,180,-7.9657,13.2957,-79.12,-79.12
49163,180,-5.0535,13.2957,-79.12,-79.12
49163,180,-5.0535,13.2957,-79.12,-79.12
49164,180,-5.0535,13.5664,-79.12,-79.12
49164,180,-5.0535,13.5664,-79.12,-79.12
49174,180,-5.0535,13.5664,-79.12,-79.12
49174,180,-5.0535,13.5664,-79.12,-79.12
49175,180,-5.0535,13.5529,-79.12,-79.12
49176,180,-5.0535,13.5529,-79.12,-79.12
49185,180,3.0835,13.5529,-79.12,-79.12
49185,180,3.0835,13.5529,-79.12,-79.12
49187,180,3.0835,13.3860,-79.12,-79.12
49187,180,3.0835,13.3860,-79.12,-79.12
49196,180,2.9979,13.3860,-79.12,-79.12
49196,180,2.9979,13.3860,-79.12,-79.12
49199,180,2.9979,13.6522,-79.12,-79.12
49199,180,2.9979,13.6522,-79.12,-79.12
49207,180,6.5953,13.6522,-79.12,-79.12
49207,180,6.5953,13.6522,-79.12,-79.12
49211,180,6.5953,13.6431,-79.12,-79.12
49211,180,6.5953,13.6431,-79.12,-79.12
49218,180,2.7409,13.6431,-77.68,-79.12
49218,180,2.7409,13.6431,-79.12,-79.12
49223,180,2.7409,13.8732,-79.12,-79.12
49223,180,2.7409,13.8732,-79.12,-79.12
49229,180,4.7966,13.8732,-79.12,-79.12
49229,180,4.7966,13.8732,-79.12,-79.12
49235,180,4.7966,13.9364,-79.12,-79.12
49235,180,4.7966,13.9364,-79.12,-79.12
49240,180,-5.0535,13.9364,-79.12,-79.12
49240,180,-5.0535,13.9364,-79.12,-79.12
49246,180,-5.0535,13.3363,-79.12,-79.12
49246,180,-5.0535,13.3363,-79.12,-79.12
49250,180,-4.6253,13.3363,-79.12,-79.12
49251,180,-4.6253,13.3363,-79.12,-79.12
49258,180,-4.6253,13.2732,-79.12,-79.12
49258,180,-4.6253,13.2732,-79.12,-79.12
49261,180,3.5118,13.2732,-79.12,-79.12
49262,180,3.5118,13.2732,-79.12,-79.12
49270,180,3.5118,13.6116,-79.12,-79.12
49270,180,3.5118,13.6116,-79.12,-79.12
49272,180,-6.2527,13.6116,-79.12,-79.12
49273,180,-6.2527,13.6116,-79.12,-79.12
49282,180,-6.2527,13.7695,-79.12,-79.12
49282,180,-6.2527,13.7695,-79.12,-79.12
49283,180,-3.5974,13.7695,-77.68,-79.12
49283,180,-3.5974,13.7695,-79.12,-79.12
49294,180,-3.5974,13.2551,-79.12,-79.12
49294,180,-3.5974,13.2551,-79.12,-79.12
49294,180,-0.8565,13.2551,-79.12,-79.12
49294,180,-0.8565,13.2551,-79.12,-79.12
49305,180,3.8544,13.2551,-79.12,-79.12
49305,180,3.8544,13.2551,-79.12,-79.12
49306,180,3.8544,13.0386,-79.12,-79.12
49306,180,3.8544,13.0386,-79.12,-77.68
49316,180,-1.1991,13.0386,-79.12,-79.12
49316,180,-1.1991,13.0386,-79.12,-79.12
49317,180,-1.1991,13.3769,-79.12,-79.12
49317,180,-1.1991,13.3769,-79.12,-79.12
49327,180,-1.0278,13.3769,-79.12,-79.12
49327,180,-1.0278,13.3769,-79.12,-79.12
49329,180,-1.0278,13.8416,-79.12,-79.12
49329,180,-1.0278,13.8416,-79.12,-79.12
49338,180,-9.1649,13.8416,-79.12,-79.12
49338,180,-9.1649,13.8416,-79.12,-79.12
49341,180,-9.1649,14.2477,-79.12,-79.12
49341,180,-9.1649,14.2477,-79.12,-79.12
49349,180,1.1991,14.2477,-79.12,-79.12
49349,180,1.1991,14.2477,-79.12,-79.12
49353,180,1.1991,14.0041,-77.68,-79.12
49353,180,1.1991,14.0041,-79.12,-79.12
49360,180,4.1113,14.0041,-79.12,-79.12
49360,180,4.1113,14.0041,-79.12,-79.12
49365,180,4.1113,13.7649,-79.12,-79.12
49365,180,4.1113,13.7649,-79.12,-79.12
49371,180,5.9101,13.7649,-77.68,-79.12
49371,180,5.9101,13.7649,-79.12,-79.12
49377,180,5.9101,13.8462,-79.12,-79.12
49377,180,5.9101,13.8462,-79.12,-79.12
49382,180,7.2805,13.8462,-79.12,-79.12
49382,180,7.2805,13.8462,-79.12,-79.12
49388,180,7.2805,13.8777,-79.12,-79.12
49388,180,7.2805,13.8777,-79.12,-79.12
49393,180,4.6253,13.8777,-79.12,-79.12
49393,180,4.6253,13.8777,-79.12,-79.12
49400,180,4.6253,13.7830,-79.12,-79.12
49400,180,4.6253,13.7830,-79.12,-79.12
49404,180,4.5396,13.7830,-77.68,-77.68
49404,180,4.5396,13.7830,-79.12,-79.12
49412,180,4.5396,13.6161,-79.12,-79.12
49412,180,4.5396,13.6161,-79.12,-79.12
49415,180,-0.3426,13.6161,-79.12,-79.12
49415,180,-0.3426,13.6161,-79.12,-79.12
49424,180,-0.3426,13.8371,-79.12,-79.12
49424,180,-0.3426,13.8371,-79.12,-79.12
49426,180,6.5953,13.8371,-79.12,-79.12
49426,180,6.5953,13.8371,-79.12,-79.12
49436,180,6.5953,13.6567,-79.12,-79.12
49436,180,6.5953,13.6567,-79.12,-79.12
49437,180,9.8501,13.6567,-79.12,-79.12
49437,180,9.8501,13.6567,-79.12,-79.12
49448,180,9.8501,13.2236,-79.12,-79.12
49448,180,9.8501,13.2236,-79.12,-77.68
49448,180,13.4475,13.2236,-79.12,-79.12
49448,180,13.4475,13.2236,-79.12,-79.12
49459,180,2.0557,13.2236,-79.12,-79.12
49459,180,2.0557,13.2236,-79.12,-79.12
49459,180,2.0557,13.2281,-79.12,-79.12
49459,180,2.0557,13.2281,-79.12,-77.68
49470,180,-2.0557,13.2281,-79.12,-79.12
49470,180,-2.0557,13.2281,-79.12,-79.12
49471,180,-2.0557,13.4311,-79.12,-79.12
49471,180,-2.0557,13.4311,-79.12,-79.12
49481,180,-1.6274,13.4311,-79.12,-79.12
49481,180,-1.6274,13.4311,-79.12,-79.12
49483,180,-1.6274,13.4627,-79.12,-79.12
49483,180,-1.6274,13.4627,-79.12,-79.12
49492,180,0.7709,13.4627,-79.12,-79.12
49492,180,0.7709,13.4627,-79.12,-79.12
49495,180,0.7709,13.1875,-79.12,-79.12
49495,180,0.7709,13.1875,-79.12,-77.68
49503,180,0.3426,13.1875,-79.12,-79.12
49503,180,0.3426,13.1875,-77.68,-79.12
49507,180,0.3426,13.3905,-79.12,-79.12
49507,180,0.3426,13.3905,-79.12,-79.12
49514,180,-2.9979,13.3905,-79.12,-77.68
49514,180,-2.9979,13.3905,-79.12,-79.12
49518,180,-2.9979,13.6522,-79.12,-79.12
49519,180,-2.9979,13.6522,-79.12,-79.12
49525,180,5.4818,13.6522,-79.12,-79.12
49525,180,5.4818,13.6522,-79.12,-79.12
49530,180,5.4818,13.6612,-79.12,-79.12
49530,180,5.4818,13.6612,-79.12,-79.12
49536,180,1.9700,13.6612,-79.12,-79.12
49536,180,1.9700,13.6612,-79.12,-79.12
49542,180,1.9700,13.7243,-79.12,-79.12
49542,180,1.9700,13.7243,-79.12,-79.12
49547,180,9.0792,13.7243,-79.12,-79.12
49547,180,9.0792,13.7243,-79.12,-79.12
49554,180,9.0792,13.5709,-79.12,-79.12
49554,180,9.0792,13.5709,-77.68,-79.12
49558,180,2.3983,13.5709,-79.12,-79.12
49558,180,2.3983,13.5709,-79.12,-79.12
49566,180,2.3983,13.7018,-79.12,-79.12
49566,180,2.3983,13.7018,-79.12,-79.12
49569,180,3.6831,13.7018,-79.12,-79.12
49569,180,3.6831,13.7018,-79.12,-79.12
49578,180,3.6831,13.6657,-79.12,-79.12
49578,180,3.6831,13.6657,-79.12,-79.12
49580,180,2.3126,13.6657,-79.12,-79.12
49580,180,2.3126,13.6657,-79.12,-79.12
49589,180,2.3126,13.4988,-79.12,-79.12
49590,180,2.3126,13.4988,-79.12,-79.12
49591,180,6.1670,13.4988,-79.12,-79.12
49591,180,6.1670,13.4988,-79.12,-79.12
49601,180,6.1670,13.4536,-79.12,-79.12
49601,180,6.1670,13.4536,-79.12,-79.12
49602,180,1.9700,13.4536,-79.12,-79.12
49602,180,1.9700,13.4536,-79.12,-79.12
49613,180,-4.5396,13.4536,-79.12,-79.12
49613,180,-4.5396,13.4536,-79.12,-79.12
49613,180,-4.5396,13.6431,-79.12,-79.12
49613,180,-4.5396,13.6431,-79.12,-79.12
49624,180,8.3084,13.6431,-79.12,-79.12
49624,180,8.3084,13.6431,-79.12,-79.12
49625,180,8.3084,13.7424,-79.12,-79.12
49625,180,8.3084,13.7424,-79.12,-79.12
49635,180,-2.1413,13.7424,-77.68,-79.12
49635,180,-2.1413,13.7424,-79.12,-79.12
49637,180,-2.1413,13.8552,-79.12,-79.12
49637,180,-2.1413,13.8552,-79.12,-79.12
49645,180,-4.1970,13.8552,-79.12,-79.12
49646,180,-4.1970,13.8552,-79.12,-79.12
49649,180,-4.1970,13.7469,-79.12,-79.12
49649,180,-4.1970,13.7469,-79.12,-79.12
49656,180,-7.4518,13.7469,-79.12,-79.12
49657,180,-7.4518,13.7469,-79.12,-79.12
49660,180,-7.4518,13.8868,-79.12,-79.12
49660,180,-7.4518,13.8868,-79.12,-79.12
49667,180,8.3084,13.8868,-79.12,-79.12
49668,180,8.3084,13.8868,-79.12,-79.12
49672,180,8.3084,13.6792,-79.12,-79.12
49672,180,8.3084,13.6792,-79.12,-79.12
49678,180,0.2570,13.6792,-79.12,-79.12
49678,180,0.2570,13.6792,-79.12,-79.12
49684,180,0.2570,13.7649,-79.12,-79.12
49684,180,0.2570,13.7649,-79.12,-79.12
49689,180,-3.5118,13.7649,-79.12,-79.12
49689,180,-3.5118,13.7649,-79.12,-79.12
49696,180,-3.5118,14.1845,-79.12,-79.12
49696,180,-3.5118,14.1845,-79.12,-79.12
49700,180,1.0278,14.1845,-79.12,-79.12
49700,180,1.0278,14.1845,-79.12,-79.12
49708,180,1.0278,13.8913,-79.12,-79.12
49708,180,1.0278,13.8913,-79.12,-79.12
49711,180,-3.7687,13.8913,-79.12,-79.12
49711,180,-3.7687,13.8913,-79.12,-79.12
49720,180,-3.7687,13.8236,-79.12,-79.12
49720,180,-3.7687,13.8236,-79.12,-79.12
49722,180,-3.0835,13.8236,-79.12,-79.12
49722,180,-3.0835,13.8236,-79.12,-79.12
49731,180,-3.0835,13.8101,-79.12,-79.12
49731,180,-3.0835,13.8101,-79.12,-79.12
49733,180,-2.7409,13.8101,-79.12,-79.12
49733,180,-2.7409,13.8101,-77.68,-79.12
49743,180,-2.7409,13.3409,-79.12,-79.12
49743,180,-2.7409,13.3409,-79.12,-79.12
49744,180,0.4283,13.3409,-79.12,-79.12
49744,180,0.4283,13.3409,-79.12,-79.12
49755,180,0.4283,13.1829,-79.12,-79.12
49755,180,0.4283,13.1829,-79.12,-79.12
49755,180,-5.0535,13.1829,-79.12,-79.12
49755,180,-5.0535,13.1829,-79.12,-79.12
49766,180,6.4240,13.1829,-79.12,-79.12
49766,180,6.4240,13.1829,-79.12,-79.12
49767,180,6.4240,13.3499,-79.12,-79.12
49767,180,6.4240,13.3499,-79.12,-79.12
49777,180,7.5375,13.3499,-79.12,-79.12
49777,180,7.5375,13.3499,-79.12,-79.12
49779,180,7.5375,13.1378,-79.12,-79.12
49779,180,7.5375,13.1378,-79.12,-79.12
49788,180,8.3084,13.1378,-79.12,-79.12
49788,180,8.3084,13.1378,-79.12,-79.12
49791,180,8.3084,13.0070,-79.12,-79.12
49791,180,8.3084,13.0070,-79.12,-79.12
49799,180,-0.9422,13.0070,-79.12,-79.12
49799,180,-0.9422,13.0070,-79.12,-79.12
49802,180,-0.9422,13.3048,-79.12,-79.12
49802,180,-0.9422,13.3048,-77.68,-79.12
49810,180,-5.1392,13.3048,-79.12,-79.12
49810,180,-5.1392,13.3048,-79.12,-79.12
49814,180,-5.1392,13.6025,-79.12,-79.12
49814,180,-5.1392,13.6025,-79.12,-79.12
49821,180,-8.7366,13.6025,-79.12,-79.12
49821,180,-8.7366,13.6025,-79.12,-79.12
49826,180,-8.7366,13.6702,-79.12,-77.68
49826,180,-8.7366,13.6702,-79.12,-79.12
49832,180,-5.9101,13.6702,-79.12,-79.12
49832,180,-5.9101,13.6702,-79.12,-79.12
49838,180,-5.9101,13.5394,-79.12,-79.12
49838,180,-5.9101,13.5394,-79.12,-79.12
49843,180,0.1713,13.5394,-77.68,-79.12
49843,180,0.1713,13.5394,-79.12,-79.12
49850,180,0.1713,13.3544,-77.68,-79.12
49850,180,0.1713,13.3544,-79.12,-79.12
49854,180,0.5139,13.3544,-79.12,-79.12
49854,180,0.5139,13.3544,-79.12,-79.12
49862,180,0.5139,13.5078,-79.12,-79.12
49862,180,0.5139,13.5078,-79.12,-79.12
49865,180,7.1092,13.5078,-79.12,-79.12
49865,180,7.1092,13.5078,-79.12,-79.12
49873,180,7.1092,13.4266,-79.12,-79.12
49873,180,7.1092,13.4266,-79.12,-79.12
49876,180,-6.1670,13.4266,-79.12,-79.12
49876,180,-6.1670,13.4266,-79.12,-79.12
49885,180,-6.1670,13.5078,-79.12,-79.12
49885,180,-6.1670,13.5078,-79.12,-79.12
49887,180,6.6809,13.5078,-79.12,-79.12
49887,180,6.6809,13.5078,-79.12,-79.12
49897,180,6.6809,13.0160,-79.12,-79.12
49897,180,6.6809,13.0160,-79.12,-79.12
49898,180,12.0771,13.0160,-79.12,-79.12
49898,180,12.0771,13.0160,-79.12,-79.12
49909,180,7.5375,13.0160,-79.12,-79.12
49909,180,7.5375,13.2100,-79.12,-79.12
49909,180,7.5375,13.2100,-79.12,-79.12
49920,180,1.6274,13.2100,-79.12,-79.12
49920,180,1.6274,13.2100,-79.12,-79.12
49921,180,1.6274,13.8552,-79.12,-79.12
49921,180,1.6274,13.8552,-79.12,-79.12
49931,180,4.0257,13.8552,-79.12,-79.12
49931,180,4.0257,13.8552,-79.12,-79.12
49933,180,4.0257,13.7830,-79.12,-79.12
49933,180,4.0257,13.7830,-79.12,-79.12
49942,180,6.0814,13.7830,-79.12,-79.12
49942,180,6.0814,13.7830,-79.12,-79.12
49944,180,6.0814,13.7604,-79.12,-79.12
49944,180,6.0814,13.7604,-79.12,-79.12
49953,180,3.6831,13.7604,-79.12,-79.12
49953,180,3.6831,13.7604,-79.12,-79.12
49956,180,3.6831,13.3228,-79.12,-79.12
49956,180,3.6831,13.3228,-77.68,-79.12
49964,180,8.3084,13.3228,-79.12,-79.12
49964,180,8.3084,13.3228,-79.12,-79.12
49968,180,8.3084,13.2010,-79.12,-79.12
49968,180,8.3084,13.2010,-79.12,-79.12
49975,180,6.6809,13.2010,-79.12,-79.12
49975,180,6.6809,13.2010,-79.12,-79.12
49980,180,6.6809,13.5484,-79.12,-79.12
49980,180,6.6809,13.5484,-79.12,-79.12
49986,180,11.5632,13.5484,-79.12,-79.12
49986,180,11.5632,13.5484,-79.12,-79.12
49992,180,11.5632,13.0747,-79.12,-79.12
49992,180,11.5632,13.0747,-79.12,-79.12
49997,180,-1.0278,13.0747,-79.12,-79.12
49997,180,-1.0278,13.0747,-79.12,-79.12
50003,180,-1.0278,12.8040,-79.12,-79.12
50004,180,-1.0278,12.8040,-79.12,-77.68
50008,180,2.8266,12.8040,-79.12,-79.12
50008,180,2.8266,12.8040,-79.12,-79.12
50015,180,2.8266,13.0521,-79.12,-79.12
50015,180,2.8266,13.0521,-79.12,-79.12
50019,180,-0.8565,13.0521,-79.12,-79.12
50019,180,-0.8565,13.0521,-79.12,-79.12
50027,180,-0.8565,13.2596,-79.12,-79.12
50027,180,-0.8565,13.2596,-79.12,-79.12
50029,180,11.9058,13.2596,-79.12,-79.12
50030,180,11.9058,13.2596,-79.12,-79.12
50039,180,11.9058,13.6251,-79.12,-79.12
50039,180,11.9058,13.6251,-79.12,-79.12
50040,180,7.0236,13.6251,-79.12,-79.12
50041,180,7.0236,13.6251,-79.12,-79.12
50051,180,7.0236,13.5800,-79.12,-79.12
50051,180,7.0236,13.5800,-79.12,-79.12
50051,180,3.4261,13.5800,-79.12,-77.68
50052,180,3.4261,13.5800,-79.12,-79.12
50062,180,13.4475,13.5800,-79.12,-79.12
50062,180,13.4475,13.5800,-79.12,-79.12
50063,180,13.4475,13.3138,-79.12,-79.12
50063,180,13.4475,13.3138,-79.12,-79.12
50073,180,8.3940,13.3138,-79.12,-79.12
50073,180,8.3940,13.3138,-79.12,-79.12
50074,180,8.3940,12.9168,-79.12,-79.12
50075,180,8.3940,12.9168,-79.12,-79.12
50084,180,-0.7709,12.9168,-79.12,-79.12
50084,180,-0.7709,12.9168,-79.12,-79.12
50086,180,-0.7709,13.1333,-79.12,-79.12
50086,180,-0.7709,13.1333,-79.12,-79.12
50095,180,-6.7666,13.1333,-79.12,-79.12
50095,180,-6.7666,13.1333,-79.12,-79.12
50098,180,-6.7666,13.4491,-79.12,-79.12
50098,180,-6.7666,13.4491,-79.12,-79.12
50106,180,0.3426,13.4491,-79.12,-77.68
50106,180,0.3426,13.4491,-79.12,-79.12
50110,180,0.3426,13.4807,-79.12,-79.12
50110,180,0.3426,13.4807,-79.12,-79.12
50117,180,1.8844,13.4807,-79.12,-79.12
50117,180,1.8844,13.4807,-79.12,-79.12
50122,180,1.8844,13.5213,-79.12,-79.12
50122,180,1.8844,13.5213,-79.12,-79.12
50128,180,9.2505,13.5213,-79.12,-79.12
50128,180,9.2505,13.5213,-79.12,-79.12
50134,180,9.2505,13.6837,-79.12,-79.12
50134,180,9.2505,13.6837,-79.12,-79.12
50139,180,-2.3983,13.6837,-79.12,-79.12
50139,180,-2.3983,13.6837,-79.12,-79.12
50145,180,-2.3983,13.4627,-79.12,-79.12
50146,180,-2.3983,13.4627,-79.12,-79.12
50150,180,-1.8844,13.4627,-79.12,-77.68
50150,180,-1.8844,13.4627,-79.12,-79.12
50157,180,-1.8844,13.6431,-79.12,-79.12
50157,180,-1.8844,13.6431,-79.12,-79.12
50161,180,-5.0535,13.6431,-79.12,-79.12
50161,180,-5.0535,13.6431,-79.12,-79.12
50169,180,-5.0535,13.8055,-79.12,-79.12
50169,180,-5.0535,13.8055,-79.12,-79.12
50172,180,-8.9936,13.8055,-79.12,-79.12
50172,180,-8.9936,13.8055,-79.12,-79.12
50181,180,-8.9936,13.6251,-79.12,-79.12
50181,180,-8.9936,13.6251,-79.12,-79.12
50183,180,-2.0557,13.6251,-79.12,-79.12
50183,180,-2.0557,13.6251,-79.12,-79.12
50193,180,-2.0557,13.2551,-79.12,-79.12
50193,180,-2.0557,13.2551,-79.12,-79.12
50194,180,-3.4261,13.2551,-79.12,-79.12
50194,180,-3.4261,13.2551,-79.12,-79.12
50205,180,-3.4261,13.6161,-79.12,-79.12
50205,180,-3.4261,13.6161,-79.12,-79.12
50205,180,7.2805,13.6161,-79.12,-79.12
50205,180,7.2805,13.6161,-79.12,-79.12
50216,180,-9.0792,13.6161,-79.12,-79.12
50216,180,-9.0792,13.6161,-79.12,-79.12
50216,180,-9.0792,13.6747,-77.68,-79.12
50216,180,-9.0792,13.6747,-79.12,-79.12
50227,180,-5.9101,13.6747,-79.12,-79.12
50227,180,-5.9101,13.6747,-79.12,-79.12
50228,180,-5.9101,13.6070,-79.12,-79.12
50228,180,-5.9101,13.6070,-79.12,-79.12
50238,180,-6.2527,13.6070,-79.12,-79.12
50238,180,-6.2527,13.6070,-79.12,-79.12
50240,180,-6.2527,13.6567,-79.12,-79.12
50240,180,-6.2527,13.6567,-79.12,-79.12
50249,180,-2.6552,13.6567,-79.12,-79.12
50249,180,-2.6552,13.6567,-79.12,-79.12
50252,180,-2.6552,13.5484,-79.12,-79.12
50252,180,-2.6552,13.5484,-79.12,-79.12
50260,180,-5.4818,13.5484,-79.12,-79.12
50260,180,-5.4818,13.5484,-79.12,-79.12
50264,180,-5.4818,14.0447,-79.12,-77.68
50264,180,-5.4818,14.0447,-79.12,-79.12
50271,180,-4.0257,14.0447,-77.68,-79.12
50271,180,-4.0257,14.0447,-79.12,-79.12
50276,180,-4.0257,13.5394,-79.12,-79.12
50276,180,-4.0257,13.5394,-79.12,-79.12
50282,180,4.9679,13.5394,-79.12,-79.12
50282,180,4.9679,13.5394,-79.12,-79.12
50287,180,4.9679,13.4582,-79.12,-79.12
50287,180,4.9679,13.4582,-77.68,-79.12
50293,180,-3.0835,13.4582,-79.12,-79.12
50293,180,-3.0835,13.4582,-79.12,-79.12
50299,180,-3.0835,13.6341,-79.12,-79.12
50299,180,-3.0835,13.6341,-79.12,-79.12
50304,180,7.1092,13.6341,-79.12,-79.12
50304,180,7.1092,13.6341,-79.12,-79.12
50311,180,7.1092,13.7063,-79.12,-79.12
50311,180,7.1092,13.7063,-79.12,-79.12
50315,180,3.9400,13.7063,-79.12,-79.12
50315,180,3.9400,13.7063,-79.12,-79.12
50323,180,3.9400,13.8822,-79.12,-79.12
50323,180,3.9400,13.8822,-79.12,-79.12
50326,180,5.7388,13.8822,-79.12,-79.12
50326,180,5.7388,13.8822,-77.68,-79.12
50335,180,5.7388,13.6973,-79.12,-79.12
50335,180,5.7388,13.6973,-79.12,-79.12
50337,180,-2.6552,13.6973,-79.12,-79.12
50337,180,-2.6552,13.6973,-79.12,-79.12
50347,180,-2.6552,13.3815,-79.12,-79.12
50347,180,-2.6552,13.3815,-79.12,-79.12
50348,180,2.3126,13.3815,-79.12,-79.12
50348,180,2.3126,13.3815,-79.12,-79.12
50358,180,2.3126,13.8868,-79.12,-79.12
50358,180,2.3126,13.8868,-79.12,-79.12
50359,180,-1.4561,13.8868,-79.12,-79.12
50359,180,-1.4561,13.8868,-79.12,-79.12
50370,180,-4.9679,13.8868,-79.12,-79.12
50370,180,-4.9679,13.8868,-79.12,-79.12
50370,180,-4.9679,13.8777,-79.12,-79.12
50370,180,-4.9679,13.8777,-79.12,-79.12
50381,180,-6.9379,13.8777,-79.12,-79.12
50381,180,-6.9379,13.8777,-79.12,-79.12
50382,180,-6.9379,14.0988,-79.12,-79.12
50382,180,-6.9379,14.0988,-79.12,-79.12
50392,180,-3.5974,14.0988,-79.12,-79.12
50392,180,-3.5974,14.0988,-79.12,-77.68
50394,180,-3.5974,14.3244,-79.12,-79.12
50394,180,-3.5974,14.3244,-77.68,-79.12
50403,180,0.5139,14.3244,-79.12,-79.12
50403,180,0.5139,14.3244,-79.12,-79.12
50406,180,0.5139,14.2838,-79.12,-79.12
50406,180,0.5139,14.2838,-79.12,-79.12
50414,180,-8.1370,14.2838,-79.12,-77.68
50414,180,-8.1370,14.2838,-79.12,-79.12
50418,180,-8.1370,14.2342,-79.12,-79.12
50418,180,-8.1370,14.2342,-79.12,-79.12
50425,180,5.2248,14.2342,-79.12,-79.12
50425,180,5.2248,14.2342,-79.12,-79.12
50429,180,5.2248,13.8010,-79.12,-79.12
50429,180,5.2248,13.8010,-79.12,-79.12
50435,180,-2.8266,13.8010,-79.12,-79.12
50436,180,-2.8266,13.8010,-79.12,-79.12
50441,180,-2.8266,13.9454,-79.12,-79.12
50441,180,-2.8266,13.9454,-79.12,-79.12
50446,180,0.6852,13.9454,-79.12,-79.12
50447,180,0.6852,13.9454,-79.12,-79.12
50453,180,0.6852,13.8101,-79.12,-79.12
50453,180,0.6852,13.8101,-79.12,-79.12
50457,180,-3.1692,13.8101,-79.12,-79.12
50458,180,-3.1692,13.8101,-79.12,-79.12
50465,180,-3.1692,13.7695,-79.12,-79.12
50465,180,-3.1692,13.7695,-79.12,-79.12
50468,180,1.6274,13.7695,-77.68,-79.12
50468,180,1.6274,13.7695,-79.12,-79.12
50477,180,1.6274,13.5168,-79.12,-79.12
50477,180,1.6274,13.5168,-79.12,-79.12
50479,180,-2.8266,13.5168,-79.12,-79.12
50479,180,-2.8266,13.5168,-79.12,-79.12
50489,180,-2.8266,13.1243,-79.12,-79.12
50489,180,-2.8266,13.1243,-79.12,-79.12
50490,180,-0.3426,13.1243,-79.12,-79.12
50490,180,-0.3426,13.1243,-79.12,-79.12
50500,180,-0.3426,13.0747,-77.68,-79.12
50500,180,-0.3426,13.0747,-79.12,-79.12
50501,180,5.2248,13.0747,-79.12,-79.12
50501,180,5.2248,13.0747,-79.12,-79.12
50512,180,5.2248,13.5168,-79.12,-79.12
50512,180,6.9379,13.5168,-79.12,-79.12
50512,180,6.9379,13.5168,-79.12,-79.12
50523,180,0.0000,13.5168,-79.12,-77.68
50523,180,0.0000,13.5168,-79.12,-79.12
50524,180,0.0000,13.8687,-79.12,-79.12
50524,180,0.0000,13.8687,-79.12,-79.12
50534,180,-5.8244,13.8687,-77.68,-79.12
50534,180,-5.8244,13.8687,-79.12,-79.12
50536,180,-5.8244,13.7334,-79.12,-79.12
50536,180,-5.8244,13.7334,-79.12,-79.12
50545,180,7.2805,13.7334,-79.12,-79.12
50545,180,7.2805,13.7334,-79.12,-79.12
50548,180,7.2805,13.8010,-79.12,-79.12
50548,180,7.2805,13.8010,-79.12,-79.12
50556,180,6.4240,13.8010,-79.12,-79.12
50556,180,6.4240,13.8010,-79.12,-79.12
50560,180,6.4240,13.4401,-79.12,-79.12
50560,180,6.4240,13.4401,-79.12,-79.12
50567,180,17.1306,13.4401,-79.12,-79.12
50567,180,17.1306,13.4401,-79.12,-79.12
50571,180,17.1306,12.9754,-79.12,-79.12
50571,180,17.1306,12.9754,-79.12,-79.12
50578,180,11.9914,12.9754,-79.12,-79.12
50578,180,11.9914,12.9754,-79.12,-79.12
50583,180,11.9914,13.3454,-79.12,-79.12
50583,180,11.9914,13.3454,-79.12,-79.12
50589,180,5.6531,13.3454,-79.12,-79.12
50589,180,5.6531,13.3454,-79.12,-79.12
50595,180,5.6531,13.1920,-79.12,-79.12
50595,180,5.6531,13.1920,-79.12,-79.12
50600,180,2.7409,13.1920,-79.12,-79.12
50600,180,2.7409,13.1920,-79.12,-79.12
50607,180,2.7409,13.3724,-79.12,-79.12
50607,180,2.7409,13.3724,-79.12,-79.12
50611,180,5.3961,13.3724,-79.12,-79.12
50611,180,5.3961,13.3724,-79.12,-79.12
50619,180,5.3961,13.3499,-79.12,-79.12
50619,180,5.3961,13.3499,-79.12,-79.12
50622,180,8.2227,13.3499,-79.12,-79.12
50622,180,8.2227,13.3499,-79.12,-79.12
50631,180,8.2227,13.3273,-79.12,-79.12
50631,180,8.2227,13.3273,-79.12,-79.12
50633,180,-1.1135,13.3273,-79.12,-79.12
50633,180,-1.1135,13.3273,-79.12,-79.12
50642,180,-1.1135,13.4627,-79.12,-79.12
50642,180,-1.1135,13.4627,-79.12,-79.12
50644,180,7.4518,13.4627,-79.12,-79.12
50644,180,7.4518,13.4627,-79.12,-79.12
50654,180,7.4518,13.4356,-79.12,-77.68
50654,180,7.4518,13.4356,-79.12,-79.12
50655,180,-6.2527,13.4356,-79.12,-79.12
50655,180,-6.2527,13.4356,-79.12,-77.68
50666,180,-1.1991,13.4356,-79.12,-79.12
50666,180,-1.1991,13.4356,-79.12,-79.12
50666,180,-1.1991,13.5800,-79.12,-79.12
50666,180,-1.1991,13.5800,-79.12,-79.12
50677,180,-4.1113,13.5800,-79.12,-79.12
50677,180,-4.1113,13.5800,-79.12,-79.12
50678,180,-4.1113,13.5980,-79.12,-79.12
50678,180,-4.1113,13.5980,-79.12,-79.12
50688,180,4.3683,13.5980,-79.12,-79.12
50688,180,4.3683,13.5980,-79.12,-79.12
50690,180,4.3683,13.8055,-79.12,-79.12
50690,180,4.3683,13.8055,-79.12,-79.12
50699,180,3.1692,13.8055,-79.12,-79.12
50699,180,3.1692,13.8055,-79.12,-77.68
50702,180,3.1692,13.9544,-79.12,-79.12
50702,180,3.1692,13.9544,-79.12,-79.12
50710,180,4.0257,13.9544,-79.12,-79.12
50710,180,4.0257,13.9544,-79.12,-79.12
50713,180,4.0257,13.3183,-79.12,-79.12
50713,180,4.0257,13.3183,-79.12,-79.12
50721,180,-0.0857,13.3183,-79.12,-79.12
50721,180,-0.0857,13.3183,-79.12,-79.12
50725,180,-0.0857,13.2371,-79.12,-79.12
50725,180,-0.0857,13.2371,-79.12,-79.12
50732,180,-1.0278,13.2371,-79.12,-79.12
50732,180,-1.0278,13.2371,-79.12,-79.12
50737,180,-1.0278,13.3048,-79.12,-79.12
50737,180,-1.0278,13.3048,-79.12,-79.12
50743,180,4.9679,13.3048,-79.12,-79.12
50743,180,4.9679,13.3048,-79.12,-79.12
50749,180,4.9679,13.2642,-79.12,-79.12
50749,180,4.9679,13.2642,-79.12,-79.12
50754,180,3.1692,13.2642,-79.12,-79.12
50754,180,3.1692,13.2642,-79.12,-79.12
50761,180,3.1692,13.3454,-79.12,-79.12
50761,180,3.1692,13.3454,-79.12,-79.12
50765,180,5.9957,13.3454,-79.12,-79.12
50765,180,5.9957,13.3454,-79.12,-79.12
50773,180,5.9957,13.3363,-79.12,-79.12
50773,180,5.9957,13.3363,-79.12,-79.12
50776,180,-8.3940,13.3363,-79.12,-79.12
50776,180,-8.3940,13.3363,-79.12,-79.12
50784,180,-8.3940,13.4762,-79.12,-79.12
50784,180,-8.3940,13.4762,-79.12,-79.12
50787,180,5.3961,13.4762,-79.12,-79.12
50787,180,5.3961,13.4762,-79.12,-79.12
50796,180,5.3961,13.5800,-79.12,-79.12
50796,180,5.3961,13.5800,-79.12,-79.12
50798,180,-2.3126,13.5800,-79.12,-79.12
50798,180,-2.3126,13.5800,-79.12,-79.12
50808,180,-2.3126,13.7559,-79.12,-77.68
50808,180,-2.3126,13.7559,-79.12,-79.12
50809,180,-4.2827,13.7559,-79.12,-79.12
50809,180,-4.2827,13.7559,-79.12,-79.12
50820,180,-1.2848,13.7559,-79.12,-79.12
50820,180,-1.2848,13.7559,-79.12,-79.12
50820,180,-1.2848,13.9905,-79.12,-79.12
50820,180,-1.2848,13.9905,-79.12,-79.12
50830,180,-1.3704,13.9905,-79.12,-79.12
50831,180,-1.3704,13.9905,-79.12,-79.12
50832,180,-1.3704,13.6341,-79.12,-79.12
50832,180,-1.3704,13.6341,-79.12,-79.12
50841,180,-1.7987,13.6341,-79.12,-79.12
50842,180,-1.7987,13.6341,-79.12,-79.12
50844,180,-1.7987,13.3409,-79.12,-79.12
50844,180,-1.7987,13.3409,-79.12,-79.12
50852,180,-0.5996,13.3409,-79.12,-79.12
50853,180,-0.5996,13.3409,-79.12,-79.12
50855,180,-0.5996,13.3634,-79.12,-77.68
50855,180,-0.5996,13.3634,-79.12,-79.12
50863,180,8.1370,13.3634,-79.12,-79.12
50863,180,8.1370,13.3634,-79.12,-79.12
50867,180,8.1370,13.7469,-79.12,-79.12
50867,180,8.1370,13.7469,-79.12,-79.12
50874,180,-0.3426,13.7469,-79.12,-79.12
50874,180,-0.3426,13.7469,-79.12,-79.12
50879,180,-0.3426,14.2477,-79.12,-79.12
50879,180,-0.3426,14.2477,-79.12,-79.12
50885,180,-1.6274,14.2477,-79.12,-79.12
50885,180,-1.6274,14.2477,-79.12,-79.12
50891,180,-1.6274,13.8552,-79.12,-79.12
50891,180,-1.6274,13.8552,-79.12,-79.12
50896,180,-0.5996,13.8552,-79.12,-79.12
50896,180,-0.5996,13.8552,-79.12,-77.68
50903,180,-0.5996,13.2551,-79.12,-79.12
50903,180,-0.5996,13.2551,-77.68,-79.12
50907,180,6.7666,13.2551,-79.12,-79.12
50907,180,6.7666,13.2551,-79.12,-79.12
50915,180,6.7666,12.8536,-79.12,-77.68
50915,180,6.7666,12.8536,-79.12,-79.12
50918,180,-0.5139,12.8536,-79.12,-79.12
50918,180,-0.5139,12.8536,-79.12,-79.12
50926,180,-0.5139,13.4266,-79.12,-79.12
50926,180,-0.5139,13.4266,-79.12,-79.12
50929,180,0.0857,13.4266,-79.12,-79.12
50929,180,0.0857,13.4266,-79.12,-79.12
50938,180,0.0857,13.6386,-79.12,-79.12
50938,180,0.0857,13.6386,-79.12,-79.12
50940,180,3.0835,13.6386,-79.12,-79.12
50940,180,3.0835,13.6386,-79.12,-79.12
50950,180,3.0835,13.2867,-79.12,-79.12
50950,180,3.0835,13.2867,-79.12,-79.12
50951,180,0.5996,13.2867,-79.12,-79.12
50951,180,0.5996,13.2867,-79.12,-79.12
50962,180,0.5996,13.6973,-79.12,-79.12
50962,180,0.5996,13.6973,-79.12,-79.12
50962,180,2.7409,13.6973,-79.12,-79.12
50962,180,2.7409,13.6973,-79.12,-79.12
50973,180,6.4240,13.6973,-79.12,-79.12
50973,180,6.4240,13.6973,-79.12,-79.12
50974,180,6.4240,13.6657,-79.12,-79.12
50974,180,6.4240,13.6657,-79.12,-79.12
50984,180,5.0535,13.6657,-77.68,-79.12
50984,180,5.0535,13.6657,-79.12,-79.12
50985,180,5.0535,13.6025,-79.12,-79.12
50986,180,5.0535,13.6025,-79.12,-79.12
50995,180,-10.3640,13.6025,-79.12,-79.12
50995,180,-10.3640,13.6025,-79.12,-79.12
50997,180,-10.3640,13.7063,-79.12,-79.12
50997,180,-10.3640,13.7063,-79.12,-79.12
51006,180,0.9422,13.7063,-79.12,-79.12
51006,180,0.9422,13.7063,-79.12,-79.12
51009,180,0.9422,13.2281,-79.12,-79.12
51009,180,0.9422,13.2281,-79.12,-79.12
51017,180,-4.3683,13.2281,-79.12,-79.12
51017,180,-4.3683,13.2281,-79.12,-79.12
51021,180,-4.3683,13.1784,-79.12,-79.12
51021,180,-4.3683,13.1784,-79.12,-79.12
51028,180,-1.7987,13.1784,-79.12,-79.12
51028,180,-1.7987,13.1784,-79.12,-79.12
51033,180,-1.7987,13.3815,-79.12,-77.68
51033,180,-1.7987,13.3815,-79.12,-79.12
51039,180,-4.6253,13.3815,-79.12,-79.12
51039,180,-4.6253,13.3815,-79.12,-77.68
51045,180,-4.6253,13.7469,-79.12,-79.12
51045,180,-4.6253,13.7469,-79.12,-79.12
51050,180,-1.8844,13.7469,-79.12,-77.68
51050,180,-1.8844,13.7469,-79.12,-79.12
51056,180,-1.8844,13.8462,-79.12,-79.12
51057,180,-1.8844,13.8462,-79.12,-79.12
51061,180,6.4240,13.8462,-79.12,-79.12
51061,180,6.4240,13.8462,-79.12,-79.12
51068,180,6.4240,13.5574,-77.68,-79.12
51068,180,6.4240,13.5574,-79.12,-79.12
51072,180,2.1413,13.5574,-79.12,-79.12
51072,180,2.1413,13.5574,-79.12,-79.12
51080,180,2.1413,13.6070,-79.12,-79.12
51080,180,2.1413,13.6070,-79.12,-79.12
51083,180,-5.9101,13.6070,-79.12,-79.12
51083,180,-5.9101,13.6070,-79.12,-79.12
51092,180,-5.9101,13.4356,-79.12,-79.12
51092,180,-5.9101,13.4356,-79.12,-79.12
51094,180,-8.2227,13.4356,-79.12,-79.12
51094,180,-8.2227,13.4356,-79.12,-79.12
51104,180,-8.2227,13.6567,-79.12,-79.12
51104,180,-8.2227,13.6567,-79.12,-79.12
51105,180,-0.0857,13.6567,-79.12,-79.12
51105,180,-0.0857,13.6567,-79.12,-79.12
51116,180,-0.0857,13.5845,-79.12,-79.12
51116,180,-0.0857,13.5845,-79.12,-79.12
51116,180,1.4561,13.5845,-79.12,-79.12
51116,180,1.4561,13.5845,-79.12,-79.12
51127,180,9.1649,13.5845,-79.12,-79.12
51127,180,9.1649,13.5845,-79.12,-79.12
51127,180,9.1649,13.2506,-79.12,-79.12
51127,180,9.1649,13.2506,-79.12,-79.12
51138,180,-2.7409,13.2506,-79.12,-79.12
51138,180,-2.7409,13.2506,-79.12,-79.12
51139,180,-2.7409,13.1108,-79.12,-79.12
51139,180,-2.7409,13.1108,-79.12,-79.12
51149,180,-0.5996,13.1108,-79.12,-79.12
51149,180,-0.5996,13.1108,-79.12,-79.12
51151,180,-0.5996,13.2957,-79.12,-79.12
51151,180,-0.5996,13.2957,-79.12,-79.12
51160,180,0.8565,13.2957,-79.12,-79.12
51160,180,0.8565,13.2957,-79.12,-77.68
51163,180,0.8565,13.3634,-79.12,-79.12
51163,180,0.8565,13.3634,-79.12,-79.12
51171,180,-1.6274,13.3634,-79.12,-77.68
51171,180,-1.6274,13.3634,-79.12,-79.12
51175,180,-1.6274,13.1920,-79.12,-79.12
51175,180,-1.6274,13.1920,-79.12,-79.12
51182,180,7.2805,13.1920,-79.12,-79.12
51182,180,7.2805,13.1920,-79.12,-79.12
51187,180,7.2805,13.1739,-79.12,-79.12
51187,180,7.2805,13.1739,-79.12,-79.12
51193,180,-3.1692,13.1739,-79.12,-79.12
51193,180,-3.1692,13.1739,-79.12,-79.12
51198,180,-3.1692,13.3679,-79.12,-79.12
51198,180,-3.1692,13.3679,-79.12,-79.12
51204,180,8.0514,13.3679,-79.12,-79.12
51204,180,8.0514,13.3679,-79.12,-79.12
51210,180,8.0514,13.2416,-79.12,-79.12
51210,180,8.0514,13.2416,-79.12,-79.12
51215,180,-5.8244,13.2416,-79.12,-79.12
51215,180,-5.8244,13.2416,-79.12,-77.68
51222,180,-5.8244,13.7153,-79.12,-79.12
51222,180,-5.8244,13.7153,-79.12,-79.12
51225,180,3.7687,13.7153,-79.12,-79.12
51226,180,3.7687,13.7153,-79.12,-79.12
51234,180,3.7687,13.4130,-79.12,-77.68
51234,180,3.7687,13.4130,-79.12,-79.12
51236,180,9.2505,13.4130,-79.12,-79.12
51237,180,9.2505,13.4130,-79.12,-79.12
51246,180,9.2505,13.5033,-79.12,-79.12
51246,180,9.2505,13.5033,-79.12,-79.12
51247,180,13.4475,13.5033,-79.12,-79.12
51248,180,13.4475,13.5033,-79.12,-79.12
51258,180,13.4475,13.8687,-79.12,-79.12
51258,180,13.4475,13.8687,-79.12,-79.12
51258,180,4.1113,13.8687,-79.12,-79.12
51258,180,4.1113,13.8687,-79.12,-79.12
51269,180,4.1113,13.8010,-79.12,-79.12
51269,180,8.9079,13.8010,-79.12,-79.12
51270,180,8.9079,13.8010,-79.12,-79.12
51280,180,12.8480,13.8010,-79.12,-79.12
51280,180,12.8480,13.8010,-79.12,-79.12
51281,180,12.8480,13.5213,-79.12,-79.12
51281,180,12.8480,13.5213,-79.12,-79.12
51291,180,6.2527,13.5213,-79.12,-79.12
51291,180,6.2527,13.5213,-79.12,-79.12
51293,180,6.2527,13.2596,-79.12,-79.12
51293,180,6.2527,13.2596,-79.12,-79.12
51302,180,4.7966,13.2596,-79.12,-79.12
51302,180,4.7966,13.2596,-79.12,-79.12
51305,180,4.7966,13.2100,-79.12,-79.12
51305,180,4.7966,13.2100,-79.12,-79.12
51313,180,-1.5418,13.2100,-79.12,-79.12
51313,180,-1.5418,13.2100,-79.12,-79.12
51317,180,-1.5418,13.3634,-79.12,-79.12
51317,180,-1.5418,13.3634,-79.12,-79.12
51324,180,1.7987,13.3634,-79.12,-79.12
51324,180,1.7987,13.3634,-79.12,-79.12
51329,180,1.7987,13.8507,-79.12,-79.12
51329,180,1.7987,13.8507,-79.12,-79.12
51335,180,-3.4261,13.8507,-79.12,-79.12
51335,180,-3.4261,13.8507,-79.12,-79.12
51340,180,-3.4261,13.6116,-79.12,-79.12
51340,180,-3.4261,13.6116,-79.12,-79.12
51346,180,9.2505,13.6116,-79.12,-79.12
51346,180,9.2505,13.6116,-79.12,-79.12
51352,180,9.2505,13.1649,-79.12,-79.12
51352,180,9.2505,13.1649,-79.12,-79.12
51357,180,3.2548,13.1649,-79.12,-79.12
51357,180,3.2548,13.1649,-79.12,-79.12
51364,180,3.2548,13.5078,-79.12,-79.12
51364,180,3.2548,13.5078,-79.12,-79.12
51368,180,9.3362,13.5078,-79.12,-79.12
51368,180,9.3362,13.5078,-79.12,-79.12
51376,180,9.3362,13.6206,-79.12,-79.12
51376,180,9.3362,13.6206,-79.12,-79.12
51379,180,0.2570,13.6206,-79.12,-79.12
51379,180,0.2570,13.6206,-77.68,-79.12
51388,180,0.2570,13.8687,-79.12,-79.12
51388,180,0.2570,13.8687,-79.12,-79.12
51390,180,-0.6852,13.8687,-79.12,-79.12
51390,180,-0.6852,13.8687,-79.12,-79.12
51399,180,-0.6852,13.3454,-79.12,-79.12
51400,180,-0.6852,13.3454,-79.12,-77.68
51401,180,3.0835,13.3454,-79.12,-79.12
51401,180,3.0835,13.3454,-79.12,-79.12
51411,180,3.0835,13.0341,-79.12,-79.12
51411,180,3.0835,13.0341,-79.12,-79.12
51412,180,-1.9700,13.0341,-79.12,-79.12
51412,180,-1.9700,13.0341,-79.12,-79.12
51423,180,2.7409,13.0341,-79.12,-79.12
51423,180,2.7409,13.0341,-79.12,-79.12
51423,180,2.7409,13.1378,-79.12,-79.12
51423,180,2.7409,13.1378,-79.12,-79.12
51434,180,-1.5418,13.1378,-79.12,-79.12
51434,180,-1.5418,13.1378,-79.12,-79.12
51435,180,-1.5418,13.3454,-79.12,-79.12
51435,180,-1.5418,13.3454,-79.12,-79.12
51445,180,-2.6552,13.3454,-79.12,-79.12
51445,180,-2.6552,13.3454,-79.12,-79.12
51447,180,-2.6552,13.6070,-79.12,-79.12
51447,180,-2.6552,13.6070,-79.12,-79.12
51456,180,-6.8522,13.6070,-79.12,-79.12
51456,180,-6.8522,13.6070,-79.12,-79.12
51459,180,-6.8522,13.6116,-79.12,-79.12
51459,180,-6.8522,13.6116,-79.12,-79.12
51467,180,2.6552,13.6116,-79.12,-79.12
51467,180,2.6552,13.6116,-79.12,-79.12
51470,180,2.6552,13.2100,-79.12,-79.12
51471,180,2.6552,13.2100,-79.12,-79.12
51478,180,-11.0493,13.2100,-79.12,-79.12
51478,180,-11.0493,13.2100,-79.12,-79.12
51482,180,-11.0493,13.1469,-79.12,-79.12
51482,180,-11.0493,13.1469,-79.12,-77.68
51489,180,-4.1113,13.1469,-79.12,-79.12
51489,180,-4.1113,13.1469,-79.12,-79.12
51494,180,-4.1113,13.0070,-79.12,-79.12
51494,180,-4.1113,13.0070,-79.12,-79.12
51500,180,-5.8244,13.0070,-79.12,-79.12
51500,180,-5.8244,13.0070,-79.12,-79.12
51506,180,-5.8244,13.4491,-79.12,-77.68
51506,180,-5.8244,13.4491,-79.12,-79.12
51511,180,-6.6809,13.4491,-79.12,-79.12
51511,180,-6.6809,13.4491,-79.12,-79.12
51518,180,-6.6809,13.4356,-79.12,-79.12
51518,180,-6.6809,13.4356,-79.12,-79.12
51522,180,-5.0535,13.4356,-79.12,-79.12
51522,180,-5.0535,13.4356,-79.12,-79.12
51530,180,-5.0535,13.4717,-79.12,-79.12
51530,180,-5.0535,13.4717,-79.12,-79.12
51533,180,-0.5139,13.4717,-79.12,-79.12
51533,180,-0.5139,13.4717,-79.12,-79.12
51541,180,-0.5139,13.5258,-79.12,-79.12
51541,180,-0.5139,13.5258,-79.12,-79.12
51544,180,7.4518,13.5258,-79.12,-79.12
51544,180,7.4518,13.5258,-79.12,-79.12
51553,180,7.4518,13.2055,-79.12,-79.12
51553,180,7.4518,13.2055,-79.12,-79.12
51555,180,-6.6809,13.2055,-79.12,-79.12
51555,180,-6.6809,13.2055,-79.12,-79.12
51565,180,-6.6809,13.3860,-79.12,-79.12
51565,180,-6.6809,13.3860,-79.12,-79.12
51566,180,1.9700,13.3860,-79.12,-79.12
51566,180,1.9700,13.3860,-79.12,-79.12
51577,180,-7.5375,13.3860,-79.12,-79.12
51577,180,-7.5375,13.3860,-77.68,-79.12
51577,180,-7.5375,13.4582,-79.12,-79.12
51577,180,-7.5375,13.4582,-79.12,-79.12
51588,180,4.1113,13.4582,-79.12,-79.12
51588,180,4.1113,13.4582,-79.12,-79.12
51589,180,4.1113,13.6882,-79.12,-79.12
51589,180,4.1113,13.6882,-79.12,-79.12
51599,180,4.7966,13.6882,-79.12,-79.12
51599,180,4.7966,13.6882,-79.12,-79.12
51601,180,4.7966,14.0221,-79.12,-79.12
51601,180,4.7966,14.0221,-79.12,-79.12
51610,180,5.7388,14.0221,-79.12,-79.12
51610,180,5.7388,14.0221,-79.12,-79.12
51612,180,5.7388,13.7514,-79.12,-79.12
51612,180,5.7388,13.7514,-79.12,-79.12
51621,180,1.1135,13.7514,-79.12,-79.12
51621,180,1.1135,13.7514,-79.12,-79.12
51624,180,1.1135,13.5574,-79.12,-79.12
51624,180,1.1135,13.5574,-79.12,-79.12
51631,180,-3.8544,13.5574,-79.12,-79.12
51632,180,-3.8544,13.5574,-79.12,-79.12
51636,180,-3.8544,12.9574,-79.12,-79.12
51636,180,-3.8544,12.9574,-79.12,-79.12
51642,180,0.6852,12.9574,-79.12,-79.12
51643,180,0.6852,12.9574,-79.12,-79.12
51648,180,0.6852,13.0296,-79.12,-79.12
51648,180,0.6852,13.0296,-79.12,-79.12
51653,180,0.3426,13.0296,-79.12,-79.12
51654,180,0.3426,13.0296,-79.12,-79.12
51660,180,0.3426,13.3769,-79.12,-79.12
51660,180,0.3426,13.3769,-79.12,-79.12
51664,180,16.8737,13.3769,-79.12,-79.12
51664,180,16.8737,13.3769,-79.12,-79.12
51672,180,16.8737,13.0747,-79.12,-79.12
51672,180,16.8737,13.0747,-79.12,-79.12
51675,180,7.8801,13.0747,-79.12,-79.12
51675,180,7.8801,13.0747,-79.12,-79.12
51683,180,7.8801,13.3815,-79.12,-79.12
51683,180,7.8801,13.3815,-79.12,-79.12
51686,180,4.3683,13.3815,-79.12,-79.12
51686,180,4.3683,13.3815,-79.12,-79.12
51695,180,4.3683,13.5845,-77.68,-79.12
51695,180,4.3683,13.5845,-79.12,-79.12
51697,180,-5.5675,13.5845,-79.12,-79.12
51697,180,-5.5675,13.5845,-79.12,-79.12
51707,180,-5.5675,13.5033,-79.12,-79.12
51707,180,-5.5675,13.5033,-79.12,-79.12
51708,180,3.9400,13.5033,-79.12,-79.12
51708,180,3.9400,13.5033,-79.12,-79.12
51719,180,3.9400,13.6116,-79.12,-79.12
51719,180,3.9400,13.6116,-79.12,-79.12
51719,180,0.3426,13.6116,-79.12,-79.12
51719,180,0.3426,13.6116,-79.12,-79.12
51730,180,-2.9122,13.6116,-79.12,-79.12
51730,180,-2.9122,13.6116,-77.68,-79.12
51731,180,-2.9122,13.3950,-79.12,-79.12
51731,180,-2.9122,13.3950,-79.12,-79.12
51741,180,2.3126,13.3950,-79.12,-79.12
51741,180,2.3126,13.3950,-79.12,-79.12
51743,180,2.3126,13.7695,-79.12,-79.12
51743,180,2.3126,13.7695,-79.12,-79.12
51752,180,0.3426,13.7695,-79.12,-79.12
51752,180,0.3426,13.7695,-79.12,-79.12
51754,180,0.3426,13.8101,-79.12,-79.12
51754,180,0.3426,13.8101,-79.12,-79.12
51763,180,5.5675,13.8101,-79.12,-79.12
51763,180,5.5675,13.8101,-79.12,-79.12
51766,180,5.5675,13.5709,-79.12,-79.12
51766,180,5.5675,13.5709,-79.12,-79.12
51774,180,-8.6510,13.5709,-79.12,-79.12
51774,180,-8.6510,13.5709,-79.12,-79.12
51778,180,-8.6510,13.9274,-79.12,-79.12
51778,180,-8.6510,13.9274,-79.12,-79.12
51785,180,0.0000,13.9274,-79.12,-79.12
51785,180,0.0000,13.9274,-79.12,-79.12
51790,180,0.0000,14.1078,-79.12,-79.12
51790,180,0.0000,14.1078,-79.12,-79.12
51796,180,-7.5375,14.1078,-79.12,-79.12
51796,180,-7.5375,14.1078,-79.12,-79.12
51802,180,-7.5375,14.0988,-79.12,-79.12
51802,180,-7.5375,14.0988,-79.12,-79.12
51807,180,-2.0557,14.0988,-79.12,-79.12
51807,180,-2.0557,14.0988,-79.12,-79.12
51813,180,-2.0557,13.6296,-79.12,-79.12
51814,180,-2.0557,13.6296,-79.12,-79.12
51818,180,3.7687,13.6296,-79.12,-79.12
51818,180,3.7687,13.6296,-79.12,-79.12
51825,180,3.7687,13.6882,-79.12,-79.12
51825,180,3.7687,13.6882,-79.12,-79.12
51829,180,12.5054,13.6882,-79.12,-79.12
51829,180,12.5054,13.6882,-79.12,-79.12
51837,180,12.5054,13.5755,-79.12,-79.12
51837,180,12.5054,13.5755,-79.12,-79.12
51840,180,4.9679,13.5755,-79.12,-79.12
51840,180,4.9679,13.5755,-79.12,-79.12
51849,180,4.9679,13.7153,-79.12,-79.12
51849,180,4.9679,13.7153,-79.12,-79.12
51851,180,-0.2570,13.7153,-79.12,-79.12
51851,180,-0.2570,13.7153,-79.12,-79.12
51861,180,-0.2570,13.6522,-79.12,-79.12
51861,180,-0.2570,13.6522,-79.12,-79.12
51862,180,2.5696,13.6522,-79.12,-79.12
51862,180,2.5696,13.6522,-79.12,-79.12
51873,180,2.5696,13.3183,-79.12,-79.12
51873,180,2.5696,13.3183,-79.12,-79.12
51873,180,-4.5396,13.3183,-79.12,-79.12
51873,180,-4.5396,13.3183,-79.12,-79.12
51884,180,0.6852,13.3183,-79.12,-79.12
51884,180,0.6852,13.3183,-79.12,-79.12
51884,180,0.6852,13.4942,-79.12,-79.12
51885,180,0.6852,13.4942,-79.12,-79.12
51895,180,-8.0514,13.4942,-79.12,-79.12
51895,180,-8.0514,13.4942,-79.12,-79.12
51896,180,-8.0514,13.3318,-79.12,-79.12
51896,180,-8.0514,13.3318,-79.12,-79.12
51906,180,-1.9700,13.3318,-79.12,-79.12
51906,180,-1.9700,13.3318,-79.12,-79.12
51908,180,-1.9700,12.9889,-79.12,-79.12
51908,180,-1.9700,12.9889,-79.12,-79.12
51917,180,-2.6552,12.9889,-79.12,-79.12
51917,180,-2.6552,12.9889,-79.12,-79.12
51920,180,-2.6552,12.9619,-79.12,-79.12
51920,180,-2.6552,12.9619,-79.12,-79.12
51928,180,3.6831,12.9619,-79.12,-79.12
51928,180,3.6831,12.9619,-79.12,-79.12
51932,180,3.6831,12.9889,-79.12,-79.12
51932,180,3.6831,12.9889,-79.12,-79.12
51939,180,3.3405,12.9889,-79.12,-79.12
51939,180,3.3405,12.9889,-79.12,-79.12
51944,180,3.3405,13.1649,-79.12,-79.12
51944,180,3.3405,13.1649,-79.12,-79.12
51950,180,-5.9101,13.1649,-79.12,-79.12
51950,180,-5.9101,13.1649,-79.12,-79.12
51955,180,-5.9101,13.1108,-79.12,-79.12
51956,180,-5.9101,13.1108,-79.12,-79.12
51961,180,-9.1649,13.1108,-79.12,-79.12
51961,180,-9.1649,13.1108,-79.12,-79.12
51967,180,-9.1649,13.4762,-79.12,-79.12
51967,180,-9.1649,13.4762,-79.12,-79.12
51972,180,-8.2227,13.4762,-79.12,-79.12
51972,180,-8.2227,13.4762,-79.12,-79.12
51979,180,-8.2227,13.5800,-79.12,-79.12
51979,180,-8.2227,13.5800,-77.68,-79.12
51983,180,5.9101,13.5800,-79.12,-79.12
51983,180,5.9101,13.5800,-79.12,-79.12
51991,180,5.9101,13.1559,-79.12,-79.12
51991,180,5.9101,13.1559,-79.12,-79.12
51994,180,8.6510,13.1559,-77.68,-79.12
51994,180,8.6510,13.1559,-79.12,-79.12
52003,180,8.6510,13.1694,-79.12,-79.12
52003,180,8.6510,13.1694,-79.12,-79.12
52005,180,13.1049,13.1694,-79.12,-79.12
52005,180,13.1049,13.1694,-79.12,-79.12
52015,180,13.1049,12.8897,-79.12,-79.12
52015,180,13.1049,12.8897,-79.12,-79.12
52016,180,10.9636,12.8897,-79.12,-79.12
52016,180,10.9636,12.8897,-79.12,-79.12
52026,180,10.9636,13.0341,-79.12,-79.12
52027,180,9.9358,13.0341,-79.12,-79.12
52027,180,9.9358,13.0341,-79.12,-79.12
52037,180,-0.4283,13.0341,-79.12,-79.12
52038,180,-0.4283,13.0341,-79.12,-77.68
52038,180,-0.4283,13.4085,-79.12,-79.12
52038,180,-0.4283,13.4085,-79.12,-79.12
52048,180,-4.2827,13.4085,-79.12,-79.12
52049,180,-4.2827,13.4085,-79.12,-79.12
52050,180,-4.2827,13.0702,-79.12,-79.12
52050,180,-4.2827,13.0702,-79.12,-79.12
52059,180,-7.7088,13.0702,-79.12,-79.12
52060,180,-7.7088,13.0702,-79.12,-79.12
52062,180,-7.7088,13.0972,-79.12,-79.12
52062,180,-7.7088,13.0972,-79.12,-79.12
52070,180,0.3426,13.0972,-79.12,-79.12
52070,180,0.3426,13.0972,-79.12,-79.12
52074,180,0.3426,13.1017,-79.12,-79.12
52074,180,0.3426,13.1017,-79.12,-79.12
52081,180,8.4797,13.1017,-79.12,-79.12
52081,180,8.4797,13.1017,-79.12,-79.12
52086,180,8.4797,13.1378,-79.12,-79.12
52086,180,8.4797,13.1378,-79.12,-79.12
52092,180,7.3662,13.1378,-79.12,-79.12
52092,180,7.3662,13.1378,-79.12,-79.12
52097,180,7.3662,13.2190,-79.12,-79.12
52097,180,7.3662,13.2190,-79.12,-77.68
52103,180,10.1927,13.2190,-79.12,-79.12
52103,180,10.1927,13.2190,-79.12,-79.12
52109,180,10.1927,13.2777,-79.12,-79.12
52109,180,10.1927,13.2777,-79.12,-79.12
52114,180,-0.4283,13.2777,-79.12,-79.12
52114,180,-0.4283,13.2777,-79.12,-79.12
52121,180,-0.4283,13.3815,-79.12,-79.12
52121,180,-0.4283,13.3815,-79.12,-79.12
52125,180,4.1970,13.3815,-79.12,-79.12
52125,180,4.1970,13.3815,-79.12,-77.68
52133,180,4.1970,13.5574,-79.12,-79.12
52133,180,4.1970,13.5574,-79.12,-79.12
52136,180,-1.9700,13.5574,-79.12,-79.12
52136,180,-1.9700,13.5574,-79.12,-79.12
52145,180,-1.9700,13.9589,-79.12,-79.12
52145,180,-1.9700,13.9589,-79.12,-79.12
52147,180,6.3383,13.9589,-79.12,-79.12
52147,180,6.3383,13.9589,-79.12,-79.12
52157,180,6.3383,13.5890,-79.12,-79.12
52157,180,6.3383,13.5890,-79.12,-79.12
52158,180,1.0278,13.5890,-79.12,-79.12
52158,180,1.0278,13.5890,-79.12,-79.12
52168,180,1.0278,12.8942,-79.12,-79.12
52169,180,1.0278,12.8942,-79.12,-79.12
52169,180,7.1092,12.8942,-79.12,-79.12
52169,180,7.1092,12.8942,-79.12,-79.12
52180,180,4.3683,12.8942,-79.12,-79.12
52180,180,4.3683,12.8942,-79.12,-79.12
52180,180,4.3683,12.9754,-79.12,-79.12
52180,180,4.3683,12.9754,-79.12,-79.12
52191,180,2.8266,12.9754,-79.12,-79.12
52191,180,2.8266,12.9754,-79.12,-79.12
52192,180,2.8266,13.2010,-79.12,-79.12
52192,180,2.8266,13.2010,-79.12,-79.12
52202,180,7.2805,13.2010,-79.12,-79.12
52202,180,7.2805,13.2010,-79.12,-79.12
52204,180,7.2805,13.2055,-79.12,-79.12
52204,180,7.2805,13.2055,-79.12,-79.12
52213,180,0.4283,13.2055,-79.12,-79.12
52213,180,0.4283,13.2055,-79.12,-79.12
52216,180,0.4283,13.1739,-79.12,-79.12
52216,180,0.4283,13.1739,-79.12,-79.12
52224,180,7.2805,13.1739,-79.12,-79.12
52224,180,7.2805,13.1739,-79.12,-79.12
52228,180,7.2805,13.3815,-79.12,-79.12
52228,180,7.2805,13.3815,-79.12,-79.12
52235,180,-10.4497,13.3815,-79.12,-79.12
52235,180,-10.4497,13.3815,-79.12,-79.12
52239,180,-10.4497,13.3815,-79.12,-79.12
52239,180,-10.4497,13.3815,-79.12,-79.12
52246,180,-3.2548,13.3815,-79.12,-79.12
52246,180,-3.2548,13.3815,-79.12,-79.12
52251,180,-3.2548,12.8310,-79.12,-79.12
52251,180,-3.2548,12.8310,-77.68,-79.12
52257,180,-0.4283,12.8310,-79.12,-79.12
52257,180,-0.4283,12.8310,-79.12,-79.12
52263,180,-0.4283,13.6522,-79.12,-79.12
52263,180,-0.4283,13.6522,-79.12,-79.12
52268,180,-0.7709,13.6522,-79.12,-79.12
52268,180,-0.7709,13.6522,-79.12,-79.12
52275,180,-0.7709,13.6206,-79.12,-79.12
52275,180,-0.7709,13.6206,-79.12,-79.12
52279,180,3.3405,13.6206,-77.68,-79.12
52279,180,3.3405,13.6206,-79.12,-79.12
52287,180,3.3405,13.5439,-79.12,-79.12
52287,180,3.3405,13.5439,-79.12,-79.12
52290,180,5.7388,13.5439,-79.12,-79.12
52290,180,5.7388,13.5439,-79.12,-79.12
52299,180,5.7388,13.4536,-79.12,-79.12
52299,180,5.7388,13.4536,-79.12,-79.12
52301,180,0.2570,13.4536,-79.12,-79.12
52301,180,0.2570,13.4536,-79.12,-79.12
52310,180,0.2570,13.7018,-79.12,-79.12
52310,180,0.2570,13.7018,-79.12,-79.12
52312,180,-2.0557,13.7018,-79.12,-79.12
52312,180,-2.0557,13.7018,-79.12,-79.12
52322,180,-2.0557,13.2822,-79.12,-79.12
52322,180,-2.0557,13.2822,-79.12,-79.12
52323,180,3.2548,13.2822,-79.12,-79.12
52323,180,3.2548,13.2822,-79.12,-79.12
52334,180,-1.4561,13.2822,-79.12,-79.12
52334,180,-1.4561,13.2822,-79.12,-79.12
52334,180,-1.4561,13.2596,-79.12,-79.12
52334,180,-1.4561,13.2596,-79.12,-79.12
52345,180,10.0214,13.2596,-79.12,-79.12
52345,180,10.0214,13.2596,-79.12,-79.12
52346,180,10.0214,13.5349,-79.12,-79.12
52346,180,10.0214,13.5349,-79.12,-79.12
52356,180,6.5096,13.5349,-79.12,-79.12
52356,180,6.5096,13.5349,-79.12,-79.12
52358,180,6.5096,13.8326,-79.12,-79.12
52358,180,6.5096,13.8326,-79.12,-79.12
52367,180,6.9379,13.8326,-79.12,-79.12
52367,180,6.9379,13.8326,-79.12,-79.12
52370,180,6.9379,13.5439,-79.12,-79.12
52370,180,6.9379,13.5439,-79.12,-79.12
52378,180,2.9122,13.5439,-79.12,-79.12
52378,180,2.9122,13.5439,-79.12,-79.12
52381,180,2.9122,13.5664,-79.12,-79.12
52381,180,2.9122,13.5664,-79.12,-79.12
52389,180,-3.7687,13.5664,-79.12,-79.12
52389,180,-3.7687,13.5664,-79.12,-79.12
52393,180,-3.7687,13.6657,-79.12,-79.12
52393,180,-3.7687,13.6657,-79.12,-79.12
52400,180,-2.3983,13.6657,-79.12,-79.12
52400,180,-2.3983,13.6657,-79.12,-79.12
52405,180,-2.3983,13.4897,-79.12,-79.12
52405,180,-2.3983,13.4897,-79.12,-79.12
52411,180,4.7109,13.4897,-79.12,-79.12
52411,180,4.7109,13.4897,-79.12,-79.12
52417,180,4.7109,13.1017,-79.12,-79.12
52417,180,4.7109,13.1017,-79.12,-79.12
52422,180,7.2805,13.1017,-79.12,-79.12
52422,180,7.2805,13.1017,-79.12,-79.12
52429,180,7.2805,13.2236,-79.12,-79.12
52429,180,7.2805,13.2236,-79.12,-79.12
52432,180,-2.3983,13.2236,-79.12,-79.12
52433,180,-2.3983,13.2236,-79.12,-79.12
52440,180,-2.3983,13.6522,-79.12,-79.12
52441,180,-2.3983,13.6522,-79.12,-79.12
52443,180,-0.0857,13.6522,-79.12,-79.12
52444,180,-0.0857,13.6522,-79.12,-79.12
52452,180,-0.0857,13.3273,-77.68,-79.12
52452,180,-0.0857,13.3273,-79.12,-79.12
52454,180,-4.9679,13.3273,-77.68,-79.12
52455,180,-4.9679,13.3273,-79.12,-79.12
52464,180,-4.9679,13.2912,-79.12,-79.12
52464,180,-4.9679,13.2912,-79.12,-79.12
52465,180,2.3983,13.2912,-79.12,-79.12
52465,180,2.3983,13.2912,-79.12,-79.12
52476,180,2.3983,13.2642,-79.12,-79.12
52476,180,2.3983,13.2642,-79.12,-79.12
52476,180,-9.7645,13.2642,-79.12,-79.12
52476,180,-9.7645,13.2642,-79.12,-79.12
52487,180,1.4561,13.2642,-79.12,-79.12
52487,180,1.4561,13.2642,-79.12,-79.12
52488,180,1.4561,13.1378,-79.12,-79.12
52488,180,1.4561,13.1378,-79.12,-79.12
52498,180,1.2848,13.1378,-79.12,-79.12
52498,180,1.2848,13.1378,-79.12,-79.12
52500,180,1.2848,13.0025,-79.12,-79.12
52500,180,1.2848,13.0025,-79.12,-79.12
52509,180,6.1670,13.0025,-79.12,-79.12
52509,180,6.1670,13.0025,-79.12,-79.12
52511,180,6.1670,13.3409,-79.12,-79.12
52512,180,6.1670,13.3409,-79.12,-79.12
52520,180,2.4839,13.3409,-79.12,-79.12
52520,180,2.4839,13.3409,-79.12,-79.12
52523,180,2.4839,13.4401,-79.12,-79.12
52523,180,2.4839,13.4401,-79.12,-79.12
52531,180,-6.5096,13.4401,-79.12,-79.12
52531,180,-6.5096,13.4401,-79.12,-79.12
52535,180,-6.5096,13.5484,-79.12,-79.12
52535,180,-6.5096,13.5484,-79.12,-79.12
52542,180,5.7388,13.5484,-79.12,-79.12
52542,180,5.7388,13.5484,-79.12,-79.12
52547,180,5.7388,13.9138,-79.12,-79.12
52547,180,5.7388,13.9138,-79.12,-79.12
52553,180,2.9979,13.9138,-79.12,-77.68
52553,180,2.9979,13.9138,-79.12,-79.12
52559,180,2.9979,13.2371,-79.12,-79.12
52559,180,2.9979,13.2371,-79.12,-77.68
52564,180,9.5931,13.2371,-79.12,-79.12
52564,180,9.5931,13.2371,-79.12,-79.12
52571,180,9.5931,12.6957,-79.12,-79.12
52571,180,9.5931,12.6957,-79.12,-79.12
52575,180,8.3940,12.6957,-79.12,-79.12
52575,180,8.3940,12.6957,-79.12,-79.12
52582,180,8.3940,13.2190,-79.12,-79.12
52582,180,8.3940,13.2190,-79.12,-79.12
52586,180,8.9079,13.2190,-79.12,-79.12
52586,180,8.9079,13.2190,-79.12,-79.12
52594,180,8.9079,13.3769,-79.12,-79.12
52594,180,8.9079,13.3769,-79.12,-79.12
52597,180,-1.7131,13.3769,-79.12,-79.12
52597,180,-1.7131,13.3769,-79.12,-79.12
52606,180,-1.7131,13.4085,-79.12,-79.12
52606,180,-1.7131,13.4085,-79.12,-79.12
52608,180,2.5696,13.4085,-79.12,-79.12
52608,180,2.5696,13.4085,-79.12,-79.12
52618,180,2.5696,13.5709,-79.12,-79.12
52618,180,2.5696,13.5709,-79.12,-79.12
52619,180,-0.2570,13.5709,-79.12,-79.12
52619,180,-0.2570,13.5709,-79.12,-79.12
52630,180,-0.2570,13.2236,-79.12,-79.12
52630,180,-0.2570,13.2236,-79.12,-79.12
52630,180,3.8544,13.2236,-79.12,-79.12
52630,180,3.8544,13.2236,-79.12,-79.12
52641,180,5.8244,13.2236,-79.12,-79.12
52641,180,5.8244,13.2236,-77.68,-79.12
52642,180,5.8244,13.2010,-79.12,-79.12
52642,180,5.8244,13.2010,-79.12,-79.12
52652,180,-2.4839,13.2010,-79.12,-79.12
52652,180,-2.4839,13.2010,-79.12,-79.12
52653,180,-2.4839,13.3589,-79.12,-79.12
52653,180,-2.4839,13.3589,-79.12,-79.12
52663,180,10.0214,13.3589,-79.12,-79.12
52663,180,10.0214,13.3589,-79.12,-79.12
52665,180,10.0214,13.5980,-79.12,-79.12
52665,180,10.0214,13.5980,-79.12,-79.12
52674,180,0.5139,13.5980,-79.12,-79.12
52674,180,0.5139,13.5980,-79.12,-79.12
52677,180,0.5139,13.5800,-79.12,-79.12
52677,180,0.5139,13.5800,-79.12,-79.12
52685,180,0.4283,13.5800,-79.12,-79.12
52685,180,0.4283,13.5800,-79.12,-79.12
52689,180,0.4283,13.3905,-79.12,-79.12
52689,180,0.4283,13.3905,-79.12,-79.12
52696,180,-8.8223,13.3905,-79.12,-79.12
52696,180,-8.8223,13.3905,-79.12,-79.12
52701,180,-8.8223,13.3995,-77.68,-79.12
52701,180,-8.8223,13.3995,-79.12,-79.12
52707,180,5.1392,13.3995,-79.12,-77.68
52707,180,5.1392,13.3995,-79.12,-79.12
52713,180,5.1392,13.2371,-79.12,-79.12
52713,180,5.1392,13.2371,-79.12,-79.12
52718,180,8.2227,13.2371,-79.12,-79.12
52718,180,8.2227,13.2371,-79.12,-79.12
52724,180,8.2227,13.1017,-79.12,-79.12
52724,180,8.2227,13.1017,-79.12,-79.12
52729,180,1.6274,13.1017,-79.12,-79.12
52729,180,1.6274,13.1017,-79.12,-79.12
