871271,180,9859.5283,429.1225,-2.88,-2.88
871272,180,9859.5283,429.1631,-2.88,-2.88
871283,180,9858.4150,429.1631,-2.88,-2.88
871283,180,9858.4150,429.2939,-2.88,-2.88
871294,180,9853.4473,429.2939,-2.88,-2.88
871295,180,9853.4473,429.2082,-2.88,-2.88
871305,180,9846.9375,429.2082,-1.44,-2.88
871307,180,9846.9375,429.3661,-2.88,-2.88
871316,180,9847.7090,429.3661,-2.88,-2.88
871319,180,9847.7090,429.6098,-2.88,-4.32
871327,180,9849.4219,429.6098,-2.88,-2.88
871331,180,9849.4219,429.3571,-2.88,-4.32
871338,180,9851.4775,429.3571,-2.88,-2.88
871343,180,9851.4775,429.2804,-2.88,-4.32
871349,180,9856.9590,429.2804,-1.44,-4.32
871355,180,9856.9590,429.3842,-2.88,-2.88
871360,180,9855.0752,429.3842,-2.88,-2.88
871367,180,9855.0752,429.0684,-2.88,-4.32
871371,180,9855.8457,429.0684,-2.88,-2.88
871379,180,9855.8457,429.0729,-2.88,-2.88
871382,180,9857.2158,429.0729,-2.88,-4.32
871390,180,9857.2158,429.3661,-2.88,-4.32
871393,180,9852.3340,429.3661,-2.88,-4.32
871402,180,9852.3340,428.9872,-2.88,-4.32
871404,180,9844.3682,428.9872,-2.88,-2.88
871414,180,9844.3682,428.9826,-2.88,-2.88
871416,180,9838.0303,428.9826,-2.88,-4.32
871426,180,9838.0303,429.2669,-2.88,-2.88
871427,180,9843.8545,429.2669,-2.88,-2.88
871438,180,9850.9639,429.2669,-2.88,-1.44
871438,180,9850.9639,429.0368,-2.88,-2.88
871449,180,9849.9355,429.0368,-2.88,-2.88
871450,180,9849.9355,428.9330,-2.88,-2.88
871460,180,9843.2549,428.9330,-2.88,-4.32
871462,180,9843.2549,428.9059,-2.88,-2.88
871471,180,9843.3408,428.9059,-2.88,-4.32
871474,180,9843.3408,429.3210,-2.88,-2.88
871482,180,9843.5117,429.3210,-4.32,-2.88
871486,180,9843.5117,429.1045,-2.88,-2.88
871493,180,9845.3105,429.1045,-2.88,-4.32
871497,180,9845.3105,429.0684,-2.88,-2.88
871504,180,9852.3340,429.0684,-2.88,-2.88
871509,180,9852.3340,429.0458,-2.88,-2.88
871515,180,9852.6768,429.0458,-2.88,-2.88
871521,180,9852.6768,429.3030,-2.88,-4.32
871526,180,9850.0215,429.3030,-2.88,-2.88
871533,180,9850.0215,429.1090,-2.88,-2.88
871537,180,9841.5420,429.1090,-2.88,-2.88
871545,180,9841.5420,428.8518,-2.88,-2.88
871549,180,9846.8525,428.8518,-2.88,-2.88
871557,180,9846.8525,428.9285,-2.88,-2.88
871560,180,9851.7344,428.9285,-2.88,-2.88
871569,180,9851.7344,428.9872,-2.88,-2.88
871571,180,9848.1367,428.9872,-2.88,-2.88
871581,180,9848.1367,428.9240,-2.88,-4.32
871582,180,9847.9658,428.9240,-2.88,-2.88
871593,180,9847.9658,429.1992,-2.88,-2.88
871593,180,9846.9375,429.1992,-2.88,-2.88
871604,180,9846.6807,429.1992,-2.88,-2.88
871605,180,9846.6807,429.0007,-2.88,-4.32
871615,180,9849.6787,429.0007,-2.88,-4.32
871616,180,9849.6787,429.1857,-2.88,-2.88
871626,180,9850.2783,429.1857,-2.88,-2.88
871628,180,9850.2783,428.9962,-4.32,-4.32
871637,180,9845.9102,428.9962,-2.88,-4.32
871640,180,9845.9102,429.0638,-2.88,-2.88
871648,180,9842.8262,429.0638,-2.88,-4.32
871652,180,9842.8262,429.2082,-2.88,-2.88
871659,180,9843.3408,429.2082,-2.88,-2.88
871664,180,9843.3408,429.0954,-2.88,-4.32
871671,180,9843.4258,429.0954,-2.88,-2.88
871676,180,9843.4258,429.1631,-2.88,-2.88
871682,180,9842.5693,429.1631,-2.88,-4.32
871688,180,9842.5693,429.0774,-4.32,-2.88
871693,180,9841.2852,429.0774,-2.88,-4.32
871700,180,9841.2852,429.1135,-2.88,-2.88
871704,180,9845.6533,429.1135,-2.88,-4.32
871712,180,9845.6533,428.9646,-2.88,-2.88
871715,180,9853.6191,428.9646,-2.88,-2.88
871723,180,9853.6191,428.9195,-2.88,-2.88
871726,180,9852.3340,428.9195,-4.32,-2.88
871735,180,9852.3340,428.8518,-2.88,-4.32
871737,180,9849.6787,428.8518,-2.88,-2.88
871747,180,9849.6787,428.8924,-2.88,-2.88
871748,180,9850.1924,428.8924,-2.88,-4.32
871759,180,9850.1924,429.0774,-4.32,-1.44
871759,180,9849.2500,429.0774,-4.32,-2.88
871770,180,9839.9141,429.0774,-2.88,-2.88
871771,180,9839.9141,429.1451,-2.88,-2.88
871781,180,9839.5713,429.1451,-2.88,-4.32
871783,180,9839.5713,428.9917,-2.88,-4.32
871792,180,9846.8525,428.9917,-2.88,-2.88
871795,180,9846.8525,428.7255,-2.88,-2.88
871804,180,9841.9697,428.7255,-2.88,-4.32
871807,180,9841.9697,429.0007,-2.88,-2.88
871815,180,9845.6533,429.0007,-2.88,-2.88
871819,180,9845.6533,429.3932,-4.32,-2.88
871826,180,9847.7939,429.3932,-2.88,-2.88
871831,180,9847.7939,429.1766,-4.32,-4.32
871837,180,9849.2500,429.1766,-2.88,-4.32
871842,180,9849.2500,428.6578,-2.88,-2.88
871848,180,9854.9893,428.6578,-2.88,-2.88
871854,180,9854.9893,428.5315,-2.88,-4.32
871859,180,9859.5283,428.5315,-2.88,-2.88
871866,180,9859.5283,428.8022,-2.88,-2.88
871870,180,9849.3359,428.8022,-2.88,-4.32
871878,180,9849.3359,428.9736,-2.88,-2.88
871881,180,9845.5674,428.9736,-4.32,-4.32
871890,180,9845.5674,428.7435,-2.88,-2.88
871892,180,9852.7617,428.7435,-2.88,-4.32
871902,180,9852.7617,428.7751,-2.88,-4.32
871903,180,9847.8799,428.7751,-2.88,-2.88
871914,180,9847.8799,429.3165,-2.88,-4.32
871914,180,9850.0215,429.3165,-2.88,-4.32
871925,180,9849.1650,429.3165,-2.88,-4.32
871926,180,9849.1650,429.3526,-2.88,-2.88
871937,180,9850.3643,429.3526,-2.88,-2.88
871938,180,9850.3643,429.2037,-2.88,-2.88
871948,180,9854.9033,429.2037,-2.88,-2.88
871949,180,9854.9033,429.0548,-2.88,-4.32
871959,180,9853.3613,429.0548,-2.88,-4.32
871961,180,9853.3613,428.9781,-4.32,-2.88
871970,180,9853.7041,428.9781,-2.88,-4.32
871973,180,9853.7041,429.3300,-2.88,-2.88
871981,180,9855.6748,429.3300,-2.88,-2.88
871985,180,9855.6748,429.3346,-2.88,-4.32
871992,180,9855.5889,429.3346,-2.88,-2.88
871997,180,9855.5889,429.0052,-2.88,-2.88
872003,180,9851.3057,429.0052,-2.88,-2.88
872009,180,9851.3057,428.9826,-2.88,-4.32
872014,180,9855.1602,428.9826,-4.32,-2.88
872021,180,9855.1602,429.0774,-2.88,-4.32
872025,180,9852.0771,429.0774,-2.88,-2.88
872033,180,9852.0771,429.0594,-2.88,-2.88
872036,180,9849.1650,429.0594,-2.88,-4.32
872045,180,9849.1650,428.8473,-2.88,-2.88
872047,180,9854.1328,428.8473,-2.88,-4.32
872057,180,9854.1328,429.1947,-2.88,-4.32
872059,180,9853.6191,429.1947,-2.88,-2.88
872068,180,9853.6191,429.1496,-2.88,-4.32
872070,180,9856.6162,429.1496,-2.88,-4.32
872080,180,9856.6162,428.9826,-2.88,-2.88
872081,180,9853.1045,428.9826,-2.88,-4.32
872092,180,9853.7900,428.9826,-2.88,-4.32
872092,180,9853.7900,429.0052,-2.88,-2.88
872103,180,9850.9639,429.0052,-2.88,-4.32
872104,180,9850.9639,428.7616,-2.88,-2.88
872114,180,9852.4199,428.7616,-2.88,-2.88
872116,180,9852.4199,428.9195,-2.88,-2.88
872125,180,9858.2441,428.9195,-2.88,-2.88
872128,180,9858.2441,429.0954,-2.88,-2.88
872136,180,9851.6484,429.0954,-4.32,-2.88
872140,180,9851.6484,429.0187,-2.88,-2.88
872147,180,9849.9355,429.0187,-2.88,-2.88
872152,180,9849.9355,429.0909,-4.32,-2.88
872158,180,9851.1348,429.0909,-2.88,-2.88
872164,180,9851.1348,429.1676,-2.88,-2.88
872169,180,9845.4814,429.1676,-2.88,-4.32
872175,180,9845.4814,429.1315,-2.88,-4.32
872181,180,9852.0771,429.1315,-4.32,-2.88
872187,180,9852.0771,429.0007,-2.88,-2.88
872192,180,9852.9336,429.0007,-2.88,-2.88
872199,180,9852.9336,428.9375,-2.88,-2.88
872203,180,9855.9316,428.9375,-2.88,-2.88
872211,180,9855.9316,429.0729,-2.88,-2.88
872214,180,9851.8203,429.0729,-2.88,-2.88
872223,180,9851.8203,428.8834,-2.88,-2.88
872225,180,9846.7666,428.8834,-4.32,-2.88
872235,180,9846.7666,428.9195,-2.88,-2.88
872236,180,9841.6270,428.9195,-2.88,-2.88
872247,180,9841.6270,428.7977,-2.88,-2.88
872247,180,9850.9639,428.7977,-2.88,-2.88
872258,180,9851.0488,428.7977,-2.88,-4.32
872259,180,9851.0488,428.7029,-2.88,-2.88
872269,180,9855.8457,428.7029,-2.88,-1.44
872271,180,9855.8457,428.7119,-2.88,-2.88
872280,180,9855.0752,428.7119,-4.32,-4.32
872282,180,9855.0752,428.6804,-2.88,-2.88
872291,180,9847.7090,428.6804,-4.32,-4.32
872294,180,9847.7090,428.9330,-2.88,-2.88
872302,180,9851.9053,428.9330,-2.88,-4.32
872306,180,9851.9053,429.0864,-4.32,-2.88
872314,180,9853.8760,429.0864,-4.32,-4.32
872318,180,9853.8760,428.9691,-2.88,-4.32
872325,180,9854.0469,428.9691,-4.32,-2.88
872330,180,9854.0469,429.0729,-2.88,-2.88
872336,180,9852.7617,429.0729,-2.88,-2.88
872342,180,9852.7617,428.9240,-2.88,-2.88
872347,180,9851.8203,428.9240,-4.32,-2.88
872354,180,9851.8203,428.9826,-1.44,-2.88
872358,180,9852.8477,428.9826,-2.88,-2.88
872366,180,9852.8477,429.1180,-2.88,-4.32
872378,180,9852.8477,429.2173,-2.88,-2.88
872380,180,9853.7900,429.2173,-2.88,-2.88
872390,180,9853.7900,429.0684,-2.88,-4.32
872391,180,9851.9053,429.0684,-1.44,-2.88
872401,180,9851.9053,428.8473,-1.44,-4.32
872402,180,9845.5674,428.8473,-2.88,-2.88
872413,180,9841.6270,428.8473,-2.88,-2.88
872413,180,9841.6270,428.7796,-4.32,-2.88
872424,180,9842.9980,428.7796,-2.88,-4.32
872425,180,9842.9980,428.6849,-2.88,-1.44
872435,180,9852.9336,428.6849,-2.88,-2.88
872437,180,9852.9336,428.6217,-2.88,-2.88
872447,180,9855.5889,428.6217,-2.88,-4.32
872449,180,9855.5889,428.7841,-2.88,-2.88
872458,180,9848.3936,428.7841,-4.32,-4.32
872461,180,9848.3936,429.0097,-2.88,-2.88
872469,180,9849.0791,429.0097,-2.88,-4.32
872473,180,9849.0791,428.8383,-4.32,-4.32
872480,180,9845.1387,428.8383,-2.88,-4.32
872485,180,9845.1387,428.8157,-2.88,-2.88
872491,180,9843.5117,428.8157,-2.88,-2.88
872497,180,9843.5117,428.7345,-2.88,-4.32
872502,180,9845.1387,428.7345,-2.88,-4.32
872508,180,9845.1387,428.3420,-4.32,-2.88
872513,180,9852.3340,428.3420,-2.88,-4.32
872520,180,9852.3340,428.5179,-2.88,-4.32
872524,180,9856.5312,428.5179,-2.88,-4.32
872532,180,9856.5312,428.7029,-2.88,-2.88
872535,180,9859.6143,428.7029,-2.88,-2.88
872544,180,9859.6143,428.9195,-2.88,-2.88
872546,180,9856.3594,428.9195,-2.88,-2.88
872556,180,9856.3594,429.0142,-2.88,-2.88
872557,180,9851.9912,429.0142,-2.88,-4.32
872568,180,9851.9912,428.8293,-2.88,-2.88
872569,180,9850.7061,428.8293,-2.88,-4.32
872580,180,9854.8174,428.8293,-2.88,-2.88
872580,180,9854.8174,428.7480,-2.88,-2.88
872591,180,9853.7900,428.7480,-2.88,-2.88
872592,180,9853.7900,428.9375,-2.88,-2.88
872602,180,9852.1631,428.9375,-2.88,-2.88
872604,180,9852.1631,428.7616,-4.32,-2.88
872613,180,9844.3682,428.7616,-2.88,-2.88
872616,180,9844.3682,428.5270,-2.88,-2.88
872624,180,9853.0195,428.5270,-2.88,-2.88
872627,180,9853.0195,428.7932,-2.88,-2.88
872635,180,9857.4727,428.7932,-2.88,-2.88
872639,180,9857.4727,428.7751,-2.88,-2.88
872646,180,9850.6211,428.7751,-2.88,-4.32
872651,180,9850.6211,428.5044,-2.88,-2.88
872657,180,9845.8242,428.5044,-2.88,-4.32
872663,180,9845.8242,428.5992,-2.88,-4.32
872668,180,9859.0146,428.5992,-2.88,-2.88
872675,180,9859.0146,429.0097,-2.88,-2.88
872679,180,9863.1260,429.0097,-2.88,-4.32
872687,180,9863.1260,429.0458,-2.88,-2.88
872690,180,9857.8154,429.0458,-2.88,-2.88
872699,180,9857.8154,428.8834,-2.88,-2.88
872702,180,9853.6191,428.8834,-2.88,-4.32
872711,180,9853.6191,428.6353,-2.88,-2.88
872713,180,9856.9590,428.6353,-2.88,-4.32
872723,180,9856.9590,428.7345,-2.88,-4.32
872724,180,9855.3320,428.7345,-2.88,-2.88
872734,180,9855.3320,428.6353,-2.88,-2.88
872735,180,9856.1885,428.6353,-2.88,-2.88
872746,180,9853.7041,428.6353,-2.88,-2.88
872746,180,9853.7041,428.5315,-2.88,-2.88
872757,180,9849.9355,428.5315,-2.88,-4.32
872758,180,9849.9355,428.8744,-2.88,-2.88
872768,180,9845.8242,428.8744,-2.88,-2.88
872770,180,9845.8242,428.8563,-2.88,-2.88
872779,180,9852.6768,428.8563,-2.88,-2.88
872782,180,9852.6768,429.2624,-2.88,-2.88
872790,180,9856.9590,429.2624,-4.32,-4.32
872794,180,9856.9590,429.3165,-2.88,-2.88
872801,180,9847.7939,429.3165,-2.88,-4.32
872806,180,9847.7939,428.8924,-2.88,-2.88
872812,180,9855.3320,428.8924,-2.88,-2.88
872818,180,9855.3320,428.6804,-2.88,-2.88
872824,180,9855.9316,428.6804,-2.88,-2.88
872830,180,9855.9316,428.5179,-2.88,-2.88
872835,180,9848.3086,428.5179,-2.88,-2.88
872841,180,9848.3086,428.4683,-2.88,-2.88
872846,180,9850.7061,428.4683,-2.88,-2.88
872853,180,9850.7061,428.4954,-2.88,-2.88
872857,180,9846.4238,428.4954,-2.88,-4.32
872865,180,9846.4238,428.5089,-4.32,-2.88
872868,180,9849.0791,428.5089,-2.88,-4.32
872877,180,9849.0791,428.5315,-2.88,-4.32
872879,180,9848.9082,428.5315,-4.32,-2.88
872889,180,9848.9082,428.7886,-2.88,-2.88
872890,180,9853.2764,428.7886,-2.88,-2.88
872901,180,9853.2764,428.9330,-2.88,-2.88
872901,180,9850.6211,428.9330,-2.88,-2.88
872912,180,9848.2227,428.9330,-2.88,-2.88
872913,180,9848.2227,429.1631,-2.88,-2.88
872923,180,9859.1006,429.1631,-2.88,-2.88
872925,180,9859.1006,429.0413,-2.88,-4.32
872934,180,9860.6426,429.0413,-2.88,-2.88
872937,180,9860.6426,428.8067,-2.88,-2.88
872945,180,9857.5586,428.8067,-2.88,-4.32
872949,180,9857.5586,428.6037,-2.88,-2.88
872957,180,9862.1836,428.6037,-2.88,-4.32
872960,180,9862.1836,428.3149,-2.88,-2.88
872968,180,9859.2715,428.3149,-2.88,-4.32
872972,180,9859.2715,428.6623,-2.88,-2.88
872979,180,9855.5029,428.6623,-2.88,-2.88
872984,180,9855.5029,428.7390,-2.88,-2.88
872990,180,9862.6123,428.7390,-2.88,-4.32
872996,180,9862.6123,428.7255,-2.88,-2.88
873001,180,9857.9873,428.7255,-2.88,-2.88
873008,180,9857.9873,428.4864,-2.88,-2.88
873020,180,9857.9873,428.4999,-2.88,-2.88
873023,180,9856.1025,428.4999,-1.44,-5.75
873032,180,9856.1025,428.6533,-4.32,-2.88
873034,180,9852.6768,428.6533,-2.88,-4.32
873044,180,9852.6768,428.5631,-2.88,-2.88
873045,180,9849.4219,428.5631,-2.88,-2.88
873056,180,9849.4219,428.5540,-2.88,-2.88
873056,180,9850.1924,428.5540,-2.88,-2.88
873067,180,9850.1924,428.9014,-2.88,-2.88
873068,180,9856.9590,428.9014,-2.88,-2.88
873079,180,9861.7559,428.9014,-2.88,-4.32
873079,180,9861.7559,428.9195,-2.88,-2.88
873090,180,9857.6445,428.9195,-2.88,-2.88
873091,180,9857.6445,428.8428,-2.88,-2.88
873101,180,9856.0166,428.8428,-2.88,-2.88
873103,180,9856.0166,429.0638,-2.88,-2.88
873112,180,9860.2998,429.0638,-2.88,-2.88
873115,180,9860.2998,429.0774,-2.88,-4.32
873123,180,9851.7344,429.0774,-2.88,-2.88
873127,180,9851.7344,428.9917,-2.88,-2.88
873134,180,9845.0537,428.9917,-2.88,-2.88
873139,180,9845.0537,428.6262,-2.88,-4.32
873145,180,9854.4756,428.6262,-4.32,-2.88
873151,180,9854.4756,428.7210,-2.88,-2.88
873156,180,9847.2803,428.7210,-2.88,-2.88
873163,180,9847.2803,428.5315,-2.88,-2.88
873167,180,9852.7617,428.5315,-2.88,-2.88
873174,180,9852.7617,428.8879,-2.88,-2.88
873178,180,9860.5566,428.8879,-2.88,-2.88
873186,180,9860.5566,428.8789,-2.88,-4.32
873189,180,9853.1904,428.8789,-2.88,-2.88
873198,180,9853.1904,428.6668,-2.88,-2.88
873200,180,9853.7900,428.6668,-2.88,-2.88
873210,180,9853.7900,428.8428,-2.88,-2.88
873212,180,9858.9297,428.8428,-2.88,-2.88
873222,180,9858.9297,428.9330,-2.88,-2.88
873223,180,9853.3613,428.9330,-2.88,-4.32
873234,180,9860.5566,428.9330,-2.88,-2.88
873234,180,9860.5566,428.9826,-2.88,-2.88
873245,180,9857.2158,428.9826,-4.32,-2.88
873246,180,9857.2158,428.8428,-2.88,-4.32
873256,180,9848.5654,428.8428,-4.32,-4.32
873258,180,9848.5654,428.5856,-2.88,-2.88
873267,180,9850.8779,428.5856,-2.88,-4.32
873270,180,9850.8779,428.3510,-4.32,-2.88
873278,180,9859.8711,428.3510,-2.88,-4.32
873282,180,9859.8711,428.3239,-2.88,-2.88
873289,180,9860.2139,428.3239,-2.88,-2.88
873293,180,9860.2139,428.8247,-4.32,-4.32
873300,180,9863.4688,428.8247,-2.88,-2.88
873305,180,9863.4688,428.7435,-2.88,-4.32
873311,180,9867.5801,428.7435,-4.32,-2.88
873317,180,9867.5801,428.4322,-2.88,-4.32
873322,180,9859.5283,428.4322,-2.88,-2.88
873329,180,9859.5283,428.9195,-2.88,-4.32
873334,180,9852.6768,428.9195,-2.88,-2.88
873341,180,9852.6768,429.1315,-2.88,-4.32
873345,180,9852.8477,429.1315,-2.88,-4.32
873353,180,9852.8477,429.2353,-2.88,-2.88
873356,180,9857.0449,429.2353,-2.88,-2.88
873365,180,9857.0449,429.0052,-2.88,-2.88
873367,180,9849.8496,429.0052,-2.88,-4.32
873377,180,9849.8496,428.6488,-2.88,-2.88
873378,180,9843.2549,428.6488,-2.88,-2.88
873389,180,9843.2549,428.4458,-2.88,-2.88
873389,180,9846.9375,428.4458,-2.88,-4.32
873400,180,9849.4219,428.4458,-2.88,-2.88
873400,180,9849.4219,428.5044,-4.32,-2.88
873411,180,9854.3896,428.5044,-2.88,-2.88
873412,180,9854.3896,428.6443,-2.88,-4.32
873422,180,9850.1074,428.6443,-2.88,-4.32
873424,180,9850.1074,428.9420,-2.88,-4.32
873433,180,9850.1924,428.9420,-2.88,-2.88
873436,180,9850.1924,429.1541,-2.88,-2.88
873444,180,9855.5029,429.1541,-2.88,-2.88
873448,180,9855.5029,428.8518,-2.88,-2.88
873455,180,9853.7041,428.8518,-2.88,-2.88
873460,180,9853.7041,428.8067,-2.88,-4.32
873467,180,9857.0449,428.8067,-4.32,-4.32
873472,180,9857.0449,428.7616,-2.88,-2.88
873478,180,9855.1602,428.7616,-2.88,-4.32
873484,180,9855.1602,428.7751,-4.32,-2.88
873489,180,9854.2188,428.7751,-4.32,-4.32
873496,180,9854.2188,428.6849,-2.88,-4.32
873500,180,9853.6191,428.6849,-2.88,-4.32
873508,180,9853.6191,428.6353,-2.88,-2.88
873511,180,9854.9893,428.6353,-2.88,-2.88
873519,180,9854.9893,429.0368,-2.88,-2.88
873522,180,9858.5010,429.0368,-2.88,-4.32
873531,180,9858.5010,429.1812,-2.88,-2.88
873533,180,9857.1309,429.1812,-2.88,-4.32
873543,180,9857.1309,428.8247,-2.88,-2.88
873544,180,9854.4756,428.8247,-2.88,-4.32
873555,180,9854.4756,428.9150,-2.88,-4.32
873555,180,9852.0771,428.9150,-2.88,-4.32
873566,180,9854.5605,428.9150,-4.32,-2.88
873567,180,9854.5605,428.8879,-2.88,-2.88
873577,180,9853.9609,428.8879,-2.88,-2.88
873579,180,9853.9609,428.4322,-2.88,-2.88
873589,180,9853.5332,428.4322,-2.88,-2.88
873591,180,9853.5332,428.3646,-2.88,-4.32
873600,180,9858.5010,428.3646,-2.88,-4.32
873603,180,9858.5010,428.5901,-2.88,-2.88
873611,180,9851.1348,428.5901,-2.88,-2.88
873615,180,9851.1348,428.6307,-2.88,-2.88
873622,180,9852.5908,428.6307,-2.88,-2.88
873626,180,9852.5908,428.4097,-2.88,-2.88
873633,180,9852.0771,428.4097,-2.88,-2.88
873638,180,9852.0771,428.8789,-2.88,-2.88
873644,180,9846.5098,428.8789,-2.88,-2.88
873650,180,9846.5098,429.0819,-2.88,-2.88
873655,180,9849.1650,429.0819,-2.88,-2.88
873662,180,9849.1650,428.8924,-2.88,-4.32
873666,180,9855.9316,428.8924,-2.88,-4.32
873674,180,9855.9316,428.8654,-2.88,-2.88
873677,180,9858.2441,428.8654,-4.32,-2.88
873686,180,9858.2441,429.0594,-2.88,-2.88
873688,180,9856.7881,429.0594,-2.88,-2.88
873698,180,9856.7881,429.0819,-2.88,-2.88
873699,180,9856.0166,429.0819,-2.88,-4.32
873710,180,9856.0166,428.5495,-2.88,-2.88
873710,180,9845.8242,428.5495,-2.88,-2.88
873722,180,9842.4834,428.5495,-2.88,-2.88
873722,180,9842.4834,428.1390,-2.88,-2.88
873733,180,9846.7666,428.1390,-2.88,-4.32
873734,180,9846.7666,428.5856,-2.88,-4.32
873744,180,9846.4238,428.5856,-2.88,-2.88
873745,180,9846.4238,428.6217,-2.88,-2.88
873755,180,9851.1348,428.6217,-2.88,-2.88
873757,180,9851.1348,428.9059,-2.88,-2.88
873766,180,9853.7900,428.9059,-2.88,-2.88
873769,180,9853.7900,429.1857,-2.88,-2.88
873777,180,9852.5049,429.1857,-2.88,-2.88
873781,180,9852.5049,428.8698,-4.32,-2.88
873788,180,9847.6230,428.8698,-2.88,-2.88
873793,180,9847.6230,428.9420,-2.88,-2.88
873799,180,9853.5332,428.9420,-2.88,-2.88
873805,180,9853.5332,428.8293,-2.88,-2.88
873810,180,9859.6143,428.8293,-2.88,-4.32
873817,180,9859.6143,428.6443,-2.88,-2.88
873821,180,9859.1865,428.6443,-2.88,-4.32
873829,180,9859.1865,428.5676,-2.88,-2.88
873832,180,9854.9033,428.5676,-2.88,-2.88
873841,180,9854.9033,428.6307,-2.88,-2.88
873843,180,9848.9932,428.6307,-2.88,-2.88
873853,180,9848.9932,428.8383,-2.88,-2.88
873855,180,9849.9355,428.8383,-2.88,-4.32
873864,180,9849.9355,428.6262,-2.88,-2.88
873866,180,9848.2227,428.6262,-2.88,-2.88
873876,180,9848.2227,428.3736,-2.88,-1.44
873877,180,9842.1416,428.3736,-2.88,-2.88
873888,180,9840.7705,428.3736,-2.88,-4.32
873888,180,9840.7705,428.6804,-2.88,-2.88
873899,180,9848.4795,428.6804,-2.88,-2.88
873900,180,9848.4795,429.0729,-2.88,-2.88
873910,180,9855.3320,429.0729,-4.32,-2.88
873912,180,9855.3320,429.0007,-2.88,-4.32
873921,180,9850.5352,429.0007,-2.88,-2.88
873924,180,9850.5352,429.1315,-1.44,-2.88
873932,180,9845.2246,429.1315,-2.88,-4.32
873936,180,9845.2246,428.9781,-2.88,-2.88
873943,180,9849.7646,428.9781,-2.88,-4.32
873948,180,9849.7646,428.7977,-2.88,-4.32
873954,180,9854.3896,428.7977,-2.88,-2.88
873960,180,9854.3896,428.8022,-2.88,-2.88
873965,180,9851.9912,428.8022,-2.88,-2.88
873971,180,9851.9912,428.7300,-2.88,-2.88
873977,180,9847.1943,428.7300,-4.32,-2.88
873983,180,9847.1943,428.7210,-2.88,-2.88
873988,180,9852.2480,428.7210,-2.88,-4.32
873995,180,9852.2480,428.4638,-2.88,-4.32
873999,180,9857.6445,428.4638,-2.88,-2.88
874007,180,9857.6445,428.4006,-2.88,-4.32
874010,180,9853.2764,428.4006,-2.88,-2.88
874019,180,9853.2764,428.2788,-2.88,-2.88
874021,180,9848.1367,428.2788,-2.88,-4.32
874031,180,9848.1367,428.1299,-4.32,-4.32
874032,180,9846.5947,428.1299,-2.88,-4.32
874043,180,9846.5947,428.4277,-2.88,-2.88
874043,180,9845.6533,428.4277,-2.88,-2.88
874054,180,9847.5371,428.4277,-2.88,-2.88
874055,180,9847.5371,429.0097,-2.88,-2.88
874067,180,9847.5371,429.2985,-2.88,-2.88
874076,180,9843.3408,429.2985,-4.32,-4.32
874079,180,9843.3408,429.0187,-2.88,-2.88
874087,180,9846.3379,429.0187,-2.88,-2.88
874090,180,9846.3379,428.9826,-2.88,-2.88
874098,180,9846.7666,428.9826,-2.88,-4.32
874102,180,9846.7666,429.0819,-2.88,-2.88
874110,180,9845.9951,429.0819,-2.88,-2.88
874114,180,9845.9951,428.6443,-4.32,-2.88
874121,180,9855.0752,428.6443,-2.88,-4.32
874126,180,9855.0752,428.5901,-2.88,-2.88
874132,180,9854.3896,428.5901,-2.88,-2.88
874138,180,9854.3896,428.6623,-2.88,-2.88
874143,180,9849.5078,428.6623,-2.88,-2.88
874150,180,9849.5078,428.5225,-2.88,-2.88
874154,180,9854.3896,428.5225,-2.88,-4.32
874162,180,9854.3896,428.6307,-2.88,-2.88
874165,180,9853.3613,428.6307,-2.88,-2.88
874174,180,9853.3613,429.0233,-2.88,-2.88
874176,180,9848.3936,429.0233,-2.88,-2.88
874186,180,9848.3936,428.8924,-2.88,-2.88
874187,180,9851.2207,428.8924,-2.88,-4.32
874197,180,9851.2207,428.8654,-2.88,-2.88
874198,180,9844.5391,428.8654,-2.88,-2.88
874209,180,9837.8584,428.8654,-2.88,-4.32
874209,180,9837.8584,428.8473,-2.88,-2.88
874220,180,9847.7939,428.8473,-2.88,-2.88
874221,180,9847.7939,428.9330,-1.44,-2.88
874231,180,9856.6162,428.9330,-2.88,-2.88
874233,180,9856.6162,428.9962,-2.88,-2.88
874243,180,9856.9590,428.9962,-2.88,-2.88
874245,180,9856.9590,429.0142,-2.88,-2.88
874254,180,9850.8779,429.0142,-2.88,-2.88
874257,180,9850.8779,428.9285,-2.88,-2.88
874265,180,9855.4170,428.9285,-2.88,-4.32
874269,180,9855.4170,429.0548,-1.44,-4.32
874276,180,9852.5049,429.0548,-2.88,-4.32
874281,180,9852.5049,429.0729,-2.88,-2.88
874287,180,9844.8818,429.0729,-2.88,-2.88
874293,180,9844.8818,428.8112,-2.88,-4.32
874298,180,9853.1904,428.8112,-2.88,-2.88
874305,180,9853.1904,428.8338,-2.88,-4.32
874309,180,9852.5908,428.8338,-1.44,-1.44
874316,180,9852.5908,428.4999,-2.88,-4.32
874320,180,9842.8262,428.4999,-2.88,-2.88
874328,180,9842.8262,428.4413,-4.32,-2.88
874331,180,9839.5713,428.4413,-2.88,-2.88
874340,180,9839.5713,428.5856,-2.88,-2.88
874342,180,9844.1973,428.5856,-2.88,-2.88
874353,180,9849.2500,428.5856,-2.88,-4.32
874364,180,9849.2500,428.4999,-2.88,-2.88
874365,180,9849.8496,428.4999,-2.88,-4.32
874376,180,9847.6230,428.4999,-2.88,-4.32
874376,180,9847.6230,429.0187,-2.88,-2.88
874387,180,9849.8496,429.0187,-2.88,-4.32
874388,180,9849.8496,429.0007,-2.88,-4.32
874398,180,9854.1328,429.0007,-2.88,-2.88
874400,180,9854.1328,428.6307,-4.32,-2.88
874409,180,9846.0811,428.6307,-2.88,-2.88
874412,180,9846.0811,428.2924,-4.32,-2.88
874420,180,9852.0771,428.2924,-2.88,-4.32
874423,180,9852.0771,428.5495,-2.88,-2.88
874431,180,9852.9336,428.5495,-2.88,-2.88
874435,180,9852.9336,428.6623,-2.88,-2.88
874442,180,9847.0234,428.6623,-2.88,-5.75
874447,180,9847.0234,428.7435,-2.88,-2.88
874453,180,9848.3086,428.7435,-2.88,-2.88
874459,180,9848.3086,428.6037,-2.88,-2.88
874464,180,9849.0791,428.6037,-2.88,-2.88
874471,180,9849.0791,428.6217,-2.88,-4.32
874475,180,9846.0811,428.6217,-2.88,-2.88
874483,180,9846.0811,428.3961,-2.88,-2.88
874486,180,9846.9375,428.3961,-2.88,-2.88
874495,180,9846.9375,428.4548,-2.88,-4.32
874498,180,9852.1631,428.4548,-2.88,-4.32
874507,180,9852.1631,428.4367,-2.88,-2.88
874509,180,9844.8818,428.4367,-2.88,-2.88
874519,180,9844.8818,428.4999,-2.88,-4.32
874520,180,9839.6572,428.4999,-2.88,-2.88
874530,180,9839.6572,428.5179,-2.88,-4.32
874531,180,9846.6807,428.5179,-1.44,-2.88
874542,180,9851.3916,428.5179,-2.88,-2.88
874542,180,9851.3916,428.5089,-2.88,-2.88
874553,180,9858.1582,428.5089,-1.44,-4.32
874554,180,9858.1582,428.3194,-2.88,-4.32
874564,180,9855.4170,428.3194,-2.88,-4.32
874566,180,9855.4170,428.6623,-2.88,-2.88
874575,180,9854.5605,428.6623,-4.32,-4.32
874578,180,9854.5605,428.7932,-4.32,-2.88
874586,180,9852.1631,428.7932,-2.88,-2.88
874590,180,9852.1631,428.8067,-2.88,-4.32
874597,180,9851.9912,428.8067,-2.88,-2.88
874602,180,9851.9912,428.7165,-2.88,-4.32
874608,180,9850.1074,428.7165,-2.88,-2.88
874614,180,9850.1074,428.7300,-2.88,-2.88
874619,180,9856.6162,428.7300,-4.32,-4.32
874626,180,9856.6162,429.1631,-2.88,-5.75
874631,180,9859.2715,429.1631,-2.88,-4.32
874638,180,9859.2715,429.0638,-2.88,-2.88
874642,180,9853.2764,429.0638,-4.32,-2.88
874649,180,9853.2764,428.9420,-2.88,-4.32
874653,180,9849.7646,428.9420,-2.88,-2.88
874661,180,9849.7646,429.0413,-2.88,-2.88
874664,180,9851.7344,429.0413,-2.88,-1.44
874673,180,9851.7344,428.8383,-2.88,-2.88
874685,180,9851.7344,428.8067,-2.88,-2.88
874686,180,9847.8799,428.8067,-2.88,-4.32
874697,180,9847.8799,429.0368,-2.88,-4.32
874697,180,9847.3662,429.0368,-2.88,-2.88
874708,180,9849.5078,429.0368,-2.88,-4.32
874709,180,9849.5078,429.3120,-2.88,-4.32
874719,180,9853.7900,429.3120,-2.88,-2.88
874721,180,9853.7900,429.2353,-2.88,-2.88
874730,180,9853.9609,429.2353,-2.88,-2.88
874733,180,9853.9609,428.7661,-2.88,-4.32
874741,180,9851.7344,428.7661,-2.88,-2.88
874745,180,9851.7344,428.5495,-4.32,-2.88
874752,180,9850.8779,428.5495,-2.88,-2.88
874756,180,9850.8779,428.6668,-2.88,-4.32
874764,180,9845.9102,428.6668,-2.88,-2.88
874768,180,9845.9102,428.8879,-2.88,-4.32
874775,180,9849.9355,428.8879,-2.88,-4.32
874780,180,9849.9355,429.1451,-2.88,-2.88
874786,180,9847.1094,429.1451,-2.88,-2.88
874792,180,9847.1094,429.0323,-4.32,-4.32
874797,180,9844.2822,429.0323,-2.88,-4.32
874804,180,9844.2822,429.0864,-4.32,-2.88
874808,180,9849.8496,429.0864,-2.88,-4.32
874816,180,9849.8496,428.8654,-2.88,-2.88
874819,180,9846.8525,428.8654,-2.88,-2.88
874828,180,9846.8525,428.6849,-4.32,-2.88
874830,180,9848.2227,428.6849,-2.88,-4.32
874840,180,9848.2227,428.7300,-2.88,-2.88
874841,180,9851.1348,428.7300,-2.88,-2.88
874852,180,9851.1348,428.7751,-2.88,-4.32
874852,180,9854.3037,428.7751,-2.88,-2.88
874863,180,9849.5078,428.7751,-2.88,-4.32
874864,180,9849.5078,428.4097,-2.88,-4.32
874874,180,9848.9932,428.4097,-2.88,-4.32
874875,180,9848.9932,428.4638,-2.88,-2.88
874885,180,9856.4453,428.4638,-2.88,-2.88
874887,180,9856.4453,428.6533,-2.88,-2.88
874897,180,9863.2119,428.6533,-2.88,-4.32
874899,180,9863.2119,428.8247,-2.88,-4.32
874908,180,9856.2744,428.8247,-2.88,-4.32
874911,180,9856.2744,428.8654,-2.88,-4.32
874919,180,9852.6768,428.8654,-2.88,-2.88
874923,180,9852.6768,428.6488,-2.88,-4.32
874930,180,9856.1885,428.6488,-2.88,-2.88
874935,180,9856.1885,428.4999,-1.44,-2.88
874941,180,9850.2783,428.4999,-2.88,-4.32
874947,180,9850.2783,428.6984,-2.88,-2.88
874952,180,9845.9102,428.6984,-2.88,-4.32
874959,180,9845.9102,429.2263,-2.88,-4.32
874963,180,9844.0254,429.2263,-2.88,-2.88
874971,180,9844.0254,429.1541,-2.88,-2.88
874974,180,9847.7090,429.1541,-4.32,-2.88
874982,180,9847.7090,429.0729,-2.88,-2.88
874985,180,9848.6504,429.0729,-2.88,-2.88
874994,180,9848.6504,428.9556,-2.88,-2.88
874996,180,9844.9678,428.9556,-2.88,-4.32
875006,180,9844.9678,429.0503,-2.88,-2.88
875007,180,9843.0830,429.0503,-2.88,-2.88
875018,180,9843.0830,428.9420,-2.88,-2.88
875018,180,9843.4258,428.9420,-2.88,-2.88
875030,180,9849.3359,428.9420,-2.88,-2.88
875030,180,9849.3359,428.8202,-2.88,-2.88
875041,180,9849.9355,428.8202,-4.32,-2.88
875042,180,9849.9355,428.7390,-2.88,-2.88
875052,180,9839.6572,428.7390,-2.88,-2.88
875054,180,9839.6572,429.0007,-2.88,-2.88
875063,180,9853.5332,429.0007,-4.32,-2.88
875066,180,9853.5332,429.2759,-4.32,-2.88
875074,180,9850.8779,429.2759,-2.88,-2.88
875078,180,9850.8779,429.3526,-2.88,-2.88
875085,180,9848.5654,429.3526,-2.88,-2.88
875090,180,9848.5654,429.8354,-2.88,-2.88
875096,180,9844.7969,429.8354,-2.88,-4.32
875101,180,9844.7969,429.8985,-2.88,-2.88
875107,180,9851.3057,429.8985,-2.88,-2.88
875113,180,9851.3057,430.0790,-2.88,-2.88
875118,180,9848.4795,430.0790,-2.88,-2.88
875125,180,9848.4795,430.0654,-2.88,-2.88
875129,180,9849.1650,430.0654,-2.88,-2.88
875137,180,9849.1650,429.7767,-2.88,-2.88
875140,180,9857.8154,429.7767,-4.32,-2.88
875149,180,9857.8154,429.4970,-2.88,-2.88
875151,180,9858.4150,429.4970,-2.88,-2.88
875161,180,9858.4150,429.4428,-2.88,-4.32
875163,180,9849.6787,429.4428,-2.88,-2.88
875173,180,9849.6787,429.6865,-4.32,-2.88
875174,180,9848.7363,429.6865,-2.88,-2.88
875185,180,9848.7363,429.4699,-2.88,-2.88
875185,180,9851.5635,429.4699,-2.88,-2.88
875196,180,9847.7939,429.4699,-2.88,-4.32
875197,180,9847.7939,429.3481,-4.32,-2.88
875207,180,9845.5674,429.3481,-2.88,-4.32
875208,180,9845.5674,429.7361,-4.32,-2.88
875218,180,9846.9375,429.7361,-2.88,-2.88
875220,180,9846.9375,429.5601,-4.32,-2.88
875229,180,9848.8223,429.5601,-2.88,-4.32
875232,180,9848.8223,429.2082,-2.88,-2.88
875240,180,9849.9355,429.2082,-2.88,-2.88
875244,180,9849.9355,429.0413,-2.88,-2.88
875251,180,9852.5908,429.0413,-2.88,-2.88
875256,180,9852.5908,429.1992,-2.88,-2.88
875262,180,9850.3643,429.1992,-2.88,-4.32
875268,180,9850.3643,429.3887,-2.88,-2.88
875273,180,9856.4453,429.3887,-2.88,-4.32
875280,180,9856.4453,429.1992,-2.88,-4.32
875285,180,9849.4219,429.1992,-2.88,-2.88
875292,180,9849.4219,429.2398,-2.88,-2.88
875296,180,9852.7617,429.2398,-2.88,-4.32
875304,180,9852.7617,428.9691,-1.44,-2.88
875307,180,9846.4238,428.9691,-2.88,-2.88
875315,180,9846.4238,429.3120,-2.88,-2.88
875318,180,9842.3984,429.3120,-2.88,-2.88
875327,180,9842.3984,429.1947,-2.88,-2.88
875329,180,9841.3701,429.1947,-2.88,-2.88
875339,180,9841.3701,429.2127,-2.88,-2.88
875340,180,9842.3125,429.2127,-2.88,-4.32
875351,180,9845.8242,429.2127,-2.88,-2.88
875351,180,9845.8242,429.5105,-2.88,-2.88
875362,180,9841.7988,429.5105,-2.88,-4.32
875363,180,9841.7988,429.2894,-2.88,-2.88
875373,180,9846.7666,429.2894,-2.88,-2.88
875375,180,9846.7666,429.2353,-2.88,-2.88
875384,180,9852.5049,429.2353,-2.88,-2.88
875387,180,9852.5049,429.3300,-2.88,-2.88
875395,180,9845.9102,429.3300,-4.32,-2.88
875399,180,9845.9102,429.1315,-2.88,-2.88
875406,180,9843.9395,429.1315,-2.88,-4.32
875411,180,9843.9395,429.4789,-2.88,-2.88
875418,180,9842.9980,429.4789,-4.32,-2.88
875423,180,9842.9980,429.5556,-2.88,-2.88
875429,180,9839.0576,429.5556,-4.32,-4.32
875434,180,9839.0576,429.3391,-2.88,-4.32
875440,180,9840.5996,429.3391,-2.88,-4.32
875446,180,9840.5996,429.3706,-2.88,-2.88
875451,180,9845.9951,429.3706,-2.88,-4.32
875458,180,9845.9951,429.2263,-2.88,-2.88
875462,180,9850.9639,429.2263,-2.88,-2.88
875470,180,9850.9639,429.4067,-4.32,-2.88
875473,180,9854.5605,429.4067,-2.88,-2.88
875482,180,9854.5605,429.2534,-2.88,-2.88
875484,180,9858.1582,429.2534,-2.88,-4.32
875494,180,9858.1582,429.4383,-4.32,-4.32
875495,180,9849.7646,429.4383,-2.88,-2.88
875506,180,9849.7646,429.5601,-2.88,-4.32
875506,180,9849.0791,429.5601,-2.88,-2.88
875517,180,9846.2529,429.5601,-4.32,-2.88
875518,180,9846.2529,429.7632,-2.88,-2.88
875528,180,9850.1924,429.7632,-2.88,-4.32
875530,180,9850.1924,429.5782,-2.88,-2.88
875539,180,9855.3320,429.5782,-2.88,-2.88
875542,180,9855.3320,429.5646,-2.88,-2.88
875551,180,9851.4775,429.5646,-2.88,-4.32
875553,180,9851.4775,429.5240,-2.88,-2.88
875562,180,9847.6230,429.5240,-2.88,-2.88
875565,180,9847.6230,429.3932,-4.32,-2.88
875573,180,9851.9053,429.3932,-2.88,-4.32
875577,180,9851.9053,429.1676,-2.88,-2.88
875584,180,9846.6807,429.1676,-2.88,-2.88
875589,180,9846.6807,429.2353,-2.88,-2.88
875595,180,9857.3018,429.2353,-2.88,-4.32
875601,180,9857.3018,429.4744,-2.88,-2.88
875606,180,9862.3555,429.4744,-2.88,-4.32
875613,180,9862.3555,429.4428,-2.88,-4.32
875617,180,9855.0752,429.4428,-2.88,-2.88
875625,180,9855.0752,429.4699,-2.88,-2.88
875628,180,9845.7383,429.4699,-4.32,-4.32
875637,180,9845.7383,429.5331,-4.32,-2.88
875639,180,9847.4521,429.5331,-2.88,-2.88
875649,180,9847.4521,429.5015,-4.32,-4.32
875650,180,9853.7041,429.5015,-2.88,-4.32
875660,180,9853.7041,429.2714,-2.88,-4.32
875661,180,9851.7344,429.2714,-2.88,-2.88
875672,180,9851.7344,429.3661,-2.88,-2.88
875672,180,9861.2422,429.3661,-2.88,-2.88
875684,180,9857.8154,429.3661,-2.88,-2.88
875684,180,9857.8154,429.4925,-2.88,-2.88
875695,180,9849.3359,429.4925,-2.88,-2.88
875696,180,9849.3359,429.0548,-2.88,-2.88
875706,180,9854.4756,429.0548,-2.88,-2.88
875708,180,9854.4756,429.2263,-2.88,-2.88
875717,180,9858.1582,429.2263,-2.88,-2.88
875720,180,9858.1582,429.3030,-2.88,-2.88
875728,180,9847.2803,429.3030,-2.88,-2.88
875732,180,9847.2803,429.6774,-2.88,-2.88
875739,180,9849.9355,429.6774,-2.88,-2.88
875744,180,9849.9355,429.7632,-2.88,-2.88
875750,180,9855.5889,429.7632,-2.88,-2.88
875756,180,9855.5889,429.7090,-2.88,-4.32
875761,180,9854.5605,429.7090,-2.88,-4.32
875768,180,9854.5605,429.6233,-2.88,-2.88
875772,180,9849.4219,429.6233,-2.88,-4.32
875779,180,9849.4219,429.6594,-2.88,-2.88
875783,180,9845.8242,429.6594,-2.88,-4.32
875791,180,9845.8242,429.5240,-2.88,-2.88
875794,180,9848.0518,429.5240,-2.88,-4.32
875803,180,9848.0518,429.6007,-2.88,-4.32
875806,180,9847.0234,429.6007,-2.88,-2.88
875815,180,9847.0234,429.4518,-2.88,-4.32
875817,180,9841.5420,429.4518,-2.88,-2.88
875827,180,9841.5420,429.2488,-2.88,-2.88
875828,180,9851.8203,429.2488,-2.88,-2.88
875839,180,9844.5391,429.2488,-2.88,-2.88
875839,180,9844.5391,428.8563,-2.88,-2.88
875850,180,9840.0859,428.8563,-2.88,-4.32
875851,180,9840.0859,429.1496,-2.88,-2.88
875861,180,9852.8477,429.1496,-4.32,-2.88
875863,180,9852.8477,429.3255,-2.88,-2.88
875872,180,9852.5049,429.3255,-2.88,-2.88
875875,180,9852.5049,429.3526,-4.32,-4.32
875883,180,9846.3379,429.3526,-2.88,-4.32
875886,180,9846.3379,429.2804,-4.32,-2.88
875894,180,9844.8818,429.2804,-2.88,-2.88
875898,180,9844.8818,429.3752,-2.88,-1.44
875905,180,9842.9980,429.3752,-2.88,-2.88
875910,180,9842.9980,429.4925,-2.88,-2.88
875916,180,9849.5928,429.4925,-2.88,-4.32
875927,180,9850.1074,429.4925,-2.88,-2.88
875934,180,9850.1074,429.6955,-2.88,-4.32
875939,180,9848.9082,429.6955,-2.88,-2.88
875946,180,9848.9082,429.3797,-2.88,-4.32
875950,180,9848.4795,429.3797,-2.88,-4.32
875958,180,9848.4795,429.5556,-2.88,-2.88
875961,180,9847.7939,429.5556,-2.88,-4.32
875970,180,9847.7939,429.7000,-2.88,-2.88
875972,180,9853.4473,429.7000,-2.88,-4.32
875982,180,9853.4473,429.9797,-2.88,-2.88
875983,180,9846.9375,429.9797,-2.88,-4.32
875993,180,9846.9375,429.7316,-2.88,-2.88
875994,180,9843.0830,429.7316,-2.88,-2.88
876005,180,9842.6553,429.7316,-2.88,-4.32
876005,180,9842.6553,429.4022,-2.88,-2.88
876016,180,9841.6270,429.4022,-4.32,-4.32
876017,180,9841.6270,429.4744,-2.88,-2.88
876027,180,9840.0000,429.4744,-4.32,-4.32
876029,180,9840.0000,429.5286,-2.88,-4.32
876038,180,9848.3086,429.5286,-2.88,-4.32
876041,180,9848.3086,429.2578,-2.88,-2.88
876049,180,9845.9951,429.2578,-2.88,-2.88
876053,180,9845.9951,429.5331,-2.88,-2.88
876060,180,9838.9717,429.5331,-2.88,-2.88
876065,180,9838.9717,429.2714,-2.88,-4.32
876072,180,9832.7197,429.2714,-2.88,-2.88
876077,180,9832.7197,429.3932,-2.88,-4.32
876083,180,9833.8330,429.3932,-2.88,-2.88
876089,180,9833.8330,429.7496,-2.88,-2.88
876094,180,9840.5137,429.7496,-4.32,-2.88
876101,180,9840.5137,429.5466,-2.88,-2.88
876105,180,9844.7969,429.5466,-2.88,-4.32
876112,180,9844.7969,429.2804,-2.88,-2.88
876116,180,9841.4561,429.2804,-2.88,-4.32
876124,180,9841.4561,429.3165,-2.88,-2.88
876127,180,9840.6855,429.3165,-2.88,-4.32
876138,180,9845.3965,429.3165,-2.88,-4.32
876148,180,9845.3965,429.0909,-2.88,-2.88
876149,180,9847.9658,429.0909,-2.88,-2.88
876160,180,9847.9658,429.1045,-2.88,-2.88
876160,180,9843.6826,429.1045,-2.88,-2.88
876171,180,9842.6553,429.1045,-2.88,-4.32
876172,180,9842.6553,429.0864,-2.88,-2.88
876182,180,9835.3750,429.0864,-2.88,-4.32
876184,180,9835.3750,429.1766,-2.88,-4.32
876194,180,9843.8545,429.1766,-4.32,-4.32
876196,180,9843.8545,429.1360,-2.88,-2.88
876205,180,9846.7666,429.1360,-2.88,-2.88
876208,180,9846.7666,429.0864,-2.88,-2.88
876216,180,9851.9053,429.0864,-2.88,-2.88
876219,180,9851.9053,429.1225,-2.88,-2.88
876227,180,9845.3105,429.1225,-2.88,-4.32
876231,180,9845.3105,429.3752,-2.88,-2.88
876238,180,9846.2529,429.3752,-4.32,-4.32
876243,180,9846.2529,428.9691,-4.32,-4.32
876249,180,9855.5029,428.9691,-2.88,-4.32
876255,180,9855.5029,428.9511,-2.88,-4.32
876260,180,9850.2783,428.9511,-2.88,-2.88
876267,180,9850.2783,428.7616,-4.32,-4.32
876271,180,9848.6504,428.7616,-2.88,-2.88
876279,180,9848.6504,428.8924,-2.88,-2.88
876282,180,9848.7363,428.8924,-2.88,-4.32
876291,180,9848.7363,429.3436,-2.88,-2.88
876293,180,9843.6826,429.3436,-2.88,-4.32
876303,180,9843.6826,429.4474,-2.88,-4.32
876304,180,9844.3682,429.4474,-2.88,-4.32
876315,180,9844.3682,429.5060,-2.88,-2.88
876315,180,9846.8525,429.5060,-2.88,-2.88
876327,180,9846.8525,429.0278,-2.88,-2.88
876327,180,9844.3682,429.0278,-2.88,-2.88
876338,180,9836.9160,429.0278,-2.88,-2.88
876338,180,9836.9160,428.8247,-2.88,-2.88
876349,180,9841.9697,428.8247,-2.88,-2.88
876350,180,9841.9697,428.8879,-2.88,-2.88
876360,180,9844.7109,428.8879,-2.88,-2.88
876362,180,9844.7109,428.9962,-2.88,-2.88
876371,180,9841.8838,428.9962,-2.88,-2.88
876374,180,9841.8838,428.6307,-2.88,-2.88
876382,180,9842.8262,428.6307,-2.88,-2.88
876386,180,9842.8262,428.8698,-2.88,-2.88
876393,180,9848.1367,428.8698,-4.32,-4.32
876398,180,9848.1367,429.1766,-2.88,-2.88
876404,180,9848.7363,429.1766,-2.88,-4.32
876410,180,9848.7363,429.1947,-2.88,-2.88
876415,180,9842.9980,429.1947,-2.88,-2.88
876422,180,9842.9980,429.1766,-2.88,-2.88
876426,180,9837.2588,429.1766,-2.88,-4.32
876434,180,9837.2588,429.2669,-2.88,-2.88
876437,180,9833.3193,429.2669,-2.88,-2.88
876445,180,9833.3193,428.9826,-2.88,-4.32
876449,180,9832.3770,428.9826,-2.88,-2.88
876457,180,9832.3770,428.9736,-2.88,-4.32
876460,180,9839.1436,428.9736,-2.88,-2.88
876469,180,9839.1436,429.0999,-1.44,-2.88
876471,180,9838.5439,429.0999,-2.88,-4.32
876481,180,9838.5439,429.2804,-2.88,-2.88
876482,180,9838.1152,429.2804,-2.88,-4.32
876493,180,9842.1416,429.2804,-2.88,-4.32
876493,180,9842.1416,429.3797,-2.88,-2.88
876504,180,9848.3936,429.3797,-2.88,-4.32
876505,180,9848.3936,429.7090,-1.44,-2.88
876515,180,9845.8242,429.7090,-2.88,-4.32
876517,180,9845.8242,429.6504,-2.88,-2.88
876526,180,9847.0234,429.6504,-2.88,-4.32
876537,180,9851.8203,429.6504,-4.32,-2.88
876541,180,9851.8203,429.5737,-2.88,-2.88
876548,180,9843.5117,429.5737,-2.88,-2.88
876553,180,9843.5117,429.5331,-2.88,-2.88
876559,180,9845.7383,429.5331,-2.88,-2.88
876564,180,9845.7383,429.4067,-2.88,-2.88
876570,180,9850.0215,429.4067,-2.88,-4.32
876576,180,9850.0215,429.6143,-2.88,-2.88
876582,180,9848.7363,429.6143,-2.88,-4.32
876588,180,9848.7363,429.8895,-2.88,-4.32
876593,180,9844.6250,429.8895,-2.88,-2.88
876600,180,9844.6250,429.8534,-2.88,-2.88
876604,180,9846.3379,429.8534,-2.88,-2.88
876612,180,9846.3379,430.1782,-2.88,-1.44
876615,180,9858.3301,430.1782,-2.88,-2.88
876624,180,9858.3301,429.8354,-4.32,-2.88
876626,180,9856.1885,429.8354,-2.88,-2.88
876636,180,9856.1885,429.9752,-2.88,-2.88
876637,180,9848.7363,429.9752,-2.88,-2.88
876648,180,9848.7363,430.0519,-2.88,-2.88
876648,180,9841.6270,430.0519,-4.32,-2.88
876659,180,9844.2822,430.0519,-2.88,-4.32
876660,180,9844.2822,430.0293,-2.88,-2.88
876670,180,9844.3682,430.0293,-2.88,-2.88
876671,180,9844.3682,430.1151,-2.88,-4.32
876681,180,9839.1436,430.1151,-2.88,-4.32
876683,180,9839.1436,430.1466,-2.88,-2.88
876692,180,9844.7969,430.1466,-2.88,-4.32
876695,180,9844.7969,430.0023,-4.32,-2.88
876704,180,9845.0537,430.0023,-2.88,-1.44
876707,180,9845.0537,429.8308,-2.88,-2.88
876715,180,9845.9951,429.8308,-1.44,-4.32
876719,180,9845.9951,429.8083,-2.88,-4.32
876726,180,9856.0166,429.8083,-2.88,-4.32
876731,180,9856.0166,429.6098,-2.88,-2.88
876737,180,9850.7061,429.6098,-2.88,-4.32
876743,180,9850.7061,429.7812,-2.88,-4.32
876748,180,9853.4473,429.7812,-2.88,-4.32
876755,180,9853.4473,429.7947,-2.88,-2.88
876759,180,9854.3037,429.7947,-2.88,-2.88
876767,180,9854.3037,429.8398,-2.88,-4.32
876770,180,9854.4756,429.8398,-2.88,-2.88
876778,180,9854.4756,430.1647,-4.32,-2.88
876781,180,9860.3857,430.1647,-2.88,-2.88
876790,180,9860.3857,429.8173,-2.88,-2.88
876792,180,9849.9355,429.8173,-2.88,-2.88
876802,180,9849.9355,429.9797,-2.88,-2.88
876803,180,9845.5674,429.9797,-2.88,-2.88
876814,180,9845.5674,429.9346,-2.88,-2.88
876814,180,9857.6445,429.9346,-2.88,-2.88
876825,180,9856.5312,429.9346,-4.32,-4.32
876826,180,9856.5312,430.0790,-2.88,-2.88
876837,180,9848.7363,430.0790,-2.88,-2.88
876838,180,9848.7363,430.0384,-2.88,-4.32
876848,180,9853.7041,430.0384,-2.88,-4.32
876850,180,9853.7041,429.9617,-2.88,-4.32
876859,180,9855.1602,429.9617,-2.88,-4.32
876862,180,9855.1602,429.8895,-2.88,-4.32
876870,180,9857.1309,429.8895,-2.88,-2.88
876874,180,9857.1309,430.1015,-2.88,-2.88
876881,180,9856.1885,430.1015,-2.88,-2.88
876886,180,9856.1885,429.6323,-2.88,-2.88
876892,180,9858.4150,429.6323,-2.88,-2.88
876897,180,9858.4150,429.5962,-2.88,-2.88
876903,180,9855.7598,429.5962,-2.88,-2.88
876909,180,9855.7598,429.6865,-2.88,-5.75
876914,180,9851.3057,429.6865,-2.88,-4.32
876921,180,9851.3057,429.5331,-2.88,-2.88
876925,180,9856.7881,429.5331,-2.88,-4.32
876933,180,9856.7881,429.3165,-2.88,-2.88
876936,180,9851.1348,429.3165,-2.88,-2.88
876945,180,9851.1348,429.3346,-2.88,-2.88
876947,180,9852.9336,429.3346,-2.88,-2.88
876957,180,9852.9336,429.4383,-2.88,-2.88
876958,180,9859.7861,429.4383,-2.88,-2.88
876969,180,9859.7861,429.4248,-2.88,-2.88
876970,180,9854.4756,429.4248,-2.88,-4.32
876981,180,9849.5078,429.4248,-2.88,-2.88
876981,180,9849.5078,429.7090,-2.88,-2.88
876992,180,9854.7324,429.7090,-2.88,-4.32
876993,180,9854.7324,429.6458,-2.88,-2.88
877003,180,9859.3574,429.6458,-2.88,-2.88
877004,180,9859.3574,429.5962,-2.88,-2.88
877014,180,9854.0469,429.5962,-2.88,-5.75
877016,180,9854.0469,429.5556,-2.88,-2.88
877025,180,9847.8799,429.5556,-2.88,-4.32
877028,180,9847.8799,429.6955,-2.88,-2.88
877036,180,9846.3379,429.6955,-2.88,-2.88
877040,180,9846.3379,429.4158,-2.88,-4.32
877047,180,9846.6807,429.4158,-2.88,-2.88
877052,180,9846.6807,429.2939,-4.32,-2.88
877058,180,9856.1885,429.2939,-2.88,-2.88
877064,180,9856.1885,429.3255,-2.88,-2.88
877069,180,9852.3340,429.3255,-2.88,-1.44
877076,180,9852.3340,429.6233,-2.88,-2.88
877080,180,9849.1650,429.6233,-2.88,-4.32
877088,180,9849.1650,429.2398,-2.88,-2.88
877092,180,9852.4199,429.2398,-2.88,-2.88
877100,180,9852.4199,429.0594,-2.88,-2.88
877103,180,9860.0430,429.0594,-2.88,-2.88
877111,180,9860.0430,429.2218,-2.88,-2.88
877114,180,9858.8438,429.2218,-2.88,-2.88
877123,180,9858.8438,429.7767,-2.88,-4.32
877125,180,9859.7002,429.7767,-2.88,-2.88
877135,180,9859.7002,429.7271,-4.32,-2.88
877136,180,9860.2139,429.7271,-2.88,-2.88
877147,180,9858.9297,429.7271,-2.88,-4.32
877147,180,9858.9297,429.5105,-2.88,-4.32
877158,180,9857.8154,429.5105,-2.88,-4.32
877159,180,9857.8154,429.5646,-2.88,-4.32
877169,180,9854.2188,429.5646,-2.88,-2.88
877171,180,9854.2188,429.6819,-2.88,-4.32
877180,180,9852.4199,429.6819,-2.88,-2.88
877183,180,9852.4199,429.6684,-2.88,-2.88
877191,180,9862.5264,429.6684,-2.88,-2.88
877195,180,9862.5264,429.1721,-2.88,-1.44
877202,180,9862.0127,429.1721,-2.88,-4.32
877207,180,9862.0127,429.3165,-2.88,-2.88
877213,180,9863.2979,429.3165,-2.88,-2.88
877219,180,9863.2979,429.3932,-2.88,-2.88
877225,180,9865.8672,429.3932,-4.32,-1.44
877230,180,9865.8672,429.6684,-2.88,-2.88
877236,180,9862.0127,429.6684,-2.88,-2.88
877242,180,9862.0127,429.8624,-2.88,-1.44
877247,180,9856.0166,429.8624,-2.88,-1.44
877254,180,9856.0166,429.5240,-2.88,0.00
877258,180,9858.0723,429.5240,-4.32,0.00
877266,180,9858.0723,429.2985,-2.88,0.00
877269,180,9862.6123,429.2985,-4.32,0.00
877278,180,9862.6123,429.6819,-2.88,1.44
877280,180,9861.4990,429.6819,-2.88,0.00
877290,180,9861.4990,429.2804,-2.88,4.32
877291,180,9868.7793,429.2804,-2.88,4.32
877302,180,9868.7793,429.0097,-4.32,5.75
877302,180,9865.4385,429.0097,-2.88,7.19
877313,180,9855.5889,429.0097,-2.88,5.75
877314,180,9855.5889,428.8518,-2.88,4.32
877324,180,9864.0684,428.8518,-2.88,5.75
877326,180,9864.0684,428.9646,-2.88,5.75
877335,180,9863.3828,428.9646,-2.88,5.75
877337,180,9863.3828,429.2669,-2.88,5.75
877346,180,9859.1865,429.2669,-2.88,7.19
877349,180,9859.1865,429.4067,-2.88,5.75
877358,180,9860.2139,429.4067,-2.88,7.19
877361,180,9860.2139,429.3165,-2.88,5.75
877369,180,9861.3271,429.3165,-2.88,4.32
877373,180,9861.3271,429.2488,-2.88,5.75
877380,180,9860.8135,429.2488,-2.88,5.75
877385,180,9860.8135,429.2985,-2.88,5.75
877391,180,9852.2480,429.2985,-2.88,5.75
877397,180,9852.2480,429.3977,-2.88,5.75
877402,180,9846.2529,429.3977,-2.88,7.19
877409,180,9846.2529,429.3436,-2.88,5.75
877413,180,9861.6699,429.3436,-2.88,4.32
877421,180,9861.6699,429.3346,-2.88,7.19
877424,180,9865.5244,429.3346,-2.88,4.32
877433,180,9865.5244,428.8834,-2.88,5.75
877435,180,9858.8438,428.8834,-4.32,7.19
877444,180,9858.8438,428.6623,-4.32,5.75
877446,180,9852.2480,428.6623,-2.88,4.32
877456,180,9852.2480,428.4593,-2.88,4.32
877457,180,9854.4756,428.4593,-2.88,2.88
877468,180,9854.4756,428.8112,-2.88,1.44
877468,180,9855.5029,428.8112,-2.88,1.44
877480,180,9855.5029,428.8112,-2.88,1.44
877480,180,9858.0723,428.8112,-2.88,1.44
877480,180,9858.0723,429.2578,-4.32,1.44
877491,180,9852.1631,429.2578,-2.88,1.44
877492,180,9852.1631,428.8157,-1.44,2.88
877502,180,9841.7988,428.8157,-2.88,1.44
877504,180,9841.7988,428.5360,-2.88,1.44
877513,180,9847.6230,428.5360,-2.88,2.88
877516,180,9847.6230,428.7751,-2.88,1.44
877524,180,9848.9932,428.7751,-2.88,1.44
877528,180,9848.9932,428.6894,-2.88,0.00
877535,180,9856.9590,428.6894,-2.88,1.44
877540,180,9856.9590,429.0503,-2.88,1.44
877546,180,9855.2461,429.0503,-2.88,1.44
877557,180,9859.1006,429.0503,-2.88,1.44
877563,180,9859.1006,429.1315,-2.88,2.88
877568,180,9858.0723,429.1315,-2.88,1.44
877575,180,9858.0723,428.8969,-4.32,0.00
877579,180,9858.9297,428.8969,-2.88,1.44
877587,180,9858.9297,428.4638,-2.88,0.00
877590,180,9856.9590,428.4638,-2.88,1.44
877599,180,9856.9590,428.7119,-2.88,2.88
877601,180,9858.4150,428.7119,-2.88,1.44
877611,180,9858.4150,428.6398,-2.88,2.88
877613,180,9868.0088,428.6398,-2.88,1.44
877623,180,9868.0088,428.5721,-2.88,1.44
877624,180,9871.6055,428.5721,-2.88,2.88
877635,180,9870.3213,428.5721,-2.88,1.44
877635,180,9870.3213,428.4142,-2.88,1.44
877646,180,9875.3750,428.4142,-2.88,0.00
877647,180,9875.3750,428.2021,-2.88,0.00
877657,180,9870.4062,428.2021,-2.88,0.00
877659,180,9870.4062,428.7526,-2.88,1.44
877668,180,9871.5205,428.7526,-4.32,1.44
877670,180,9871.5205,428.7300,-2.88,1.44
877679,180,9876.8311,428.7300,-2.88,2.88
877682,180,9876.8311,428.9646,-2.88,1.44
877690,180,9880.6855,428.9646,-2.88,2.88
877694,180,9880.6855,429.0638,-2.88,1.44
877701,180,9888.1367,429.0638,-2.88,2.88
877706,180,9888.1367,428.7571,-2.88,0.00
877712,180,9894.3037,428.7571,-2.88,1.44
877718,180,9894.3037,428.6488,-2.88,1.44
877723,180,9888.5654,428.6488,-2.88,0.00
877730,180,9888.5654,428.6714,-1.44,1.44
877734,180,9892.6768,428.6714,-1.44,1.44
877742,180,9892.6768,428.8338,-2.88,-1.44
877746,180,9902.4414,428.8338,-2.88,-2.88
877754,180,9902.4414,428.4638,-2.88,-1.44
877757,180,9901.0703,428.4638,-2.88,0.00
877766,180,9901.0703,428.4864,-2.88,-2.88
877768,180,9900.6426,428.4864,-2.88,-2.88
877778,180,9900.6426,428.3781,-2.88,-2.88
877779,180,9898.5010,428.3781,-2.88,-4.32
877789,180,9898.5010,428.9105,-2.88,-2.88
877790,180,9873.6611,428.9105,-2.88,-4.32
877801,180,9858.4150,428.9105,-2.88,-4.32
877801,180,9858.4150,429.3842,-1.44,-2.88
877812,180,9859.0146,429.3842,-2.88,-2.88
877813,180,9859.0146,429.0548,-2.88,-2.88
877823,180,9858.5010,429.0548,-2.88,-2.88
877825,180,9858.5010,428.9330,-2.88,-4.32
877834,180,9854.7324,428.9330,-2.88,-2.88
877837,180,9854.7324,428.7886,-2.88,-4.32
877845,180,9850.0215,428.7886,-2.88,-2.88
877849,180,9850.0215,428.9872,-2.88,-2.88
877856,180,9840.9424,428.9872,-2.88,-4.32
877861,180,9840.9424,429.2263,-2.88,-2.88
877868,180,9845.7383,429.2263,-2.88,-2.88
877873,180,9845.7383,429.0774,-2.88,-2.88
877879,180,9852.0771,429.0774,-2.88,-2.88
877885,180,9852.0771,428.9872,-2.88,-2.88
877890,180,9850.2783,428.9872,-2.88,-2.88
877896,180,9850.2783,428.9646,-1.44,-2.88
877901,180,9848.8223,428.9646,-2.88,-2.88
877908,180,9848.8223,429.0052,-4.32,-2.88
877912,180,9854.1328,429.0052,-2.88,-2.88
877920,180,9854.1328,429.1676,-2.88,-2.88
877923,180,9856.1025,429.1676,-2.88,-2.88
877932,180,9856.1025,429.0594,-2.88,-2.88
877934,180,9850.0215,429.0594,-2.88,-4.32
877944,180,9850.0215,429.0323,-2.88,-2.88
877945,180,9852.9336,429.0323,-2.88,-4.32
877956,180,9852.9336,428.9601,-2.88,-2.88
877956,180,9854.2188,428.9601,-2.88,-2.88
877967,180,9855.4170,428.9601,-2.88,-2.88
877968,180,9855.4170,428.9872,-2.88,-2.88
877978,180,9849.5078,428.9872,-2.88,-4.32
877980,180,9849.5078,429.0954,-2.88,-2.88
877989,180,9848.7363,429.0954,-4.32,-2.88
877992,180,9848.7363,429.1315,-2.88,-2.88
878001,180,9849.0791,429.1315,-2.88,-2.88
878004,180,9849.0791,428.8834,-2.88,-2.88
878012,180,9857.5586,428.8834,-2.88,-4.32
878015,180,9857.5586,428.7841,-2.88,-2.88
878023,180,9862.9551,428.7841,-2.88,-4.32
878027,180,9862.9551,428.8202,-2.88,-2.88
878034,180,9864.0684,428.8202,-2.88,-2.88
878039,180,9864.0684,428.8789,-2.88,-2.88
878045,180,9861.8418,428.8789,-2.88,-4.32
878051,180,9861.8418,428.8563,-2.88,-4.32
878056,180,9862.7832,428.8563,-2.88,-4.32
878063,180,9862.7832,428.5540,-2.88,-2.88
878067,180,9859.6143,428.5540,-2.88,-2.88
878075,180,9859.6143,428.5089,-2.88,-2.88
878078,180,9857.3018,428.5089,-2.88,-2.88
878087,180,9857.3018,428.7526,-2.88,-2.88
878089,180,9852.6768,428.7526,-2.88,-2.88
878099,180,9852.6768,428.8518,-2.88,-4.32
878100,180,9844.0254,428.8518,-2.88,-2.88
878111,180,9844.0254,428.6894,-2.88,-2.88
878111,180,9837.3447,428.6894,-2.88,-1.44
878122,180,9841.9697,428.6894,-2.88,-2.88
878123,180,9841.9697,428.5270,-2.88,-2.88
878134,180,9845.5674,428.5270,-2.88,-2.88
878134,180,9845.5674,428.5225,-2.88,-2.88
878145,180,9853.7900,428.5225,-2.88,-4.32
878146,180,9853.7900,428.7074,-2.88,-2.88
878156,180,9852.9336,428.7074,-2.88,-4.32
878158,180,9852.9336,428.6533,-2.88,-2.88
878167,180,9851.9053,428.6533,-2.88,-4.32
878170,180,9851.9053,428.5631,-2.88,-2.88
878178,180,9859.4434,428.5631,-2.88,-2.88
878182,180,9859.4434,428.7255,-1.44,-2.88
878189,180,9853.1904,428.7255,-2.88,-2.88
878194,180,9853.1904,428.7661,-2.88,-2.88
878200,180,9846.5947,428.7661,-2.88,-2.88
878206,180,9846.5947,428.5540,-2.88,-2.88
878211,180,9854.7324,428.5540,-2.88,-4.32
878218,180,9854.7324,428.1886,-2.88,-2.88
878222,180,9857.8154,428.1886,-2.88,-2.88
878230,180,9857.8154,427.9766,-2.88,-2.88
878233,180,9846.5098,427.9766,-2.88,-4.32
878241,180,9846.5098,428.4909,-2.88,-4.32
878244,180,9847.9658,428.4909,-2.88,-4.32
878253,180,9847.9658,428.6307,-2.88,-2.88
878255,180,9853.7900,428.6307,-2.88,-2.88
878265,180,9853.7900,428.8834,-2.88,-2.88
878267,180,9854.6465,428.8834,-2.88,-2.88
878277,180,9854.6465,428.7932,-2.88,-2.88
878278,180,9845.5674,428.7932,-4.32,-2.88
878289,180,9844.3682,428.7932,-2.88,-2.88
878289,180,9844.3682,428.6758,-2.88,-1.44
878300,180,9845.8242,428.6758,-2.88,-2.88
878301,180,9845.8242,429.1135,-2.88,-2.88
878311,180,9847.7939,429.1135,-2.88,-4.32
878313,180,9847.7939,428.7210,-2.88,-2.88
878322,180,9848.4795,428.7210,-2.88,-4.32
878325,180,9848.4795,428.6488,-2.88,-2.88
878333,180,9838.8008,428.6488,-4.32,-2.88
878337,180,9838.8008,428.5811,-2.88,-2.88
878344,180,9842.8262,428.5811,-2.88,-4.32
878348,180,9842.8262,428.4593,-2.88,-2.88
878355,180,9848.6504,428.4593,-2.88,-2.88
878360,180,9848.6504,428.2518,-2.88,-2.88
878366,180,9847.7939,428.2518,-2.88,-2.88
878372,180,9847.7939,428.4819,-2.88,-2.88
878377,180,9855.1602,428.4819,-2.88,-4.32
878384,180,9855.1602,428.6894,-4.32,-2.88
878388,180,9855.2461,428.6894,-2.88,-4.32
878396,180,9855.2461,428.5676,-2.88,-2.88
878400,180,9849.6787,428.5676,-2.88,-2.88
878408,180,9849.6787,428.4909,-2.88,-2.88
878411,180,9845.3965,428.4909,-2.88,-4.32
878420,180,9845.3965,428.6894,-2.88,-2.88
878422,180,9842.8262,428.6894,-2.88,-2.88
878432,180,9842.8262,428.7526,-2.88,-4.32
878433,180,9846.2529,428.7526,-2.88,-2.88
878444,180,9846.2529,428.5856,-4.32,-2.88
878444,180,9849.8496,428.5856,-2.88,-2.88
878455,180,9850.3643,428.5856,-2.88,-2.88
878456,180,9850.3643,428.5901,-2.88,-2.88
878466,180,9847.5371,428.5901,-2.88,-2.88
878467,180,9847.5371,428.3736,-2.88,-2.88
878477,180,9850.0215,428.3736,-2.88,-2.88
878479,180,9850.0215,428.4142,-2.88,-4.32
878488,180,9858.1582,428.4142,-2.88,-4.32
878491,180,9858.1582,428.6353,-2.88,-2.88
878499,180,9859.6143,428.6353,-2.88,-2.88
878503,180,9859.6143,428.5811,-2.88,-2.88
878510,180,9856.1025,428.5811,-2.88,-4.32
878515,180,9856.1025,428.3555,-2.88,-4.32
878521,180,9859.6143,428.3555,-2.88,-4.32
878527,180,9859.6143,428.4097,-2.88,-2.88
878533,180,9862.1836,428.4097,-4.32,-2.88
878539,180,9862.1836,428.7165,-2.88,-2.88
878544,180,9861.6699,428.7165,-2.88,-2.88
878551,180,9861.6699,428.8247,-2.88,-2.88
878555,180,9853.1904,428.8247,-2.88,-2.88
878563,180,9853.1904,428.7029,-2.88,-2.88
878566,180,9845.5674,428.7029,-2.88,-2.88
878574,180,9845.5674,428.5315,-2.88,-2.88
878577,180,9844.6250,428.5315,-2.88,-2.88
878586,180,9844.6250,428.7165,-2.88,-2.88
878588,180,9841.1133,428.7165,-2.88,-2.88
878598,180,9841.1133,428.9420,-2.88,-2.88
878599,180,9843.9395,428.9420,-2.88,-2.88
878610,180,9845.0537,428.9420,-2.88,-2.88
878610,180,9845.0537,428.7661,-2.88,-4.32
878621,180,9842.3984,428.7661,-2.88,-4.32
878622,180,9842.3984,428.7841,-2.88,-2.88
878632,180,9849.8496,428.7841,-2.88,-4.32
878634,180,9849.8496,428.7074,-2.88,-2.88
878643,180,9855.8457,428.7074,-2.88,-2.88
878646,180,9855.8457,428.7480,-2.88,-2.88
878654,180,9845.0537,428.7480,-2.88,-2.88
878658,180,9845.0537,428.7751,-4.32,-4.32
878666,180,9848.3086,428.7751,-2.88,-4.32
878670,180,9848.3086,428.8022,-4.32,-2.88
878677,180,9852.4199,428.8022,-2.88,-2.88
878682,180,9852.4199,428.7796,-2.88,-2.88
878688,180,9853.9609,428.7796,-2.88,-4.32
878693,180,9853.9609,429.0638,-2.88,-2.88
878699,180,9853.1904,429.0638,-1.44,-4.32
878705,180,9853.1904,428.9420,-2.88,-2.88
878710,180,9849.4219,428.9420,-2.88,-2.88
878717,180,9849.4219,428.9511,-2.88,-4.32
878721,180,9849.8496,428.9511,-2.88,-4.32
878729,180,9849.8496,428.8428,-2.88,-4.32
878732,180,9853.0195,428.8428,-4.32,-2.88
878741,180,9853.0195,428.6398,-2.88,-2.88
878743,180,9856.7881,428.6398,-2.88,-4.32
878753,180,9856.7881,428.7526,-4.32,-2.88
878754,180,9861.4131,428.7526,-2.88,-4.32
878765,180,9861.4131,428.7841,-2.88,-2.88
878765,180,9862.0127,428.7841,-2.88,-4.32
878776,180,9856.7021,428.7841,-2.88,-2.88
878777,180,9856.7021,428.3059,-2.88,-2.88
878787,180,9855.3320,428.3059,-2.88,-2.88
878789,180,9855.3320,428.2969,-2.88,-2.88
878799,180,9847.5371,428.2969,-2.88,-2.88
878800,180,9847.5371,428.6623,-2.88,-2.88
878810,180,9841.0273,428.6623,-2.88,-2.88
878812,180,9841.0273,428.5586,-2.88,-4.32
878821,180,9843.4258,428.5586,-2.88,-4.32
878824,180,9843.4258,428.5946,-1.44,-2.88
878832,180,9839.1436,428.5946,-2.88,-2.88
878836,180,9839.1436,428.7751,-2.88,-2.88
878843,180,9843.2549,428.7751,-1.44,-4.32
878848,180,9843.2549,428.7029,-2.88,-4.32
878854,180,9851.1348,428.7029,-2.88,-4.32
878860,180,9851.1348,428.9330,-4.32,-2.88
878865,180,9848.6504,428.9330,-2.88,-4.32
878872,180,9848.6504,428.8338,-4.32,-2.88
878876,180,9847.8799,428.8338,-4.32,-4.32
878884,180,9847.8799,428.4909,-2.88,-2.88
878887,180,9848.9932,428.4909,-2.88,-2.88
878896,180,9848.9932,428.5631,-2.88,-2.88
878898,180,9854.6465,428.5631,-2.88,-2.88
878908,180,9854.6465,428.7526,-2.88,-4.32
878909,180,9849.7646,428.7526,-2.88,-2.88
878919,180,9849.7646,428.7932,-2.88,-4.32
878920,180,9849.6787,428.7932,-2.88,-2.88
878931,180,9849.6787,428.8789,-2.88,-4.32
878932,180,9853.3613,428.8789,-2.88,-2.88
878943,180,9856.1885,428.8789,-2.88,-2.88
878943,180,9856.1885,428.9105,-2.88,-2.88
878954,180,9843.9395,428.9105,-2.88,-4.32
878955,180,9843.9395,429.1090,-2.88,-2.88
878965,180,9845.3105,429.1090,-2.88,-2.88
878967,180,9845.3105,428.9601,-2.88,-2.88
878976,180,9847.8799,428.9601,-2.88,-4.32
878979,180,9847.8799,428.9691,-2.88,-4.32
878987,180,9850.1924,428.9691,-4.32,-2.88
878991,180,9850.1924,428.8202,-2.88,-2.88
878998,180,9849.0791,428.8202,-1.44,-4.32
879003,180,9849.0791,428.7029,-2.88,-2.88
879009,180,9850.4492,428.7029,-2.88,-2.88
879015,180,9850.4492,428.4593,-2.88,-4.32
879020,180,9849.5078,428.4593,-2.88,-4.32
879026,180,9849.5078,428.7074,-2.88,-2.88
879031,180,9852.9336,428.7074,-2.88,-2.88
879038,180,9852.9336,428.9466,-2.88,-4.32
879042,180,9850.2783,428.9466,-2.88,-2.88
879050,180,9850.2783,429.0864,-2.88,-2.88
879053,180,9851.9912,429.0864,-2.88,-2.88
879062,180,9851.9912,428.9601,-2.88,-4.32
879065,180,9857.3877,428.9601,-2.88,-2.88
879074,180,9857.3877,428.6307,-2.88,-4.32
879076,180,9851.3057,428.6307,-2.88,-4.32
879086,180,9851.3057,428.6849,-2.88,-2.88
879087,180,9849.1650,428.6849,-2.88,-2.88
879098,180,9856.4453,428.6849,-2.88,-4.32
879098,180,9856.4453,428.6939,-2.88,-2.88
879109,180,9855.6748,428.6939,-2.88,-4.32
879110,180,9855.6748,428.8789,-2.88,-2.88
879120,180,9857.0449,428.8789,-2.88,-2.88
879122,180,9857.0449,428.7390,-2.88,-4.32
879131,180,9854.1328,428.7390,-2.88,-4.32
879134,180,9854.1328,428.8744,-2.88,-4.32
879142,180,9850.7920,428.8744,-2.88,-2.88
879145,180,9850.7920,428.8428,-2.88,-2.88
879153,180,9848.9082,428.8428,-2.88,-2.88
879157,180,9848.9082,428.8022,-2.88,-4.32
879164,180,9849.4219,428.8022,-2.88,-4.32
879169,180,9849.4219,428.6353,-2.88,-2.88
879175,180,9848.4795,428.6353,-2.88,-2.88
879181,180,9848.4795,428.4232,-2.88,-2.88
879186,180,9849.9355,428.4232,-4.32,-2.88
879193,180,9849.9355,428.1841,-2.88,-4.32
879198,180,9855.3320,428.1841,-2.88,-4.32
879205,180,9855.3320,428.4864,-2.88,-4.32
879209,180,9850.7920,428.4864,-4.32,-2.88
879217,180,9850.7920,428.7661,-2.88,-2.88
879220,180,9849.6787,428.7661,-2.88,-2.88
879229,180,9849.6787,428.9826,-2.88,-2.88
879231,180,9854.7324,428.9826,-2.88,-2.88
879241,180,9854.7324,428.7390,-2.88,-4.32
879242,180,9859.7002,428.7390,-4.32,-2.88
879253,180,9859.7002,428.3555,-2.88,-2.88
879253,180,9853.9609,428.3555,-2.88,-2.88
879264,180,9849.8496,428.3555,-4.32,-2.88
879264,180,9849.8496,428.3871,-2.88,-2.88
879275,180,9849.9355,428.3871,-2.88,-2.88
879276,180,9849.9355,428.7345,-2.88,-2.88
879286,180,9846.5947,428.7345,-2.88,-2.88
879288,180,9846.5947,428.9330,-2.88,-2.88
879297,180,9847.5371,428.9330,-2.88,-2.88
879300,180,9847.5371,428.5946,-2.88,-2.88
879308,180,9848.8223,428.5946,-2.88,-4.32
879312,180,9848.8223,428.6217,-4.32,-4.32
879319,180,9850.6211,428.6217,-2.88,-4.32
879324,180,9850.6211,428.2879,-2.88,-4.32
879331,180,9850.3643,428.2879,-2.88,-4.32
879336,180,9850.3643,428.2066,-2.88,-2.88
879342,180,9847.2803,428.2066,-2.88,-2.88
879348,180,9847.2803,428.4413,-2.88,-2.88
879353,180,9849.1650,428.4413,-2.88,-2.88
879360,180,9849.1650,428.6984,-4.32,-2.88
879364,180,9851.4775,428.6984,-4.32,-2.88
879371,180,9851.4775,428.8293,-2.88,-2.88
879375,180,9850.6211,428.8293,-2.88,-2.88
879383,180,9850.6211,428.6172,-2.88,-2.88
879386,180,9848.8223,428.6172,-2.88,-1.44
879395,180,9848.8223,428.5405,-2.88,-2.88
879407,180,9848.8223,428.3014,-2.88,-2.88
879408,180,9847.6230,428.3014,-2.88,-2.88
879419,180,9847.6230,428.2563,-2.88,-4.32
879419,180,9843.6826,428.2563,-2.88,-2.88
879430,180,9848.8223,428.2563,-2.88,-2.88
879431,180,9848.8223,428.8112,-2.88,-2.88
879441,180,9857.1309,428.8112,-2.88,-4.32
879443,180,9857.1309,428.9826,-2.88,-2.88
879452,180,9853.5332,428.9826,-2.88,-2.88
879455,180,9853.5332,429.0233,-2.88,-2.88
879464,180,9856.7881,429.0233,-2.88,-2.88
879467,180,9856.7881,429.0729,-2.88,-2.88
879475,180,9850.3643,429.0729,-2.88,-4.32
879479,180,9850.3643,428.6714,-2.88,-2.88
879486,180,9851.9912,428.6714,-2.88,-2.88
879490,180,9851.9912,428.7616,-2.88,-2.88
879497,180,9856.2744,428.7616,-2.88,-4.32
879502,180,9856.2744,428.7796,-2.88,-2.88
879508,180,9856.9590,428.7796,-2.88,-4.32
879514,180,9856.9590,428.6262,-2.88,-2.88
879519,180,9847.6230,428.6262,-2.88,-4.32
879526,180,9847.6230,428.7165,-2.88,-2.88
879530,180,9839.3145,428.7165,-2.88,-2.88
879538,180,9839.3145,429.0909,-2.88,-2.88
879541,180,9842.4834,429.0909,-2.88,-2.88
879550,180,9842.4834,428.9736,-4.32,-4.32
879552,180,9855.3320,428.9736,-2.88,-5.75
879562,180,9855.3320,428.8654,-2.88,-2.88
879563,180,9848.0518,428.8654,-2.88,-2.88
879574,180,9848.0518,428.6894,-2.88,-2.88
879574,180,9848.7363,428.6894,-2.88,-4.32
879585,180,9854.2188,428.6894,-2.88,-4.32
879586,180,9854.2188,428.6758,-2.88,-2.88
879597,180,9850.0215,428.6758,-2.88,-2.88
879597,180,9850.0215,428.8608,-2.88,-2.88
879608,180,9842.4834,428.8608,-2.88,-2.88
879609,180,9842.4834,428.9059,-2.88,-2.88
879619,180,9851.9912,428.9059,-2.88,-2.88
879621,180,9851.9912,428.9511,-2.88,-4.32
879630,180,9849.6787,428.9511,-2.88,-2.88
879633,180,9849.6787,429.0368,-2.88,-2.88
879641,180,9851.9912,429.0368,-2.88,-2.88
879645,180,9851.9912,428.8293,-2.88,-2.88
879652,180,9849.1650,428.8293,-2.88,-2.88
879657,180,9849.1650,428.7616,-2.88,-2.88
879663,180,9845.6533,428.7616,-2.88,-2.88
879669,180,9845.6533,428.9556,-2.88,-2.88
879674,180,9844.9678,428.9556,-2.88,-2.88
879681,180,9844.9678,428.6578,-2.88,-2.88
879685,180,9842.3984,428.6578,-2.88,-2.88
879693,180,9842.3984,428.5856,-2.88,-2.88
879696,180,9844.7109,428.5856,-2.88,-4.32
879704,180,9844.7109,428.8879,-2.88,-4.32
879707,180,9848.5654,428.8879,-2.88,-2.88
879716,180,9848.5654,428.6127,-2.88,-2.88
879718,180,9847.6230,428.6127,-2.88,-2.88
879728,180,9847.6230,428.5856,-4.32,-4.32
879729,180,9843.4258,428.5856,-2.88,-4.32
879740,180,9843.4258,428.6533,-2.88,-2.88
879741,180,9843.3408,428.6533,-2.88,-1.44
879752,180,9847.3662,428.6533,-2.88,-2.88
879752,180,9847.3662,428.9826,-2.88,-2.88
879763,180,9839.8281,428.9826,-2.88,-4.32
879764,180,9839.8281,428.6849,-2.88,-2.88
879774,180,9836.5742,428.6849,-2.88,-2.88
879776,180,9836.5742,428.5766,-2.88,-2.88
879785,180,9843.9395,428.5766,-2.88,-2.88
879788,180,9843.9395,429.0187,-2.88,-2.88
879796,180,9844.1973,429.0187,-2.88,-2.88
879800,180,9844.1973,428.9872,-2.88,-2.88
879807,180,9842.5693,428.9872,-2.88,-2.88
879812,180,9842.5693,428.6758,-2.88,-2.88
879818,180,9839.8281,428.6758,-4.32,-2.88
879823,180,9839.8281,428.3691,-2.88,-2.88
879829,180,9838.9717,428.3691,-2.88,-2.88
879835,180,9838.9717,428.4999,-2.88,-2.88
879840,180,9849.4219,428.4999,-2.88,-2.88
879847,180,9849.4219,428.7526,-2.88,-2.88
879851,180,9845.9951,428.7526,-4.32,-2.88
879859,180,9845.9951,428.8157,-2.88,-2.88
879862,180,9841.5420,428.8157,-4.32,-4.32
879871,180,9841.5420,429.0233,-2.88,-2.88
879874,180,9840.1709,429.0233,-4.32,-2.88
879885,180,9840.7705,429.0233,-2.88,-2.88
879895,180,9840.7705,429.0503,-2.88,-4.32
879896,180,9840.0859,429.0503,-2.88,-4.32
879907,180,9840.0859,428.9150,-2.88,-4.32
879918,180,9850.9639,428.9150,-2.88,-4.32
879919,180,9850.9639,428.7074,-4.32,-4.32
879929,180,9851.7344,428.7074,-2.88,-4.32
879930,180,9851.7344,428.5134,-2.88,-2.88
879940,180,9852.7617,428.5134,-2.88,-2.88
879942,180,9852.7617,428.2834,-2.88,-4.32
879951,180,9850.5352,428.2834,-2.88,-4.32
879954,180,9850.5352,428.6533,-2.88,-2.88
879962,180,9846.8525,428.6533,-2.88,-2.88
879966,180,9846.8525,428.7480,-2.88,-2.88
879973,180,9844.6250,428.7480,-2.88,-2.88
879978,180,9844.6250,428.7345,-2.88,-2.88
879984,180,9835.2031,428.7345,-2.88,-4.32
879990,180,9835.2031,428.9014,-2.88,-2.88
879995,180,9832.5479,428.9014,-2.88,-2.88
880002,180,9832.5479,428.9691,-2.88,-2.88
880007,180,9834.7754,428.9691,-2.88,-2.88
880014,180,9834.7754,428.9195,-2.88,-2.88
880018,180,9844.8818,428.9195,-2.88,-2.88
880026,180,9844.8818,428.5179,-2.88,-4.32
880029,180,9839.6572,428.5179,-2.88,-2.88
880037,180,9839.6572,428.6398,-2.88,-2.88
880040,180,9834.3467,428.6398,-2.88,-2.88
880051,180,9833.0615,428.6398,-2.88,-2.88
880061,180,9833.0615,428.6758,-2.88,-4.32
880062,180,9837.3447,428.6758,-2.88,-4.32
880073,180,9835.0322,428.6758,-2.88,-4.32
880073,180,9835.0322,428.9466,-4.32,-2.88
880084,180,9835.9746,428.9466,-2.88,-2.88
880085,180,9835.9746,428.7435,-2.88,-2.88
880095,180,9837.5156,428.7435,-2.88,-4.32
880097,180,9837.5156,428.2427,-2.88,-2.88
880106,180,9836.2314,428.2427,-2.88,-2.88
880109,180,9836.2314,428.3961,-2.88,-4.32
880117,180,9836.4023,428.3961,-2.88,-1.44
880121,180,9836.4023,428.5134,-4.32,-2.88
880128,180,9841.4561,428.5134,-4.32,-2.88
880133,180,9841.4561,428.7435,-2.88,-4.32
880140,180,9843.1689,428.7435,-2.88,-4.32
880145,180,9843.1689,428.7300,-2.88,-2.88
880151,180,9839.6572,428.7300,-2.88,-2.88
880156,180,9839.6572,428.2292,-2.88,-2.88
880162,180,9841.0273,428.2292,-2.88,-4.32
880168,180,9841.0273,428.6217,-2.88,-4.32
880173,180,9839.6572,428.6217,-2.88,-4.32
880180,180,9839.6572,428.5179,-2.88,-2.88
880184,180,9838.3721,428.5179,-2.88,-2.88
880192,180,9838.3721,428.2563,-4.32,-2.88
880195,180,9841.7988,428.2563,-2.88,-4.32
880204,180,9841.7988,428.4232,-2.88,-2.88
880206,180,9839.4004,428.4232,-4.32,-4.32
880216,180,9839.4004,428.3285,-2.88,-2.88
880217,180,9835.3750,428.3285,-2.88,-2.88
880228,180,9835.3750,428.3916,-2.88,-1.44
880228,180,9836.9160,428.3916,-2.88,-4.32
880239,180,9838.2871,428.3916,-2.88,-4.32
880240,180,9838.2871,428.6398,-2.88,-4.32
880250,180,9846.3379,428.6398,-2.88,-2.88
880252,180,9846.3379,428.5540,-2.88,-2.88
880261,180,9851.7344,428.5540,-2.88,-4.32
880263,180,9851.7344,428.7616,-2.88,-2.88
880273,180,9852.5908,428.7616,-2.88,-4.32
880275,180,9852.5908,428.5450,-2.88,-2.88
880284,180,9845.3965,428.5450,-2.88,-2.88
880287,180,9845.3965,428.6172,-2.88,-4.32
880295,180,9836.1455,428.6172,-2.88,-2.88
880299,180,9836.1455,428.6894,-2.88,-2.88
880306,180,9836.3164,428.6894,-2.88,-4.32
880311,180,9836.3164,428.7390,-2.88,-1.44
880317,180,9848.2227,428.7390,-2.88,-2.88
880323,180,9848.2227,428.4864,-2.88,-4.32
880328,180,9856.0166,428.4864,-2.88,-2.88
880335,180,9856.0166,428.7977,-2.88,-2.88
880339,180,9848.4795,428.7977,-2.88,-4.32
880347,180,9848.4795,428.8654,-2.88,-2.88
880350,180,9842.0557,428.8654,-2.88,-4.32
880359,180,9842.0557,429.1631,-2.88,-2.88
880361,180,9839.7432,429.1631,-2.88,-2.88
880370,180,9839.7432,428.9330,-2.88,-4.32
880372,180,9838.0303,428.9330,-1.44,-2.88
880382,180,9838.0303,428.4413,-2.88,-2.88
880383,180,9840.4277,428.4413,-2.88,-2.88
880394,180,9840.4277,428.3510,-2.88,-4.32
880394,180,9842.1416,428.3510,-1.44,-2.88
880406,180,9842.1416,428.3510,-2.88,-4.32
880406,180,9836.4023,428.3510,-2.88,-4.32
880406,180,9836.4023,428.4909,-2.88,-2.88
880417,180,9833.0615,428.4909,-2.88,-2.88
880418,180,9833.0615,428.5676,-2.88,-2.88
880428,180,9836.5742,428.5676,-2.88,-4.32
880430,180,9836.5742,428.8338,-2.88,-2.88
880439,180,9838.4580,428.8338,-2.88,-4.32
880442,180,9838.4580,428.8202,-4.32,-2.88
880450,180,9838.2871,428.8202,-2.88,-2.88
880454,180,9838.2871,428.6443,-4.32,-2.88
880461,180,9837.5156,428.6443,-2.88,-4.32
880466,180,9837.5156,428.6398,-4.32,-4.32
880472,180,9835.8887,428.6398,-2.88,-2.88
880478,180,9835.8887,428.9240,-2.88,-2.88
880483,180,9833.3193,428.9240,-2.88,-4.32
880489,180,9833.3193,428.8338,-2.88,-2.88
880494,180,9831.9482,428.8338,-2.88,-2.88
880501,180,9831.9482,428.9826,-2.88,-4.32
880505,180,9835.5459,428.9826,-2.88,-2.88
880513,180,9835.5459,428.8157,-2.88,-2.88
880516,180,9835.9746,428.8157,-4.32,-2.88
880525,180,9835.9746,428.3465,-2.88,-4.32
880527,180,9843.7686,428.3465,-2.88,-2.88
880537,180,9843.7686,428.4142,-2.88,-2.88
880538,180,9850.1074,428.4142,-2.88,-1.44
880549,180,9850.1074,428.3600,-2.88,-2.88
880550,180,9845.0537,428.3600,-2.88,-2.88
880561,180,9828.6084,428.3600,-2.88,-4.32
880561,180,9828.6084,428.2924,-2.88,-2.88
880572,180,9823.7256,428.2924,-2.88,-2.88
880573,180,9823.7256,428.3194,-2.88,-2.88
880583,180,9828.0938,428.3194,-2.88,-4.32
880585,180,9828.0938,428.2698,-2.88,-2.88
880594,180,9831.8633,428.2698,-2.88,-4.32
880596,180,9831.8633,428.1615,-2.88,-2.88
880605,180,9832.9766,428.1615,-2.88,-2.88
880608,180,9832.9766,428.4142,-2.88,-2.88
880616,180,9832.8906,428.4142,-2.88,-4.32
880620,180,9832.8906,428.8293,-2.88,-2.88
880627,180,9839.2285,428.8293,-2.88,-2.88
880632,180,9839.2285,428.7029,-2.88,-4.32
880638,180,9835.1172,428.7029,-2.88,-4.32
880644,180,9835.1172,428.3194,-2.88,-2.88
880649,180,9837.0879,428.3194,-2.88,-2.88
880656,180,9837.0879,428.1796,-2.88,-2.88
880660,180,9842.8262,428.1796,-2.88,-2.88
880668,180,9842.8262,428.5405,-2.88,-4.32
880671,180,9841.7988,428.5405,-2.88,-1.44
880680,180,9841.7988,428.5992,-2.88,-4.32
880683,180,9829.3789,428.5992,-2.88,-2.88
880692,180,9829.3789,428.4548,-4.32,-2.88
880694,180,9826.0381,428.4548,-4.32,-2.88
880703,180,9826.0381,428.4006,-2.88,-2.88
880705,180,9828.4365,428.4006,-2.88,-4.32
880715,180,9828.4365,428.8428,-2.88,-2.88
880716,180,9832.2910,428.8428,-2.88,-2.88
880727,180,9837.6875,428.8428,-2.88,-2.88
880727,180,9837.6875,428.7751,-1.44,-2.88
880738,180,9833.8330,428.7751,-2.88,-2.88
880739,180,9833.8330,428.5044,-2.88,-2.88
880749,180,9839.4004,428.5044,-2.88,-2.88
880751,180,9839.4004,428.6217,-4.32,-2.88
880760,180,9838.1152,428.6217,-2.88,-2.88
880763,180,9838.1152,429.0864,-2.88,-2.88
880771,180,9846.5947,429.0864,-2.88,-2.88
880775,180,9846.5947,429.1766,-2.88,-4.32
880782,180,9846.2529,429.1766,-2.88,-4.32
880787,180,9846.2529,429.3706,-2.88,-2.88
880793,180,9833.4902,429.3706,-2.88,-4.32
880799,180,9833.4902,428.9826,-4.32,-2.88
880804,180,9835.6318,428.9826,-2.88,-2.88
880810,180,9835.6318,428.4909,-2.88,-2.88
880816,180,9839.4004,428.4909,-2.88,-2.88
880822,180,9839.4004,428.6307,-2.88,-2.88
880827,180,9836.4883,428.6307,-2.88,-2.88
880834,180,9836.4883,428.6804,-2.88,-2.88
880838,180,9835.5459,428.6804,-4.32,-2.88
880846,180,9835.5459,428.6353,-2.88,-2.88
880849,180,9842.3125,428.6353,-2.88,-4.32
880858,180,9842.3125,428.7616,-2.88,-2.88
880860,180,9845.3965,428.7616,-2.88,-4.32
880870,180,9845.3965,428.6894,-2.88,-2.88
880871,180,9838.2012,428.6894,-2.88,-2.88
880882,180,9838.2012,428.3781,-4.32,-2.88
880882,180,9837.9443,428.3781,-2.88,-2.88
880893,180,9850.0215,428.3781,-2.88,-4.32
880894,180,9850.0215,428.6353,-2.88,-2.88
880904,180,9854.0469,428.6353,-2.88,-1.44
880906,180,9854.0469,428.8969,-2.88,-4.32
880915,180,9849.0791,428.8969,-2.88,-2.88
880918,180,9849.0791,428.6307,-2.88,-4.32
880929,180,9849.0791,428.4458,-2.88,-2.88
880937,180,9846.7666,428.4458,-2.88,-2.88
880941,180,9846.7666,428.5270,-2.88,-2.88
880949,180,9839.2285,428.5270,-2.88,-2.88
880953,180,9839.2285,428.9059,-2.88,-2.88
880960,180,9840.8564,428.9059,-2.88,-2.88
880965,180,9840.8564,428.7932,-2.88,-2.88
880971,180,9838.2871,428.7932,-2.88,-2.88
880977,180,9838.2871,428.4052,-2.88,-4.32
880982,180,9837.7725,428.4052,-2.88,-2.88
880989,180,9837.7725,428.1706,-2.88,-2.88
880993,180,9845.0537,428.1706,-2.88,-2.88
881001,180,9845.0537,428.4458,-1.44,-2.88
881004,180,9848.5654,428.4458,-2.88,-4.32
881013,180,9848.5654,428.5631,-2.88,-2.88
881015,180,9847.2803,428.5631,-2.88,-2.88
881025,180,9847.2803,428.6082,-2.88,-4.32
881026,180,9852.4199,428.6082,-2.88,-4.32
881036,180,9852.4199,429.0909,-4.32,-4.32
881037,180,9852.9336,429.0909,-2.88,-4.32
881048,180,9851.2207,429.0909,-2.88,-4.32
881048,180,9851.2207,428.7751,-2.88,-1.44
881059,180,9852.4199,428.7751,-2.88,-4.32
881060,180,9852.4199,428.6172,-2.88,-2.88
881070,180,9845.2246,428.6172,-2.88,-4.32
881072,180,9845.2246,428.7841,-2.88,-2.88
881082,180,9846.3379,428.7841,-2.88,-2.88
881084,180,9846.3379,428.9556,-2.88,-2.88
881093,180,9845.0537,428.9556,-2.88,-4.32
881096,180,9845.0537,428.6984,-2.88,-2.88
881104,180,9844.8818,428.6984,-2.88,-2.88
881108,180,9844.8818,428.5225,-2.88,-2.88
881115,180,9849.7646,428.5225,-2.88,-4.32
881126,180,9845.7383,428.5225,-4.32,-4.32
881132,180,9845.7383,428.7796,-2.88,-4.32
881137,180,9841.7129,428.7796,-2.88,-2.88
881144,180,9841.7129,428.5315,-4.32,-2.88
881148,180,9844.1973,428.5315,-2.88,-4.32
881155,180,9844.1973,428.4864,-2.88,-2.88
881159,180,9846.8525,428.4864,-2.88,-2.88
881167,180,9846.8525,428.4322,-2.88,-2.88
881170,180,9842.2266,428.4322,-4.32,-2.88
881179,180,9842.2266,428.4954,-2.88,-2.88
881181,180,9841.3701,428.4954,-2.88,-2.88
881191,180,9841.3701,428.4503,-4.32,-2.88
881192,180,9842.3984,428.4503,-2.88,-4.32
881203,180,9842.3984,428.5044,-2.88,-2.88
881203,180,9841.6270,428.5044,-2.88,-4.32
881215,180,9841.6270,428.5044,-2.88,-2.88
881215,180,9847.5371,428.5044,-2.88,-2.88
881215,180,9847.5371,428.1751,-2.88,-1.44
881226,180,9847.1094,428.1751,-2.88,-4.32
881227,180,9847.1094,428.2382,-2.88,-2.88
881237,180,9841.9697,428.2382,-2.88,-2.88
881239,180,9841.9697,428.6127,-2.88,-2.88
881248,180,9840.6855,428.6127,-2.88,-2.88
881251,180,9840.6855,428.7300,-2.88,-2.88
881259,180,9841.7988,428.7300,-2.88,-2.88
881262,180,9841.7988,428.5225,-2.88,-2.88
881270,180,9836.1455,428.5225,-2.88,-4.32
881274,180,9836.1455,428.5179,-2.88,-2.88
881281,180,9838.3721,428.5179,-2.88,-4.32
881286,180,9838.3721,428.3375,-2.88,-2.88
881292,180,9837.1729,428.3375,-2.88,-4.32
881298,180,9837.1729,428.2112,-4.32,-4.32
881303,180,9836.7451,428.2112,-2.88,-4.32
881310,180,9836.7451,428.2969,-2.88,-2.88
881314,180,9837.9443,428.2969,-2.88,-2.88
881322,180,9837.9443,428.4999,-2.88,-4.32
881325,180,9841.1133,428.4999,-2.88,-4.32
881334,180,9841.1133,428.6037,-4.32,-4.32
881336,180,9846.8525,428.6037,-2.88,-2.88
881346,180,9846.8525,428.2879,-2.88,-2.88
881347,180,9846.3379,428.2879,-2.88,-4.32
881358,180,9846.3379,428.4728,-2.88,-2.88
881359,180,9854.1328,428.4728,-2.88,-2.88
881370,180,9854.1328,428.4503,-4.32,-2.88
881370,180,9851.9912,428.4503,-2.88,-2.88
881381,180,9842.9980,428.4503,-2.88,-2.88
881381,180,9842.9980,427.8863,-4.32,-2.88
881392,180,9841.8838,427.8863,-2.88,-4.32
881393,180,9841.8838,428.1074,-2.88,-2.88
881403,180,9838.8008,428.1074,-2.88,-4.32
881405,180,9838.8008,428.1706,-2.88,-4.32
881414,180,9840.0859,428.1706,-2.88,-4.32
881417,180,9840.0859,428.4142,-2.88,-2.88
881425,180,9843.2549,428.4142,-2.88,-4.32
881429,180,9843.2549,428.6082,-2.88,-2.88
881436,180,9842.4834,428.6082,-2.88,-4.32
881441,180,9842.4834,428.5270,-2.88,-2.88
881447,180,9847.7090,428.5270,-2.88,-2.88
881453,180,9847.7090,428.3600,-2.88,-4.32
881458,180,9856.8740,428.3600,-2.88,-2.88
881465,180,9856.8740,428.1841,-2.88,-4.32
881469,180,9851.9053,428.1841,-2.88,-2.88
881477,180,9851.9053,428.0352,-2.88,-4.32
881480,180,9849.7646,428.0352,-2.88,-2.88
881488,180,9849.7646,428.1615,-4.32,-2.88
881492,180,9845.5674,428.1615,-2.88,-2.88
881500,180,9845.5674,428.4774,-2.88,-2.88
881503,180,9845.0537,428.4774,-2.88,-4.32
881512,180,9845.0537,428.1751,-2.88,-2.88
881514,180,9836.2314,428.1751,-2.88,-2.88
881524,180,9836.2314,428.0623,-2.88,-2.88
881525,180,9848.8223,428.0623,-2.88,-4.32
881536,180,9849.5078,428.0623,-2.88,-2.88
881536,180,9849.5078,428.1751,-2.88,-2.88
881547,180,9845.9951,428.1751,-2.88,-4.32
881548,180,9845.9951,428.4819,-2.88,-2.88
881558,180,9848.7363,428.4819,-2.88,-4.32
881560,180,9848.7363,428.6758,-2.88,-2.88
881569,180,9847.8799,428.6758,-2.88,-4.32
881572,180,9847.8799,428.4413,-2.88,-2.88
881580,180,9857.0449,428.4413,-2.88,-2.88
881584,180,9857.0449,428.1976,-2.88,-2.88
881591,180,9855.5889,428.1976,-2.88,-4.32
881596,180,9855.5889,428.4232,-2.88,-4.32
881602,180,9851.2207,428.4232,-4.32,-4.32
881607,180,9851.2207,428.3691,-2.88,-4.32
881613,180,9853.4473,428.3691,-2.88,-4.32
881619,180,9853.4473,428.1164,-2.88,-2.88
881625,180,9845.2246,428.1164,-2.88,-2.88
881631,180,9845.2246,428.2969,-2.88,-2.88
881636,180,9841.4561,428.2969,-2.88,-2.88
881643,180,9841.4561,428.3781,-2.88,-2.88
881647,180,9844.5391,428.3781,-2.88,-2.88
881655,180,9844.5391,428.2563,-2.88,-2.88
881658,180,9853.6191,428.2563,-2.88,-2.88
881667,180,9853.6191,428.5676,-2.88,-4.32
881669,180,9856.8740,428.5676,-2.88,-2.88
881679,180,9856.8740,428.6533,-2.88,-1.44
881680,180,9855.7598,428.6533,-1.44,-2.88
881691,180,9855.7598,428.5631,-4.32,-2.88
881691,180,9849.1650,428.5631,-2.88,-2.88
881702,180,9850.6211,428.5631,-2.88,-2.88
881703,180,9850.6211,428.3961,-2.88,-4.32
881713,180,9851.4775,428.3961,-4.32,-2.88
881715,180,9851.4775,428.1615,-2.88,-4.32
881724,180,9852.1631,428.1615,-2.88,-4.32
881726,180,9852.1631,428.2021,-4.32,-2.88
881735,180,9849.3359,428.2021,-2.88,-4.32
881738,180,9849.3359,428.5405,-2.88,-4.32
881746,180,9852.5908,428.5405,-2.88,-4.32
881750,180,9852.5908,428.8608,-2.88,-2.88
881757,180,9848.9932,428.8608,-2.88,-2.88
881762,180,9848.9932,428.8698,-2.88,-2.88
881769,180,9850.9639,428.8698,-2.88,-4.32
881774,180,9850.9639,428.7074,-2.88,-4.32
881780,180,9855.5029,428.7074,-2.88,-2.88
881786,180,9855.5029,428.5811,-2.88,-4.32
881791,180,9852.1631,428.5811,-4.32,-2.88
881798,180,9852.1631,428.6984,-2.88,-2.88
881802,180,9850.0215,428.6984,-1.44,-4.32
881810,180,9850.0215,428.8924,-2.88,-2.88
881813,180,9849.6787,428.8924,-2.88,-4.32
881822,180,9849.6787,428.5586,-2.88,-2.88
881824,180,9850.2783,428.5586,-2.88,-4.32
881833,180,9850.2783,428.6984,-2.88,-4.32
881835,180,9848.8223,428.6984,-2.88,-2.88
881845,180,9848.8223,429.0187,-2.88,-4.32
881846,180,9849.9355,429.0187,-2.88,-4.32
881857,180,9846.7666,429.0187,-2.88,-2.88
881857,180,9846.7666,428.9150,-2.88,-4.32
881868,180,9850.7061,428.9150,-2.88,-2.88
881869,180,9850.7061,428.8608,-2.88,-2.88
881879,180,9851.7344,428.8608,-2.88,-2.88
881881,180,9851.7344,428.6488,-2.88,-4.32
881890,180,9850.8779,428.6488,-2.88,-2.88
881893,180,9850.8779,428.6398,-2.88,-2.88
881902,180,9846.2529,428.6398,-2.88,-2.88
881905,180,9846.2529,428.5134,-2.88,-2.88
881913,180,9844.8818,428.5134,-2.88,-4.32
881917,180,9844.8818,427.9720,-4.32,-2.88
881924,180,9853.7900,427.9720,-2.88,-4.32
881929,180,9853.7900,428.2337,-2.88,-2.88
881935,180,9857.2158,428.2337,-2.88,-2.88
881940,180,9857.2158,428.3871,-2.88,-2.88
881946,180,9847.9658,428.3871,-2.88,-4.32
881952,180,9847.9658,428.4728,-2.88,-2.88
881957,180,9847.6230,428.4728,-2.88,-2.88
881964,180,9847.6230,428.8383,-4.32,-2.88
881968,180,9846.0811,428.8383,-2.88,-2.88
881976,180,9846.0811,429.1451,-4.32,-2.88
881979,180,9847.6230,429.1451,-2.88,-2.88
881988,180,9847.6230,429.2127,-2.88,-2.88
881990,180,9852.5049,429.2127,-2.88,-4.32
882000,180,9852.5049,428.7841,-2.88,-2.88
882001,180,9847.3662,428.7841,-2.88,-2.88
882012,180,9847.3662,428.5992,-4.32,-2.88
882012,180,9843.6826,428.5992,-2.88,-2.88
882023,180,9837.9443,428.5992,-2.88,-4.32
882024,180,9837.9443,428.4999,-2.88,-2.88
882034,180,9842.9121,428.4999,-2.88,-2.88
882036,180,9842.9121,428.5721,-2.88,-2.88
882046,180,9846.2529,428.5721,-4.32,-2.88
882048,180,9846.2529,428.7886,-2.88,-2.88
882057,180,9849.6787,428.7886,-2.88,-4.32
882059,180,9849.6787,428.5811,-4.32,-2.88
882068,180,9850.7920,428.5811,-2.88,-4.32
882071,180,9850.7920,428.6758,-2.88,-1.44
882079,180,9845.6533,428.6758,-4.32,-2.88
882083,180,9845.6533,428.9826,-2.88,-4.32
882090,180,9847.6230,428.9826,-2.88,-4.32
882095,180,9847.6230,428.9736,-2.88,-4.32
882101,180,9847.4521,428.9736,-4.32,-4.32
882107,180,9847.4521,428.8744,-2.88,-1.44
882112,180,9852.6768,428.8744,-2.88,-2.88
882119,180,9852.6768,428.4954,-2.88,-2.88
882123,180,9856.7881,428.4954,-2.88,-4.32
882131,180,9856.7881,428.3149,-2.88,-2.88
882134,180,9857.4727,428.3149,-2.88,-2.88
882143,180,9857.4727,428.7255,-2.88,-2.88
882145,180,9852.5908,428.7255,-4.32,-2.88
882155,180,9852.5908,428.9195,-2.88,-2.88
882156,180,9852.8477,428.9195,-2.88,-4.32
882166,180,9852.8477,428.6804,-2.88,-2.88
882167,180,9846.4238,428.6804,-2.88,-2.88
882178,180,9846.4238,428.9375,-2.88,-2.88
882179,180,9848.7363,428.9375,-2.88,-4.32
882190,180,9851.5635,428.9375,-2.88,-2.88
882190,180,9851.5635,428.9330,-2.88,-2.88
882201,180,9849.3359,428.9330,-2.88,-2.88
882202,180,9849.3359,428.8789,-2.88,-4.32
882212,180,9851.3916,428.8789,-2.88,-4.32
882214,180,9851.3916,428.8157,-2.88,-2.88
882223,180,9859.1865,428.8157,-2.88,-2.88
882226,180,9859.1865,428.6353,-2.88,-2.88
882234,180,9860.8135,428.6353,-2.88,-4.32
882238,180,9860.8135,428.7661,-2.88,-4.32
882245,180,9854.2188,428.7661,-2.88,-2.88
882250,180,9854.2188,428.7480,-2.88,-2.88
882256,180,9853.7900,428.7480,-2.88,-4.32
882262,180,9853.7900,428.8744,-2.88,-2.88
882267,180,9857.5586,428.8744,-2.88,-2.88
882274,180,9857.5586,429.0638,-2.88,-4.32
882278,180,9853.7900,429.0638,-2.88,-4.32
882285,180,9853.7900,428.9917,-2.88,-4.32
882289,180,9850.2783,428.9917,-2.88,-2.88
882297,180,9850.2783,429.1045,-2.88,-2.88
882300,180,9849.2500,429.1045,-2.88,-2.88
882309,180,9849.2500,429.1721,-2.88,-2.88
882311,180,9849.5928,429.1721,-2.88,-2.88
882321,180,9849.5928,429.0594,-2.88,-2.88
882323,180,9858.5869,429.0594,-2.88,-2.88
882333,180,9858.5869,428.7841,-2.88,-4.32
882334,180,9858.4150,428.7841,-2.88,-4.32
882345,180,9851.6484,428.7841,-2.88,-2.88
882345,180,9851.6484,428.4728,-2.88,-2.88
882356,180,9859.2715,428.4728,-2.88,-4.32
882357,180,9859.2715,428.6262,-2.88,-2.88
882367,180,9864.1543,428.6262,-2.88,-4.32
882369,180,9864.1543,428.7435,-2.88,-2.88
882378,180,9858.0723,428.7435,-2.88,-4.32
882381,180,9858.0723,428.7255,-2.88,-4.32
882389,180,9849.5928,428.7255,-2.88,-4.32
882392,180,9849.5928,428.7029,-2.88,-4.32
882400,180,9852.6768,428.7029,-4.32,-2.88
882404,180,9852.6768,429.1270,-2.88,-2.88
882411,180,9849.8496,429.1270,-2.88,-2.88
882416,180,9849.8496,428.6984,-2.88,-4.32
882422,180,9850.4492,428.6984,-2.88,-2.88
882428,180,9850.4492,428.2427,-2.88,-2.88
882433,180,9858.3301,428.2427,-2.88,-2.88
882440,180,9858.3301,428.5225,-2.88,-4.32
882444,180,9857.7305,428.5225,-2.88,-2.88
882452,180,9857.7305,428.2382,-2.88,-4.32
882456,180,9847.6230,428.2382,-2.88,-4.32
882464,180,9847.6230,427.7149,-2.88,-1.44
882467,180,9851.5635,427.7149,-2.88,-2.88
882476,180,9851.5635,428.0262,-2.88,-2.88
882478,180,9856.9590,428.0262,-2.88,-2.88
882488,180,9856.9590,428.7706,-2.88,-4.32
882489,180,9857.0449,428.7706,-2.88,-2.88
882499,180,9857.0449,428.9466,-2.88,-4.32
882500,180,9852.4199,428.9466,-2.88,-4.32
882511,180,9854.9033,428.9466,-4.32,-2.88
882511,180,9854.9033,428.7074,-2.88,-2.88
882522,180,9859.7861,428.7074,-2.88,-2.88
882523,180,9859.7861,428.6398,-1.44,-2.88
882533,180,9858.6719,428.6398,-2.88,-2.88
882535,180,9858.6719,428.4277,-2.88,-4.32
882544,180,9852.0771,428.4277,-2.88,-2.88
882547,180,9852.0771,428.0939,-2.88,-2.88
882555,180,9847.7939,428.0939,-2.88,-4.32
882559,180,9847.7939,428.1435,-2.88,-2.88
882566,180,9848.6504,428.1435,-2.88,-4.32
882571,180,9848.6504,428.3059,-2.88,-4.32
882577,180,9849.0791,428.3059,-2.88,-4.32
882583,180,9849.0791,428.3285,-4.32,-4.32
882589,180,9849.7646,428.3285,-2.88,-4.32
882595,180,9849.7646,427.9269,-4.32,-2.88
882600,180,9851.0488,427.9269,-2.88,-4.32
882606,180,9851.0488,428.1796,-4.32,-2.88
882611,180,9856.6162,428.1796,-2.88,-2.88
882618,180,9856.6162,428.6127,-2.88,-4.32
882622,180,9853.3613,428.6127,-2.88,-4.32
882630,180,9853.3613,428.7480,-2.88,-4.32
882633,180,9845.9951,428.7480,-2.88,-2.88
882642,180,9845.9951,428.6894,-2.88,-2.88
882644,180,9838.8008,428.6894,-2.88,-2.88
882654,180,9838.8008,428.9691,-2.88,-2.88
882655,180,9842.0557,428.9691,-2.88,-2.88
882666,180,9842.0557,428.9646,-2.88,-2.88
882666,180,9853.8760,428.9646,-2.88,-2.88
882677,180,9857.7305,428.9646,-2.88,-2.88
882678,180,9857.7305,429.1496,-2.88,-2.88
882688,180,9851.2207,429.1496,-2.88,-2.88
882690,180,9851.2207,429.0323,-2.88,-2.88
882699,180,9851.3916,429.0323,-2.88,-2.88
882702,180,9851.3916,428.9511,-2.88,-2.88
882710,180,9854.7324,428.9511,-2.88,-2.88
882714,180,9854.7324,428.6623,-4.32,-2.88
882721,180,9850.4492,428.6623,-2.88,-4.32
882725,180,9850.4492,428.3555,-2.88,-4.32
882733,180,9845.4814,428.3555,-4.32,-4.32
882737,180,9845.4814,428.5540,-2.88,-2.88
882744,180,9853.3613,428.5540,-2.88,-2.88
882749,180,9853.3613,428.5901,-2.88,-2.88
882755,180,9853.1045,428.5901,-2.88,-4.32
882761,180,9853.1045,428.3555,-2.88,-2.88
882766,180,9849.8496,428.3555,-2.88,-4.32
882773,180,9849.8496,428.4864,-2.88,-4.32
882777,180,9854.3896,428.4864,-2.88,-2.88
882785,180,9854.3896,428.6758,-2.88,-2.88
882788,180,9851.2207,428.6758,-2.88,-4.32
882797,180,9851.2207,428.6082,-2.88,-2.88
882799,180,9853.1904,428.6082,-2.88,-2.88
882809,180,9853.1904,428.5134,-2.88,-4.32
882810,180,9853.4473,428.5134,-2.88,-4.32
882821,180,9853.4473,428.9420,-2.88,-2.88
882821,180,9856.6162,428.9420,-2.88,-4.32
882832,180,9855.4170,428.9420,-2.88,-2.88
882832,180,9855.4170,428.5946,-2.88,-4.32
882843,180,9852.7617,428.5946,-2.88,-2.88
882844,180,9852.7617,428.2969,-2.88,-2.88
882854,180,9853.5332,428.2969,-2.88,-2.88
882856,180,9853.5332,428.5405,-2.88,-2.88
882866,180,9848.3936,428.5405,-2.88,-2.88
882868,180,9848.3936,428.4593,-2.88,-2.88
882877,180,9848.4795,428.4593,-2.88,-2.88
882880,180,9848.4795,428.3510,-2.88,-2.88
882888,180,9847.4521,428.3510,-2.88,-4.32
882892,180,9847.4521,428.4458,-2.88,-2.88
882899,180,9848.3086,428.4458,-4.32,-4.32
882904,180,9848.3086,428.7165,-4.32,-2.88
882910,180,9846.4238,428.7165,-2.88,-2.88
882916,180,9846.4238,428.8157,-2.88,-2.88
882921,180,9850.7061,428.8157,-2.88,-4.32
882928,180,9850.7061,428.8022,-4.32,-4.32
882932,180,9849.1650,428.8022,-2.88,-2.88
882940,180,9849.1650,429.0142,-2.88,-4.32
882943,180,9845.7383,429.0142,-2.88,-4.32
882951,180,9845.7383,428.9736,-2.88,-2.88
882954,180,9848.5654,428.9736,-2.88,-4.32
882963,180,9848.5654,428.6037,-4.32,-2.88
882965,180,9847.0234,428.6037,-2.88,-4.32
882975,180,9847.0234,428.7074,-2.88,-2.88
882976,180,9849.3359,428.7074,-2.88,-4.32
882987,180,9849.3359,428.9872,-2.88,-2.88
882987,180,9849.8496,428.9872,-2.88,-2.88
882998,180,9849.5928,428.9872,-2.88,-2.88
882999,180,9849.5928,428.6217,-2.88,-2.88
883010,180,9846.4238,428.6217,-2.88,-2.88
883011,180,9846.4238,428.5179,-2.88,-4.32
883021,180,9845.3965,428.5179,-2.88,-2.88
883032,180,9847.0234,428.5179,-2.88,-4.32
883035,180,9847.0234,428.8022,-4.32,-2.88
883043,180,9854.1328,428.8022,-2.88,-4.32
883047,180,9854.1328,428.2969,-2.88,-2.88
883054,180,9852.5908,428.2969,-2.88,-4.32
883058,180,9852.5908,428.2066,-2.88,-4.32
883065,180,9849.5928,428.2066,-2.88,-4.32
883070,180,9849.5928,428.6172,-4.32,-2.88
883076,180,9851.4775,428.6172,-2.88,-4.32
883082,180,9851.4775,428.7255,-2.88,-4.32
883087,180,9855.9316,428.7255,-4.32,-4.32
883094,180,9855.9316,428.5044,-2.88,-2.88
883098,180,9848.4795,428.5044,-2.88,-2.88
883106,180,9848.4795,428.5225,-2.88,-2.88
883109,180,9849.0791,428.5225,-2.88,-4.32
883118,180,9849.0791,428.6398,-2.88,-2.88
883120,180,9850.4492,428.6398,-2.88,-5.75
883130,180,9850.4492,428.5811,-2.88,-2.88
883131,180,9845.5674,428.5811,-2.88,-4.32
883142,180,9845.5674,428.8383,-2.88,-2.88
883142,180,9850.6211,428.8383,-2.88,-2.88
883154,180,9854.1328,428.8383,-2.88,-2.88
883154,180,9854.1328,428.7029,-2.88,-2.88
883165,180,9849.1650,428.7029,-2.88,-4.32
883165,180,9849.1650,428.9375,-2.88,-2.88
883176,180,9852.1631,428.9375,-2.88,-2.88
883177,180,9852.1631,429.0819,-4.32,-2.88
883187,180,9854.5605,429.0819,-2.88,-4.32
883189,180,9854.5605,428.7751,-2.88,-4.32
883198,180,9859.3574,428.7751,-4.32,-4.32
883201,180,9859.3574,428.6262,-2.88,-4.32
883209,180,9856.2744,428.6262,-2.88,-4.32
883213,180,9856.2744,428.7255,-2.88,-2.88
883220,180,9846.7666,428.7255,-2.88,-4.32
883225,180,9846.7666,428.6172,-4.32,-2.88
883231,180,9853.5332,428.6172,-2.88,-2.88
883237,180,9853.5332,428.4232,-2.88,-2.88
883242,180,9860.8994,428.4232,-2.88,-4.32
883249,180,9860.8994,428.5134,-2.88,-2.88
883253,180,9850.9639,428.5134,-2.88,-2.88
883261,180,9850.9639,428.4999,-2.88,-2.88
883264,180,9846.1670,428.4999,-2.88,-2.88
883273,180,9846.1670,428.2157,-2.88,-2.88
883275,180,9856.8740,428.2157,-2.88,-2.88
883284,180,9856.8740,428.3104,-2.88,-4.32
883287,180,9850.2783,428.3104,-2.88,-2.88
883296,180,9850.2783,428.5179,-2.88,-4.32
883298,180,9846.2529,428.5179,-2.88,-2.88
883308,180,9846.2529,428.5992,-2.88,-2.88
883309,180,9846.5947,428.5992,-2.88,-2.88
883320,180,9849.7646,428.5992,-2.88,-2.88
883320,180,9849.7646,428.3330,-2.88,-2.88
883331,180,9857.5586,428.3330,-2.88,-2.88
883332,180,9857.5586,428.4774,-2.88,-2.88
883342,180,9849.8496,428.4774,-2.88,-2.88
883344,180,9849.8496,428.5270,-2.88,-2.88
883356,180,9849.8496,428.5405,-2.88,-2.88
883364,180,9856.0166,428.5405,-2.88,-4.32
883368,180,9856.0166,428.5270,-4.32,-2.88
883375,180,9854.1328,428.5270,-2.88,-4.32
883380,180,9854.1328,428.5450,-2.88,-2.88
883386,180,9850.1924,428.5450,-2.88,-2.88
883391,180,9850.1924,428.4503,-2.88,-2.88
883397,180,9858.8438,428.4503,-4.32,-2.88
883403,180,9858.8438,428.7345,-2.88,-2.88
883408,180,9853.7041,428.7345,-2.88,-4.32
883415,180,9853.7041,429.1135,-2.88,-2.88
883419,180,9851.0488,429.1135,-2.88,-2.88
883427,180,9851.0488,428.8834,-2.88,-2.88
883431,180,9851.4775,428.8834,-4.32,-2.88
883439,180,9851.4775,428.8698,-2.88,-2.88
883442,180,9852.1631,428.8698,-2.88,-4.32
883451,180,9852.1631,428.9781,-2.88,-2.88
883453,180,9852.5049,428.9781,-2.88,-4.32
883463,180,9852.5049,428.7841,-2.88,-4.32
883464,180,9853.2764,428.7841,-2.88,-2.88
883475,180,9853.2764,428.8473,-2.88,-4.32
883475,180,9845.1387,428.8473,-2.88,-4.32
883486,180,9847.7090,428.8473,-2.88,-2.88
883487,180,9847.7090,429.0503,-2.88,-2.88
883497,180,9855.5889,429.0503,-2.88,-4.32
883498,180,9855.5889,429.0594,-2.88,-2.88
883508,180,9865.4385,429.0594,-2.88,-4.32
883510,180,9865.4385,428.6623,-2.88,-4.32
883519,180,9854.9893,428.6623,-2.88,-2.88
883522,180,9854.9893,428.5721,-2.88,-2.88
883530,180,9849.7646,428.5721,-2.88,-2.88
883534,180,9849.7646,428.5676,-2.88,-4.32
883541,180,9847.4521,428.5676,-2.88,-5.75
883546,180,9847.4521,428.6758,-2.88,-2.88
883552,180,9852.1631,428.6758,-2.88,-4.32
883558,180,9852.1631,428.7255,-2.88,-2.88
883563,180,9851.9912,428.7255,-2.88,-2.88
883570,180,9851.9912,428.6037,-2.88,-4.32
883582,180,9851.9912,428.9826,-2.88,-2.88
883586,180,9847.6230,428.9826,-2.88,-2.88
883594,180,9847.6230,428.9285,-2.88,-2.88
883597,180,9848.6504,428.9285,-2.88,-4.32
883606,180,9848.6504,428.6984,-2.88,-2.88
883608,180,9854.6465,428.6984,-2.88,-4.32
883617,180,9854.6465,428.9601,-2.88,-4.32
883619,180,9862.5264,428.9601,-2.88,-4.32
883629,180,9862.5264,429.0729,-2.88,-2.88
883630,180,9859.6143,429.0729,-2.88,-2.88
883641,180,9856.1885,429.0729,-2.88,-2.88
883641,180,9856.1885,428.6804,-2.88,-4.32
883652,180,9851.3057,428.6804,-2.88,-2.88
883653,180,9851.3057,428.5089,-2.88,-2.88
883663,180,9855.5029,428.5089,-2.88,-2.88
883665,180,9855.5029,428.7119,-2.88,-2.88
883674,180,9860.7275,428.7119,-2.88,-4.32
883677,180,9860.7275,428.4954,-2.88,-4.32
883685,180,9854.0469,428.4954,-2.88,-2.88
883689,180,9854.0469,428.3691,-2.88,-2.88
883696,180,9850.6211,428.3691,-2.88,-4.32
883701,180,9850.6211,428.2879,-2.88,-4.32
883707,180,9853.7041,428.2879,-2.88,-2.88
883719,180,9853.2764,428.2879,-2.88,-4.32
883724,180,9853.2764,428.4683,-2.88,-2.88
883730,180,9850.3643,428.4683,-2.88,-4.32
883736,180,9850.3643,428.5811,-2.88,-2.88
883741,180,9849.3359,428.5811,-4.32,-4.32
883748,180,9849.3359,428.7029,-2.88,-2.88
883752,180,9849.6787,428.7029,-2.88,-2.88
883760,180,9849.6787,428.8518,-2.88,-2.88
883763,180,9849.5928,428.8518,-2.88,-4.32
883772,180,9849.5928,428.7661,-2.88,-2.88
883774,180,9864.5820,428.7661,-2.88,-4.32
883784,180,9864.5820,428.4187,-2.88,-4.32
883785,180,9854.4756,428.4187,-2.88,-2.88
883796,180,9854.4756,428.2157,-2.88,-4.32
883796,180,9843.1689,428.2157,-2.88,-4.32
883807,180,9847.3662,428.2157,-2.88,-4.32
883808,180,9847.3662,428.2066,-2.88,-4.32
883818,180,9848.7363,428.2066,-2.88,-4.32
883820,180,9848.7363,428.2021,-2.88,-2.88
883829,180,9853.1045,428.2021,-2.88,-4.32
883832,180,9853.1045,428.4097,-2.88,-2.88
883840,180,9856.8740,428.4097,-2.88,-4.32
883843,180,9856.8740,428.4683,-2.88,-2.88
883851,180,9849.5078,428.4683,-2.88,-2.88
883855,180,9849.5078,428.1390,-2.88,-4.32
883863,180,9847.7090,428.1390,-2.88,-2.88
883867,180,9847.7090,428.5676,-2.88,-2.88
883874,180,9844.7109,428.5676,-1.44,-2.88
883879,180,9844.7109,428.7480,-2.88,-2.88
883885,180,9846.1670,428.7480,-2.88,-2.88
883891,180,9846.1670,428.5044,-4.32,-2.88
883896,180,9850.5352,428.5044,-4.32,-4.32
883903,180,9850.5352,428.3285,-4.32,-2.88
883907,180,9850.0215,428.3285,-2.88,-4.32
883915,180,9850.0215,428.1706,-2.88,-2.88
883918,180,9846.7666,428.1706,-2.88,-2.88
883927,180,9846.7666,428.1119,-2.88,-2.88
883929,180,9843.1689,428.1119,-2.88,-2.88
883939,180,9843.1689,428.3285,-2.88,-2.88
883940,180,9844.9678,428.3285,-2.88,-4.32
883950,180,9844.9678,428.6217,-2.88,-2.88
883951,180,9850.7061,428.6217,-2.88,-2.88
883962,180,9855.8457,428.6217,-2.88,-4.32
883962,180,9855.8457,428.7074,-2.88,-4.32
883973,180,9854.2188,428.7074,-2.88,-2.88
883974,180,9854.2188,428.5405,-2.88,-2.88
883984,180,9839.3145,428.5405,-2.88,-2.88
883986,180,9839.3145,428.3285,-2.88,-2.88
883995,180,9841.5420,428.3285,-2.88,-4.32
883998,180,9841.5420,428.4052,-2.88,-4.32
884007,180,9848.5654,428.4052,-2.88,-4.32
884010,180,9848.5654,428.1796,-2.88,-4.32
884018,180,9852.2480,428.1796,-2.88,-4.32
884022,180,9852.2480,428.0081,-2.88,-2.88
884029,180,9846.7666,428.0081,-2.88,-2.88
884034,180,9846.7666,428.1480,-2.88,-2.88
884040,180,9845.8242,428.1480,-2.88,-2.88
884046,180,9845.8242,428.3555,-2.88,-2.88
884051,180,9851.2207,428.3555,-2.88,-4.32
884057,180,9851.2207,428.8112,-2.88,-2.88
884062,180,9849.4219,428.8112,-2.88,-2.88
884069,180,9849.4219,428.6082,-2.88,-2.88
884073,180,9851.3916,428.6082,-2.88,-2.88
884081,180,9851.3916,428.5134,-4.32,-2.88
884084,180,9847.0234,428.5134,-2.88,-4.32
884093,180,9847.0234,428.7841,-2.88,-2.88
884095,180,9847.8799,428.7841,-2.88,-4.32
884105,180,9847.8799,428.4006,-2.88,-4.32
884106,180,9841.9697,428.4006,-2.88,-2.88
884117,180,9841.9697,428.0803,-2.88,-4.32
884117,180,9847.6230,428.0803,-2.88,-2.88
884128,180,9852.0771,428.0803,-2.88,-4.32
884129,180,9852.0771,428.4052,-2.88,-2.88
884139,180,9851.8203,428.4052,-2.88,-4.32
884141,180,9851.8203,428.4322,-2.88,-2.88
884151,180,9848.5654,428.4322,-2.88,-2.88
884153,180,9848.5654,428.4999,-4.32,-2.88
884162,180,9849.7646,428.4999,-2.88,-2.88
884165,180,9849.7646,428.5360,-2.88,-2.88
884173,180,9854.3896,428.5360,-2.88,-4.32
884176,180,9854.3896,428.8518,-2.88,-2.88
884184,180,9847.3662,428.8518,-2.88,-2.88
884188,180,9847.3662,428.7706,-2.88,-4.32
884195,180,9854.9893,428.7706,-2.88,-4.32
884200,180,9854.9893,428.4548,-2.88,-2.88
884206,180,9859.1006,428.4548,-2.88,-2.88
884212,180,9859.1006,428.4909,-4.32,-4.32
884217,180,9850.1924,428.4909,-2.88,-2.88
884224,180,9850.1924,428.5179,-4.32,-2.88
884228,180,9846.5098,428.5179,-2.88,-2.88
884236,180,9846.5098,428.3465,-2.88,-2.88
884239,180,9848.9932,428.3465,-2.88,-4.32
884248,180,9848.9932,428.2473,-2.88,-4.32
884250,180,9850.1074,428.2473,-2.88,-4.32
884260,180,9850.1074,428.3285,-4.32,-5.75
884261,180,9850.8779,428.3285,-2.88,-2.88
884272,180,9850.8779,428.7210,-2.88,-4.32
884272,180,9850.0215,428.7210,-2.88,-2.88
884283,180,9850.0215,428.6894,-2.88,-2.88
884284,180,9844.1113,428.6894,-2.88,-2.88
884295,180,9844.1973,428.6894,-2.88,-4.32
884295,180,9844.1973,428.5225,-2.88,-2.88
884306,180,9850.2783,428.5225,-4.32,-4.32
884307,180,9850.2783,428.3646,-2.88,-2.88
884317,180,9838.5439,428.3646,-2.88,-2.88
884319,180,9838.5439,428.2969,-2.88,-4.32
884328,180,9844.0254,428.2969,-2.88,-2.88
884331,180,9844.0254,427.9044,-2.88,-4.32
884339,180,9841.7129,427.9044,-2.88,-2.88
884343,180,9841.7129,427.8367,-2.88,-4.32
884350,180,9843.5117,427.8367,-2.88,-5.75
884355,180,9843.5117,428.3239,-2.88,-2.88
884361,180,9849.1650,428.3239,-4.32,-2.88
884367,180,9849.1650,428.4052,-2.88,-2.88
884372,180,9849.5078,428.4052,-2.88,-2.88
884379,180,9849.5078,428.4097,-2.88,-2.88
884383,180,9846.0811,428.4097,-2.88,-4.32
884391,180,9846.0811,428.2969,-2.88,-2.88
884394,180,9842.3984,428.2969,-2.88,-2.88
884402,180,9842.3984,428.1660,-2.88,-4.32
884405,180,9844.0254,428.1660,-2.88,-2.88
884414,180,9844.0254,428.2292,-2.88,-2.88
884416,180,9853.1904,428.2292,-2.88,-4.32
884426,180,9853.1904,428.1751,-2.88,-4.32
884427,180,9853.7900,428.1751,-4.32,-2.88
884438,180,9853.7900,427.9134,-2.88,-2.88
884439,180,9853.5332,427.9134,-2.88,-2.88
884450,180,9847.7090,427.9134,-2.88,-4.32
884450,180,9847.7090,427.8773,-2.88,-2.88
884461,180,9845.6533,427.8773,-2.88,-2.88
884462,180,9845.6533,428.0352,-2.88,-2.88
884474,180,9845.6533,428.6217,-2.88,-4.32
884483,180,9845.7383,428.6217,-2.88,-4.32
884486,180,9845.7383,429.0864,-4.32,-4.32
884494,180,9848.9932,429.0864,-4.32,-2.88
884498,180,9848.9932,428.7796,-2.88,-4.32
884505,180,9857.5586,428.7796,-2.88,-2.88
884509,180,9857.5586,429.0413,-2.88,-2.88
884516,180,9856.1025,429.0413,-2.88,-2.88
884521,180,9856.1025,428.7255,-2.88,-2.88
884527,180,9854.7324,428.7255,-2.88,-2.88
884533,180,9854.7324,428.4593,-2.88,-2.88
884538,180,9852.1631,428.4593,-2.88,-4.32
884545,180,9852.1631,428.3510,-2.88,-4.32
884549,180,9851.0488,428.3510,-2.88,-2.88
884557,180,9851.0488,428.1886,-2.88,-2.88
884560,180,9851.6484,428.1886,-2.88,-4.32
884569,180,9851.6484,428.1706,-2.88,-2.88
884571,180,9849.9355,428.1706,-4.32,-2.88
884581,180,9849.9355,428.3330,-2.88,-4.32
884583,180,9854.9893,428.3330,-4.32,-2.88
884593,180,9854.9893,428.6533,-2.88,-2.88
884594,180,9852.1631,428.6533,-2.88,-2.88
884605,180,9852.1631,428.7571,-2.88,-2.88
884605,180,9853.6191,428.7571,-2.88,-2.88
884616,180,9844.0254,428.7571,-2.88,-2.88
884617,180,9844.0254,428.3781,-2.88,-4.32
884627,180,9845.3105,428.3781,-2.88,-4.32
884628,180,9845.3105,428.1480,-2.88,-2.88
884638,180,9851.8203,428.1480,-2.88,-2.88
884640,180,9851.8203,427.9720,-2.88,-2.88
884649,180,9854.3896,427.9720,-2.88,-2.88
884652,180,9854.3896,428.1841,-2.88,-4.32
884660,180,9848.8223,428.1841,-2.88,-4.32
884664,180,9848.8223,428.3375,-2.88,-2.88
884671,180,9840.2568,428.3375,-2.88,-2.88
884676,180,9840.2568,428.4638,-2.88,-2.88
884682,180,9841.7988,428.4638,-2.88,-2.88
884688,180,9841.7988,428.7210,-2.88,-4.32
884693,180,9850.8779,428.7210,-2.88,-1.44
884700,180,9850.8779,428.7029,-2.88,-2.88
884704,180,9851.2207,428.7029,-2.88,-4.32
884712,180,9851.2207,428.8338,-2.88,-2.88
884715,180,9849.8496,428.8338,-2.88,-4.32
884724,180,9849.8496,428.5631,-2.88,-2.88
884727,180,9846.9375,428.5631,-2.88,-2.88
884736,180,9846.9375,428.4728,-2.88,-2.88
884738,180,9842.0557,428.4728,-2.88,-4.32
884747,180,9842.0557,428.3916,-2.88,-4.32
884749,180,9842.1416,428.3916,-2.88,-2.88
884759,180,9842.1416,428.2292,-2.88,-2.88
884760,180,9844.7969,428.2292,-2.88,-2.88
884771,180,9842.3984,428.2292,-2.88,-2.88
884771,180,9842.3984,428.1119,-2.88,-2.88
884782,180,9848.4795,428.1119,-2.88,-2.88
884783,180,9848.4795,428.3014,-2.88,-2.88
884793,180,9851.2207,428.3014,-4.32,-2.88
884795,180,9851.2207,428.0036,-2.88,-4.32
884804,180,9851.6484,428.0036,-1.44,-4.32
884807,180,9851.6484,428.0713,-2.88,-2.88
884815,180,9851.7344,428.0713,-2.88,-4.32
884819,180,9851.7344,428.3059,-2.88,-2.88
884826,180,9851.9053,428.3059,-2.88,-2.88
884831,180,9851.9053,428.2788,-2.88,-2.88
884837,180,9844.1113,428.2788,-4.32,-2.88
884843,180,9844.1113,428.0397,-2.88,-2.88
884848,180,9838.9717,428.0397,-2.88,-2.88
884854,180,9838.9717,427.9675,-2.88,-2.88
884859,180,9840.0000,427.9675,-4.32,-4.32
884871,180,9851.2207,427.9675,-2.88,-4.32
884878,180,9851.2207,428.2021,-2.88,-2.88
884882,180,9847.0234,428.2021,-2.88,-2.88
884890,180,9847.0234,428.2653,-2.88,-2.88
884893,180,9837.2588,428.2653,-2.88,-4.32
884902,180,9837.2588,428.3555,-2.88,-2.88
884904,180,9846.6807,428.3555,-2.88,-2.88
884914,180,9846.6807,428.4728,-2.88,-4.32
884915,180,9845.3965,428.4728,-2.88,-4.32
884926,180,9845.3965,428.5450,-2.88,-4.32
884926,180,9840.4277,428.5450,-2.88,-2.88
884937,180,9843.9395,428.5450,-2.88,-2.88
884938,180,9843.9395,428.5676,-2.88,-4.32
884948,180,9842.4834,428.5676,-2.88,-4.32
884950,180,9842.4834,428.4909,-2.88,-4.32
884959,180,9838.8867,428.4909,-4.32,-2.88
884962,180,9838.8867,428.6307,-2.88,-4.32
884970,180,9839.2285,428.6307,-2.88,-2.88
884973,180,9839.2285,428.5811,-2.88,-2.88
884981,180,9841.4561,428.5811,-4.32,-2.88
884985,180,9841.4561,428.6578,-2.88,-4.32
884992,180,9842.4834,428.6578,-2.88,-2.88
884997,180,9842.4834,428.7886,-4.32,-4.32
885003,180,9841.3701,428.7886,-4.32,-2.88
885009,180,9841.3701,428.8608,-2.88,-2.88
885015,180,9844.9678,428.8608,-2.88,-4.32
885021,180,9844.9678,429.2804,-1.44,-2.88
885026,180,9841.2852,429.2804,-1.44,-4.32
885033,180,9841.2852,429.3210,-2.88,-2.88
885037,180,9845.2246,429.3210,-2.88,-2.88
885045,180,9845.2246,428.9646,-2.88,-2.88
885048,180,9842.4834,428.9646,-2.88,-4.32
885057,180,9842.4834,428.9872,-2.88,-2.88
885059,180,9833.5762,428.9872,-2.88,-2.88
885069,180,9833.5762,428.6758,-2.88,-2.88
885070,180,9841.8838,428.6758,-2.88,-4.32
885080,180,9841.8838,428.7661,-2.88,-2.88
885081,180,9855.9316,428.7661,-2.88,-4.32
885092,180,9855.6748,428.7661,-2.88,-2.88
885092,180,9855.6748,428.7345,-2.88,-2.88
885103,180,9850.3643,428.7345,-1.44,-2.88
885104,180,9850.3643,428.7616,-2.88,-2.88
885114,180,9849.0791,428.7616,-2.88,-4.32
885116,180,9849.0791,428.8969,-4.32,-4.32
885125,180,9845.6533,428.8969,-2.88,-4.32
885128,180,9845.6533,429.1947,-2.88,-2.88
885136,180,9843.5117,429.1947,-2.88,-4.32
885140,180,9843.5117,429.1225,-2.88,-2.88
885147,180,9840.4277,429.1225,-2.88,-2.88
885152,180,9840.4277,429.0864,-2.88,-4.32
885159,180,9843.5117,429.0864,-2.88,-2.88
885164,180,9843.5117,429.0729,-2.88,-2.88
885170,180,9850.7061,429.0729,-2.88,-2.88
885176,180,9850.7061,428.9240,-2.88,-2.88
885181,180,9846.3379,428.9240,-2.88,-2.88
885187,180,9846.3379,428.7841,-2.88,-2.88
885192,180,9850.4492,428.7841,-4.32,-4.32
885199,180,9850.4492,428.6804,-2.88,-4.32
885203,180,9855.9316,428.6804,-2.88,-4.32
885211,180,9855.9316,428.6849,-2.88,-4.32
885214,180,9852.6768,428.6849,-2.88,-4.32
885223,180,9852.6768,428.7841,-2.88,-4.32
885225,180,9851.9912,428.7841,-2.88,-2.88
885235,180,9851.9912,428.8744,-2.88,-2.88
885236,180,9851.6484,428.8744,-2.88,-4.32
885247,180,9851.6484,429.0278,-2.88,-2.88
885247,180,9854.5605,429.0278,-2.88,-4.32
885258,180,9849.7646,429.0278,-2.88,-2.88
885259,180,9849.7646,429.0594,-2.88,-2.88
885269,180,9851.4775,429.0594,-2.88,-4.32
885271,180,9851.4775,428.9150,-4.32,-2.88
885280,180,9860.0430,428.9150,-2.88,-2.88
885283,180,9860.0430,428.7616,-2.88,-4.32
885291,180,9857.1309,428.7616,-2.88,-4.32
885295,180,9857.1309,428.5631,-2.88,-2.88
885303,180,9850.9639,428.5631,-2.88,-2.88
885306,180,9850.9639,428.4548,-4.32,-2.88
885314,180,9842.2266,428.4548,-2.88,-4.32
885318,180,9842.2266,428.7074,-4.32,-2.88
885325,180,9848.7363,428.7074,-2.88,-2.88
885330,180,9848.7363,428.9826,-2.88,-2.88
885336,180,9846.6807,428.9826,-2.88,-4.32
885342,180,9846.6807,428.6894,-2.88,-2.88
885347,180,9845.1387,428.6894,-2.88,-4.32
885354,180,9845.1387,428.9466,-2.88,-2.88
885358,180,9852.9336,428.9466,-2.88,-2.88
885366,180,9852.9336,428.9195,-2.88,-4.32
885369,180,9850.3643,428.9195,-2.88,-2.88
885378,180,9850.3643,428.5856,-2.88,-2.88
885380,180,9851.3057,428.5856,-2.88,-2.88
885390,180,9851.3057,428.2292,-4.32,-2.88
885391,180,9850.5352,428.2292,-2.88,-4.32
885402,180,9850.5352,428.0939,-2.88,-2.88
885402,180,9845.9951,428.0939,-1.44,-2.88
885413,180,9845.0537,428.0939,-4.32,-2.88
885413,180,9845.0537,428.6578,-2.88,-2.88
885424,180,9848.9082,428.6578,-2.88,-4.32
885425,180,9848.9082,429.0142,-2.88,-4.32
885435,180,9847.1094,429.0142,-2.88,-4.32
885437,180,9847.1094,429.0007,-2.88,-2.88
885447,180,9846.0811,429.0007,-2.88,-2.88
885449,180,9846.0811,429.1406,-2.88,-2.88
885458,180,9853.8760,429.1406,-1.44,-2.88
885461,180,9853.8760,428.6082,-2.88,-2.88
885469,180,9855.3320,428.6082,-2.88,-2.88
885473,180,9855.3320,428.3691,-2.88,-2.88
885480,180,9840.6855,428.3691,-2.88,-2.88
885485,180,9840.6855,428.5405,-2.88,-4.32
885491,180,9844.8818,428.5405,-2.88,-2.88
885497,180,9844.8818,428.6217,-2.88,-4.32
885502,180,9845.5674,428.6217,-2.88,-2.88
885509,180,9845.5674,428.4097,-2.88,-2.88
885513,180,9840.3428,428.4097,-2.88,-2.88
885520,180,9840.3428,428.0487,-2.88,-2.88
885524,180,9853.7041,428.0487,-2.88,-4.32
885532,180,9853.7041,428.1480,-2.88,-4.32
885535,180,9859.7861,428.1480,-2.88,-4.32
885544,180,9859.7861,428.5179,-2.88,-2.88
885546,180,9856.7881,428.5179,-2.88,-2.88
885556,180,9856.7881,428.9736,-2.88,-2.88
885557,180,9850.6211,428.9736,-2.88,-2.88
885568,180,9850.6211,428.9466,-2.88,-4.32
885568,180,9845.5674,428.9466,-2.88,-4.32
885579,180,9852.4199,428.9466,-2.88,-2.88
885580,180,9852.4199,428.5766,-2.88,-2.88
885591,180,9857.3018,428.5766,-2.88,-4.32
885592,180,9857.3018,428.7210,-2.88,-4.32
885602,180,9851.5635,428.7210,-4.32,-2.88
885604,180,9851.5635,428.9014,-2.88,-2.88
885613,180,9850.8779,428.9014,-2.88,-2.88
885616,180,9850.8779,428.4548,-2.88,-2.88
885624,180,9856.4453,428.4548,-2.88,-4.32
885628,180,9856.4453,428.3239,-2.88,-2.88
885635,180,9856.7021,428.3239,-2.88,-2.88
885639,180,9856.7021,429.0233,-4.32,-2.88
885646,180,9853.3613,429.0233,-4.32,-4.32
885651,180,9853.3613,429.2804,-2.88,-2.88
885657,180,9854.9033,429.2804,-2.88,-4.32
885663,180,9854.9033,429.2488,-2.88,-2.88
885668,180,9854.3896,429.2488,-2.88,-2.88
885675,180,9854.3896,429.2578,-2.88,-4.32
885679,180,9850.6211,429.2578,-2.88,-2.88
885687,180,9850.6211,429.0999,-2.88,-4.32
885690,180,9845.6533,429.0999,-2.88,-2.88
885699,180,9845.6533,428.7932,-1.44,-4.32
885701,180,9842.0557,428.7932,-2.88,-4.32
885711,180,9842.0557,428.1254,-2.88,-2.88
885712,180,9850.1074,428.1254,-2.88,-2.88
885723,180,9850.1074,428.3646,-2.88,-2.88
885723,180,9857.0449,428.3646,-2.88,-4.32
885735,180,9853.5332,428.3646,-2.88,-2.88
885735,180,9853.5332,428.8112,-4.32,-5.75
885746,180,9852.5049,428.8112,-1.44,-4.32
885746,180,9852.5049,428.8022,-4.32,-2.88
885757,180,9847.4521,428.8022,-2.88,-2.88
885758,180,9847.4521,429.0007,-2.88,-4.32
885768,180,9853.4473,429.0007,-2.88,-2.88
885770,180,9853.4473,429.0864,-2.88,-2.88
885779,180,9846.6807,429.0864,-2.88,-4.32
885782,180,9846.6807,428.9330,-2.88,-4.32
885790,180,9841.5420,428.9330,-2.88,-2.88
885794,180,9841.5420,429.0503,-2.88,-4.32
885801,180,9847.7939,429.0503,-2.88,-2.88
885806,180,9847.7939,428.6894,-2.88,-2.88
885812,180,9845.8242,428.6894,-2.88,-2.88
885818,180,9845.8242,428.4638,-2.88,-4.32
885823,180,9847.0234,428.4638,-2.88,-2.88
885830,180,9847.0234,428.4864,-2.88,-2.88
885834,180,9848.1367,428.4864,-2.88,-4.32
885842,180,9848.1367,428.5179,-2.88,-2.88
885845,180,9845.7383,428.5179,-2.88,-4.32
885853,180,9845.7383,428.4232,-2.88,-2.88
885856,180,9846.3379,428.4232,-4.32,-2.88
885865,180,9846.3379,428.4999,-4.32,-2.88
885867,180,9850.9639,428.4999,-4.32,-4.32
885877,180,9850.9639,428.6353,-2.88,-2.88
885879,180,9844.0254,428.6353,-2.88,-2.88
885889,180,9844.0254,428.9962,-2.88,-2.88
885890,180,9843.1689,428.9962,-2.88,-4.32
885901,180,9843.8545,428.9962,-2.88,-4.32
885901,180,9843.8545,428.5676,-4.32,-2.88
885912,180,9841.9697,428.5676,-2.88,-2.88
885913,180,9841.9697,428.5315,-2.88,-2.88
885923,180,9849.7646,428.5315,-2.88,-2.88
885925,180,9849.7646,428.2066,-2.88,-2.88
885934,180,9850.7061,428.2066,-2.88,-2.88
885937,180,9850.7061,428.3285,-2.88,-2.88
885945,180,9845.7383,428.3285,-2.88,-2.88
885949,180,9845.7383,428.5586,-2.88,-2.88
885956,180,9842.3125,428.5586,-2.88,-4.32
885961,180,9842.3125,428.7977,-2.88,-2.88
885967,180,9841.7988,428.7977,-2.88,-4.32
885972,180,9841.7988,428.8654,-2.88,-4.32
885978,180,9844.5391,428.8654,-4.32,-2.88
885984,180,9844.5391,428.6127,-2.88,-2.88
885989,180,9849.1650,428.6127,-2.88,-2.88
885996,180,9849.1650,428.6804,-2.88,-2.88
886000,180,9853.4473,428.6804,-2.88,-2.88
886008,180,9853.4473,428.8338,-2.88,-4.32
886011,180,9851.8203,428.8338,-2.88,-4.32
886020,180,9851.8203,428.9781,-2.88,-4.32
886022,180,9854.5605,428.9781,-2.88,-2.88
886032,180,9854.5605,428.7616,-2.88,-4.32
886034,180,9854.8174,428.7616,-2.88,-4.32
886044,180,9854.8174,428.8157,-4.32,-2.88
886045,180,9846.0811,428.8157,-2.88,-4.32
886056,180,9846.0811,428.8834,-2.88,-2.88
886056,180,9852.2480,428.8834,-2.88,-2.88
886067,180,9854.8174,428.8834,-4.32,-2.88
886068,180,9854.8174,428.4683,-2.88,-4.32
886078,180,9850.8779,428.4683,-2.88,-4.32
886079,180,9850.8779,428.4593,-2.88,-2.88
886089,180,9849.5078,428.4593,-2.88,-2.88
886091,180,9849.5078,428.6804,-2.88,-4.32
886100,180,9844.7109,428.6804,-2.88,-4.32
886103,180,9844.7109,428.2337,-2.88,-2.88
886111,180,9844.2822,428.2337,-2.88,-4.32
886115,180,9844.2822,428.2969,-2.88,-2.88
886122,180,9852.5908,428.2969,-2.88,-2.88
886127,180,9852.5908,428.6398,-1.44,-2.88
886133,180,9853.6191,428.6398,-2.88,-2.88
886139,180,9853.6191,428.4683,-2.88,-4.32
886144,180,9854.6465,428.4683,-2.88,-2.88
886151,180,9854.6465,428.5179,-2.88,-4.32
886155,180,9855.1602,428.5179,-2.88,-2.88
886163,180,9855.1602,428.7706,-2.88,-4.32
886166,180,9857.1309,428.7706,-2.88,-2.88
886175,180,9857.1309,428.8518,-4.32,-2.88
886178,180,9859.8711,428.8518,-2.88,-4.32
886187,180,9859.8711,428.8608,-2.88,-2.88
886189,180,9862.3555,428.8608,-2.88,-2.88
886198,180,9862.3555,428.7886,-4.32,-2.88
886200,180,9864.1543,428.7886,-2.88,-4.32
886210,180,9864.1543,428.5405,-2.88,-2.88
886211,180,9855.1602,428.5405,-2.88,-2.88
886222,180,9859.6143,428.5405,-2.88,-4.32
886222,180,9859.6143,428.4503,-2.88,-2.88
886233,180,9862.6982,428.4503,-2.88,-2.88
886234,180,9862.6982,428.3646,-2.88,-2.88
886244,180,9857.2158,428.3646,-2.88,-2.88
886246,180,9857.2158,428.1164,-2.88,-2.88
886255,180,9857.6445,428.1164,-2.88,-4.32
886258,180,9857.6445,428.0442,-4.32,-2.88
886266,180,9847.6230,428.0442,-2.88,-4.32
886270,180,9847.6230,428.1751,-2.88,-2.88
886277,180,9855.8457,428.1751,-2.88,-4.32
886282,180,9855.8457,428.0533,-2.88,-2.88
886288,180,9857.9873,428.0533,-2.88,-2.88
886294,180,9857.9873,428.1660,-2.88,-2.88
886299,180,9856.4453,428.1660,-2.88,-4.32
886305,180,9856.4453,428.5360,-2.88,-2.88
886310,180,9856.9590,428.5360,-1.44,-4.32
886317,180,9856.9590,428.6127,-2.88,-2.88
886322,180,9860.4707,428.6127,-2.88,-4.32
886329,180,9860.4707,428.8247,-2.88,-2.88
886333,180,9858.5010,428.8247,-4.32,-4.32
886341,180,9858.5010,428.7119,-2.88,-2.88
886344,180,9853.0195,428.7119,-2.88,-4.32
886353,180,9853.0195,428.6172,-2.88,-4.32
886355,180,9844.5391,428.6172,-2.88,-4.32
886365,180,9844.5391,428.7932,-2.88,-2.88
886366,180,9838.9717,428.7932,-2.88,-2.88
886377,180,9838.9717,428.6623,-2.88,-4.32
886377,180,9847.4521,428.6623,-2.88,-4.32
886388,180,9856.1885,428.6623,-2.88,-2.88
886389,180,9856.1885,428.4728,-2.88,-2.88
886399,180,9851.2207,428.4728,-4.32,-4.32
886401,180,9851.2207,428.4683,-2.88,-2.88
886410,180,9848.3086,428.4683,-2.88,-2.88
886412,180,9848.3086,428.6307,-2.88,-2.88
886421,180,9846.8525,428.6307,-2.88,-4.32
886424,180,9846.8525,428.1796,-2.88,-2.88
886432,180,9850.3643,428.1796,-2.88,-4.32
886436,180,9850.3643,428.1029,-2.88,-2.88
886443,180,9839.9141,428.1029,-2.88,-2.88
886448,180,9839.9141,428.3826,-2.88,-2.88
886454,180,9843.0830,428.3826,-2.88,-4.32
886460,180,9843.0830,428.7616,-2.88,-2.88
886466,180,9851.5635,428.7616,-2.88,-2.88
886472,180,9851.5635,428.6984,-2.88,-2.88
886477,180,9852.1631,428.6984,-2.88,-4.32
886484,180,9852.1631,428.6623,-2.88,-2.88
886488,180,9851.3057,428.6623,-2.88,-4.32
886496,180,9851.3057,428.5631,-2.88,-2.88
886499,180,9846.6807,428.5631,-2.88,-4.32
886508,180,9846.6807,428.4593,-2.88,-4.32
886510,180,9840.6855,428.4593,-2.88,-2.88
886519,180,9840.6855,428.4367,-2.88,-2.88
886521,180,9839.5713,428.4367,-2.88,-2.88
886531,180,9839.5713,428.3285,-2.88,-2.88
886532,180,9845.9951,428.3285,-2.88,-2.88
886543,180,9853.7900,428.3285,-2.88,-4.32
886543,180,9853.7900,428.2924,-2.88,-2.88
886554,180,9853.4473,428.2924,-2.88,-2.88
886555,180,9853.4473,428.2066,-2.88,-4.32
886565,180,9846.7666,428.2066,-2.88,-2.88
886567,180,9846.7666,428.1841,-2.88,-1.44
886576,180,9844.5391,428.1841,-2.88,-2.88
886579,180,9844.5391,428.0533,-4.32,-2.88
886587,180,9841.1133,428.0533,-2.88,-2.88
886591,180,9841.1133,428.2834,-4.32,-2.88
886598,180,9842.7412,428.2834,-2.88,-4.32
886603,180,9842.7412,428.4683,-4.32,-2.88
886610,180,9838.6299,428.4683,-2.88,-4.32
886615,180,9838.6299,428.5901,-2.88,-2.88
886621,180,9844.0254,428.5901,-2.88,-2.88
886627,180,9844.0254,428.6488,-2.88,-2.88
886632,180,9847.1943,428.6488,-2.88,-2.88
886638,180,9847.1943,428.3285,-2.88,-4.32
886643,180,9846.5947,428.3285,-2.88,-2.88
886650,180,9846.5947,428.2879,-2.88,-2.88
886654,180,9848.6504,428.2879,-2.88,-2.88
886662,180,9848.6504,428.3916,-2.88,-2.88
886665,180,9849.6787,428.3916,-2.88,-2.88
886674,180,9849.6787,428.1886,-4.32,-2.88
886676,180,9861.6699,428.1886,-2.88,-4.32
886686,180,9861.6699,428.0442,-2.88,-2.88
886687,180,9858.4150,428.0442,-2.88,-2.88
886698,180,9858.4150,428.0623,-2.88,-2.88
886698,180,9840.3428,428.0623,-2.88,-2.88
886709,180,9846.6807,428.0623,-2.88,-4.32
886710,180,9846.6807,428.3149,-2.88,-2.88
886720,180,9850.4492,428.3149,-2.88,-2.88
886722,180,9850.4492,428.8383,-2.88,-2.88
886731,180,9847.0234,428.8383,-2.88,-4.32
886734,180,9847.0234,429.1812,-2.88,-2.88
886742,180,9851.4775,429.1812,-2.88,-2.88
886745,180,9851.4775,428.9285,-2.88,-2.88
886754,180,9854.3896,428.9285,-2.88,-4.32
886757,180,9854.3896,428.9556,-4.32,-2.88
886765,180,9853.2764,428.9556,-4.32,-2.88
886769,180,9853.2764,428.9736,-2.88,-2.88
886776,180,9845.7383,428.9736,-2.88,-2.88
886781,180,9845.7383,429.0142,-2.88,-2.88
886787,180,9850.1924,429.0142,-2.88,-4.32
886793,180,9850.1924,428.9240,-2.88,-2.88
886798,180,9852.5049,428.9240,-2.88,-4.32
886805,180,9852.5049,428.8338,-2.88,-2.88
886809,180,9850.2783,428.8338,-2.88,-2.88
886817,180,9850.2783,428.5179,-2.88,-2.88
886820,180,9845.1387,428.5179,-2.88,-2.88
886829,180,9845.1387,428.3014,-2.88,-1.44
886831,180,9844.1113,428.3014,-2.88,-2.88
886841,180,9844.1113,428.3194,-2.88,-2.88
886842,180,9848.3086,428.3194,-2.88,-4.32
886853,180,9848.3086,428.2743,-2.88,-4.32
886853,180,9844.3682,428.2743,-2.88,-2.88
886864,180,9840.3428,428.2743,-2.88,-2.88
886864,180,9840.3428,428.3104,-2.88,-2.88
886875,180,9845.7383,428.3104,-2.88,-2.88
886876,180,9845.7383,428.4638,-2.88,-2.88
886886,180,9845.5674,428.4638,-2.88,-12.95
886888,180,9845.5674,428.2743,-2.88,-2.88
886897,180,9848.3936,428.2743,-2.88,-2.88
886900,180,9848.3936,428.4728,-2.88,-4.32
886909,180,9845.3105,428.4728,-4.32,-2.88
886912,180,9845.3105,428.9420,-2.88,-2.88
886920,180,9847.6230,428.9420,-1.44,-4.32
886924,180,9847.6230,428.7435,-2.88,-4.32
886931,180,9844.8818,428.7435,-2.88,-4.32
886936,180,9844.8818,428.6488,-2.88,-4.32
886942,180,9843.2549,428.6488,-2.88,-4.32
886948,180,9843.2549,428.7571,-2.88,-2.88
886953,180,9844.2822,428.7571,-2.88,-2.88
886960,180,9844.2822,428.5766,-2.88,-2.88
886964,180,9847.0234,428.5766,-2.88,-2.88
886971,180,9847.0234,428.2834,-2.88,-2.88
886975,180,9843.6826,428.2834,-2.88,-2.88
886983,180,9843.6826,428.1931,-2.88,-4.32
886986,180,9846.0811,428.1931,-4.32,-2.88
886995,180,9846.0811,428.1751,-2.88,-2.88
886997,180,9840.9424,428.1751,-2.88,-2.88
887007,180,9840.9424,427.9044,-2.88,-2.88
887008,180,9840.2568,427.9044,-2.88,-2.88
887019,180,9840.2568,427.7014,-4.32,-2.88
887019,180,9846.6807,427.7014,-2.88,-2.88
887030,180,9844.1113,427.7014,-4.32,-2.88
887031,180,9844.1113,428.0803,-2.88,-2.88
887041,180,9842.7412,428.0803,-2.88,-2.88
887043,180,9842.7412,428.3961,-2.88,-2.88
887053,180,9835.2031,428.3961,-2.88,-4.32
887055,180,9835.2031,428.6172,-2.88,-4.32
887064,180,9840.6855,428.6172,-2.88,-2.88
887067,180,9840.6855,428.5450,-2.88,-2.88
887075,180,9841.0273,428.5450,-2.88,-4.32
887078,180,9841.0273,428.3149,-2.88,-4.32
887086,180,9838.6299,428.3149,-4.32,-2.88
887090,180,9838.6299,428.5540,-2.88,-4.32
887097,180,9844.9678,428.5540,-1.44,-2.88
887102,180,9844.9678,428.7796,-4.32,-2.88
887108,180,9842.9121,428.7796,-2.88,-4.32
887114,180,9842.9121,428.5315,-2.88,-2.88
887119,180,9843.5117,428.5315,-2.88,-4.32
887126,180,9843.5117,428.4458,-2.88,-2.88
887130,180,9852.5908,428.4458,-2.88,-4.32
887138,180,9852.5908,428.2382,-2.88,-2.88
887141,180,9844.7109,428.2382,-2.88,-1.44
887150,180,9844.7109,428.1796,-2.88,-4.32
887152,180,9846.1670,428.1796,-2.88,-2.88
887162,180,9846.1670,428.2743,-2.88,-2.88
887163,180,9851.1348,428.2743,-2.88,-2.88
887174,180,9851.1348,428.6533,-2.88,-2.88
887174,180,9847.1094,428.6533,-2.88,-4.32
887185,180,9843.4258,428.8698,-2.88,-2.88
887197,180,9840.5996,428.8698,-2.88,-4.32
887197,180,9840.5996,428.9511,-2.88,-4.32
887208,180,9842.9980,428.9511,-2.88,-4.32
887209,180,9842.9980,429.0187,-2.88,-2.88
887219,180,9849.2500,429.0187,-2.88,-2.88
887221,180,9849.2500,428.9375,-2.88,-4.32
887230,180,9850.9639,428.9375,-2.88,-4.32
887233,180,9850.9639,428.7751,-2.88,-2.88
887241,180,9854.2188,428.7751,-4.32,-2.88
887245,180,9854.2188,428.6082,-2.88,-2.88
887252,180,9853.1045,428.6082,-2.88,-4.32
887257,180,9853.1045,428.8338,-2.88,-2.88
887263,180,9848.9932,428.8338,-2.88,-2.88
887269,180,9848.9932,428.5450,-2.88,-2.88
887274,180,9854.4756,428.5450,-4.32,-2.88
887281,180,9854.4756,428.5721,-2.88,-2.88
887285,180,9848.4795,428.5721,-2.88,-2.88
887293,180,9848.4795,428.8608,-4.32,-2.88
887296,180,9837.0020,428.8608,-2.88,-2.88
887304,180,9837.0020,428.7616,-2.88,-2.88
887307,180,9834.3467,428.7616,-2.88,-2.88
887316,180,9834.3467,428.7751,-2.88,-2.88
887318,180,9835.2031,428.7751,-2.88,-2.88
887328,180,9835.2031,429.0278,-4.32,-2.88
887329,180,9836.6592,429.0278,-4.32,-2.88
887340,180,9836.6592,428.7841,-4.32,-4.32
887341,180,9849.5928,428.7841,-2.88,-2.88
887352,180,9857.3877,428.7841,-4.32,-4.32
887352,180,9857.3877,428.7345,-2.88,-2.88
887363,180,9859.4434,428.7345,-2.88,-2.88
887364,180,9859.4434,428.7435,-2.88,-2.88
887374,180,9856.6162,428.7435,-2.88,-2.88
887376,180,9856.6162,428.7526,-2.88,-4.32
887385,180,9854.7324,428.7526,-2.88,-4.32
887388,180,9854.7324,428.9014,-1.44,-2.88
887396,180,9850.7920,428.9014,-2.88,-4.32
887400,180,9850.7920,428.9105,-2.88,-4.32
887407,180,9843.6826,428.9105,-2.88,-4.32
887411,180,9843.6826,429.2894,-2.88,-2.88
887418,180,9846.1670,429.2894,-2.88,-2.88
887423,180,9846.1670,429.2353,-2.88,-2.88
887429,180,9840.1709,429.2353,-2.88,-4.32
887435,180,9840.1709,428.6353,-2.88,-2.88
887440,180,9834.0898,428.6353,-2.88,-2.88
887447,180,9834.0898,428.6623,-2.88,-2.88
887451,180,9830.8350,428.6623,-2.88,-2.88
887459,180,9830.8350,428.6533,-2.88,-2.88
887462,180,9838.7148,428.6533,-2.88,-2.88
887471,180,9838.7148,428.4548,-2.88,-2.88
887473,180,9851.2207,428.4548,-2.88,-4.32
887483,180,9851.2207,428.3646,-2.88,-2.88
887485,180,9848.5654,428.3646,-2.88,-4.32
887495,180,9848.5654,428.5225,-2.88,-2.88
887496,180,9844.3682,428.5225,-2.88,-4.32
887507,180,9844.3682,428.9375,-2.88,-2.88
887507,180,9839.8281,428.9375,-2.88,-2.88
887518,180,9835.5459,428.9375,-2.88,-2.88
887518,180,9835.5459,428.8608,-2.88,-1.44
887529,180,9845.9102,428.8608,-2.88,-4.32
887530,180,9845.9102,428.7886,-2.88,-2.88
887540,180,9842.3984,428.7886,-2.88,-4.32
887542,180,9842.3984,428.6488,-2.88,-2.88
887551,180,9835.8887,428.6488,-2.88,-2.88
887554,180,9835.8887,428.7165,-2.88,-4.32
887562,180,9845.2246,428.7165,-2.88,-4.32
887566,180,9845.2246,428.9150,-4.32,-2.88
887573,180,9849.8496,428.9150,-4.32,-2.88
887578,180,9849.8496,429.1406,-2.88,-2.88
887584,180,9845.9951,429.1406,-2.88,-4.32
887590,180,9845.9951,428.9059,-4.32,-2.88
887595,180,9847.4521,428.9059,-2.88,-2.88
887602,180,9847.4521,429.0142,-2.88,-2.88
887606,180,9839.7432,429.0142,-4.32,-4.32
887614,180,9839.7432,429.0729,-1.44,-2.88
887617,180,9842.4834,429.0729,-2.88,-2.88
887626,180,9842.4834,429.3887,-2.88,-2.88
887629,180,9851.7344,429.3887,-2.88,-2.88
887637,180,9851.7344,428.9826,-2.88,-4.32
887640,180,9854.8174,428.9826,-4.32,-2.88
887649,180,9854.8174,428.6578,-2.88,-2.88
887651,180,9850.1924,428.6578,-2.88,-2.88
887661,180,9850.1924,428.7345,-2.88,-2.88
887662,180,9844.7969,428.7345,-2.88,-4.32
887673,180,9841.3701,428.7345,-4.32,-2.88
887673,180,9841.3701,428.9285,-2.88,-2.88
887684,180,9843.8545,428.9285,-2.88,-5.75
887685,180,9843.8545,428.5360,-2.88,-2.88
887695,180,9844.1973,428.5360,-2.88,-2.88
887697,180,9844.1973,428.5179,-2.88,-4.32
887706,180,9849.5928,428.5179,-2.88,-2.88
887709,180,9849.5928,428.4367,-2.88,-4.32
887717,180,9849.4219,428.4367,-2.88,-4.32
887721,180,9849.4219,428.4187,-2.88,-2.88
887728,180,9841.7129,428.4187,-2.88,-2.88
887733,180,9841.7129,428.6127,-2.88,-2.88
887739,180,9844.7109,428.6127,-2.88,-4.32
887744,180,9844.7109,428.4052,-2.88,-2.88
887750,180,9850.1924,428.4052,-4.32,-4.32
887756,180,9850.1924,428.5540,-2.88,-2.88
887761,180,9845.0537,428.5540,-2.88,-4.32
887768,180,9845.0537,428.9556,-2.88,-2.88
887773,180,9844.3682,428.9556,-2.88,-2.88
887780,180,9844.3682,429.0413,-4.32,-2.88
887784,180,9839.5713,429.0413,-4.32,-2.88
887792,180,9839.5713,428.9556,-2.88,-2.88
887804,180,9839.5713,429.1902,-2.88,-2.88
887806,180,9843.1689,429.1902,-2.88,-4.32
887816,180,9843.1689,429.3481,-2.88,-2.88
887817,180,9842.8262,429.3481,-2.88,-2.88
887828,180,9842.8262,428.9014,-2.88,-2.88
887828,180,9847.2803,428.9014,-2.88,-2.88
887839,180,9846.6807,428.9014,-2.88,-2.88
887840,180,9846.6807,428.8428,-2.88,-2.88
887850,180,9845.4814,428.8428,-4.32,-4.32
887851,180,9845.4814,429.2488,-2.88,-4.32
887861,180,9847.1943,429.2488,-2.88,-4.32
887863,180,9847.1943,429.2894,-2.88,-2.88
887872,180,9856.7021,429.2894,-2.88,-1.44
887875,180,9856.7021,428.6714,-2.88,-2.88
887883,180,9847.4521,428.6714,-2.88,-2.88
887887,180,9847.4521,428.5631,-2.88,-2.88
887894,180,9843.1689,428.5631,-2.88,-2.88
887899,180,9843.1689,428.7255,-2.88,-2.88
887905,180,9846.3379,428.7255,-2.88,-2.88
887911,180,9846.3379,428.2698,-2.88,-4.32
887917,180,9848.3936,428.2698,-2.88,-4.32
887923,180,9848.3936,428.4052,-2.88,-2.88
887928,180,9849.4219,428.4052,-2.88,-2.88
887935,180,9849.4219,428.6127,-1.44,-2.88
887939,180,9847.6230,428.6127,-2.88,-2.88
887947,180,9847.6230,428.9330,-2.88,-2.88
887950,180,9849.4219,428.9330,-2.88,-2.88
887959,180,9849.4219,429.1270,-4.32,-2.88
887961,180,9853.1904,429.1270,-2.88,-2.88
887970,180,9853.1904,429.1766,-2.88,-2.88
887972,180,9854.0469,429.1766,-2.88,-4.32
887982,180,9854.0469,428.9601,-2.88,-2.88
887983,180,9855.2461,428.9601,-2.88,-4.32
887994,180,9854.7324,428.9601,-2.88,-2.88
887994,180,9854.7324,428.7435,-2.88,-2.88
888005,180,9849.3359,428.7435,-2.88,-4.32
888006,180,9849.3359,428.4548,-2.88,-2.88
888016,180,9841.7988,428.4548,-2.88,-2.88
888018,180,9841.7988,428.5586,-2.88,-2.88
888027,180,9842.5693,428.5586,-2.88,-2.88
888030,180,9842.5693,428.5676,-2.88,-2.88
888038,180,9848.3936,428.5676,-2.88,-2.88
888042,180,9848.3936,428.7796,-2.88,-1.44
888049,180,9851.0488,428.7796,-2.88,-4.32
888054,180,9851.0488,428.5044,-2.88,-4.32
888061,180,9851.3916,428.5044,-2.88,-2.88
888066,180,9851.3916,428.7119,-2.88,-2.88
888072,180,9860.7275,428.7119,-2.88,-4.32
888077,180,9860.7275,429.0954,-2.88,-2.88
888089,180,9860.7275,429.2308,-2.88,-2.88
888094,180,9855.8457,429.2308,-2.88,-2.88
888101,180,9855.8457,429.0097,-2.88,-2.88
888105,180,9857.8154,429.0097,-2.88,-4.32
888113,180,9857.8154,428.4999,-2.88,-2.88
888116,180,9853.0195,428.4999,-2.88,-4.32
888125,180,9853.0195,428.4909,-2.88,-4.32
888127,180,9846.5947,428.4909,-4.32,-4.32
888137,180,9846.5947,428.9420,-2.88,-4.32
888138,180,9844.7109,428.9420,-2.88,-4.32
888149,180,9844.7109,428.7390,-2.88,-2.88
888149,180,9853.5332,428.7390,-2.88,-2.88
888160,180,9849.6787,428.7390,-2.88,-4.32
888161,180,9849.6787,428.9511,-2.88,-2.88
888171,180,9847.0234,428.9511,-4.32,-4.32
888173,180,9847.0234,428.9466,-4.32,-2.88
888182,180,9846.0811,428.9466,-2.88,-2.88
888184,180,9846.0811,429.0278,-2.88,-4.32
888194,180,9857.5586,429.0278,-2.88,-2.88
888196,180,9857.5586,429.1225,-2.88,-2.88
888205,180,9851.7344,429.1225,-2.88,-4.32
888208,180,9851.7344,429.1812,-2.88,-2.88
888216,180,9850.1074,429.1812,-2.88,-2.88
888220,180,9850.1074,429.1360,-2.88,-4.32
888227,180,9849.1650,429.1360,-2.88,-2.88
888232,180,9849.1650,428.6668,-2.88,-2.88
888238,180,9844.9678,428.6668,-2.88,-2.88
888244,180,9844.9678,429.0774,-4.32,-4.32
888249,180,9845.9951,429.0774,-2.88,-4.32
888256,180,9845.9951,429.0819,-2.88,-2.88
888260,180,9851.7344,429.0819,-2.88,-2.88
888268,180,9851.7344,429.1992,-2.88,-2.88
888271,180,9853.0195,429.1992,-2.88,-2.88
888280,180,9853.0195,429.2534,-2.88,-2.88
888282,180,9851.0488,429.2534,-2.88,-2.88
888291,180,9851.0488,428.7706,-2.88,-2.88
888293,180,9845.3105,428.7706,-2.88,-4.32
888303,180,9845.3105,428.7210,-2.88,-2.88
888304,180,9852.1631,428.7210,-4.32,-2.88
888315,180,9852.1631,428.7841,-2.88,-2.88
888315,180,9850.5352,428.7841,-2.88,-4.32
888326,180,9847.2803,428.7841,-2.88,-2.88
888327,180,9847.2803,428.6262,-2.88,-2.88
888338,180,9848.8223,428.6262,-2.88,-2.88
888339,180,9848.8223,428.6533,-2.88,-1.44
888349,180,9851.0488,428.6533,-2.88,-2.88
888351,180,9851.0488,428.7616,-2.88,-2.88
888360,180,9853.6191,428.7616,-2.88,-2.88
888363,180,9853.6191,428.8744,-2.88,-4.32
888371,180,9858.5010,428.8744,-2.88,-2.88
888375,180,9858.5010,428.9781,-2.88,-2.88
888382,180,9849.5928,428.9781,-2.88,-2.88
888387,180,9849.5928,429.2443,-2.88,-2.88
888393,180,9842.6553,429.2443,-2.88,-2.88
888399,180,9842.6553,428.9872,-2.88,-2.88
888404,180,9839.6572,428.9872,-2.88,-2.88
888410,180,9839.6572,428.6172,-2.88,-2.88
888415,180,9841.3701,428.6172,-2.88,-4.32
888422,180,9841.3701,428.7886,-2.88,-2.88
888426,180,9848.6504,428.7886,-2.88,-2.88
888434,180,9848.6504,429.0458,-2.88,-2.88
888437,180,9844.0254,429.0458,-2.88,-4.32
888446,180,9844.0254,429.2534,-2.88,-2.88
888448,180,9847.9658,429.2534,-2.88,-2.88
888458,180,9847.9658,429.0503,-2.88,-2.88
888459,180,9855.1602,429.0503,-4.32,-2.88
888470,180,9855.1602,428.8428,-2.88,-2.88
888470,180,9850.2783,428.8428,-2.88,-2.88
888482,180,9846.1670,428.8428,-2.88,-2.88
888482,180,9846.1670,428.9917,-2.88,-2.88
888493,180,9846.6807,428.9917,-2.88,-2.88
888494,180,9846.6807,428.9105,-2.88,-2.88
888504,180,9847.3662,428.9105,-2.88,-4.32
888506,180,9847.3662,428.6398,-2.88,-4.32
888515,180,9842.2266,428.6398,-4.32,-4.32
888517,180,9842.2266,428.7255,-2.88,-4.32
888526,180,9844.7109,428.7255,-2.88,-4.32
888529,180,9844.7109,428.7300,-2.88,-4.32
888537,180,9850.9639,428.7300,-2.88,-2.88
888541,180,9850.9639,428.4593,-2.88,-2.88
888548,180,9844.6250,428.4593,-1.44,-4.32
888553,180,9844.6250,428.8112,-2.88,-2.88
888559,180,9849.3359,428.8112,-2.88,-2.88
888565,180,9849.3359,429.2263,-2.88,-2.88
888570,180,9859.7002,429.2263,-2.88,-2.88
888577,180,9859.7002,429.0052,-2.88,-2.88
888581,180,9856.7021,429.0052,-2.88,-4.32
888589,180,9856.7021,428.6939,-2.88,-4.32
888592,180,9857.9014,428.6939,-2.88,-2.88
888601,180,9857.9014,428.7751,-2.88,-2.88
888603,180,9852.9336,428.7751,-2.88,-4.32
888613,180,9852.9336,428.5766,-2.88,-4.32
888614,180,9845.3105,428.5766,-4.32,-2.88
888624,180,9845.3105,428.3239,-2.88,-2.88
888626,180,9847.2803,428.3239,-2.88,-2.88
888636,180,9847.2803,428.4277,-4.32,-4.32
888637,180,9847.1943,428.4277,-2.88,-4.32
888648,180,9846.9375,428.4277,-4.32,-4.32
888648,180,9846.9375,428.5946,-2.88,-2.88
888659,180,9850.6211,428.5946,-2.88,-4.32
888660,180,9850.6211,428.7661,-2.88,-2.88
888670,180,9852.5908,428.7661,-2.88,-2.88
888672,180,9852.5908,428.6353,-2.88,-4.32
888681,180,9853.6191,428.6353,-2.88,-2.88
888684,180,9853.6191,428.7300,-2.88,-2.88
888692,180,9849.8496,428.7300,-2.88,-2.88
888696,180,9849.8496,429.0458,-2.88,-2.88
888703,180,9849.5078,429.0458,-2.88,-2.88
888708,180,9849.5078,429.2127,-2.88,-2.88
888714,180,9847.7939,429.2127,-2.88,-4.32
888720,180,9847.7939,429.3346,-2.88,-4.32
888725,180,9854.4756,429.3346,-2.88,-2.88
888731,180,9854.4756,429.0954,-2.88,-2.88
888736,180,9854.7324,429.0954,-2.88,-2.88
888743,180,9854.7324,428.8428,-2.88,-2.88
888747,180,9852.8477,428.8428,-2.88,-4.32
888755,180,9852.8477,428.5676,-2.88,-4.32
888758,180,9848.5654,428.5676,-2.88,-2.88
888767,180,9848.5654,428.4864,-2.88,-2.88
888770,180,9851.0488,428.4864,-2.88,-2.88
888779,180,9851.0488,428.4728,-2.88,-2.88
888781,180,9851.9053,428.4728,-2.88,-2.88
888791,180,9851.9053,428.5495,-2.88,-4.32
888792,180,9856.4453,428.5495,-2.88,-2.88
888803,180,9856.8740,428.5495,-2.88,-2.88
888803,180,9856.8740,428.4503,-2.88,-2.88
888814,180,9850.0215,428.4503,-2.88,-2.88
888815,180,9850.0215,428.6262,-4.32,-2.88
888825,180,9839.1436,428.6262,-2.88,-2.88
888827,180,9839.1436,428.8428,-2.88,-2.88
888836,180,9839.4863,428.8428,-2.88,-2.88
888839,180,9839.4863,429.2353,-2.88,-2.88
888847,180,9844.7969,429.2353,-2.88,-2.88
888850,180,9844.7969,429.2624,-2.88,-2.88
888858,180,9850.2783,429.2624,-2.88,-2.88
888862,180,9850.2783,429.0774,-2.88,-2.88
888869,180,9845.1387,429.0774,-2.88,-2.88
888874,180,9845.1387,428.8428,-2.88,-2.88
888880,180,9840.5137,428.8428,-2.88,-1.44
888886,180,9840.5137,429.0503,-2.88,-2.88
888891,180,9841.7988,429.0503,-2.88,-1.44
888898,180,9841.7988,428.7616,-2.88,-4.32
888902,180,9844.8818,428.7616,-2.88,-4.32
888910,180,9844.8818,428.7390,-2.88,-4.32
888914,180,9833.6611,428.7390,-2.88,-2.88
888922,180,9833.6611,429.0594,-2.88,-2.88
888925,180,9842.6553,429.0594,-2.88,-4.32
888934,180,9842.6553,429.1045,-2.88,-2.88
888936,180,9847.7939,429.1045,-2.88,-4.32
888946,180,9847.7939,429.0503,-2.88,-2.88
888947,180,9841.0273,429.0503,-2.88,-2.88
888957,180,9841.0273,429.0052,-2.88,-2.88
888958,180,9845.7383,429.0052,-2.88,-4.32
888969,180,9845.9102,429.0052,-2.88,-2.88
888969,180,9845.9102,428.9105,-2.88,-2.88
888980,180,9846.2529,428.9105,-2.88,-2.88
888981,180,9846.2529,428.5495,-2.88,-4.32
888991,180,9848.6504,428.5495,-2.88,-2.88
888993,180,9848.6504,428.1435,-4.32,-2.88
889002,180,9852.0771,428.1435,-2.88,-4.32
889005,180,9852.0771,428.3239,-2.88,-2.88
889013,180,9846.9375,428.3239,-2.88,-4.32
889017,180,9846.9375,428.4909,-2.88,-2.88
889024,180,9844.7109,428.4909,-2.88,-2.88
889029,180,9844.7109,428.5360,0.00,-2.88
889035,180,9846.8525,428.5360,-2.88,-4.32
889041,180,9846.8525,428.7119,-2.88,-2.88
889046,180,9852.6768,428.7119,-2.88,-2.88
889053,180,9852.6768,428.2473,-2.88,-2.88
889058,180,9850.8779,428.2473,-2.88,-4.32
889065,180,9850.8779,428.4728,-2.88,-2.88
889069,180,9853.7900,428.4728,-2.88,-4.32
889076,180,9853.7900,428.8383,-2.88,-2.88
889080,180,9857.9873,428.8383,-4.32,-4.32
889088,180,9857.9873,428.8338,-2.88,-4.32
889091,180,9856.6162,428.8338,-2.88,-4.32
889100,180,9856.6162,429.0323,-2.88,-2.88
889102,180,9853.7900,429.0323,-2.88,-4.32
889112,180,9853.7900,428.9150,-2.88,-2.88
889113,180,9847.8799,428.9150,-2.88,-4.32
889124,180,9847.8799,428.7480,-2.88,-4.32
889124,180,9851.5635,428.7480,-2.88,-2.88
889135,180,9848.1367,428.7480,-2.88,-4.32
889136,180,9848.1367,428.5179,-2.88,-4.32
889146,180,9853.5332,428.5179,-2.88,-2.88
889148,180,9853.5332,428.6578,-2.88,-2.88
889157,180,9849.8496,428.6578,-2.88,-2.88
889160,180,9849.8496,428.4774,-2.88,-2.88
889168,180,9847.5371,428.4774,-2.88,-2.88
889172,180,9847.5371,428.5089,-2.88,-2.88
889179,180,9848.8223,428.5089,-4.32,-2.88
889183,180,9848.8223,428.3194,-2.88,-4.32
889191,180,9839.4863,428.3194,-2.88,-2.88
889195,180,9839.4863,428.1976,-2.88,-2.88
889202,180,9846.9375,428.1976,-2.88,-4.32
889207,180,9846.9375,428.2518,-2.88,-2.88
889213,180,9849.9355,428.2518,-2.88,-1.44
889219,180,9849.9355,428.5992,-2.88,-4.32
889224,180,9845.3965,428.5992,-4.32,-4.32
889231,180,9845.3965,428.7074,-2.88,-2.88
889235,180,9852.8477,428.7074,-2.88,-2.88
889243,180,9852.8477,428.6984,-4.32,-2.88
889246,180,9853.0195,428.6984,-2.88,-5.75
889255,180,9853.0195,428.9420,-2.88,-2.88
889257,180,9857.0449,428.9420,-2.88,-2.88
889267,180,9857.0449,429.0233,-2.88,-2.88
889268,180,9855.3320,429.0233,-2.88,-2.88
889279,180,9855.3320,428.6488,-2.88,-2.88
889279,180,9846.2529,428.6488,-2.88,-4.32
889290,180,9845.0537,428.6488,-2.88,-4.32
889290,180,9845.0537,428.2698,-2.88,-2.88
889301,180,9845.9102,428.2698,-2.88,-2.88
889302,180,9845.9102,428.1209,-2.88,-2.88
889312,180,9840.0000,428.1209,-2.88,-4.32
889314,180,9840.0000,428.0442,-2.88,-2.88
889323,180,9849.4219,428.0442,-2.88,-2.88
889326,180,9849.4219,428.0578,-2.88,-2.88
889335,180,9857.6445,428.0578,-2.88,-2.88
889338,180,9857.6445,428.4728,-2.88,-4.32
889346,180,9854.4756,428.4728,-2.88,-2.88
889350,180,9854.4756,428.6668,-2.88,-2.88
889357,180,9857.7305,428.6668,-2.88,-2.88
889362,180,9857.7305,428.7480,-2.88,-2.88
889368,180,9855.2461,428.7480,-2.88,-4.32
889374,180,9855.2461,428.6037,-2.88,-1.44
889379,180,9861.2422,428.6037,-2.88,-4.32
889386,180,9861.2422,428.4052,-2.88,-2.88
889390,180,9853.5332,428.4052,-2.88,-2.88
889397,180,9853.5332,428.3510,-2.88,-2.88
889401,180,9848.3086,428.3510,-2.88,-2.88
889409,180,9848.3086,428.2653,-2.88,-2.88
889412,180,9851.8203,428.2653,-2.88,-2.88
889421,180,9851.8203,428.5225,-2.88,-2.88
889433,180,9851.8203,428.2969,-2.88,-4.32
889434,180,9845.6533,428.2969,-2.88,-2.88
889445,180,9845.6533,428.1796,-4.32,-2.88
889445,180,9849.8496,428.1796,-4.32,-2.88
889456,180,9852.3340,428.1796,-2.88,-2.88
889457,180,9852.3340,428.2698,-2.88,-2.88
889467,180,9860.9854,428.2698,-2.88,-2.88
889469,180,9860.9854,428.2292,-2.88,-2.88
889479,180,9864.3252,428.2292,-2.88,-4.32
889481,180,9864.3252,428.3646,-2.88,-2.88
889490,180,9860.3857,428.3646,-2.88,-4.32
889493,180,9860.3857,428.7932,-2.88,-2.88
889501,180,9860.0430,428.7932,-2.88,-1.44
889505,180,9860.0430,428.4774,-4.32,-2.88
889512,180,9857.4727,428.4774,-2.88,-2.88
889516,180,9857.4727,428.3961,-2.88,-2.88
889523,180,9852.2480,428.3961,-2.88,-2.88
889528,180,9852.2480,428.3736,-2.88,-2.88
889534,180,9855.2461,428.3736,-2.88,-4.32
889540,180,9855.2461,428.1706,-2.88,-4.32
889545,180,9857.9873,428.1706,-2.88,-2.88
889552,180,9857.9873,428.3691,-4.32,-4.32
889556,180,9857.0449,428.3691,-2.88,-2.88
889564,180,9857.0449,428.2788,-2.88,-2.88
889567,180,9858.5869,428.2788,-2.88,-2.88
889576,180,9858.5869,428.1345,-2.88,-2.88
889578,180,9859.1006,428.1345,-2.88,-2.88
889588,180,9859.1006,428.1480,-2.88,-2.88
889589,180,9852.0771,428.1480,-2.88,-2.88
889600,180,9852.0771,428.1976,-2.88,-2.88
889600,180,9850.9639,428.1976,-2.88,-2.88
889611,180,9852.7617,428.1976,-2.88,-4.32
889612,180,9852.7617,428.0894,-4.32,-2.88
889623,180,9852.2480,428.0894,-2.88,-2.88
889623,180,9852.2480,428.1435,-2.88,-2.88
889634,180,9848.5654,428.1435,-4.32,-2.88
889635,180,9848.5654,428.1706,-2.88,-4.32
889645,180,9851.0488,428.1706,-2.88,-2.88
889647,180,9851.0488,428.4593,-2.88,-2.88
889656,180,9843.8545,428.4593,-4.32,-2.88
889659,180,9843.8545,428.8338,-2.88,-2.88
889667,180,9848.2227,428.8338,-2.88,-4.32
889671,180,9848.2227,428.6714,-2.88,-2.88
889678,180,9846.7666,428.6714,-2.88,-4.32
889683,180,9846.7666,428.4864,-2.88,-2.88
889689,180,9848.7363,428.4864,-4.32,-4.32
889695,180,9848.7363,428.3059,-2.88,-2.88
889700,180,9844.7969,428.3059,-2.88,-2.88
889707,180,9844.7969,428.0894,-2.88,-2.88
889711,180,9851.5635,428.0894,-2.88,-2.88
889719,180,9851.5635,428.2653,-2.88,-2.88
889722,180,9850.0215,428.2653,-2.88,-2.88
889730,180,9850.0215,428.7796,-2.88,-4.32
889733,180,9846.3379,428.7796,-2.88,-2.88
889742,180,9846.3379,428.6758,-2.88,-2.88
889744,180,9847.1094,428.6758,-2.88,-4.32
889754,180,9847.1094,428.6217,-2.88,-2.88
889755,180,9850.8779,428.6217,-2.88,-4.32
889766,180,9850.8779,428.6714,-2.88,-2.88
889767,180,9850.2783,428.6714,-2.88,-2.88
889778,180,9843.6826,428.6714,-2.88,-4.32
889778,180,9843.6826,428.9736,-2.88,-4.32
889789,180,9843.4258,428.9736,-2.88,-2.88
889790,180,9843.4258,428.8924,-2.88,-2.88
889800,180,9849.6787,428.8924,-2.88,-4.32
889802,180,9849.6787,428.5405,-2.88,-2.88
889811,180,9849.5078,428.5405,-2.88,-2.88
889814,180,9849.5078,428.6804,-2.88,-2.88
889822,180,9846.4238,428.6804,-2.88,-4.32
889826,180,9846.4238,428.7390,-2.88,-2.88
889833,180,9849.0791,428.7390,-2.88,-2.88
889837,180,9849.0791,428.2021,-2.88,-2.88
889844,180,9843.5977,428.2021,-2.88,-4.32
889849,180,9843.5977,428.5450,-2.88,-2.88
889855,180,9848.5654,428.5450,-2.88,-2.88
889861,180,9848.5654,428.5089,-2.88,-2.88
889866,180,9853.7041,428.5089,-2.88,-4.32
889873,180,9853.7041,428.6082,-2.88,-4.32
889877,180,9856.5312,428.6082,-2.88,-2.88
889885,180,9856.5312,428.6307,-2.88,-2.88
889888,180,9849.4219,428.6307,-2.88,-4.32
889897,180,9849.4219,428.6984,-2.88,-2.88
889900,180,9842.1416,428.6984,-2.88,-4.32
889909,180,9842.1416,428.2924,-2.88,-4.32
889911,180,9842.9121,428.2924,-2.88,-2.88
889921,180,9842.9121,428.0803,-2.88,-4.32
889922,180,9836.0596,428.0803,-2.88,-2.88
889933,180,9836.0596,428.1480,-2.88,-2.88
889933,180,9849.3359,428.1480,-2.88,-4.32
889944,180,9843.7686,428.1480,-2.88,-2.88
889944,180,9843.7686,428.3285,-2.88,-4.32
889955,180,9845.8242,428.3285,-4.32,-4.32
889956,180,9845.8242,428.5856,-2.88,-4.32
889966,180,9848.4795,428.5856,-2.88,-4.32
889968,180,9848.4795,428.8969,-2.88,-4.32
889977,180,9843.5117,428.8969,-2.88,-2.88
889980,180,9843.5117,428.4864,-2.88,-2.88
889988,180,9847.8799,428.4864,-2.88,-4.32
889992,180,9847.8799,428.4774,-2.88,-2.88
889999,180,9849.9355,428.4774,-2.88,-4.32
890004,180,9849.9355,428.4367,-2.88,-2.88
890010,180,9847.9658,428.4367,-2.88,-4.32
890016,180,9847.9658,428.2427,-2.88,-2.88
890021,180,9845.9102,428.2427,-2.88,-2.88
890028,180,9845.9102,428.6127,-2.88,-2.88
890032,180,9840.8564,428.6127,-2.88,-4.32
890040,180,9840.8564,428.5089,-2.88,-4.32
890044,180,9840.1709,428.5089,-2.88,-4.32
890052,180,9840.1709,428.3646,-2.88,-1.44
890055,180,9843.8545,428.3646,-1.44,-1.44
890063,180,9843.8545,428.1706,-2.88,-2.88
890066,180,9844.7969,428.1706,-2.88,-2.88
890075,180,9844.7969,428.4277,-2.88,-2.88
890077,180,9840.8564,428.4277,-2.88,-2.88
890087,180,9840.8564,428.4322,-2.88,-4.32
890088,180,9839.3145,428.4322,-2.88,-4.32
890099,180,9847.1094,428.4322,-2.88,-4.32
890099,180,9847.1094,428.4864,-2.88,-2.88
890110,180,9849.5078,428.4864,-2.88,-2.88
890111,180,9849.5078,428.6668,-4.32,-2.88
890121,180,9840.0859,428.6668,-2.88,-2.88
890123,180,9840.0859,428.2653,-2.88,-2.88
890132,180,9846.8525,428.2653,-2.88,-2.88
890135,180,9846.8525,428.0758,-2.88,-2.88
890143,180,9849.7646,428.0758,-2.88,-2.88
890147,180,9849.7646,428.2202,-2.88,-2.88
890154,180,9841.7988,428.2202,-2.88,-2.88
890159,180,9841.7988,428.3871,-2.88,-2.88
890165,180,9840.2568,428.3871,-2.88,-2.88
890170,180,9840.2568,428.5450,-2.88,-2.88
890176,180,9836.3164,428.5450,-1.44,-4.32
890182,180,9836.3164,428.5270,-2.88,-2.88
890188,180,9837.3447,428.5270,-2.88,-4.32
890199,180,9843.9395,428.5270,-2.88,-4.32
890206,180,9843.9395,428.6307,-2.88,-2.88
890210,180,9846.6807,428.6307,-4.32,-2.88
890218,180,9846.6807,428.4683,-2.88,-2.88
890221,180,9839.7432,428.4683,-2.88,-4.32
890230,180,9839.7432,428.1164,-2.88,-2.88
890232,180,9842.7412,428.1164,-2.88,-4.32
890242,180,9842.7412,428.2247,-4.32,-2.88
890243,180,9849.2500,428.2247,-2.88,-2.88
890254,180,9849.2500,428.6172,-2.88,-4.32
890254,180,9848.3936,428.6172,-2.88,-4.32
890265,180,9842.2266,428.6172,-2.88,-2.88
890266,180,9842.2266,428.0984,-2.88,-2.88
890276,180,9845.8242,428.0984,-2.88,-2.88
890277,180,9845.8242,428.3871,-2.88,-2.88
890287,180,9844.6250,428.3871,-4.32,-4.32
890289,180,9844.6250,428.2698,-2.88,-2.88
890298,180,9842.1416,428.2698,-2.88,-2.88
890301,180,9842.1416,428.0217,-2.88,-4.32
890309,180,9838.6299,428.0217,-2.88,-4.32
890313,180,9838.6299,428.1164,-2.88,-2.88
890320,180,9841.4561,428.1164,-2.88,-4.32
890325,180,9841.4561,428.2608,-2.88,-2.88
890332,180,9855.6748,428.2608,-2.88,-4.32
890337,180,9855.6748,428.3510,-2.88,-2.88
890343,180,9853.5332,428.3510,-2.88,-2.88
890349,180,9853.5332,428.2788,-2.88,-2.88
890354,180,9851.9053,428.2788,-1.44,-4.32
890361,180,9851.9053,428.4322,-2.88,-2.88
890365,180,9847.2803,428.4322,-2.88,-2.88
890373,180,9847.2803,428.2112,-2.88,-2.88
890376,180,9837.9443,428.2112,-2.88,-4.32
890384,180,9837.9443,428.3510,-2.88,-4.32
890387,180,9842.2266,428.3510,-2.88,-2.88
890396,180,9842.2266,428.5134,-2.88,-2.88
890398,180,9847.6230,428.5134,-2.88,-4.32
890408,180,9847.6230,428.0894,-2.88,-2.88
890409,180,9849.7646,428.0894,-2.88,-2.88
890420,180,9850.2783,428.0894,-2.88,-2.88
890420,180,9850.2783,428.1525,-4.32,-4.32
890431,180,9849.0791,428.1525,-2.88,-2.88
890432,180,9849.0791,428.1254,-2.88,-2.88
890442,180,9846.1670,428.1254,-1.44,-4.32
890444,180,9846.1670,427.9179,-2.88,-4.32
890453,180,9851.2207,427.9179,-2.88,-2.88
890456,180,9851.2207,428.0262,-2.88,-2.88
890464,180,9851.7344,428.0262,-2.88,-2.88
890468,180,9851.7344,427.8547,-2.88,-4.32
890476,180,9847.8799,427.8547,-2.88,-2.88
890480,180,9847.8799,427.9314,-2.88,-2.88
890487,180,9840.8564,427.9314,-2.88,-4.32
890492,180,9840.8564,428.1074,-2.88,-2.88
890498,180,9845.4814,428.1074,-2.88,-4.32
890503,180,9845.4814,428.0668,-2.88,-2.88
890509,180,9848.8223,428.0668,-2.88,-2.88
890515,180,9848.8223,428.0623,-2.88,-2.88
890520,180,9841.9697,428.0623,-2.88,-2.88
890527,180,9841.9697,428.0984,-4.32,-4.32
890531,180,9847.4521,428.0984,-2.88,-2.88
890539,180,9847.4521,427.9450,-2.88,-2.88
890542,180,9852.8477,427.9450,-2.88,-2.88
890551,180,9852.8477,427.9811,-2.88,-2.88
890553,180,9842.9121,427.9811,-2.88,-4.32
890563,180,9842.9121,428.1390,-2.88,-4.32
890564,180,9844.0254,428.1390,-2.88,-4.32
890575,180,9844.0254,428.1480,-2.88,-2.88
890575,180,9847.3662,428.1480,-2.88,-4.32
890586,180,9849.7646,428.1480,-2.88,-2.88
890587,180,9849.7646,428.4638,-2.88,-4.32
890597,180,9852.8477,428.4638,-2.88,-4.32
890599,180,9852.8477,428.5992,-2.88,-2.88
890608,180,9843.5977,428.5992,-2.88,-2.88
890610,180,9843.5977,428.7661,-1.44,-2.88
890619,180,9839.1436,428.7661,-2.88,-4.32
890622,180,9839.1436,428.5856,-2.88,-2.88
890631,180,9846.8525,428.5856,-1.44,-2.88
890634,180,9846.8525,428.0758,-2.88,-2.88
890642,180,9848.8223,428.0758,-2.88,-4.32
890646,180,9848.8223,428.1164,-2.88,-4.32
890653,180,9848.3086,428.1164,-2.88,-4.32
890658,180,9848.3086,428.0984,-2.88,-4.32
890664,180,9840.4277,428.0984,-2.88,-2.88
890670,180,9840.4277,428.1074,-2.88,-4.32
890675,180,9846.3379,428.1074,-2.88,-2.88
890682,180,9846.3379,428.1435,-2.88,-4.32
890686,180,9851.5635,428.1435,-2.88,-2.88
890694,180,9851.5635,428.4187,-4.32,-2.88
890697,180,9844.1973,428.4187,-2.88,-2.88
890706,180,9844.1973,428.5179,-2.88,-1.44
890708,180,9846.5098,428.5179,-2.88,-2.88
890717,180,9846.5098,428.4503,-2.88,-2.88
890719,180,9849.7646,428.4503,-2.88,-2.88
890729,180,9849.7646,428.6939,-2.88,-2.88
890730,180,9846.0811,428.6939,-2.88,-5.75
890741,180,9846.0811,428.6668,-2.88,-2.88
890741,180,9843.2549,428.6668,-1.44,-4.32
890752,180,9842.2266,428.6668,-2.88,-2.88
890753,180,9842.2266,428.5270,-2.88,-4.32
890763,180,9847.5371,428.5270,-2.88,-2.88
890765,180,9847.5371,428.6172,-2.88,-2.88
890775,180,9853.1045,428.6172,-2.88,-2.88
890777,180,9853.1045,427.9314,-4.32,-2.88
890786,180,9848.3936,427.9314,-2.88,-2.88
890789,180,9848.3936,427.9179,-2.88,-4.32
890797,180,9843.5117,427.9179,-2.88,-4.32
890801,180,9843.5117,428.2247,-2.88,-2.88
890808,180,9845.7383,428.2247,-2.88,-2.88
890813,180,9845.7383,428.1119,-2.88,-2.88
890819,180,9842.1416,428.1119,-4.32,-2.88
890824,180,9842.1416,428.4142,-2.88,-4.32
890830,180,9845.6533,428.4142,-2.88,-2.88
890836,180,9845.6533,428.7886,-2.88,-2.88
890841,180,9847.0234,428.7886,-2.88,-2.88
890848,180,9847.0234,428.4052,-2.88,-2.88
890852,180,9852.6768,428.4052,-2.88,-4.32
890860,180,9852.6768,428.1209,-2.88,-2.88
890863,180,9849.2500,428.1209,-2.88,-2.88
890872,180,9849.2500,428.0172,-2.88,-2.88
890874,180,9847.5371,428.0172,-4.32,-2.88
890884,180,9847.5371,427.9585,-2.88,-4.32
890885,180,9849.4219,427.9585,-2.88,-4.32
890896,180,9849.4219,428.3600,-2.88,-4.32
890896,180,9840.5996,428.3600,-2.88,-4.32
890907,180,9850.4492,428.3600,-2.88,-2.88
890908,180,9850.4492,428.5360,-2.88,-2.88
890919,180,9852.5049,428.5360,-2.88,-2.88
890920,180,9852.5049,428.9195,-2.88,-4.32
890930,180,9842.9121,428.9195,-2.88,-2.88
890931,180,9842.9121,428.5676,-2.88,-2.88
890941,180,9844.3682,428.5676,-2.88,-4.32
890943,180,9844.3682,428.2112,-2.88,-2.88
890952,180,9840.5137,428.2112,-2.88,-2.88
890955,180,9840.5137,428.2473,-4.32,-2.88
890963,180,9841.1992,428.2473,-2.88,-2.88
890967,180,9841.1992,428.3555,-2.88,-2.88
890974,180,9844.4541,428.3555,-4.32,-2.88
890979,180,9844.4541,428.5405,-2.88,-2.88
890985,180,9846.4238,428.5405,-2.88,-2.88
890991,180,9846.4238,428.2563,-2.88,-2.88
890996,180,9850.5352,428.2563,-2.88,-2.88
891003,180,9850.5352,428.4006,-2.88,-2.88
891007,180,9851.9912,428.4006,-2.88,-2.88
891015,180,9851.9912,428.1480,-2.88,-2.88
891018,180,9850.8779,428.1480,-2.88,-2.88
891027,180,9850.8779,428.0172,-2.88,-4.32
891029,180,9852.5908,428.0172,-2.88,-2.88
891038,180,9852.5908,428.2653,-2.88,-2.88
891040,180,9849.5078,428.2653,-2.88,-2.88
891050,180,9849.5078,428.3555,-2.88,-2.88
891051,180,9848.2227,428.3555,-2.88,-4.32
891062,180,9848.2227,428.3149,-2.88,-2.88
891063,180,9844.7969,428.3149,-2.88,-2.88
891074,180,9844.8818,428.3149,-2.88,-2.88
891074,180,9844.8818,428.2743,-2.88,-4.32
891085,180,9852.4199,428.2743,-2.88,-4.32
891086,180,9852.4199,428.1931,-2.88,-2.88
891096,180,9842.6553,428.1931,-2.88,-4.32
891098,180,9842.6553,428.2788,-2.88,-2.88
891107,180,9841.8838,428.2788,-2.88,-2.88
891110,180,9841.8838,428.3510,-2.88,-2.88
891118,180,9848.3936,428.3510,-4.32,-2.88
891122,180,9848.3936,428.6939,-2.88,-2.88
891129,180,9853.1045,428.6939,-2.88,-4.32
891134,180,9853.1045,428.7751,-4.32,-2.88
891140,180,9854.2188,428.7751,-1.44,-4.32
891145,180,9854.2188,428.5540,-2.88,-4.32
891151,180,9843.5117,428.5540,-2.88,-4.32
891157,180,9843.5117,428.6217,-2.88,-2.88
891162,180,9843.2549,428.6217,-4.32,-2.88
891169,180,9843.2549,428.2653,-2.88,-2.88
891173,180,9848.7363,428.2653,-2.88,-2.88
891181,180,9848.7363,427.9314,-2.88,-2.88
891184,180,9847.6230,427.9314,-2.88,-2.88
891193,180,9847.6230,427.6111,-2.88,-2.88
891195,180,9856.0166,427.6111,-2.88,-2.88
891205,180,9856.0166,428.2608,-4.32,-2.88
891207,180,9855.5029,428.2608,-4.32,-2.88
891217,180,9855.5029,428.7977,-2.88,-2.88
891218,180,9848.6504,428.7977,-2.88,-2.88
891229,180,9845.9951,428.7977,-2.88,-4.32
891229,180,9845.9951,428.6533,-2.88,-4.32
891240,180,9842.5693,428.6533,-2.88,-2.88
891241,180,9842.5693,428.9646,-2.88,-2.88
891251,180,9840.3428,428.9646,-2.88,-4.32
891252,180,9840.3428,428.9014,-2.88,-4.32
891262,180,9846.0811,428.9014,-2.88,-2.88
891264,180,9846.0811,428.9556,-1.44,-2.88
891273,180,9850.3643,428.9556,-2.88,-4.32
891276,180,9850.3643,428.8473,-2.88,-4.32
891284,180,9847.8799,428.8473,-2.88,-4.32
891288,180,9847.8799,428.6939,-2.88,-4.32
891295,180,9847.2803,428.6939,-2.88,-2.88
891300,180,9847.2803,428.4999,-2.88,-2.88
891306,180,9851.2207,428.4999,-2.88,-2.88
891312,180,9851.2207,428.5721,-2.88,-2.88
891317,180,9854.8174,428.5721,-2.88,-2.88
891324,180,9854.8174,428.6082,-2.88,-4.32
891328,180,9847.9658,428.6082,-2.88,-2.88
891336,180,9847.9658,428.5134,-2.88,-2.88
891339,180,9843.4258,428.5134,-2.88,-4.32
891348,180,9843.4258,428.5405,-2.88,-2.88
891351,180,9849.5078,428.5405,-2.88,-4.32
891359,180,9849.5078,428.5901,-2.88,-2.88
891362,180,9856.0166,428.5901,-2.88,-4.32
891371,180,9856.0166,428.0713,-2.88,-2.88
891373,180,9851.2207,428.0713,-2.88,-2.88
891383,180,9851.2207,427.8367,-2.88,-2.88
891384,180,9846.3379,427.8367,-2.88,-2.88
891395,180,9855.5029,427.8367,-2.88,-2.88
891395,180,9855.5029,427.9359,-2.88,-2.88
891406,180,9857.4727,427.9359,-2.88,-4.32
891407,180,9857.4727,428.0713,-2.88,-4.32
891417,180,9845.7383,428.0713,-2.88,-4.32
891419,180,9845.7383,427.9089,-1.44,-2.88
891428,180,9842.9121,427.9089,-2.88,-2.88
891431,180,9842.9121,428.0397,-2.88,-2.88
891439,180,9849.5928,428.0397,-2.88,-2.88
891443,180,9849.5928,428.3691,-2.88,-2.88
891450,180,9847.5371,428.3691,-2.88,-2.88
891461,180,9840.5137,428.3691,-4.32,-2.88
891466,180,9840.5137,428.2879,-2.88,-4.32
891472,180,9834.2607,428.2879,-2.88,-2.88
891483,180,9841.2852,428.2879,-2.88,-2.88
891490,180,9841.2852,428.1345,-2.88,-2.88
891494,180,9848.6504,428.1345,-2.88,-2.88
891502,180,9848.6504,427.9811,-2.88,-2.88
891506,180,9846.5098,427.9811,-2.88,-2.88
891514,180,9846.5098,428.3871,-2.88,-2.88
891517,180,9848.1367,428.3871,-1.44,-4.32
891526,180,9848.1367,428.6353,-2.88,-2.88
891528,180,9859.7002,428.6353,-2.88,-4.32
891538,180,9859.7002,428.5089,-2.88,-4.32
891539,180,9851.2207,428.5089,-2.88,-2.88
891550,180,9851.2207,428.3194,-2.88,-2.88
891550,180,9850.7920,428.3194,-2.88,-2.88
891561,180,9852.2480,428.3194,-2.88,-4.32
891562,180,9852.2480,428.1751,-2.88,-2.88
891572,180,9855.2461,428.1751,-2.88,-2.88
891574,180,9855.2461,428.1525,-4.32,-2.88
891583,180,9860.8994,428.1525,-2.88,-4.32
891585,180,9860.8994,427.9856,-2.88,-2.88
891594,180,9852.3340,427.9856,-2.88,-2.88
891597,180,9852.3340,428.2834,-2.88,-4.32
891605,180,9847.4521,428.2834,-2.88,-4.32
891609,180,9847.4521,428.2788,-2.88,-2.88
891616,180,9854.1328,428.2788,-2.88,-2.88
891621,180,9854.1328,428.1525,-1.44,-2.88
891627,180,9850.2783,428.1525,-2.88,-2.88
891633,180,9850.2783,428.3600,-2.88,-2.88
891638,180,9845.7383,428.3600,-2.88,-2.88
891645,180,9845.7383,428.1615,-2.88,-2.88
891650,180,9841.4561,428.1615,-2.88,-2.88
891657,180,9841.4561,428.0939,-4.32,-2.88
891661,180,9842.1416,428.0939,-2.88,-2.88
891669,180,9842.1416,428.7119,-2.88,-2.88
891672,180,9853.1904,428.7119,-2.88,-4.32
891681,180,9853.1904,428.9781,-4.32,-2.88
891683,180,9854.1328,428.9781,-2.88,-4.32
891692,180,9854.1328,428.6623,-2.88,-2.88
891694,180,9847.0234,428.6623,-2.88,-2.88
891704,180,9847.0234,428.2066,-2.88,-2.88
891705,180,9853.0195,428.2066,-2.88,-2.88
891716,180,9849.7646,428.2066,-4.32,-4.32
891716,180,9849.7646,428.1074,-2.88,-2.88
891727,180,9849.5928,428.1074,-2.88,-2.88
891728,180,9849.5928,427.9946,-2.88,-2.88
891738,180,9845.4814,427.9946,-2.88,-2.88
891740,180,9845.4814,427.9766,-2.88,-2.88
891749,180,9846.5098,427.9766,-2.88,-2.88
891752,180,9846.5098,428.0126,-2.88,-2.88
891760,180,9851.9053,428.0126,-2.88,-2.88
891764,180,9851.9053,428.2834,-2.88,-2.88
891771,180,9848.9932,428.2834,-2.88,-4.32
891776,180,9848.9932,428.5179,-2.88,-2.88
891782,180,9850.6211,428.5179,-2.88,-4.32
891788,180,9850.6211,427.9405,-2.88,-4.32
891793,180,9854.6465,427.9405,-2.88,-2.88
891799,180,9854.6465,428.0217,-2.88,-4.32
891805,180,9855.7598,428.0217,-1.44,-2.88
891811,180,9855.7598,428.3239,-4.32,-2.88
891816,180,9848.6504,428.3239,-2.88,-4.32
891823,180,9848.6504,428.4052,-2.88,-2.88
891827,180,9850.7061,428.4052,-2.88,-2.88
891835,180,9850.7061,428.2969,-2.88,-4.32
891838,180,9856.5312,428.2969,-2.88,-2.88
891847,180,9856.5312,428.3059,-2.88,-2.88
891849,180,9849.6787,428.3059,-2.88,-2.88
891859,180,9849.6787,428.3149,-2.88,-4.32
891860,180,9850.1074,428.3149,-2.88,-2.88
891871,180,9850.1074,428.4097,-2.88,-2.88
891871,180,9844.9678,428.4097,-2.88,-2.88
891882,180,9845.4814,428.4097,-2.88,-4.32
891883,180,9845.4814,428.2202,-2.88,-2.88
891893,180,9855.5029,428.2202,-2.88,-2.88
891895,180,9855.5029,428.4638,-4.32,-4.32
891904,180,9856.9590,428.4638,-2.88,-2.88
891906,180,9856.9590,428.3916,-4.32,-4.32
891915,180,9847.0234,428.3916,-2.88,-4.32
891918,180,9847.0234,427.8051,-2.88,-2.88
891926,180,9849.5928,427.8051,-2.88,-4.32
891930,180,9849.5928,427.7014,-2.88,-2.88
891937,180,9850.2783,427.7014,-2.88,-4.32
891942,180,9850.2783,428.3781,-2.88,-2.88
891954,180,9850.2783,428.4593,-4.32,-2.88
891960,180,9849.6787,428.4593,-2.88,-4.32
891966,180,9849.6787,428.1299,-2.88,-2.88
891971,180,9844.9678,428.1299,-2.88,-2.88
891978,180,9844.9678,428.0487,-2.88,-4.32
891982,180,9854.3037,428.0487,-2.88,-4.32
891990,180,9854.3037,428.0894,-2.88,-2.88
891993,180,9856.7021,428.0894,-2.88,-2.88
892002,180,9856.7021,427.8593,-4.32,-2.88
892004,180,9857.0449,427.8593,-2.88,-2.88
892014,180,9857.0449,427.8683,-2.88,-2.88
892015,180,9848.7363,427.8683,-2.88,-2.88
892025,180,9848.7363,428.3736,-4.32,-4.32
892026,180,9847.4521,428.3736,-2.88,-4.32
892037,180,9855.4170,428.3736,-2.88,-2.88
892037,180,9855.4170,428.6623,-2.88,-2.88
892048,180,9852.5049,428.6623,-2.88,-4.32
892049,180,9852.5049,428.6172,-2.88,-2.88
892059,180,9848.5654,428.6172,-2.88,-2.88
892061,180,9848.5654,428.3916,-2.88,-2.88
892070,180,9848.7363,428.3916,-2.88,-2.88
892073,180,9848.7363,428.3555,-2.88,-4.32
892081,180,9843.3408,428.3555,-2.88,-2.88
892085,180,9843.3408,428.1119,-4.32,-2.88
892093,180,9842.3984,428.1119,-2.88,-2.88
892097,180,9842.3984,428.4819,-2.88,-2.88
892104,180,9843.7686,428.4819,-2.88,-2.88
892109,180,9843.7686,428.4683,-4.32,-2.88
892115,180,9843.4258,428.4683,-4.32,-4.32
892121,180,9843.4258,428.4999,-2.88,-2.88
892126,180,9847.8799,428.4999,-2.88,-2.88
892132,180,9847.8799,428.3375,-2.88,-2.88
892137,180,9851.3916,428.3375,-2.88,-2.88
892144,180,9851.3916,428.3555,-2.88,-2.88
892148,180,9847.1943,428.3555,-2.88,-2.88
892156,180,9847.1943,428.0578,-2.88,-4.32
892159,180,9844.5391,428.0578,-2.88,-4.32
892168,180,9844.5391,428.4006,-4.32,-2.88
892170,180,9847.8799,428.4006,-2.88,-4.32
892180,180,9847.8799,428.8383,-2.88,-2.88
892181,180,9854.9033,428.8383,-2.88,-2.88
892192,180,9854.9033,428.7119,-2.88,-2.88
892192,180,9850.7920,428.7119,-2.88,-2.88
892203,180,9839.7432,428.7119,-2.88,-2.88
892204,180,9839.7432,428.6488,-2.88,-4.32
892214,180,9845.0537,428.6488,-2.88,-4.32
892216,180,9845.0537,428.3961,-2.88,-2.88
892225,180,9844.0254,428.3961,-2.88,-2.88
892228,180,9844.0254,428.5270,-2.88,-2.88
892236,180,9837.5156,428.5270,-2.88,-4.32
892240,180,9837.5156,428.5225,-2.88,-2.88
892248,180,9840.3428,428.5225,-2.88,-2.88
892251,180,9840.3428,428.6217,-4.32,-2.88
892259,180,9843.1689,428.6217,-2.88,-2.88
892263,180,9843.1689,428.6307,-2.88,-2.88
892270,180,9838.0303,428.6307,-2.88,-4.32
892275,180,9838.0303,428.5450,-2.88,-2.88
892281,180,9847.0234,428.5450,-2.88,-2.88
892287,180,9847.0234,428.6127,-2.88,-2.88
892292,180,9850.2783,428.6127,-2.88,-2.88
892299,180,9850.2783,428.4864,-2.88,-2.88
892303,180,9849.0791,428.4864,-2.88,-2.88
892311,180,9849.0791,428.5315,-2.88,-2.88
892314,180,9847.9658,428.5315,-2.88,-4.32
892323,180,9847.9658,428.5586,-2.88,-4.32
892325,180,9850.4492,428.5586,-4.32,-2.88
892335,180,9850.4492,428.4593,-2.88,-4.32
892336,180,9840.5137,428.4593,-2.88,-4.32
892347,180,9840.5137,428.4909,-2.88,-4.32
892347,180,9843.7686,428.4909,-2.88,-4.32
892358,180,9849.3359,428.4909,-2.88,-4.32
892358,180,9849.3359,428.4232,-2.88,-2.88
892369,180,9850.1074,428.4232,-2.88,-2.88
892370,180,9850.1074,428.2382,-2.88,-1.44
892380,180,9853.2764,428.2382,-2.88,-2.88
892382,180,9853.2764,428.5089,-2.88,-4.32
892392,180,9849.4219,428.5089,-2.88,-2.88
892394,180,9849.4219,428.5811,-2.88,-2.88
892403,180,9844.2822,428.5811,-2.88,-2.88
892406,180,9844.2822,428.4413,-2.88,-4.32
892414,180,9838.2871,428.4413,-2.88,-2.88
892418,180,9838.2871,428.4367,-2.88,-2.88
892425,180,9832.8906,428.4367,-2.88,-2.88
892430,180,9832.8906,428.0487,-1.44,-4.32
892436,180,9834.0039,428.0487,-2.88,-2.88
892442,180,9834.0039,428.4638,-2.88,-2.88
892447,180,9843.0830,428.4638,-2.88,-2.88
892454,180,9843.0830,428.3600,-2.88,-2.88
892458,180,9850.4492,428.3600,-1.44,-2.88
892465,180,9850.4492,428.1029,-4.32,-2.88
892469,180,9842.4834,428.1029,-2.88,-2.88
892477,180,9842.4834,427.8954,-2.88,-4.32
892480,180,9844.2822,427.8954,-2.88,-4.32
892489,180,9844.2822,428.1886,-2.88,-2.88
892491,180,9849.5078,428.1886,-2.88,-2.88
892501,180,9849.5078,428.3330,-2.88,-2.88
892502,180,9841.7988,428.3330,-2.88,-2.88
892513,180,9841.7988,428.3736,-2.88,-2.88
892513,180,9843.9395,428.3736,-2.88,-4.32
892524,180,9849.9355,428.3736,-4.32,-4.32
892525,180,9849.9355,428.2653,-2.88,-2.88
892536,180,9849.4219,428.2653,-2.88,-4.32
892537,180,9849.4219,428.0939,-2.88,-2.88
892547,180,9844.1973,428.0939,-2.88,-4.32
892549,180,9844.1973,427.9991,-2.88,-2.88
892558,180,9842.3125,427.9991,-2.88,-2.88
892561,180,9842.3125,427.9946,-2.88,-2.88
892569,180,9838.2012,427.9946,-2.88,-4.32
892573,180,9838.2012,428.0984,-2.88,-2.88
892580,180,9843.1689,428.0984,-2.88,-2.88
892584,180,9843.1689,428.3375,-2.88,-2.88
892591,180,9847.6230,428.3375,-2.88,-2.88
892596,180,9847.6230,428.3285,-2.88,-2.88
892602,180,9849.8496,428.3285,-2.88,-4.32
892608,180,9849.8496,428.0713,-2.88,-4.32
892613,180,9842.3125,428.0713,-2.88,-2.88
892620,180,9842.3125,428.2518,-2.88,-2.88
892624,180,9838.4580,428.2518,-2.88,-4.32
892632,180,9838.4580,428.3646,-2.88,-4.32
892635,180,9838.2012,428.3646,-2.88,-4.32
892644,180,9838.2012,428.3465,-2.88,-2.88
892646,180,9842.2266,428.3465,-4.32,-2.88
892656,180,9842.2266,428.4503,-2.88,-2.88
892657,180,9846.1670,428.4503,-2.88,-2.88
892668,180,9846.1670,428.1570,-2.88,-2.88
892668,180,9843.2549,428.1570,-4.32,-2.88
892680,180,9846.6807,428.1570,-2.88,-2.88
892680,180,9846.6807,428.3736,-2.88,-2.88
892691,180,9852.2480,428.3736,-2.88,-2.88
892691,180,9852.2480,428.4683,-2.88,-4.32
892702,180,9847.7939,428.4683,-2.88,-4.32
892703,180,9847.7939,428.5631,-2.88,-2.88
892713,180,9843.7686,428.5631,-2.88,-2.88
892715,180,9843.7686,428.6894,-2.88,-2.88
892724,180,9845.4814,428.6894,-2.88,-2.88
892727,180,9845.4814,428.2743,-1.44,-2.88
892735,180,9849.4219,428.2743,-2.88,-2.88
892739,180,9849.4219,428.0848,-2.88,-2.88
892746,180,9842.6553,428.0848,-2.88,-4.32
892751,180,9842.6553,428.3059,-2.88,-1.44
892757,180,9847.8799,428.3059,-2.88,-2.88
892763,180,9847.8799,428.3871,-2.88,-2.88
892768,180,9848.9932,428.3871,-2.88,-4.32
892775,180,9848.9932,428.2382,-2.88,-2.88
892779,180,9845.3965,428.2382,-2.88,-4.32
892787,180,9845.3965,428.3646,-2.88,-4.32
892790,180,9833.9189,428.3646,-2.88,-2.88
892799,180,9833.9189,428.4052,-2.88,-4.32
892801,180,9840.5996,428.4052,-2.88,-4.32
892810,180,9840.5996,428.4413,-2.88,-4.32
892812,180,9839.9141,428.4413,-2.88,-2.88
892822,180,9839.9141,428.5811,-2.88,-2.88
892824,180,9842.7412,428.5811,-2.88,-4.32
892834,180,9842.7412,428.3510,-2.88,-2.88
892835,180,9841.1992,428.3510,-2.88,-2.88
892846,180,9845.0537,428.3510,-2.88,-2.88
892846,180,9845.0537,428.1164,-2.88,-2.88
892857,180,9843.0830,428.1164,-2.88,-4.32
892858,180,9843.0830,428.1345,-2.88,-2.88
892868,180,9846.5947,428.1345,-2.88,-4.32
892870,180,9846.5947,428.4367,-2.88,-2.88
892879,180,9850.2783,428.4367,-4.32,-5.75
892882,180,9850.2783,428.4232,-2.88,-2.88
892890,180,9851.5635,428.4232,-2.88,-4.32
892894,180,9851.5635,428.3104,-2.88,-1.44
892901,180,9846.4238,428.3104,-2.88,-4.32
892906,180,9846.4238,428.2834,-1.44,-4.32
892912,180,9845.9951,428.2834,-2.88,-4.32
892917,180,9845.9951,428.1570,-2.88,-4.32
892923,180,9845.8242,428.1570,-2.88,-2.88
892929,180,9845.8242,428.5179,-2.88,-2.88
892934,180,9850.7061,428.5179,-2.88,-2.88
892941,180,9850.7061,428.5676,-2.88,-2.88
892945,180,9850.8779,428.5676,-2.88,-2.88
892953,180,9850.8779,428.2337,-2.88,-2.88
892956,180,9848.0518,428.2337,-2.88,-2.88
892965,180,9848.0518,428.0984,-2.88,-2.88
892968,180,9844.6250,428.0984,-2.88,-2.88
892977,180,9844.6250,428.1660,-2.88,-2.88
892979,180,9849.0791,428.1660,-4.32,-2.88
892989,180,9849.0791,428.3059,-2.88,-2.88
892990,180,9854.9033,428.3059,-2.88,-4.32
893001,180,9855.7598,428.3059,-2.88,-2.88
893001,180,9855.7598,428.4728,-2.88,-2.88
893012,180,9850.0215,428.4728,-2.88,-2.88
893013,180,9850.0215,428.3510,-2.88,-2.88
893023,180,9843.5977,428.3510,-2.88,-4.32
893025,180,9843.5977,428.0623,-2.88,-2.88
893034,180,9850.1074,428.0623,-4.32,-4.32
893036,180,9850.1074,428.3330,-2.88,-2.88
893045,180,9858.7578,428.3330,-2.88,-4.32
893048,180,9858.7578,428.4322,-2.88,-2.88
893056,180,9852.0771,428.4322,-2.88,-2.88
893067,180,9842.3125,428.4322,-2.88,-4.32
893072,180,9842.3125,428.2202,-2.88,-2.88
893078,180,9843.8545,428.2202,-2.88,-4.32
893084,180,9843.8545,428.3239,-2.88,-4.32
893089,180,9851.3057,428.3239,-2.88,-2.88
893096,180,9851.3057,428.1886,-2.88,-2.88
893100,180,9845.8242,428.1886,-2.88,-1.44
893108,180,9845.8242,428.0533,-2.88,-2.88
893111,180,9848.1367,428.0533,-2.88,-2.88
893120,180,9848.1367,428.3600,-2.88,-2.88
893123,180,9847.1094,428.3600,-2.88,-4.32
893132,180,9847.1094,428.3916,-2.88,-4.32
893134,180,9843.5117,428.3916,-2.88,-2.88
893143,180,9843.5117,428.4322,-2.88,-4.32
893145,180,9851.9053,428.4322,-2.88,-4.32
893155,180,9851.9053,428.2788,-2.88,-2.88
893156,180,9853.2764,428.2788,-2.88,-2.88
893167,180,9847.2803,428.2788,-2.88,-2.88
893167,180,9847.2803,428.2157,-2.88,-2.88
893178,180,9845.4814,428.2157,-2.88,-4.32
893189,180,9839.0576,428.2157,-2.88,-2.88
893191,180,9839.0576,428.1254,-2.88,-2.88
893200,180,9843.0830,428.1254,-2.88,-4.32
893203,180,9843.0830,428.0262,-2.88,-2.88
893211,180,9839.8281,428.0262,-2.88,-2.88
893215,180,9839.8281,428.0984,-4.32,-2.88
893222,180,9838.2871,428.0984,-2.88,-4.32
893227,180,9838.2871,428.1119,-2.88,-2.88
893233,180,9844.0254,428.1119,-2.88,-4.32
893239,180,9844.0254,427.7780,-2.88,-2.88
893244,180,9845.3105,427.7780,-2.88,-4.32
893251,180,9845.3105,428.0578,-4.32,-4.32
893255,180,9847.8799,428.0578,-2.88,-2.88
893262,180,9847.8799,428.4142,-2.88,-4.32
893267,180,9843.1689,428.4142,-2.88,-2.88
893274,180,9843.1689,428.2924,-1.44,-2.88
893278,180,9841.4561,428.2924,-2.88,-2.88
893289,180,9845.5674,428.2924,-4.32,-4.32
893298,180,9845.5674,428.1886,-2.88,-4.32
893300,180,9850.5352,428.1886,-2.88,-2.88
893310,180,9850.5352,428.0442,-2.88,-2.88
893311,180,9842.3125,428.0442,-2.88,-2.88
893322,180,9842.3125,427.9450,-2.88,-2.88
893322,180,9848.0518,427.9450,-2.88,-2.88
893333,180,9847.4521,427.9450,-2.88,-2.88
893334,180,9847.4521,427.8187,-2.88,-4.32
893344,180,9843.5117,427.8187,-2.88,-2.88
893346,180,9843.5117,428.3916,-2.88,-2.88
893355,180,9845.8242,428.3916,-2.88,-2.88
893358,180,9845.8242,428.5270,-4.32,-2.88
893366,180,9846.5098,428.5270,-2.88,-2.88
893369,180,9846.5098,427.9946,-2.88,-2.88
893377,180,9841.9697,427.9946,-2.88,-2.88
893381,180,9841.9697,428.0172,-2.88,-2.88
893388,180,9846.8525,428.0172,-2.88,-2.88
893393,180,9846.8525,428.3736,-2.88,-2.88
893399,180,9844.3682,428.3736,-4.32,-2.88
893405,180,9844.3682,428.0533,-2.88,-2.88
893411,180,9846.5098,428.0533,-2.88,-2.88
893417,180,9846.5098,428.3239,-2.88,-4.32
893422,180,9848.4795,428.3239,-2.88,-4.32
893429,180,9848.4795,428.3510,-2.88,-2.88
893433,180,9847.7939,428.3510,-2.88,-2.88
893441,180,9847.7939,428.0848,-4.32,-2.88
893444,180,9852.8477,428.0848,-2.88,-2.88
893453,180,9852.8477,428.1435,-2.88,-2.88
893455,180,9849.3359,428.1435,-2.88,-2.88
893465,180,9849.3359,428.1209,-2.88,-2.88
893466,180,9849.7646,428.1209,-2.88,-4.32
893477,180,9849.7646,428.0803,-2.88,-2.88
893477,180,9845.9102,428.0803,-1.44,-4.32
893488,180,9845.3965,428.0803,-2.88,-4.32
893488,180,9845.3965,427.8547,-2.88,-2.88
893499,180,9847.3662,427.8547,-2.88,-4.32
893500,180,9847.3662,428.0533,-2.88,-4.32
893510,180,9838.8008,428.0533,-4.32,-2.88
893512,180,9838.8008,428.1796,-4.32,-2.88
893521,180,9837.8584,428.1796,-2.88,-2.88
893524,180,9837.8584,428.4322,-2.88,-2.88
893532,180,9840.3428,428.4322,-2.88,-4.32
893536,180,9840.3428,428.2112,-2.88,-1.44
893543,180,9839.8281,428.2112,-2.88,-2.88
893548,180,9839.8281,428.0262,-4.32,-2.88
893555,180,9848.9932,428.0262,-2.88,-4.32
893560,180,9848.9932,428.1299,-2.88,-4.32
893566,180,9852.9336,428.1299,-2.88,-2.88
893572,180,9852.9336,428.3961,-2.88,-4.32
893577,180,9843.6826,428.3961,-2.88,-2.88
893584,180,9843.6826,428.4052,-2.88,-4.32
893588,180,9846.1670,428.4052,-2.88,-2.88
893595,180,9846.1670,428.6037,-2.88,-2.88
893599,180,9846.8525,428.6037,-2.88,-2.88
893607,180,9846.8525,428.6578,-2.88,-4.32
893610,180,9840.5137,428.6578,-2.88,-2.88
893619,180,9840.5137,428.5721,-2.88,-2.88
893621,180,9849.0791,428.5721,-2.88,-4.32
893631,180,9849.0791,428.2427,-2.88,-2.88
893632,180,9847.7090,428.2427,-2.88,-4.32
893643,180,9847.7090,427.9766,-2.88,-2.88
893643,180,9843.3408,427.9766,-2.88,-2.88
893654,180,9843.5117,427.9766,-2.88,-4.32
893655,180,9843.5117,428.3239,-2.88,-4.32
893665,180,9842.9121,428.3239,-2.88,-4.32
893667,180,9842.9121,428.2382,-2.88,-2.88
893676,180,9842.7412,428.2382,-2.88,-4.32
893679,180,9842.7412,428.0036,-2.88,-4.32
893687,180,9848.5654,428.0036,-2.88,-2.88
893691,180,9848.5654,428.3239,-2.88,-2.88
893699,180,9847.7090,428.3239,-2.88,-2.88
893702,180,9847.7090,428.1931,-2.88,-2.88
893710,180,9847.4521,428.1931,-2.88,-4.32
893714,180,9847.4521,428.0894,-2.88,-2.88
893721,180,9842.9980,428.0894,-2.88,-2.88
893726,180,9842.9980,428.0578,-2.88,-2.88
893732,180,9837.4307,428.0578,-2.88,-4.32
893738,180,9837.4307,428.2066,-2.88,-2.88
893743,180,9846.0811,428.2066,-2.88,-4.32
893750,180,9846.0811,428.2112,-2.88,-2.88
893754,180,9846.6807,428.2112,-2.88,-2.88
893762,180,9846.6807,428.4503,-2.88,-2.88
893765,180,9842.0557,428.4503,-2.88,-2.88
893774,180,9842.0557,428.2066,-2.88,-2.88
893776,180,9841.4561,428.2066,-2.88,-2.88
893786,180,9841.4561,428.1886,-4.32,-2.88
893787,180,9844.3682,428.1886,-2.88,-2.88
893798,180,9844.3682,427.9675,-1.44,-4.32
893798,180,9841.0273,427.9675,-2.88,-4.32
893809,180,9840.8564,427.9675,-2.88,-2.88
893810,180,9840.8564,427.7735,-2.88,-2.88
893820,180,9841.7988,427.7735,-4.32,-4.32
893821,180,9841.7988,427.9901,-2.88,-2.88
893831,180,9844.1973,427.9901,-2.88,-2.88
893833,180,9844.1973,428.1615,-2.88,-2.88
893843,180,9845.3965,428.1615,-2.88,-4.32
893845,180,9845.3965,428.1660,-2.88,-2.88
893854,180,9848.5654,428.1660,-2.88,-2.88
893857,180,9848.5654,427.9946,-2.88,-2.88
893865,180,9849.2500,427.9946,-2.88,-4.32
893869,180,9849.2500,428.1751,-2.88,-2.88
893876,180,9838.1152,428.1751,-2.88,-4.32
893881,180,9838.1152,428.4728,-2.88,-2.88
893887,180,9844.4541,428.4728,-2.88,-4.32
893893,180,9844.4541,428.6172,-2.88,-2.88
893898,180,9850.8779,428.6172,-2.88,-4.32
893905,180,9850.8779,428.3239,-2.88,-2.88
893909,180,9851.9912,428.3239,-2.88,-2.88
893917,180,9851.9912,427.9540,-2.88,-2.88
893920,180,9848.6504,427.9540,-2.88,-4.32
893928,180,9848.6504,428.2247,-2.88,-4.32
893931,180,9847.9658,428.2247,-2.88,-4.32
893940,180,9847.9658,428.4638,-1.44,-2.88
893942,180,9843.0830,428.4638,-2.88,-2.88
893952,180,9843.0830,428.4052,-4.32,-2.88
893953,180,9840.6855,428.4052,-2.88,-4.32
893964,180,9840.6855,428.4187,-2.88,-2.88
893964,180,9836.4023,428.4187,-2.88,-2.88
893975,180,9836.1455,428.4187,-2.88,-4.32
893976,180,9836.1455,428.3194,-2.88,-2.88
893987,180,9842.3125,428.3194,-2.88,-4.32
893988,180,9842.3125,428.0803,-2.88,-2.88
893998,180,9840.0859,428.0803,-2.88,-2.88
894000,180,9840.0859,428.1480,-2.88,-2.88
894009,180,9843.3408,428.1480,-2.88,-2.88
894012,180,9843.3408,428.3826,-2.88,-2.88
894020,180,9846.5098,428.3826,-2.88,-2.88
894024,180,9846.5098,428.3239,-4.32,-2.88
894031,180,9850.1924,428.3239,-2.88,-2.88
894035,180,9850.1924,427.9720,-2.88,-2.88
894042,180,9852.2480,427.9720,-4.32,-4.32
894047,180,9852.2480,427.9946,-2.88,-2.88
894053,180,9851.7344,427.9946,-2.88,-4.32
894059,180,9851.7344,427.8773,-2.88,-2.88
894064,180,9847.4521,427.8773,-4.32,-2.88
894071,180,9847.4521,427.8277,-2.88,-2.88
894075,180,9854.1328,427.8277,-2.88,-2.88
894083,180,9854.1328,427.7735,-2.88,-4.32
894086,180,9849.9355,427.7735,-2.88,-2.88
894095,180,9849.9355,427.8412,-2.88,-2.88
894097,180,9844.1113,427.8412,-2.88,-2.88
894107,180,9844.1113,428.0578,-2.88,-4.32
894108,180,9839.8281,428.0578,-2.88,-2.88
894119,180,9839.8281,428.2427,-2.88,-2.88
894119,180,9837.5156,428.2427,-2.88,-2.88
894131,180,9847.4521,428.2427,-2.88,-2.88
894131,180,9847.4521,428.0894,-2.88,-2.88
894142,180,9848.6504,428.0894,-4.32,-4.32
894142,180,9848.6504,428.0217,-4.32,-2.88
894153,180,9851.2207,428.0217,-2.88,-4.32
894154,180,9851.2207,427.9811,-2.88,-2.88
894164,180,9849.2500,427.9811,-2.88,-2.88
894166,180,9849.2500,428.0217,-2.88,-2.88
894175,180,9845.9951,428.0217,-2.88,-2.88
894178,180,9845.9951,428.3149,-2.88,-4.32
894186,180,9845.3105,428.3149,-2.88,-2.88
894190,180,9845.3105,428.0352,-2.88,-2.88
894197,180,9843.9395,428.0352,-2.88,-4.32
894202,180,9843.9395,428.1299,-4.32,-1.44
894208,180,9846.7666,428.1299,-2.88,-4.32
894214,180,9846.7666,428.1841,-2.88,-2.88
894219,180,9848.2227,428.1841,-2.88,-2.88
894226,180,9848.2227,427.9359,-2.88,-4.32
894230,180,9843.5977,427.9359,-2.88,-2.88
894238,180,9843.5977,427.4397,-2.88,-2.88
894241,180,9845.9102,427.4397,-2.88,-2.88
894250,180,9845.9102,427.6247,-4.32,-2.88
894252,180,9844.4541,427.6247,-2.88,-2.88
894261,180,9844.4541,428.1029,-2.88,-4.32
894263,180,9845.3965,428.1029,-2.88,-4.32
894273,180,9845.3965,428.1119,-2.88,-4.32
894275,180,9850.9639,428.1119,-2.88,-2.88
894285,180,9850.9639,427.8818,-2.88,-2.88
894286,180,9846.8525,427.8818,-2.88,-2.88
894297,180,9842.3984,427.8818,-2.88,-4.32
894297,180,9842.3984,428.0307,-2.88,-2.88
894308,180,9849.3359,428.0307,-2.88,-2.88
894309,180,9849.3359,428.0668,-2.88,-2.88
894319,180,9843.5977,428.0668,-2.88,-4.32
894321,180,9843.5977,428.0487,-1.44,-4.32
894330,180,9836.5742,428.0487,-2.88,-2.88
894333,180,9836.5742,428.0578,-2.88,-2.88
894341,180,9846.4238,428.0578,-1.44,-4.32
894345,180,9846.4238,427.8593,-2.88,-4.32
894352,180,9851.3057,427.8593,-2.88,-4.32
894357,180,9851.3057,427.9089,-2.88,-2.88
894363,180,9841.7129,427.9089,-2.88,-2.88
894368,180,9841.7129,428.1435,-2.88,-4.32
894374,180,9842.9121,428.1435,-2.88,-2.88
894380,180,9842.9121,428.1976,-4.32,-4.32
894385,180,9847.7090,428.1976,-2.88,-2.88
894392,180,9847.7090,428.2653,-2.88,-4.32
894396,180,9849.9355,428.2653,-2.88,-4.32
894404,180,9849.9355,428.2698,-2.88,-4.32
894407,180,9845.2246,428.2698,-2.88,-2.88
894416,180,9845.2246,428.3420,-2.88,-4.32
894419,180,9848.9082,428.3420,-2.88,-4.32
894428,180,9848.9082,428.2382,-2.88,-2.88
894430,180,9838.9717,428.2382,-2.88,-2.88
894440,180,9838.9717,427.9495,-2.88,-2.88
894441,180,9838.2012,427.9495,-2.88,-2.88
894452,180,9843.5117,427.9495,-4.32,-2.88
894452,180,9843.5117,428.0036,-2.88,-2.88
894463,180,9845.5674,428.0036,-2.88,-4.32
894464,180,9845.5674,427.9044,-2.88,-2.88
894474,180,9844.1973,427.9044,-2.88,-2.88
894476,180,9844.1973,428.0036,-2.88,-2.88
894485,180,9847.2803,428.0036,-2.88,-2.88
894487,180,9847.2803,428.0442,-2.88,-2.88
894496,180,9838.6299,428.0442,-2.88,-2.88
894499,180,9838.6299,427.9044,-2.88,-4.32
894507,180,9847.3662,427.9044,-2.88,-2.88
894511,180,9847.3662,428.0487,-2.88,-4.32
894518,180,9850.1074,428.0487,-2.88,-4.32
894523,180,9850.1074,428.0758,-2.88,-2.88
894529,180,9847.2803,428.0758,-2.88,-4.32
894535,180,9847.2803,427.9089,-2.88,-4.32
894540,180,9846.9375,427.9089,-4.32,-2.88
894547,180,9846.9375,427.7961,-2.88,-2.88
894551,180,9844.7969,427.7961,-2.88,-1.44
894559,180,9844.7969,427.6247,-2.88,-2.88
894563,180,9845.5674,427.6247,-2.88,-2.88
894571,180,9845.5674,427.6472,-2.88,-2.88
894574,180,9843.0830,427.6472,-2.88,-2.88
894583,180,9843.0830,427.3765,-2.88,-4.32
894585,180,9845.6533,427.3765,-2.88,-2.88
894594,180,9845.6533,427.7149,-4.32,-4.32
894596,180,9856.3594,427.7149,-2.88,-4.32
894606,180,9856.3594,428.2112,-2.88,-2.88
894607,180,9853.2764,428.2112,-2.88,-4.32
894618,180,9848.5654,428.2112,-2.88,-4.32
894618,180,9848.5654,427.8863,-2.88,-2.88
894629,180,9852.4199,427.8863,-2.88,-2.88
894630,180,9852.4199,427.9224,-2.88,-2.88
894640,180,9849.7646,427.9224,-2.88,-4.32
894642,180,9849.7646,427.6607,-2.88,-2.88
894651,180,9844.8818,427.6607,-2.88,-2.88
894654,180,9844.8818,427.3855,-4.32,-2.88
894662,180,9848.3086,427.3855,-2.88,-4.32
894666,180,9848.3086,427.9134,-2.88,-2.88
894673,180,9856.4453,427.9134,-2.88,-4.32
894678,180,9856.4453,428.0036,-2.88,-2.88
894684,180,9857.4727,428.0036,-2.88,-4.32
894690,180,9857.4727,427.8863,-2.88,-2.88
894695,180,9852.4199,427.8863,-2.88,-2.88
894702,180,9852.4199,427.8457,-2.88,-4.32
894706,180,9846.6807,427.8457,-2.88,-4.32
894713,180,9846.6807,427.5886,-4.32,-4.32
894718,180,9846.1670,427.5886,-2.88,-2.88
894725,180,9846.1670,427.6562,-2.88,-2.88
894729,180,9854.3896,427.6562,-2.88,-4.32
894737,180,9854.3896,428.0352,-2.88,-2.88
894740,180,9853.8760,428.0352,-2.88,-2.88
894749,180,9853.8760,427.9630,-2.88,-2.88
894751,180,9841.0273,427.9630,-2.88,-2.88
894761,180,9841.0273,427.9675,-2.88,-2.88
894762,180,9839.7432,427.9675,-2.88,-2.88
894773,180,9839.7432,427.8322,-2.88,-4.32
894773,180,9838.7148,427.8322,-2.88,-2.88
894784,180,9843.3408,427.8322,-2.88,-4.32
894785,180,9843.3408,427.6337,-2.88,-2.88
894795,180,9850.6211,427.6337,-2.88,-4.32
894797,180,9850.6211,427.5886,-2.88,-4.32
894806,180,9845.9102,427.5886,-2.88,-4.32
894809,180,9845.9102,428.0036,-2.88,-2.88
894817,180,9850.7061,428.0036,-2.88,-4.32
894820,180,9850.7061,427.8277,-2.88,-4.32
894828,180,9850.4492,427.8277,-2.88,-4.32
894832,180,9850.4492,427.6427,-2.88,-2.88
894839,180,9853.7041,427.6427,-2.88,-4.32
894844,180,9853.7041,427.9044,-2.88,-2.88
894850,180,9850.9639,427.9044,-2.88,-4.32
894856,180,9850.9639,427.5931,-2.88,-2.88
894862,180,9843.2549,427.5931,-4.32,-2.88
894868,180,9843.2549,427.6066,-2.88,-2.88
894873,180,9851.6484,427.6066,-2.88,-2.88
894880,180,9851.6484,427.7826,-2.88,-4.32
894884,180,9853.7041,427.7826,-2.88,-2.88
894892,180,9853.7041,427.9540,-2.88,-4.32
894895,180,9858.5869,427.9540,-4.32,-2.88
894904,180,9858.5869,427.9901,-2.88,-4.32
894906,180,9856.3594,427.9901,-2.88,-2.88
894916,180,9856.3594,427.9359,-2.88,-2.88
894917,180,9855.9316,427.9359,-2.88,-4.32
894927,180,9855.9316,428.2969,-2.88,-2.88
894928,180,9854.4756,428.2969,-2.88,-2.88
894939,180,9849.1650,428.2969,-2.88,-2.88
894939,180,9849.1650,428.3014,-2.88,-2.88
894950,180,9844.3682,428.3014,-2.88,-2.88
894951,180,9844.3682,428.3555,-4.32,-2.88
894961,180,9849.4219,428.3555,-2.88,-4.32
894963,180,9849.4219,428.2698,-2.88,-2.88
894972,180,9849.5078,428.2698,-2.88,-4.32
894975,180,9849.5078,428.0758,-2.88,-4.32
894983,180,9848.0518,428.0758,-2.88,-2.88
894987,180,9848.0518,427.7419,-2.88,-2.88
894994,180,9855.5889,427.7419,-4.32,-4.32
894999,180,9855.5889,427.4442,-2.88,-2.88
895006,180,9856.1885,427.4442,-2.88,-2.88
895011,180,9856.1885,427.7826,-2.88,-2.88
895017,180,9854.0469,427.7826,-2.88,-2.88
895023,180,9854.0469,428.0036,-2.88,-2.88
895028,180,9854.1328,428.0036,-4.32,-2.88
895034,180,9854.1328,428.1209,-2.88,-4.32
895039,180,9844.5391,428.1209,-2.88,-2.88
895046,180,9844.5391,428.0217,-2.88,-2.88
895050,180,9848.7363,428.0217,-2.88,-2.88
895058,180,9848.7363,428.1029,-2.88,-2.88
895061,180,9857.6445,428.1029,-2.88,-4.32
895070,180,9857.6445,427.7465,-2.88,-2.88
895072,180,9853.0195,427.7465,-2.88,-2.88
895082,180,9853.0195,427.8908,-2.88,-2.88
895083,180,9854.3896,427.8908,-2.88,-2.88
895094,180,9854.3896,428.1209,-4.32,-2.88
895094,180,9848.9932,428.1209,-2.88,-2.88
895105,180,9844.7109,428.1209,-2.88,-4.32
895106,180,9844.7109,427.9991,-2.88,-2.88
895116,180,9846.5098,427.9991,-2.88,-2.88
895118,180,9846.5098,427.7374,-2.88,-2.88
895127,180,9855.8457,427.7374,-2.88,-4.32
895130,180,9855.8457,427.9766,-2.88,-4.32
895138,180,9855.5029,427.9766,-2.88,-2.88
895142,180,9855.5029,427.8187,-2.88,-4.32
895150,180,9852.8477,427.8187,-2.88,-4.32
895153,180,9852.8477,427.5434,-4.32,-2.88
895161,180,9853.2764,427.5434,-2.88,-2.88
895165,180,9853.2764,427.7374,-2.88,-2.88
895172,180,9848.5654,427.7374,-2.88,-1.44
895177,180,9848.5654,427.9269,-2.88,-2.88
895183,180,9844.7109,427.9269,-2.88,-2.88
895189,180,9844.7109,427.9405,-2.88,-4.32
895194,180,9840.3428,427.9405,-2.88,-2.88
895201,180,9840.3428,428.1480,-2.88,-2.88
895205,180,9843.8545,428.1480,-2.88,-2.88
895213,180,9843.8545,427.9901,-4.32,-2.88
895216,180,9851.9912,427.9901,-2.88,-2.88
895225,180,9851.9912,427.8187,-2.88,-2.88
895227,180,9848.1367,427.8187,-2.88,-4.32
895237,180,9848.1367,427.6788,-2.88,-4.32
895238,180,9845.7383,427.6788,-2.88,-4.32
895249,180,9845.7383,428.0352,-2.88,-2.88
895249,180,9849.3359,428.0352,-2.88,-2.88
895260,180,9851.0488,428.0352,-2.88,-4.32
895260,180,9851.0488,428.0894,-2.88,-2.88
895271,180,9848.5654,428.0894,-2.88,-4.32
895272,180,9848.5654,427.7735,-4.32,-4.32
895282,180,9847.1943,427.7735,-2.88,-2.88
895284,180,9847.1943,427.6562,-2.88,-2.88
895294,180,9853.0195,427.6562,-2.88,-2.88
895296,180,9853.0195,427.8593,-4.32,-1.44
895305,180,9858.8438,427.8593,-4.32,-2.88
895308,180,9858.8438,427.5209,-2.88,-2.88
895316,180,9853.4473,427.5209,-4.32,-4.32
895320,180,9853.4473,427.5705,-2.88,-2.88
895327,180,9852.0771,427.5705,-2.88,-2.88
895332,180,9852.0771,428.1029,-2.88,-2.88
895338,180,9849.1650,428.1029,-2.88,-2.88
895344,180,9849.1650,427.8593,-2.88,-2.88
895349,180,9849.7646,427.8593,-2.88,-2.88
895356,180,9849.7646,427.6607,-2.88,-2.88
895360,180,9851.9053,427.6607,-2.88,-4.32
895367,180,9851.9053,427.8502,-2.88,-2.88
895371,180,9855.3320,427.8502,-2.88,-2.88
895379,180,9855.3320,427.7961,-2.88,-2.88
895382,180,9856.5312,427.7961,-2.88,-4.32
895391,180,9856.5312,427.6878,-2.88,-2.88
895393,180,9851.8203,427.6878,-2.88,-2.88
895403,180,9851.8203,427.6788,-2.88,-4.32
895404,180,9852.3340,427.6788,-2.88,-2.88
895415,180,9852.3340,427.6472,-2.88,-2.88
895415,180,9846.6807,427.6472,-2.88,-2.88
895426,180,9845.7383,427.6472,-4.32,-2.88
895427,180,9845.7383,427.7419,-2.88,-2.88
895438,180,9851.3916,427.7419,-2.88,-4.32
895439,180,9851.3916,428.0172,-2.88,-4.32
895449,180,9850.7061,428.0172,-2.88,-4.32
895451,180,9850.7061,428.0442,-2.88,-2.88
895460,180,9849.8496,428.0442,-2.88,-4.32
895463,180,9849.8496,428.2879,-2.88,-4.32
895471,180,9850.8779,428.2879,-2.88,-2.88
895474,180,9850.8779,428.0352,-2.88,-2.88
895482,180,9851.1348,428.0352,-4.32,-2.88
895486,180,9851.1348,428.0713,-2.88,-2.88
895493,180,9849.6787,428.0713,-2.88,-4.32
895498,180,9849.6787,427.9991,-1.44,-2.88
895504,180,9850.1074,427.9991,-2.88,-2.88
895510,180,9850.1074,427.9495,-4.32,-2.88
895515,180,9842.6553,427.9495,-2.88,-2.88
895522,180,9842.6553,427.7419,-2.88,-2.88
895526,180,9840.1709,427.7419,-2.88,-4.32
895534,180,9840.1709,428.0172,-2.88,-2.88
895537,180,9838.5439,428.0172,-2.88,-2.88
895546,180,9838.5439,427.8322,-2.88,-2.88
895548,180,9844.8818,427.8322,-2.88,-4.32
895558,180,9844.8818,427.8728,-2.88,-2.88
895559,180,9852.3340,427.8728,-2.88,-4.32
895570,180,9852.3340,427.8051,-2.88,-4.32
895570,180,9848.1367,427.8051,-2.88,-2.88
895581,180,9848.1367,428.0217,-2.88,-2.88
895582,180,9844.5391,428.0217,-2.88,-2.88
895593,180,9852.6768,428.0217,-2.88,-4.32
895593,180,9852.6768,428.1074,-2.88,-2.88
895604,180,9856.7021,428.1074,-2.88,-4.32
895605,180,9856.7021,427.9585,-2.88,-4.32
895615,180,9847.9658,427.9585,-2.88,-2.88
895617,180,9847.9658,427.9089,-2.88,-2.88
895626,180,9840.5996,427.9089,-2.88,-2.88
895629,180,9840.5996,427.7916,-2.88,-2.88
895637,180,9834.0898,427.7916,-2.88,-4.32
895641,180,9834.0898,427.8051,-2.88,-2.88
895648,180,9837.6016,427.8051,-2.88,-4.32
895653,180,9837.6016,428.0848,-2.88,-4.32
895659,180,9844.2822,428.0848,-2.88,-4.32
895665,180,9844.2822,428.0397,-2.88,-2.88
895670,180,9852.1631,428.0397,-2.88,-4.32
895677,180,9852.1631,428.0352,-2.88,-4.32
895681,180,9847.8799,428.0352,-2.88,-4.32
895689,180,9847.8799,427.7600,-2.88,-2.88
895692,180,9851.2207,427.7600,-2.88,-2.88
895700,180,9851.2207,427.4442,-1.44,-2.88
895703,180,9852.7617,427.4442,-2.88,-4.32
895712,180,9852.7617,427.5074,-2.88,-2.88
895714,180,9854.1328,427.5074,-2.88,-4.32
895724,180,9854.1328,427.7555,-2.88,-2.88
895725,180,9852.3340,427.7555,-2.88,-1.44
895736,180,9852.3340,427.6517,-1.44,-2.88
895737,180,9851.3057,427.6517,-2.88,-4.32
895748,180,9853.3613,427.6517,-2.88,-4.32
895748,180,9853.3613,427.6472,-2.88,-2.88
895759,180,9848.0518,427.6472,-2.88,-2.88
895760,180,9848.0518,427.7419,-2.88,-2.88
895770,180,9841.3701,427.7419,-2.88,-4.32
895772,180,9841.3701,427.7735,-4.32,-1.44
895781,180,9838.7148,427.7735,-4.32,-2.88
895784,180,9838.7148,427.7510,-2.88,-2.88
895792,180,9834.3467,427.7510,-2.88,-4.32
895796,180,9834.3467,427.9314,-2.88,-2.88
895803,180,9837.0020,427.9314,-2.88,-2.88
895807,180,9837.0020,427.7510,-2.88,-2.88
895814,180,9844.0254,427.7510,-2.88,-2.88
895819,180,9844.0254,427.8773,-2.88,-4.32
895825,180,9845.9102,427.8773,-2.88,-4.32
895831,180,9845.9102,428.1119,-2.88,-4.32
895836,180,9847.1094,428.1119,-2.88,-2.88
895843,180,9847.1094,427.6833,-2.88,-2.88
895847,180,9848.2227,427.6833,-2.88,-2.88
895855,180,9848.2227,427.4938,-2.88,-1.44
895858,180,9847.5371,427.4938,-2.88,-2.88
895867,180,9847.5371,427.8954,-2.88,-2.88
895869,180,9853.4473,427.8954,-2.88,-4.32
895879,180,9853.4473,427.8367,-2.88,-2.88
895881,180,9854.1328,427.8367,-2.88,-2.88
895891,180,9854.1328,428.1029,-2.88,-2.88
895892,180,9856.5312,428.1029,-2.88,-2.88
895903,180,9856.5312,428.0623,-2.88,-2.88
895903,180,9850.2783,428.0623,-2.88,-2.88
895914,180,9850.4492,428.0623,-4.32,-2.88
895914,180,9850.4492,427.8999,-2.88,-4.32
895925,180,9847.8799,427.8999,-2.88,-2.88
895926,180,9847.8799,428.2834,-2.88,-4.32
895936,180,9847.1943,428.2834,-2.88,-4.32
895938,180,9847.1943,428.2698,-2.88,-2.88
895947,180,9847.8799,428.2698,-2.88,-4.32
895950,180,9847.8799,428.0397,-2.88,-2.88
895958,180,9846.5098,428.0397,-2.88,-2.88
895962,180,9846.5098,428.3420,-2.88,-4.32
895969,180,9846.7666,428.3420,-4.32,-4.32
895974,180,9846.7666,428.1435,-2.88,-2.88
895980,180,9850.6211,428.1435,-2.88,-2.88
895986,180,9850.6211,428.2247,-4.32,-2.88
895991,180,9852.8477,428.2247,-2.88,-2.88
895998,180,9852.8477,428.2337,-2.88,-2.88
896002,180,9847.2803,428.2337,-4.32,-2.88
896010,180,9847.2803,428.2653,-2.88,-2.88
896013,180,9842.6553,428.2653,-2.88,-2.88
896022,180,9842.6553,428.3736,-2.88,-2.88
896025,180,9850.7061,428.3736,-2.88,-4.32
896033,180,9850.7061,428.2473,-2.88,-2.88
896036,180,9857.9873,428.2473,-2.88,-4.32
896045,180,9857.9873,427.8051,-2.88,-2.88
896047,180,9854.2188,427.8051,-2.88,-2.88
896057,180,9854.2188,428.0397,-2.88,-2.88
896058,180,9842.9121,428.0397,-2.88,-4.32
896069,180,9845.3965,428.0397,-2.88,-2.88
896069,180,9845.3965,428.4052,-2.88,-4.32
896080,180,9847.1094,428.4052,-2.88,-4.32
896081,180,9847.1094,428.6804,-2.88,-4.32
896091,180,9845.9102,428.6804,-2.88,-2.88
896093,180,9845.9102,428.4097,-2.88,-4.32
896102,180,9844.3682,428.4097,-2.88,-2.88
896105,180,9844.3682,428.2382,-2.88,-2.88
896113,180,9843.5977,428.2382,-2.88,-2.88
896117,180,9843.5977,428.5134,-2.88,-2.88
896124,180,9844.9678,428.5134,-2.88,-4.32
896129,180,9844.9678,428.3691,-2.88,-2.88
896135,180,9845.6533,428.3691,-2.88,-2.88
896140,180,9845.6533,427.9766,-2.88,-2.88
896146,180,9843.5117,427.9766,-2.88,-4.32
896152,180,9843.5117,427.7374,-2.88,-4.32
896157,180,9834.6035,427.7374,-2.88,-4.32
896164,180,9834.6035,428.0487,-2.88,-2.88
896169,180,9840.7705,428.0487,-2.88,-2.88
896176,180,9840.7705,428.0442,-2.88,-4.32
896180,180,9843.8545,428.0442,-2.88,-4.32
896188,180,9843.8545,427.6607,-2.88,-2.88
896191,180,9846.5947,427.6607,-2.88,-4.32
896200,180,9846.5947,427.8954,-2.88,-2.88
896202,180,9840.2568,427.8954,-4.32,-2.88
896212,180,9840.2568,427.9495,-2.88,-4.32
896213,180,9843.3408,427.9495,-2.88,-2.88
896224,180,9843.3408,427.9314,-2.88,-4.32
896224,180,9849.5928,427.9314,-2.88,-2.88
896235,180,9846.5098,427.9314,-2.88,-2.88
896236,180,9846.5098,428.1480,-2.88,-2.88
896246,180,9842.2266,428.1480,-4.32,-2.88
896247,180,9842.2266,427.9269,-2.88,-2.88
896257,180,9839.9141,427.9269,-2.88,-2.88
896259,180,9839.9141,427.7284,-2.88,-2.88
896268,180,9837.6016,427.7284,-4.32,-2.88
896271,180,9837.6016,427.8367,-2.88,-2.88
896279,180,9840.6855,427.8367,-2.88,-4.32
896283,180,9840.6855,427.9856,-4.32,-4.32
896290,180,9843.7686,427.9856,-2.88,-4.32
896295,180,9843.7686,428.0894,-2.88,-4.32
896301,180,9843.9395,428.0894,-2.88,-2.88
896307,180,9843.9395,428.0533,-2.88,-2.88
896312,180,9847.0234,428.0533,-2.88,-2.88
896319,180,9847.0234,428.0487,-2.88,-2.88
896324,180,9845.3965,428.0487,-2.88,-4.32
896331,180,9845.3965,427.8999,-2.88,-2.88
896335,180,9840.8564,427.8999,-2.88,-4.32
896346,180,9837.9443,427.8999,-2.88,-2.88
896355,180,9837.9443,427.6607,-2.88,-2.88
896357,180,9843.0830,427.6607,-2.88,-5.75
896366,180,9843.0830,427.8457,-2.88,-2.88
896368,180,9842.8262,427.8457,-1.44,-4.32
896378,180,9842.8262,427.5254,-2.88,-2.88
896379,180,9848.1367,427.5254,-2.88,-2.88
896390,180,9851.1348,427.5254,-2.88,-2.88
896390,180,9851.1348,427.4171,-2.88,-2.88
896401,180,9847.7090,427.4171,-2.88,-2.88
896402,180,9847.7090,427.5028,-2.88,-2.88
896412,180,9847.9658,427.5028,-2.88,-2.88
896414,180,9847.9658,427.2727,-2.88,-2.88
896423,180,9843.5977,427.2727,-2.88,-4.32
896426,180,9843.5977,427.4216,-2.88,-4.32
896434,180,9844.0254,427.4216,-2.88,-4.32
896438,180,9844.0254,427.7555,-2.88,-2.88
896445,180,9851.3916,427.7555,-2.88,-2.88
896450,180,9851.3916,427.5886,-2.88,-2.88
896456,180,9849.5928,427.5886,-2.88,-2.88
896462,180,9849.5928,427.6337,-2.88,-2.88
896468,180,9848.1367,427.6337,-2.88,-2.88
896473,180,9848.1367,427.7510,-2.88,-1.44
896479,180,9850.4492,427.7510,-2.88,-2.88
896485,180,9850.4492,427.5840,-2.88,-2.88
896490,180,9852.4199,427.5840,-2.88,-2.88
896497,180,9852.4199,427.8187,-2.88,-2.88
896501,180,9848.0518,427.8187,-2.88,-2.88
896509,180,9848.0518,428.2112,-2.88,-4.32
896512,180,9848.8223,428.2112,-2.88,-2.88
896521,180,9848.8223,428.5044,-2.88,-2.88
896533,180,9848.8223,428.1931,-2.88,-2.88
896534,180,9843.5977,428.1931,-2.88,-2.88
896545,180,9843.5977,427.8999,-2.88,-2.88
896545,180,9834.9463,427.8999,-2.88,-4.32
896556,180,9834.3467,427.8999,-2.88,-2.88
896557,180,9834.3467,427.7826,-2.88,-2.88
896567,180,9834.8604,427.7826,-2.88,-2.88
896578,180,9842.5693,427.7826,-2.88,-2.88
896580,180,9842.5693,427.8187,-2.88,-2.88
896589,180,9845.6533,427.8187,-2.88,-2.88
896592,180,9845.6533,427.6111,-2.88,-2.88
896600,180,9841.2852,427.6111,-2.88,-4.32
896604,180,9841.2852,427.7419,-2.88,-2.88
896612,180,9842.6553,427.7419,-2.88,-4.32
896616,180,9842.6553,428.0533,-2.88,-4.32
896623,180,9838.8867,428.0533,-2.88,-2.88
896628,180,9838.8867,428.2112,-2.88,-4.32
896634,180,9840.2568,428.2112,-2.88,-4.32
896640,180,9840.2568,427.8728,-2.88,-2.88
896645,180,9839.8281,427.8728,-2.88,-2.88
896652,180,9839.8281,428.0217,-2.88,-2.88
896656,180,9834.8604,428.0217,-2.88,-2.88
896664,180,9834.8604,427.9991,-2.88,-2.88
896667,180,9843.4258,427.9991,-2.88,-2.88
896676,180,9843.4258,427.8232,-2.88,-4.32
896678,180,9841.0273,427.8232,-2.88,-2.88
896687,180,9841.0273,427.9134,-2.88,-2.88
896689,180,9836.4883,427.9134,-2.88,-2.88
896699,180,9836.4883,427.7149,-2.88,-2.88
896700,180,9839.9141,427.7149,-2.88,-5.75
896711,180,9842.9980,427.7149,-2.88,-2.88
896711,180,9842.9980,427.3088,-2.88,-2.88
896722,180,9849.5928,427.3088,-2.88,-2.88
896723,180,9849.5928,427.7600,-2.88,-4.32
896733,180,9850.1074,427.7600,-4.32,-4.32
896735,180,9850.1074,428.2518,-2.88,-2.88
896744,180,9852.5908,428.2518,-2.88,-4.32
896747,180,9852.5908,428.2382,-2.88,-2.88
896756,180,9849.5928,428.2382,-4.32,-2.88
896759,180,9849.5928,428.0984,-2.88,-4.32
896767,180,9840.5137,428.0984,-2.88,-4.32
896771,180,9840.5137,427.7104,-2.88,-2.88
896778,180,9846.5947,427.7104,-4.32,-2.88
896783,180,9846.5947,427.5209,-4.32,-4.32
896789,180,9849.6787,427.5209,-2.88,-4.32
896794,180,9849.6787,427.6427,-2.88,-2.88
896800,180,9847.7939,427.6427,-2.88,-2.88
896806,180,9847.7939,427.8412,-2.88,-2.88
896811,180,9845.4814,427.8412,-2.88,-4.32
896818,180,9845.4814,427.7826,-2.88,-2.88
896822,180,9839.8281,427.7826,-2.88,-2.88
896830,180,9839.8281,427.7645,-2.88,-4.32
896833,180,9844.4541,427.7645,-2.88,-4.32
896842,180,9844.4541,427.8638,-1.44,-2.88
896844,180,9846.9375,427.8638,-2.88,-4.32
896854,180,9846.9375,427.6201,-2.88,-2.88
896855,180,9847.8799,427.6201,-2.88,-2.88
896866,180,9847.8799,427.4893,-2.88,-2.88
896866,180,9846.6807,427.4893,-2.88,-2.88
896877,180,9845.3105,427.4893,-2.88,-2.88
896878,180,9845.3105,427.7149,-2.88,-2.88
896888,180,9836.6592,427.7149,-2.88,-2.88
896890,180,9836.6592,427.5931,-4.32,-2.88
896900,180,9843.8545,427.5931,-2.88,-4.32
896902,180,9843.8545,427.9630,-2.88,-2.88
896911,180,9851.8203,427.9630,-2.88,-4.32
896913,180,9851.8203,427.8502,-2.88,-2.88
896922,180,9847.0234,427.8502,-4.32,-2.88
896925,180,9847.0234,427.8638,-2.88,-1.44
896933,180,9842.2266,427.8638,-2.88,-4.32
896937,180,9842.2266,427.8367,-2.88,-2.88
896944,180,9836.9160,427.8367,-2.88,-4.32
896949,180,9836.9160,428.1525,-2.88,-2.88
896955,180,9843.2549,428.1525,-2.88,-4.32
896966,180,9848.9932,428.1525,-2.88,-2.88
896973,180,9848.9932,427.9089,-4.32,-4.32
896977,180,9848.0518,427.9089,-4.32,-4.32
896985,180,9848.0518,427.5840,-2.88,-4.32
896988,180,9844.8818,427.5840,-2.88,-4.32
896997,180,9844.8818,427.6788,-2.88,-2.88
896999,180,9849.8496,427.6788,-2.88,-4.32
897009,180,9849.8496,427.7329,-2.88,-2.88
897010,180,9851.7344,427.7329,-2.88,-4.32
897020,180,9851.7344,427.4803,-2.88,-4.32
897021,180,9846.5098,427.4803,-2.88,-2.88
897032,180,9846.5098,427.4622,-2.88,-2.88
897032,180,9843.7686,427.4622,-2.88,-2.88
897044,180,9847.1943,427.4622,-2.88,-2.88
897044,180,9847.1943,427.8908,-2.88,-2.88
897055,180,9848.6504,427.8908,-2.88,-4.32
897056,180,9848.6504,427.8277,-2.88,-2.88
897066,180,9846.5947,427.8277,-2.88,-2.88
897068,180,9846.5947,427.7690,-2.88,-2.88
897077,180,9847.0234,427.7690,-2.88,-4.32
897080,180,9847.0234,427.3585,-2.88,-4.32
897088,180,9845.0537,427.3585,-2.88,-4.32
897092,180,9845.0537,427.3314,-2.88,-2.88
897099,180,9842.4834,427.3314,-2.88,-2.88
897104,180,9842.4834,427.5886,-2.88,-2.88
897110,180,9844.1973,427.5886,-2.88,-2.88
897116,180,9844.1973,427.7149,-2.88,-2.88
897121,180,9844.0254,427.7149,-2.88,-2.88
897127,180,9844.0254,427.2682,-2.88,-4.32
897132,180,9844.2822,427.2682,-4.32,-2.88
897139,180,9844.2822,427.5479,-2.88,-2.88
897143,180,9847.7939,427.5479,-2.88,-4.32
897151,180,9847.7939,427.5254,-4.32,-2.88
897163,180,9847.7939,427.7916,-2.88,-2.88
897165,180,9843.5117,427.7916,-2.88,-2.88
897175,180,9843.5117,427.6743,-2.88,-2.88
897176,180,9843.2549,427.6743,-2.88,-4.32
897187,180,9843.2549,427.8277,-2.88,-2.88
897188,180,9842.8262,427.8277,-2.88,-2.88
897199,180,9844.1973,427.8277,-4.32,-4.32
897210,180,9843.5117,427.8277,-2.88,-2.88
897211,180,9843.5117,427.7239,-2.88,-2.88
897221,180,9839.3145,427.7239,-2.88,-4.32
897223,180,9839.3145,427.2141,-2.88,-2.88
897232,180,9833.5762,427.2141,-2.88,-2.88
897234,180,9833.5762,427.2051,-2.88,-2.88
897243,180,9842.8262,427.2051,-2.88,-4.32
897246,180,9842.8262,427.5254,-2.88,-2.88
897254,180,9845.6533,427.5254,-2.88,-2.88
897258,180,9845.6533,427.5931,-2.88,-4.32
897265,180,9841.9697,427.5931,-2.88,-4.32
897270,180,9841.9697,427.7149,-2.88,-2.88
897276,180,9842.8262,427.7149,-2.88,-2.88
897282,180,9842.8262,427.9314,-4.32,-2.88
897287,180,9845.9951,427.9314,-2.88,-4.32
897294,180,9845.9951,428.0307,-2.88,-2.88
897298,180,9843.9395,428.0307,-2.88,-4.32
897306,180,9843.9395,428.0668,-2.88,-2.88
897309,180,9845.1387,428.0668,-2.88,-2.88
897318,180,9845.1387,427.7645,-2.88,-2.88
897320,180,9856.0166,427.7645,-2.88,-2.88
897330,180,9856.0166,427.7284,-2.88,-2.88
897332,180,9850.1074,427.7284,-2.88,-2.88
897342,180,9850.1074,427.8322,-2.88,-2.88
897343,180,9851.7344,427.8322,-2.88,-4.32
897353,180,9851.7344,428.0352,-2.88,-4.32
897354,180,9847.0234,428.0352,-2.88,-2.88
897365,180,9845.8242,428.0352,-2.88,-2.88
897376,180,9850.5352,428.0352,-2.88,-2.88
897377,180,9850.5352,428.2743,-2.88,-2.88
897387,180,9847.7939,428.2743,-2.88,-4.32
897389,180,9847.7939,428.2518,-2.88,-4.32
897398,180,9846.4238,428.2518,-2.88,-4.32
897401,180,9846.4238,428.0262,-2.88,-4.32
897409,180,9849.9355,428.0262,-2.88,-2.88
897413,180,9849.9355,427.7239,-2.88,-2.88
897420,180,9846.6807,427.7239,-2.88,-2.88
897425,180,9846.6807,428.0126,-2.88,-2.88
897431,180,9847.2803,428.0126,-2.88,-4.32
897437,180,9847.2803,428.2066,-2.88,-2.88
897442,180,9851.1348,428.2066,-2.88,-4.32
897449,180,9851.1348,427.8638,-2.88,-4.32
897453,180,9841.8838,427.8638,-2.88,-2.88
897460,180,9841.8838,427.7014,-2.88,-4.32
897464,180,9840.3428,427.7014,-4.32,-4.32
897472,180,9840.3428,427.8547,-2.88,-2.88
897476,180,9841.2852,427.8547,-2.88,-4.32
897484,180,9841.2852,427.9359,-2.88,-4.32
897487,180,9841.1992,427.9359,-2.88,-2.88
897496,180,9841.1992,427.9901,-2.88,-2.88
897498,180,9850.8779,427.9901,-2.88,-2.88
897508,180,9850.8779,427.9720,-2.88,-2.88
897509,180,9854.3037,427.9720,-2.88,-2.88
897520,180,9844.2822,427.9720,-2.88,-1.44
897520,180,9844.2822,427.9405,-2.88,-2.88
897531,180,9839.9141,427.9405,-2.88,-4.32
897532,180,9839.9141,427.8818,-2.88,-2.88
897542,180,9837.0020,427.8818,-4.32,-2.88
897544,180,9837.0020,427.4577,-2.88,-2.88
897553,180,9835.2891,427.4577,-2.88,-2.88
897556,180,9835.2891,427.6923,-2.88,-2.88
897564,180,9842.2266,427.6923,-2.88,-4.32
897567,180,9842.2266,428.0758,-2.88,-2.88
897575,180,9847.7090,428.0758,-2.88,-4.32
897579,180,9847.7090,427.8457,-2.88,-2.88
897586,180,9845.6533,427.8457,-2.88,-4.32
897591,180,9845.6533,427.7014,-2.88,-4.32
897597,180,9849.9355,427.7014,-2.88,-2.88
897603,180,9849.9355,427.4532,-2.88,-2.88
897608,180,9851.1348,427.4532,-2.88,-4.32
897615,180,9851.1348,427.4352,-2.88,-4.32
897620,180,9848.1367,427.4352,-2.88,-2.88
897627,180,9848.1367,427.1464,-4.32,-2.88
897631,180,9840.3428,427.1464,-2.88,-4.32
897639,180,9840.3428,427.4307,-2.88,-2.88
897642,180,9842.3984,427.4307,-2.88,-4.32
897651,180,9842.3984,427.3494,-4.32,-4.32
897653,180,9841.5420,427.3494,-2.88,-4.32
897663,180,9841.5420,427.5840,-2.88,-2.88
897664,180,9845.6533,427.5840,-2.88,-4.32
897674,180,9845.6533,427.8141,-2.88,-2.88
897675,180,9844.7969,427.8141,-2.88,-2.88
897686,180,9844.2822,427.8141,-2.88,-2.88
897686,180,9844.2822,427.8728,-2.88,-2.88
897697,180,9840.5996,427.8728,-2.88,-4.32
897698,180,9840.5996,427.9585,-2.88,-2.88
897708,180,9844.1113,427.9585,-2.88,-4.32
897710,180,9844.1113,427.9044,-2.88,-4.32
897719,180,9849.7646,427.9044,-2.88,-2.88
897722,180,9849.7646,427.7555,-2.88,-2.88
897730,180,9849.4219,427.7555,-2.88,-2.88
897734,180,9849.4219,427.7284,-2.88,-2.88
897741,180,9848.0518,427.7284,-2.88,-4.32
897746,180,9848.0518,427.9179,-4.32,-2.88
897752,180,9845.3965,427.9179,-2.88,-4.32
897758,180,9845.3965,428.0533,-2.88,-4.32
897764,180,9845.2246,428.0533,-2.88,-4.32
897770,180,9845.2246,427.7239,-2.88,-4.32
897782,180,9845.2246,427.6878,-4.32,-2.88
897786,180,9844.5391,427.6878,-2.88,-2.88
897793,180,9844.5391,427.6111,-2.88,-2.88
897797,180,9842.6553,427.6111,-4.32,-2.88
897805,180,9842.6553,427.5795,-2.88,-4.32
897808,180,9835.2031,427.5795,-2.88,-2.88
897817,180,9835.2031,427.5931,-2.88,-4.32
897819,180,9836.9160,427.5931,-2.88,-2.88
897829,180,9836.9160,427.8593,-2.88,-2.88
897830,180,9844.6250,427.8593,-2.88,-2.88
897841,180,9844.6250,427.7735,-2.88,-2.88
897841,180,9840.3428,427.7735,-2.88,-2.88
897852,180,9840.1709,427.7735,-2.88,-2.88
897853,180,9840.1709,427.5976,-2.88,-2.88
897863,180,9847.1094,427.5976,-2.88,-2.88
897865,180,9847.1094,427.5705,-2.88,-2.88
897874,180,9846.5098,427.5705,-2.88,-2.88
897877,180,9846.5098,427.6743,-2.88,-4.32
897885,180,9848.3086,427.6743,-2.88,-2.88
897889,180,9848.3086,427.8683,-2.88,-2.88
897896,180,9853.0195,427.8683,-2.88,-4.32
897900,180,9853.0195,427.9405,-2.88,-2.88
897907,180,9844.8818,427.9405,-2.88,-2.88
897912,180,9844.8818,427.9766,-2.88,-1.44
897919,180,9844.3682,427.9766,-2.88,-2.88
897924,180,9844.3682,427.9179,-2.88,-2.88
897930,180,9853.1904,427.9179,-2.88,-4.32
897941,180,9851.3916,427.9179,-2.88,-2.88
897948,180,9851.3916,427.9946,-2.88,-4.32
897952,180,9844.7969,427.9946,-4.32,-4.32
897960,180,9844.7969,427.6562,-2.88,-2.88
897963,180,9849.4219,427.6562,-2.88,-4.32
897972,180,9849.4219,427.9044,-2.88,-4.32
897974,180,9852.5908,427.9044,-2.88,-4.32
897984,180,9852.5908,428.0126,-4.32,-2.88
897985,180,9851.9053,428.0126,-2.88,-4.32
897996,180,9851.9053,428.0352,-2.88,-4.32
897996,180,9847.4521,428.0352,-2.88,-2.88
898007,180,9838.5439,428.0352,-2.88,-4.32
898007,180,9838.5439,427.8547,-2.88,-2.88
898018,180,9834.6895,427.8547,-2.88,-4.32
898019,180,9834.6895,428.1931,-2.88,-2.88
898029,180,9833.9189,428.1931,-2.88,-4.32
898031,180,9833.9189,428.4052,-2.88,-4.32
898040,180,9841.9697,428.4052,-2.88,-4.32
898043,180,9841.9697,428.2743,-2.88,-2.88
898051,180,9842.1416,428.2743,-2.88,-2.88
898055,180,9842.1416,428.2473,-4.32,-2.88
898063,180,9841.4561,428.2473,-2.88,-4.32
898067,180,9841.4561,428.3691,-2.88,-4.32
898074,180,9849.5078,428.3691,-2.88,-4.32
898079,180,9849.5078,428.3285,-2.88,-2.88
898085,180,9851.9912,428.3285,-2.88,-4.32
898091,180,9851.9912,428.2112,-2.88,-2.88
898096,180,9845.4814,428.2112,-2.88,-4.32
898103,180,9845.4814,428.1751,-1.44,-2.88
898107,180,9843.0830,428.1751,-2.88,-2.88
898115,180,9843.0830,428.3239,-4.32,-2.88
898118,180,9845.3965,428.3239,-2.88,-4.32
898126,180,9845.3965,428.4142,-2.88,-4.32
898129,180,9848.9082,428.4142,-2.88,-4.32
898138,180,9848.9082,428.1841,-2.88,-2.88
898140,180,9846.4238,428.1841,-2.88,-4.32
898150,180,9846.4238,428.3871,-2.88,-2.88
898151,180,9845.3965,428.3871,-2.88,-4.32
898162,180,9845.3965,428.4864,-2.88,-2.88
898162,180,9844.8818,428.4864,-2.88,-2.88
898173,180,9846.9375,428.4864,-2.88,-4.32
898174,180,9846.9375,428.4683,-2.88,-2.88
898184,180,9843.2549,428.4683,-2.88,-4.32
898186,180,9843.2549,428.4503,-2.88,-2.88
898195,180,9850.0215,428.4503,-2.88,-2.88
898198,180,9850.0215,428.0081,-2.88,-2.88
898207,180,9850.6211,428.0081,-2.88,-4.32
898210,180,9850.6211,428.3646,-2.88,-2.88
898218,180,9848.9932,428.3646,-2.88,-4.32
898222,180,9848.9932,428.4006,-4.32,-2.88
898229,180,9852.5908,428.4006,-2.88,-4.32
898233,180,9852.5908,428.5631,-2.88,-2.88
898240,180,9847.8799,428.5631,-2.88,-4.32
898245,180,9847.8799,428.0442,-2.88,-2.88
898251,180,9850.0215,428.0442,-2.88,-2.88
898257,180,9850.0215,428.0217,-2.88,-2.88
898262,180,9850.2783,428.0217,-2.88,-4.32
898269,180,9850.2783,428.2202,-4.32,-2.88
898273,180,9850.5352,428.2202,-4.32,-2.88
898281,180,9850.5352,427.9540,-2.88,-4.32
898284,180,9848.0518,427.9540,-2.88,-4.32
898293,180,9848.0518,427.9901,-2.88,-2.88
898295,180,9844.9678,427.9901,-2.88,-2.88
898305,180,9844.9678,428.2157,-2.88,-4.32
898306,180,9841.5420,428.2157,-2.88,-2.88
898317,180,9841.5420,428.2337,-2.88,-2.88
898317,180,9844.9678,428.2337,-2.88,-2.88
898328,180,9847.4521,428.2337,-2.88,-2.88
898329,180,9847.4521,427.8232,-2.88,-2.88
898339,180,9846.5947,427.8232,-2.88,-2.88
898340,180,9846.5947,427.7329,-2.88,-2.88
898351,180,9844.2822,427.7329,-2.88,-2.88
898352,180,9844.2822,428.0397,-4.32,-4.32
898362,180,9842.3125,428.0397,-2.88,-2.88
898364,180,9842.3125,428.3781,-2.88,-2.88
898373,180,9849.5078,428.3781,-2.88,-2.88
898376,180,9849.5078,428.3871,-2.88,-4.32
898384,180,9851.0488,428.3871,-2.88,-2.88
898388,180,9851.0488,428.0623,-2.88,-2.88
898395,180,9849.2500,428.0623,-2.88,-4.32
898400,180,9849.2500,428.1029,-2.88,-2.88
898406,180,9853.6191,428.1029,-2.88,-2.88
898412,180,9853.6191,428.0442,-2.88,-2.88
898417,180,9857.2158,428.0442,-2.88,-2.88
898424,180,9857.2158,428.0984,-2.88,-2.88
898428,180,9856.0166,428.0984,-2.88,-4.32
898436,180,9856.0166,428.1931,-4.32,-4.32
898439,180,9849.7646,428.1931,-1.44,-2.88
898448,180,9849.7646,427.8773,-2.88,-2.88
898450,180,9837.6016,427.8773,-2.88,-2.88
898459,180,9837.6016,427.8322,-2.88,-2.88
898461,180,9841.4561,427.8322,-4.32,-2.88
898471,180,9841.4561,428.0217,-2.88,-2.88
898472,180,9832.7197,428.0217,-2.88,-2.88
898483,180,9832.7197,427.8593,-4.32,-2.88
898483,180,9836.0596,427.8593,-2.88,-4.32
898495,180,9841.1992,427.8593,-2.88,-2.88
898495,180,9841.1992,427.9359,-2.88,-4.32
898506,180,9839.6572,427.9359,-4.32,-2.88
898507,180,9839.6572,427.8457,-2.88,-2.88
898517,180,9837.1729,427.8457,-2.88,-4.32
898519,180,9837.1729,427.9766,-2.88,-2.88
898528,180,9843.7686,427.9766,-2.88,-2.88
898531,180,9843.7686,427.9179,-2.88,-2.88
898539,180,9840.6855,427.9179,-2.88,-2.88
898543,180,9840.6855,427.8954,-2.88,-2.88
898550,180,9837.3447,427.8954,-4.32,-4.32
898555,180,9837.3447,428.0668,-4.32,-4.32
898561,180,9839.6572,428.0668,-4.32,-2.88
898566,180,9839.6572,428.0307,-2.88,-2.88
898572,180,9848.1367,428.0307,-2.88,-2.88
898578,180,9848.1367,427.8412,-2.88,-2.88
898583,180,9846.7666,427.8412,-2.88,-4.32
898590,180,9846.7666,427.9495,-2.88,-2.88
898594,180,9839.2285,427.9495,-2.88,-2.88
898602,180,9839.2285,428.0848,-2.88,-4.32
898605,180,9834.4326,428.0848,-4.32,-2.88
898614,180,9834.4326,427.8863,-2.88,-4.32
898616,180,9833.9189,427.8863,-4.32,-2.88
898626,180,9833.9189,428.1119,-2.88,-2.88
898627,180,9838.5439,428.1119,-2.88,-4.32
898638,180,9838.5439,427.9675,-2.88,-2.88
898638,180,9836.5742,427.9675,-2.88,-2.88
898650,180,9833.6611,427.9675,-2.88,-2.88
898650,180,9833.6611,428.2427,-2.88,-4.32
898661,180,9837.3447,428.2427,-2.88,-2.88
898662,180,9837.3447,428.0172,-2.88,-4.32
898672,180,9836.8311,428.0172,-2.88,-2.88
898673,180,9836.8311,427.7555,-2.88,-4.32
898683,180,9831.9482,427.7555,-2.88,-2.88
898685,180,9831.9482,427.7284,-2.88,-4.32
898694,180,9832.4629,427.7284,-2.88,-2.88
898697,180,9832.4629,427.6247,-2.88,-2.88
898705,180,9840.5996,427.6247,-2.88,-2.88
898709,180,9840.5996,427.7690,-2.88,-2.88
898716,180,9838.2871,427.7690,-2.88,-2.88
898721,180,9838.2871,427.7645,-2.88,-2.88
898727,180,9833.9189,427.7645,-2.88,-4.32
898733,180,9833.9189,427.5886,-2.88,-2.88
898738,180,9832.8906,427.5886,-2.88,-2.88
898745,180,9832.8906,427.6562,-2.88,-2.88
898749,180,9838.8008,427.6562,-2.88,-4.32
898757,180,9838.8008,427.9359,-2.88,-4.32
898760,180,9846.6807,427.9359,-2.88,-4.32
898769,180,9846.6807,428.2066,-2.88,-2.88
898771,180,9846.9375,428.2066,-4.32,-4.32
898781,180,9846.9375,427.8141,-2.88,-4.32
898782,180,9845.7383,427.8141,-2.88,-2.88
898792,180,9845.7383,427.5705,-2.88,-2.88
898794,180,9843.5977,427.5705,-2.88,-2.88
898804,180,9843.5977,427.6156,-2.88,-2.88
898805,180,9843.0830,427.6156,-2.88,-2.88
898816,180,9835.8027,427.6156,-2.88,-2.88
898816,180,9835.8027,427.8593,-2.88,-4.32
898827,180,9839.4004,427.8593,-2.88,-4.32
898828,180,9839.4004,427.9946,-2.88,-4.32
898838,180,9843.8545,427.9946,-2.88,-4.32
898840,180,9843.8545,428.1976,-2.88,-2.88
898849,180,9845.2246,428.1976,-2.88,-2.88
898852,180,9845.2246,427.9405,-2.88,-1.44
898860,180,9842.5693,427.9405,-2.88,-2.88
898864,180,9842.5693,427.6607,-2.88,-4.32
898871,180,9844.0254,427.6607,-2.88,-2.88
898876,180,9844.0254,428.0578,-2.88,-2.88
898882,180,9850.0215,428.0578,-2.88,-2.88
898888,180,9850.0215,427.6833,-2.88,-2.88
898893,180,9852.8477,427.6833,-2.88,-4.32
898899,180,9852.8477,427.8728,-2.88,-2.88
898904,180,9850.3643,427.8728,-2.88,-4.32
898911,180,9850.3643,427.9495,-2.88,-2.88
898915,180,9838.3721,427.9495,-2.88,-4.32
898923,180,9838.3721,427.9314,-2.88,-2.88
898926,180,9841.5420,427.9314,-2.88,-2.88
898935,180,9841.5420,427.8593,-2.88,-2.88
898938,180,9845.3965,427.8593,-4.32,-2.88
898947,180,9845.3965,427.9044,-2.88,-2.88
898949,180,9844.8818,427.9044,-2.88,-2.88
898959,180,9844.8818,428.1390,-2.88,-2.88
898960,180,9841.9697,428.1390,-4.32,-4.32
898971,180,9839.7432,428.1390,-2.88,-2.88
898971,180,9839.7432,428.3104,-2.88,-2.88
898982,180,9837.4307,428.3104,-2.88,-4.32
898983,180,9837.4307,428.3691,-1.44,-2.88
898993,180,9842.9121,428.3691,-2.88,-2.88
898995,180,9842.9121,427.8908,-4.32,-2.88
899004,180,9846.2529,427.8908,-2.88,-2.88
899015,180,9844.7969,427.8908,-2.88,-2.88
899018,180,9844.7969,427.8818,-4.32,-2.88
899026,180,9834.9463,427.8818,-2.88,-2.88
899030,180,9834.9463,427.9089,-2.88,-2.88
899037,180,9834.0039,427.9089,-2.88,-2.88
899042,180,9834.0039,428.1706,-2.88,-2.88
899048,180,9840.1709,428.1706,-2.88,-5.75
899054,180,9840.1709,428.1074,-2.88,-4.32
899059,180,9841.3701,428.1074,-2.88,-4.32
899066,180,9841.3701,428.0262,-2.88,-2.88
899070,180,9842.9121,428.0262,-2.88,-2.88
899078,180,9842.9121,428.2202,-2.88,-2.88
899082,180,9840.0859,428.2202,-2.88,-5.75
899090,180,9840.0859,428.1660,-2.88,-2.88
899093,180,9837.1729,428.1660,-2.88,-2.88
899102,180,9837.1729,428.2653,-2.88,-2.88
899104,180,9842.3125,428.2653,-2.88,-4.32
899114,180,9842.3125,428.1886,-2.88,-2.88
899115,180,9846.6807,428.1886,-2.88,-4.32
899125,180,9846.6807,428.0397,-2.88,-2.88
899126,180,9850.1924,428.0397,-2.88,-2.88
899137,180,9847.7090,428.0397,-4.32,-2.88
899137,180,9847.7090,427.8818,-2.88,-4.32
899148,180,9842.2266,427.8818,-2.88,-4.32
899149,180,9842.2266,427.9089,-2.88,-2.88
899159,180,9843.0830,427.9089,-2.88,-4.32
899161,180,9843.0830,427.9585,-2.88,-2.88
899170,180,9847.1094,427.9585,-1.44,-4.32
899173,180,9847.1094,427.8773,-4.32,-2.88
899181,180,9851.0488,427.8773,-2.88,-2.88
899185,180,9851.0488,428.0894,-2.88,-2.88
899192,180,9847.4521,428.0894,-2.88,-2.88
899197,180,9847.4521,428.1931,-2.88,-4.32
899203,180,9844.7109,428.1931,-2.88,-4.32
899209,180,9844.7109,427.7961,-2.88,-2.88
899214,180,9842.3125,427.7961,-2.88,-2.88
899221,180,9842.3125,427.6517,-2.88,-2.88
899226,180,9842.0557,427.6517,-2.88,-4.32
899232,180,9842.0557,427.5434,-2.88,-2.88
899237,180,9848.3936,427.5434,-2.88,-2.88
899244,180,9848.3936,427.6743,-2.88,-2.88
899248,180,9845.9951,427.6743,-2.88,-4.32
899256,180,9845.9951,427.9224,-2.88,-2.88
899259,180,9844.2822,427.9224,-2.88,-4.32
899268,180,9844.2822,428.2292,-2.88,-2.88
899270,180,9845.8242,428.2292,-2.88,-4.32
899280,180,9845.8242,428.1660,-2.88,-2.88
899281,180,9846.9375,428.1660,-2.88,-2.88
899292,180,9846.9375,428.2924,-2.88,-2.88
899292,180,9843.1689,428.2924,-2.88,-2.88
899303,180,9845.2246,428.2924,-2.88,-2.88
899304,180,9845.2246,428.3149,-2.88,-2.88
899314,180,9851.7344,428.3149,-4.32,-2.88
899316,180,9851.7344,428.1164,-4.32,-2.88
899325,180,9841.1992,428.1164,-2.88,-2.88
899328,180,9841.1992,427.9495,-2.88,-2.88
899336,180,9841.3701,427.9495,-2.88,-2.88
899340,180,9841.3701,427.5164,-4.32,-4.32
899347,180,9846.5098,427.5164,-2.88,-2.88
899351,180,9846.5098,427.3494,-2.88,-2.88
899358,180,9838.0303,427.3494,-2.88,-2.88
899363,180,9838.0303,427.5299,-2.88,-2.88
899370,180,9832.3770,427.5299,-2.88,-4.32
899375,180,9832.3770,427.7465,-2.88,-2.88
899381,180,9839.6572,427.7465,-4.32,-4.32
899387,180,9839.6572,427.8232,-2.88,-2.88
899392,180,9840.9424,427.8232,-2.88,-2.88
899399,180,9840.9424,427.6472,-2.88,-2.88
899403,180,9841.7129,427.6472,-4.32,-4.32
899411,180,9841.7129,427.2818,-4.32,-2.88
899414,180,9840.8564,427.2818,-2.88,-2.88
899423,180,9840.8564,427.2998,-2.88,-4.32
899425,180,9845.0537,427.2998,-2.88,-4.32
899435,180,9845.0537,427.3765,-2.88,-2.88
899436,180,9845.5674,427.3765,-2.88,-2.88
899447,180,9845.5674,427.6247,-2.88,-2.88
899447,180,9846.6807,427.6247,-2.88,-2.88
899458,180,9847.8799,427.6247,-2.88,-4.32
899458,180,9847.8799,427.7284,-4.32,-2.88
899469,180,9843.4258,427.7284,-2.88,-2.88
899470,180,9843.4258,427.4803,-2.88,-2.88
899480,180,9846.1670,427.4803,-2.88,-4.32
899482,180,9846.1670,427.5795,-2.88,-2.88
899491,180,9845.3105,427.5795,-4.32,-2.88
899494,180,9845.3105,427.7916,-2.88,-2.88
899502,180,9842.0557,427.7916,-2.88,-2.88
899506,180,9842.0557,427.7780,-2.88,-2.88
899513,180,9842.3125,427.7780,-4.32,-4.32
899518,180,9842.3125,427.4848,-2.88,-2.88
899525,180,9844.9678,427.4848,-2.88,-4.32
899530,180,9844.9678,427.3991,-2.88,-2.88
899536,180,9846.8525,427.3991,-2.88,-2.88
899542,180,9846.8525,427.3404,-4.32,-4.32
899547,180,9847.3662,427.3404,-2.88,-2.88
899554,180,9847.3662,427.5119,-2.88,-4.32
899558,180,9843.8545,427.5119,-2.88,-2.88
899566,180,9843.8545,427.2863,-2.88,-2.88
899569,180,9849.2500,427.2863,-2.88,-4.32
899577,180,9849.2500,427.9089,-2.88,-2.88
899580,180,9852.1631,427.9089,-2.88,-2.88
899589,180,9852.1631,427.9585,-2.88,-2.88
899591,180,9843.9395,427.9585,-2.88,-4.32
899601,180,9843.9395,427.8638,-2.88,-2.88
899602,180,9842.9980,427.8638,-2.88,-2.88
899613,180,9842.9980,428.0894,-4.32,-2.88
899613,180,9843.3408,428.0894,-2.88,-2.88
899624,180,9841.8838,428.0894,-2.88,-4.32
899625,180,9841.8838,427.8006,-2.88,-2.88
899635,180,9841.7988,427.8006,-2.88,-4.32
899637,180,9841.7988,427.4667,-2.88,-2.88
899646,180,9841.5420,427.4667,-2.88,-2.88
899649,180,9841.5420,427.5840,-2.88,-2.88
899657,180,9841.9697,427.5840,-2.88,-2.88
899661,180,9841.9697,427.7149,-4.32,-4.32
899669,180,9836.3164,427.7149,-2.88,-2.88
899673,180,9836.3164,427.9314,-2.88,-2.88
899680,180,9840.2568,427.9314,-2.88,-2.88
899691,180,9842.3984,427.9314,-2.88,-4.32
899696,180,9842.3984,427.7916,-2.88,-4.32
899702,180,9841.3701,427.7916,-2.88,-4.32
899708,180,9841.3701,428.0939,-2.88,-2.88
899713,180,9841.9697,428.0939,-2.88,-2.88
899720,180,9841.9697,428.2157,-2.88,-2.88
899724,180,9852.0771,428.2157,-2.88,-2.88
899732,180,9852.0771,428.0803,-2.88,-4.32
899735,180,9850.7920,428.0803,-2.88,-2.88
899744,180,9850.7920,428.2608,-2.88,-2.88
899746,180,9840.0000,428.2608,-2.88,-2.88
899756,180,9840.0000,427.8232,-2.88,-2.88
899757,180,9842.4834,427.8232,-1.44,-2.88
899768,180,9842.4834,427.6382,-2.88,-2.88
899768,180,9848.6504,427.6382,-2.88,-2.88
899779,180,9856.8740,427.6382,-2.88,-2.88
899780,180,9856.8740,427.5976,-2.88,-2.88
899790,180,9857.7305,427.5976,-1.44,-4.32
899792,180,9857.7305,427.8232,-2.88,-2.88
899801,180,9851.6484,427.8232,-2.88,-2.88
899803,180,9851.6484,428.0036,-4.32,-2.88
899813,180,9856.9590,428.0036,-2.88,-2.88
899815,180,9856.9590,427.9811,-2.88,-2.88
899824,180,9850.6211,427.9811,-2.88,-4.32
899827,180,9850.6211,428.0623,-2.88,-4.32
899835,180,9842.3125,428.0623,-2.88,-2.88
899839,180,9842.3125,428.0172,-2.88,-2.88
899846,180,9848.5654,428.0172,-2.88,-2.88
899851,180,9848.5654,427.7871,-2.88,-2.88
899857,180,9852.8477,427.7871,-2.88,-2.88
899863,180,9852.8477,427.8999,-2.88,-4.32
899868,180,9847.4521,427.8999,-2.88,-2.88
899875,180,9847.4521,428.2112,-2.88,-2.88
899879,180,9847.7939,428.2112,-2.88,-2.88
899887,180,9847.7939,428.3555,-2.88,-2.88
899890,180,9847.4521,428.3555,-2.88,-2.88
899899,180,9847.4521,428.2563,-2.88,-4.32
899901,180,9847.9658,428.2563,-4.32,-2.88
899910,180,9847.9658,428.0758,-2.88,-2.88
899912,180,9846.5098,428.0758,-2.88,-2.88
899922,180,9846.5098,428.1345,-2.88,-4.32
899923,180,9851.7344,428.1345,-2.88,-2.88
899934,180,9851.7344,427.7149,-2.88,-2.88
899934,180,9851.9912,427.7149,-2.88,-4.32
899945,180,9851.3916,427.7149,-4.32,-2.88
899946,180,9851.3916,427.6382,-2.88,-2.88
899957,180,9853.3613,427.6382,-2.88,-4.32
899958,180,9853.3613,427.7374,-4.32,-4.32
899968,180,9851.4775,427.7374,-2.88,-2.88
899970,180,9851.4775,427.3855,-2.88,-2.88
899979,180,9845.0537,427.3855,-1.44,-4.32
899982,180,9845.0537,427.6111,-2.88,-2.88
899990,180,9847.1094,427.6111,-2.88,-2.88
899994,180,9847.1094,427.8547,-2.88,-2.88
900001,180,9844.4541,427.8547,-2.88,-2.88
900006,180,9844.4541,427.9269,-2.88,-2.88
900012,180,9841.7988,427.9269,-2.88,-2.88
900018,180,9841.7988,428.1164,-2.88,-4.32
900023,180,9841.5420,428.1164,-2.88,-4.32
900029,180,9841.5420,428.4548,-2.88,-2.88
900034,180,9848.9932,428.4548,-2.88,-2.88
900041,180,9848.9932,428.3285,-4.32,-2.88
900045,180,9840.7705,428.3285,-2.88,-4.32
900053,180,9840.7705,428.0262,-2.88,-2.88
900056,180,9835.2031,428.0262,-4.32,-2.88
900065,180,9835.2031,427.6292,-4.32,-2.88
900067,180,9851.3916,427.6292,-2.88,-4.32
900077,180,9851.3916,427.3720,-2.88,-4.32
900078,180,9853.8760,427.3720,-2.88,-2.88
900089,180,9853.8760,427.4442,-2.88,-2.88
900089,180,9844.3682,427.4442,-2.88,-2.88
900100,180,9847.8799,427.4442,-4.32,-4.32
900101,180,9847.8799,427.6201,-2.88,-4.32
900112,180,9850.3643,427.6201,-2.88,-2.88
900113,180,9850.3643,427.6923,-2.88,-2.88
900123,180,9844.1973,427.6923,-2.88,-4.32
900125,180,9844.1973,427.5164,-2.88,-2.88
900134,180,9846.6807,427.5164,-4.32,-2.88
900136,180,9846.6807,427.3539,-2.88,-2.88
900145,180,9851.9053,427.3539,-2.88,-1.44
900148,180,9851.9053,427.5931,-2.88,-4.32
900156,180,9855.9316,427.5931,-2.88,-2.88
900160,180,9855.9316,427.6833,-2.88,-2.88
900167,180,9846.1670,427.6833,-2.88,-2.88
900172,180,9846.1670,427.4397,-2.88,-2.88
900178,180,9850.0215,427.4397,-2.88,-2.88
900184,180,9850.0215,427.5525,-2.88,-2.88
900189,180,9849.3359,427.5525,-2.88,-4.32
900196,180,9849.3359,427.8141,-2.88,-4.32
900200,180,9839.4863,427.8141,-2.88,-4.32
900208,180,9839.4863,428.1119,-2.88,-2.88
900211,180,9839.2285,428.1119,-2.88,-5.75
900220,180,9839.2285,427.9495,-2.88,-2.88
900222,180,9837.1729,427.9495,-4.32,-2.88
900232,180,9837.1729,427.8096,-2.88,-2.88
900233,180,9842.2266,427.8096,-2.88,-2.88
900244,180,9842.2266,427.7014,-2.88,-2.88
900244,180,9837.6875,427.7014,-2.88,-2.88
900255,180,9837.6875,427.6066,-2.88,-2.88
900256,180,9839.1436,427.6066,-4.32,-2.88
900267,180,9842.2266,427.6066,-4.32,-4.32
900267,180,9842.2266,427.5660,-2.88,-2.88
900278,180,9839.0576,427.5660,-2.88,-2.88
900279,180,9839.0576,427.3539,-2.88,-2.88
900289,180,9842.2266,427.3539,-2.88,-4.32
900291,180,9842.2266,427.5750,-4.32,-2.88
900300,180,9848.6504,427.5750,-2.88,-4.32
900303,180,9848.6504,427.8638,-1.44,-2.88
900311,180,9847.1943,427.8638,-2.88,-2.88
900315,180,9847.1943,427.7329,-2.88,-4.32
900322,180,9849.8496,427.7329,-2.88,-2.88
900327,180,9849.8496,428.0939,-2.88,-2.88
900333,180,9842.0557,428.0939,-4.32,-2.88
900339,180,9842.0557,428.4774,-2.88,-2.88
900344,180,9838.2012,428.4774,-2.88,-2.88
900351,180,9838.2012,428.0668,-2.88,-2.88
900355,180,9840.9424,428.0668,-2.88,-2.88
900362,180,9840.9424,427.6833,-2.88,-2.88
900366,180,9845.9102,427.6833,-2.88,-2.88
900374,180,9845.9102,427.4803,-2.88,-2.88
900377,180,9846.5947,427.4803,-2.88,-4.32
900386,180,9846.5947,427.9675,-2.88,-4.32
900388,180,9837.1729,427.9675,-2.88,-2.88
900398,180,9837.1729,427.9314,-2.88,-2.88
900400,180,9835.9746,427.9314,-2.88,-2.88
900410,180,9835.9746,428.0758,-2.88,-2.88
900411,180,9839.4004,428.0758,-2.88,-2.88
900422,180,9841.2852,428.0758,-2.88,-4.32
900422,180,9841.2852,428.0984,-2.88,-2.88
900433,180,9843.3408,428.0984,-2.88,-2.88
900434,180,9843.3408,427.8908,-2.88,-2.88
900444,180,9847.2803,427.8908,-2.88,-4.32
900446,180,9847.2803,427.9450,-2.88,-2.88
900455,180,9848.6504,427.9450,-2.88,-2.88
900458,180,9848.6504,427.6743,-2.88,-2.88
900466,180,9848.5654,427.6743,-2.88,-2.88
900469,180,9848.5654,427.5434,-2.88,-4.32
900477,180,9853.4473,427.5434,-2.88,-2.88
900481,180,9853.4473,427.2411,-2.88,-4.32
900488,180,9844.1973,427.2411,-4.32,-2.88
900493,180,9844.1973,427.3043,-2.88,-2.88
900499,180,9836.7451,427.3043,-2.88,-4.32
900505,180,9836.7451,427.3359,-2.88,-2.88
900510,180,9837.1729,427.3359,-2.88,-2.88
900517,180,9837.1729,427.3720,-2.88,-2.88
900521,180,9845.9102,427.3720,-2.88,-2.88
900529,180,9845.9102,427.2051,-2.88,-2.88
900532,180,9841.7988,427.2051,-4.32,-2.88
900541,180,9841.7988,427.3900,-2.88,-2.88
900544,180,9841.4561,427.3900,-2.88,-2.88
900553,180,9841.4561,427.6607,-2.88,-4.32
900555,180,9845.5674,427.6607,-2.88,-1.44
900565,180,9845.5674,427.6698,-2.88,-2.88
900566,180,9843.8545,427.6698,-2.88,-4.32
900577,180,9843.8545,427.7465,-2.88,-4.32
900577,180,9841.3701,427.7465,-2.88,-4.32
900588,180,9838.6299,427.7465,-2.88,-2.88
900588,180,9838.6299,427.8006,-2.88,-4.32
900599,180,9837.2588,427.8006,-2.88,-2.88
900600,180,9837.2588,427.7374,-2.88,-4.32
900610,180,9843.9395,427.7374,-2.88,-4.32
900612,180,9843.9395,427.5434,-2.88,-4.32
900621,180,9845.2246,427.5434,-2.88,-2.88
900624,180,9845.2246,427.4622,-2.88,-2.88
900632,180,9847.0234,427.4622,-2.88,-2.88
900636,180,9847.0234,427.6337,-2.88,-2.88
900643,180,9845.2246,427.6337,-2.88,-4.32
900648,180,9845.2246,427.5074,-2.88,-2.88
900654,180,9837.1729,427.5074,-2.88,-4.32
900660,180,9837.1729,427.5299,-2.88,-2.88
900665,180,9850.7920,427.5299,-2.88,-2.88
900672,180,9850.7920,427.5840,-2.88,-4.32
900676,180,9849.5078,427.5840,-2.88,-4.32
900684,180,9849.5078,427.4803,-2.88,-2.88
900687,180,9839.5713,427.4803,-2.88,-2.88
900695,180,9839.5713,427.6201,-2.88,-2.88
900699,180,9847.4521,427.6201,-4.32,-2.88
900707,180,9847.4521,427.5299,-2.88,-4.32
900710,180,9854.6465,427.5299,-4.32,-2.88
900719,180,9854.6465,427.4397,-4.32,-4.32
900721,180,9850.1074,427.4397,-2.88,-2.88
900731,180,9850.1074,427.3991,-2.88,-2.88
900732,180,9839.8281,427.3991,-2.88,-4.32
900743,180,9843.3408,427.3991,-2.88,-4.32
900743,180,9843.3408,427.4126,-2.88,-2.88
900754,180,9842.3125,427.4126,-2.88,-2.88
900755,180,9842.3125,427.5705,-2.88,-4.32
900765,180,9837.0020,427.5705,-2.88,-2.88
900767,180,9837.0020,427.6788,-2.88,-2.88
900776,180,9841.0273,427.6788,-4.32,-2.88
900779,180,9841.0273,427.4758,-2.88,-2.88
900787,180,9847.4521,427.4758,-2.88,-4.32
900791,180,9847.4521,427.7510,-2.88,-2.88
900798,180,9848.3086,427.7510,-4.32,-2.88
900802,180,9848.3086,427.7690,-2.88,-2.88
900809,180,9842.0557,427.7690,-2.88,-2.88
900814,180,9842.0557,427.8367,-2.88,-2.88
900820,180,9848.4795,427.8367,-2.88,-4.32
900826,180,9848.4795,427.8908,-2.88,-2.88
900831,180,9855.5029,427.8908,-2.88,-4.32
900838,180,9855.5029,427.8683,-2.88,-4.32
900843,180,9839.2285,427.8683,-4.32,-4.32
900850,180,9839.2285,427.6247,-4.32,-2.88
900854,180,9842.1416,427.6247,-2.88,-2.88
900862,180,9842.1416,427.8683,-2.88,-2.88
900865,180,9846.1670,427.8683,-2.88,-4.32
900874,180,9846.1670,427.8367,-2.88,-2.88
900876,180,9851.1348,427.8367,-2.88,-4.32
900886,180,9851.1348,427.6337,-2.88,-2.88
900887,180,9846.2529,427.6337,-4.32,-2.88
900898,180,9846.2529,427.5886,-2.88,-2.88
900898,180,9851.3916,427.5886,-1.44,-2.88
900909,180,9848.1367,427.5886,-2.88,-4.32
900910,180,9848.1367,427.5344,-2.88,-2.88
900920,180,9841.7129,427.5344,-2.88,-2.88
900921,180,9841.7129,427.5886,-4.32,-4.32
900931,180,9845.2246,427.5886,-2.88,-4.32
900933,180,9845.2246,427.7284,-2.88,-4.32
900942,180,9844.9678,427.7284,-2.88,-2.88
900945,180,9844.9678,427.8367,-2.88,-2.88
900953,180,9844.4541,427.8367,-2.88,-4.32
900957,180,9844.4541,428.0397,-2.88,-2.88
900964,180,9841.1133,428.0397,-2.88,-2.88
900969,180,9841.1133,427.9179,-2.88,-4.32
900975,180,9845.8242,427.9179,-2.88,-2.88
900981,180,9845.8242,427.6833,-4.32,-2.88
900987,180,9849.5928,427.6833,-2.88,-1.44
900993,180,9849.5928,427.8277,-2.88,-2.88
900998,180,9847.5371,427.8277,-2.88,-2.88
901005,180,9847.5371,427.9720,-2.88,-4.32
901009,180,9844.2822,427.9720,-2.88,-4.32
901017,180,9844.2822,427.5119,-4.32,-2.88
901020,180,9844.7969,427.5119,-2.88,-4.32
901028,180,9844.7969,427.3179,-2.88,-2.88
901031,180,9845.2246,427.3179,-2.88,-4.32
901040,180,9845.2246,427.4397,-4.32,-2.88
901042,180,9839.6572,427.4397,-4.32,-4.32
901052,180,9839.6572,427.5976,-2.88,-4.32
901053,180,9840.3428,427.5976,-2.88,-2.88
901064,180,9835.8027,427.5976,-2.88,-2.88
901064,180,9835.8027,427.6653,-2.88,-2.88
901075,180,9836.6592,427.6653,-2.88,-2.88
901076,180,9836.6592,427.7555,-2.88,-2.88
901086,180,9841.4561,427.7555,-2.88,-2.88
901088,180,9841.4561,427.7871,-2.88,-2.88
901097,180,9841.9697,427.7871,-2.88,-2.88
901100,180,9841.9697,427.6156,-2.88,-2.88
901108,180,9844.6250,427.6156,-2.88,-4.32
901112,180,9844.6250,427.3404,-2.88,-2.88
901119,180,9842.7412,427.3404,-2.88,-2.88
901124,180,9842.7412,427.5209,-2.88,-4.32
901131,180,9844.3682,427.5209,-2.88,-2.88
901136,180,9844.3682,427.7014,-2.88,-2.88
901142,180,9846.7666,427.7014,-4.32,-2.88
901147,180,9846.7666,427.6021,-2.88,-4.32
901153,180,9850.3643,427.6021,-2.88,-4.32
901159,180,9850.3643,427.5750,-2.88,-2.88
901164,180,9844.1973,427.5750,-4.32,-2.88
901171,180,9844.1973,427.9946,-2.88,-2.88
901175,180,9838.0303,427.9946,-2.88,-4.32
901183,180,9838.0303,427.9991,-2.88,-2.88
901186,180,9837.6016,427.9991,-2.88,-2.88
901195,180,9837.6016,427.7735,-2.88,-4.32
901197,180,9842.0557,427.7735,-2.88,-2.88
901207,180,9842.0557,427.7059,-2.88,-2.88
901208,180,9843.9395,427.7059,-2.88,-2.88
901219,180,9843.9395,427.5886,-2.88,-4.32
901219,180,9841.8838,427.5886,-2.88,-2.88
901230,180,9844.1113,427.5886,-4.32,-2.88
901231,180,9844.1113,427.1780,-2.88,-2.88
901241,180,9847.7090,427.1780,-4.32,-2.88
901243,180,9847.7090,427.0742,-2.88,-2.88
901252,180,9846.8525,427.0742,-4.32,-2.88
901254,180,9846.8525,427.8232,-2.88,-2.88
901263,180,9844.8818,427.8232,-2.88,-2.88
901266,180,9844.8818,428.1299,-2.88,-2.88
901275,180,9848.7363,428.1299,-2.88,-2.88
901278,180,9848.7363,427.8232,-2.88,-4.32
901286,180,9848.1367,427.8232,-2.88,-2.88
901290,180,9848.1367,427.7465,-2.88,-2.88
901297,180,9849.5078,427.7465,-2.88,-2.88
901302,180,9849.5078,427.8412,-2.88,-2.88
901308,180,9854.5605,427.8412,-2.88,-2.88
901314,180,9854.5605,427.9134,-4.32,-2.88
901319,180,9846.4238,427.9134,-2.88,-2.88
901326,180,9846.4238,427.6517,-2.88,-2.88
901330,180,9849.4219,427.6517,-2.88,-2.88
901338,180,9849.4219,427.7014,-2.88,-4.32
901341,180,9852.3340,427.7014,-2.88,-2.88
901350,180,9852.3340,427.7780,-4.32,-2.88
901352,180,9847.4521,427.7780,-2.88,-4.32
901361,180,9847.4521,427.8412,-2.88,-2.88
901363,180,9845.7383,427.8412,-4.32,-2.88
901373,180,9845.7383,427.6743,-2.88,-2.88
901374,180,9848.1367,427.6743,-2.88,-4.32
901385,180,9848.1367,427.2502,-2.88,-4.32
901385,180,9844.9678,427.2502,-4.32,-2.88
901396,180,9849.9355,427.2502,-2.88,-2.88
901397,180,9849.9355,427.2682,-4.32,-4.32
901407,180,9848.5654,427.2682,-2.88,-4.32
901409,180,9848.5654,427.3900,-2.88,-2.88
901419,180,9851.6484,427.3900,-2.88,-4.32
901421,180,9851.6484,427.7329,-2.88,-2.88
901430,180,9850.8779,427.7329,-2.88,-2.88
901433,180,9850.8779,427.7104,-2.88,-2.88
901441,180,9850.1924,427.7104,-2.88,-4.32
901445,180,9850.1924,428.0307,-2.88,-2.88
901452,180,9848.7363,428.0307,-2.88,-2.88
901457,180,9848.7363,427.8096,-2.88,-2.88
901463,180,9847.7090,427.8096,-2.88,-2.88
901469,180,9847.7090,427.6201,-2.88,-2.88
901474,180,9850.3643,427.6201,-2.88,-2.88
901480,180,9850.3643,427.6607,-2.88,-4.32
901485,180,9846.2529,427.6607,-2.88,-4.32
901492,180,9846.2529,427.6292,-2.88,-2.88
901496,180,9841.7988,427.6292,-2.88,-2.88
901504,180,9841.7988,427.7780,-2.88,-4.32
901507,180,9844.7969,427.7780,-2.88,-2.88
901516,180,9844.7969,427.5434,-2.88,-4.32
901518,180,9853.4473,427.5434,-2.88,-2.88
901528,180,9853.4473,427.4622,-2.88,-2.88
901529,180,9855.5029,427.4622,-2.88,-2.88
901540,180,9855.5029,427.5299,-2.88,-4.32
901540,180,9845.9951,427.5299,-2.88,-2.88
901551,180,9845.5674,427.5299,-2.88,-2.88
901552,180,9845.5674,427.3585,-2.88,-2.88
901562,180,9843.7686,427.3585,-2.88,-2.88
901564,180,9843.7686,427.8232,-2.88,-2.88
901574,180,9846.0811,427.8232,-2.88,-2.88
901576,180,9846.0811,428.0894,-2.88,-2.88
901585,180,9851.8203,428.0894,-2.88,-4.32
901587,180,9851.8203,428.0172,-2.88,-2.88
901596,180,9845.3105,428.0172,-2.88,-2.88
901599,180,9845.3105,428.0984,-2.88,-2.88
901607,180,9838.4580,428.0984,-2.88,-2.88
901611,180,9838.4580,428.1254,-2.88,-2.88
901618,180,9843.7686,428.1254,-2.88,-2.88
901623,180,9843.7686,427.9856,-2.88,-4.32
901629,180,9847.1943,427.9856,-2.88,-2.88
901635,180,9847.1943,427.7871,-2.88,-2.88
901640,180,9842.9980,427.7871,-2.88,-2.88
901651,180,9848.2227,427.7871,-2.88,-2.88
901659,180,9848.2227,427.6382,-2.88,-2.88
901662,180,9850.3643,427.6382,-4.32,-2.88
901671,180,9850.3643,427.5028,-2.88,-2.88
901673,180,9851.9912,427.5028,-2.88,-2.88
901683,180,9851.9912,427.7510,-2.88,-2.88
901684,180,9848.5654,427.7510,-2.88,-4.32
901694,180,9848.5654,427.7104,-2.88,-2.88
901695,180,9843.5117,427.7104,-2.88,-2.88
901706,180,9843.5117,427.5254,-2.88,-2.88
901706,180,9848.3936,427.5254,-2.88,-2.88
901718,180,9851.8203,427.5254,-2.88,-4.32
901718,180,9851.8203,427.7374,-2.88,-2.88
901729,180,9854.5605,427.7374,-2.88,-2.88
901730,180,9854.5605,427.6923,-2.88,-4.32
901740,180,9853.7900,427.6923,-2.88,-2.88
901742,180,9853.7900,427.6066,-2.88,-2.88
901751,180,9851.5635,427.6066,-1.44,-2.88
901754,180,9851.5635,427.8728,-2.88,-4.32
901762,180,9844.1973,427.8728,-4.32,-4.32
901766,180,9844.1973,428.0397,-2.88,-2.88
901773,180,9847.1094,428.0397,-2.88,-2.88
901778,180,9847.1094,427.9359,-2.88,-4.32
901784,180,9849.6787,427.9359,-2.88,-2.88
901790,180,9849.6787,427.9901,-2.88,-4.32
901795,180,9852.0771,427.9901,-4.32,-2.88
901802,180,9852.0771,428.1119,-2.88,-2.88
901806,180,9845.6533,428.1119,-2.88,-4.32
901813,180,9845.6533,427.8999,-2.88,-2.88
901817,180,9846.5098,427.8999,-2.88,-4.32
901825,180,9846.5098,427.7826,-2.88,-2.88
901828,180,9843.9395,427.7826,-2.88,-2.88
901837,180,9843.9395,427.6382,-2.88,-2.88
901839,180,9851.0488,427.6382,-2.88,-2.88
901849,180,9851.0488,427.3675,-2.88,-4.32
901850,180,9851.5635,427.3675,-2.88,-4.32
901861,180,9851.5635,427.5209,-2.88,-2.88
901862,180,9855.9316,427.5209,-4.32,-4.32
901873,180,9846.9375,427.5209,-2.88,-2.88
901873,180,9846.9375,427.5931,-4.32,-2.88
901884,180,9844.5391,427.5931,-2.88,-2.88
901885,180,9844.5391,427.4216,-2.88,-2.88
901895,180,9844.9678,427.4216,-2.88,-2.88
901897,180,9844.9678,427.9134,-2.88,-4.32
901906,180,9849.2500,427.9134,-2.88,-4.32
901909,180,9849.2500,427.7239,-2.88,-2.88
901917,180,9850.6211,427.7239,-2.88,-2.88
901920,180,9850.6211,427.9675,-2.88,-2.88
901928,180,9849.4219,427.9675,-2.88,-4.32
901932,180,9849.4219,427.9495,-4.32,-2.88
901939,180,9847.5371,427.9495,-2.88,-2.88
901944,180,9847.5371,427.7284,-1.44,-2.88
901950,180,9846.7666,427.7284,-2.88,-2.88
901956,180,9846.7666,427.7194,-2.88,-4.32
901961,180,9848.2227,427.7194,-2.88,-2.88
901968,180,9848.2227,427.8141,-2.88,-4.32
901972,180,9845.1387,427.8141,-2.88,-2.88
901980,180,9845.1387,427.6517,-2.88,-2.88
901983,180,9844.8818,427.6517,-2.88,-2.88
901992,180,9844.8818,427.6562,-2.88,-2.88
901994,180,9845.9951,427.6562,-2.88,-4.32
902004,180,9845.9951,427.6788,-2.88,-2.88
902006,180,9844.1113,427.6788,-4.32,-2.88
902016,180,9844.1113,427.7510,-4.32,-2.88
902017,180,9847.6230,427.7510,-2.88,-4.32
902027,180,9847.6230,427.7916,-2.88,-2.88
902028,180,9848.9932,427.7916,-2.88,-4.32
902039,180,9846.3379,427.7916,-2.88,-2.88
902039,180,9846.3379,427.7465,-2.88,-2.88
902050,180,9843.5117,427.7465,-2.88,-4.32
902051,180,9843.5117,427.6111,-2.88,-2.88
902061,180,9847.8799,427.6111,-2.88,-4.32
902063,180,9847.8799,427.8412,-2.88,-4.32
902072,180,9844.1113,427.8412,-2.88,-2.88
902075,180,9844.1113,427.9720,-2.88,-2.88
902083,180,9845.6533,427.9720,-2.88,-4.32
902087,180,9845.6533,427.8457,-2.88,-2.88
902094,180,9848.1367,427.8457,-2.88,-2.88
902099,180,9848.1367,427.8547,-4.32,-2.88
902105,180,9846.0811,427.8547,-2.88,-2.88
902111,180,9846.0811,427.8457,-2.88,-2.88
902116,180,9835.9746,427.8457,-2.88,-2.88
902123,180,9835.9746,427.7329,-2.88,-4.32
902127,180,9833.1475,427.7329,-2.88,-2.88
902135,180,9833.1475,427.6968,-2.88,-4.32
902138,180,9838.8008,427.6968,-2.88,-4.32
902146,180,9838.8008,427.8818,-2.88,-4.32
902150,180,9855.0752,427.8818,-4.32,-2.88
902158,180,9855.0752,427.9450,-2.88,-2.88
902161,180,9848.9082,427.9450,-2.88,-2.88
902170,180,9848.9082,427.8412,-2.88,-2.88
902172,180,9842.5693,427.8412,-2.88,-4.32
902182,180,9842.5693,427.8728,-2.88,-2.88
902183,180,9841.8838,427.8728,-2.88,-2.88
902194,180,9843.5977,427.8728,-2.88,-2.88
902194,180,9843.5977,427.8367,-2.88,-4.32
902205,180,9852.6768,427.8367,-2.88,-2.88
902206,180,9852.6768,427.7059,-2.88,-2.88
902216,180,9853.3613,427.7059,-2.88,-2.88
902218,180,9853.3613,428.1209,-4.32,-2.88
902227,180,9846.1670,428.1209,-2.88,-2.88
902230,180,9846.1670,428.0803,-2.88,-2.88
902238,180,9846.5947,428.0803,-4.32,-4.32
902242,180,9846.5947,427.8367,-2.88,-2.88
902249,180,9847.7090,427.8367,-2.88,-2.88
902253,180,9847.7090,427.8683,-2.88,-2.88
902260,180,9846.5947,427.8683,-2.88,-4.32
902265,180,9846.5947,427.6156,-2.88,-2.88
902271,180,9845.7383,427.6156,-2.88,-2.88
902277,180,9845.7383,427.8412,-2.88,-2.88
902282,180,9850.3643,427.8412,-2.88,-2.88
902289,180,9850.3643,427.6337,-2.88,-4.32
902293,180,9852.9336,427.6337,-2.88,-2.88
902301,180,9852.9336,427.7735,-2.88,-2.88
902305,180,9848.4795,427.7735,-2.88,-2.88
902313,180,9848.4795,428.1660,-2.88,-2.88
902316,180,9849.0791,428.1660,-2.88,-4.32
902325,180,9849.0791,427.9720,-2.88,-2.88
902327,180,9853.9609,427.9720,-2.88,-2.88
902337,180,9853.9609,427.6878,-2.88,-2.88
902338,180,9852.1631,427.6878,-2.88,-2.88
902349,180,9852.1631,428.0126,-2.88,-4.32
902349,180,9842.9121,428.0126,-2.88,-2.88
902360,180,9845.0537,428.0126,-2.88,-2.88
902361,180,9845.0537,428.0217,-2.88,-2.88
902371,180,9851.6484,428.0217,-2.88,-1.44
902372,180,9851.6484,427.6292,-2.88,-2.88
902382,180,9848.8223,427.6292,-1.44,-4.32
902384,180,9848.8223,427.6698,-2.88,-4.32
902393,180,9848.5654,427.6698,-2.88,-2.88
902396,180,9848.5654,427.5028,-2.88,-4.32
902404,180,9845.9102,427.5028,-2.88,-2.88
902408,180,9845.9102,427.4893,-2.88,-2.88
902415,180,9849.6787,427.4893,-2.88,-2.88
902420,180,9849.6787,427.6111,-2.88,-4.32
902426,180,9851.9053,427.6111,-2.88,-2.88
902432,180,9851.9053,427.7961,-2.88,-2.88
902437,180,9854.3037,427.7961,-2.88,-2.88
902444,180,9854.3037,427.8638,-2.88,-4.32
